dataset,seed,missing_rate,source_pattern,target_pattern,imputer,classifier,val_accuracy,val_macro_f1,test_accuracy,test_macro_f1,fit_time_seconds,predict_time_seconds
GunPoint,1,0.05,point,point,linear,dtw,0.6923076923076923,0.6904761904761905,0.9066666666666666,0.906517094017094,0.0036361999809741974,2.586860599927604
GunPoint,1,0.05,point,point,linear,tsf,1.0,1.0,0.9533333333333334,0.9533312591670741,2.375270599965006,0.4783832000102848
GunPoint,1,0.05,point,point,linear,minirocket,0.9230769230769231,0.9230769230769231,0.96,0.9599358974358975,0.33938690018840134,0.0820770999416709
GunPoint,1,0.05,point,block,linear,dtw,0.6923076923076923,0.6904761904761905,0.9,0.8997817469155049,0.002093000104650855,1.1840498999226838
GunPoint,1,0.05,point,block,linear,tsf,1.0,1.0,0.9533333333333334,0.9533312591670741,1.5905218999832869,0.44403350003995
GunPoint,1,0.05,point,block,linear,minirocket,0.9230769230769231,0.9230769230769231,0.96,0.9599358974358975,0.09393360000103712,0.07623100001364946
GunPoint,1,0.05,block,point,linear,dtw,0.6923076923076923,0.6904761904761905,0.9066666666666666,0.906517094017094,0.0013075999449938536,1.276364899938926
GunPoint,1,0.05,block,point,linear,tsf,1.0,1.0,0.9466666666666667,0.9466571834992887,1.8925028999801725,0.6280650000553578
GunPoint,1,0.05,block,point,linear,minirocket,1.0,1.0,0.96,0.9599358974358975,0.12470309995114803,0.10202630003914237
GunPoint,1,0.05,block,block,linear,dtw,0.6923076923076923,0.6904761904761905,0.9066666666666666,0.906517094017094,0.0019829999655485153,1.3033547000959516
GunPoint,1,0.05,block,block,linear,tsf,1.0,1.0,0.9466666666666667,0.9466571834992887,1.5610285999719054,0.4090615001041442
GunPoint,1,0.05,block,block,linear,minirocket,1.0,1.0,0.96,0.9599358974358975,0.10530610010027885,0.08389710006304085
GunPoint,1,0.1,point,point,linear,dtw,0.6923076923076923,0.6904761904761905,0.8933333333333333,0.8930290604385809,0.0017383000813424587,1.2076044999994338
GunPoint,1,0.1,point,point,linear,tsf,1.0,1.0,0.9466666666666667,0.9466571834992887,1.549232100136578,0.4430951001122594
GunPoint,1,0.1,point,point,linear,minirocket,1.0,1.0,0.96,0.9599358974358975,0.13189079985022545,0.11298650014214218
GunPoint,1,0.1,point,block,linear,dtw,0.6923076923076923,0.6904761904761905,0.9,0.899888765294772,0.0020520000252872705,1.4526851999107748
GunPoint,1,0.1,point,block,linear,tsf,1.0,1.0,0.9466666666666667,0.9466571834992887,2.2312886000145227,0.43092630011960864
GunPoint,1,0.1,point,block,linear,minirocket,1.0,1.0,0.9666666666666667,0.9666295884315907,0.10174689977429807,0.08891570009291172
GunPoint,1,0.1,block,point,linear,dtw,0.6923076923076923,0.6904761904761905,0.92,0.9199430706280021,0.0013365999329835176,1.2177939999382943
GunPoint,1,0.1,block,point,linear,tsf,1.0,1.0,0.9533333333333334,0.9533312591670741,2.3082930999808013,0.6677184000145644
GunPoint,1,0.1,block,point,linear,minirocket,1.0,1.0,0.96,0.9599358974358975,0.12444760021753609,0.07972569996491075
GunPoint,1,0.1,block,block,linear,dtw,0.6923076923076923,0.6904761904761905,0.9133333333333333,0.9132986527944511,0.002291700104251504,1.2555792999919504
GunPoint,1,0.1,block,block,linear,tsf,1.0,1.0,0.9466666666666667,0.9466571834992887,2.082494700094685,0.5455205999314785
GunPoint,1,0.1,block,block,linear,minirocket,1.0,1.0,0.9666666666666667,0.9666295884315907,0.10666140005923808,0.10029800003394485
GunPoint,1,0.15,point,point,linear,dtw,0.6923076923076923,0.6904761904761905,0.9066666666666666,0.906517094017094,0.002602699911221862,1.368961500003934
GunPoint,1,0.15,point,point,linear,tsf,1.0,1.0,0.9466666666666667,0.9466571834992887,2.1019659000448883,0.4584564999677241
GunPoint,1,0.15,point,point,linear,minirocket,0.9230769230769231,0.9230769230769231,0.96,0.9599358974358975,0.10724049992859364,0.09735650010406971
GunPoint,1,0.15,point,block,linear,dtw,0.6923076923076923,0.6904761904761905,0.9,0.899888765294772,0.0021360001992434263,1.401657999958843
GunPoint,1,0.15,point,block,linear,tsf,1.0,1.0,0.94,0.9399973332148095,1.9130506999790668,0.5064898000564426
GunPoint,1,0.15,point,block,linear,minirocket,0.9230769230769231,0.9230769230769231,0.9266666666666666,0.9262701639930292,0.12285510008223355,0.09131579985842109
GunPoint,1,0.15,block,point,linear,dtw,0.6923076923076923,0.6904761904761905,0.94,0.9399973332148095,0.0028252999763935804,1.2836215000133961
GunPoint,1,0.15,block,point,linear,tsf,1.0,1.0,0.9533333333333334,0.9533312591670741,2.056485400069505,0.6174726998433471
GunPoint,1,0.15,block,point,linear,minirocket,0.9230769230769231,0.9230769230769231,0.96,0.9599358974358975,0.12937669991515577,0.09253920009359717
GunPoint,1,0.15,block,block,linear,dtw,0.6923076923076923,0.6904761904761905,0.9133333333333333,0.9132986527944511,0.0016360001172870398,1.3427120000123978
GunPoint,1,0.15,block,block,linear,tsf,1.0,1.0,0.9466666666666667,0.9466666666666667,1.7611605999991298,0.5479301000013947
GunPoint,1,0.15,block,block,linear,minirocket,0.9230769230769231,0.9230769230769231,0.94,0.9398690481493029,0.11543420003727078,0.08981049992144108
GunPoint,1,0.2,point,point,linear,dtw,0.6923076923076923,0.6904761904761905,0.9133333333333333,0.9132369299221357,0.0018505000043660402,1.4115919000469148
GunPoint,1,0.2,point,point,linear,tsf,1.0,1.0,0.9533333333333334,0.9533312591670741,1.9602008000947535,0.5271199000999331
GunPoint,1,0.2,point,point,linear,minirocket,1.0,1.0,0.96,0.9599358974358975,0.13102000020444393,0.10899409977719188
GunPoint,1,0.2,point,block,linear,dtw,0.6923076923076923,0.6904761904761905,0.9,0.899888765294772,0.0021466000471264124,1.34317859984003
GunPoint,1,0.2,point,block,linear,tsf,1.0,1.0,0.8866666666666667,0.8866616294057514,2.2075749000068754,0.6471031999681145
GunPoint,1,0.2,point,block,linear,minirocket,1.0,1.0,0.8533333333333334,0.850109011627907,0.13356939982622862,0.08729769987985492
GunPoint,1,0.2,block,point,linear,dtw,0.6923076923076923,0.6904761904761905,0.9,0.899888765294772,0.001514200121164322,1.2476276999805123
GunPoint,1,0.2,block,point,linear,tsf,0.9230769230769231,0.9212121212121211,0.9533333333333334,0.9533146591970121,1.9732621998991817,0.4706833001691848
GunPoint,1,0.2,block,point,linear,minirocket,0.9230769230769231,0.9212121212121211,0.9666666666666667,0.9665939156385016,0.11059630010277033,0.08473910018801689
GunPoint,1,0.2,block,block,linear,dtw,0.6923076923076923,0.6904761904761905,0.8733333333333333,0.8731924360400445,0.0011781000066548586,1.3276213998906314
GunPoint,1,0.2,block,block,linear,tsf,0.9230769230769231,0.9212121212121211,0.9066666666666666,0.9066666666666666,2.1121459999121726,0.6222075999248773
GunPoint,1,0.2,block,block,linear,minirocket,0.9230769230769231,0.9212121212121211,0.92,0.9198717948717949,0.1291277001146227,0.10445449990220368
GunPoint,1,0.25,point,point,linear,dtw,0.6923076923076923,0.6904761904761905,0.9066666666666666,0.906517094017094,0.0014795998577028513,1.343317300081253
GunPoint,1,0.25,point,point,linear,tsf,1.0,1.0,0.96,0.96,2.0276555998716503,0.5837125000543892
GunPoint,1,0.25,point,point,linear,minirocket,0.9230769230769231,0.9230769230769231,0.96,0.9599358974358975,0.10787680000066757,0.09670029999688268
GunPoint,1,0.25,point,block,linear,dtw,0.6923076923076923,0.6904761904761905,0.86,0.8592430403503284,0.0016373000107705593,1.4451029999181628
GunPoint,1,0.25,point,block,linear,tsf,1.0,1.0,0.8733333333333333,0.8728756858022213,2.0872514999937266,0.5126281001139432
GunPoint,1,0.25,point,block,linear,minirocket,0.9230769230769231,0.9230769230769231,0.7466666666666667,0.7292933130699089,0.10078940005041659,0.08775899978354573
GunPoint,1,0.25,block,point,linear,dtw,0.6923076923076923,0.6904761904761905,0.8733333333333333,0.8730568794263062,0.002791099948808551,1.397035100031644
GunPoint,1,0.25,block,point,linear,tsf,0.8461538461538461,0.8452380952380952,0.8933333333333333,0.8928571428571428,2.3558126999996603,0.7075785000342876
GunPoint,1,0.25,block,point,linear,minirocket,0.7692307692307693,0.7636363636363637,0.92,0.92,0.1276470001321286,0.09654269996099174
GunPoint,1,0.25,block,block,linear,dtw,0.6923076923076923,0.6904761904761905,0.8733333333333333,0.8730568794263062,0.002076999982818961,1.2912861998192966
GunPoint,1,0.25,block,block,linear,tsf,0.8461538461538461,0.8452380952380952,0.86,0.8599439775910365,1.7815895997919142,0.5132455001585186
GunPoint,1,0.25,block,block,linear,minirocket,0.7692307692307693,0.7636363636363637,0.82,0.8199279711884754,0.13561390014365315,0.09401889983564615
GunPoint,1,0.3,point,point,linear,dtw,0.6923076923076923,0.6904761904761905,0.8933333333333333,0.8928571428571428,0.001427600160241127,1.337976000038907
GunPoint,1,0.3,point,point,linear,tsf,1.0,1.0,0.96,0.96,2.014939999906346,0.6222048001363873
GunPoint,1,0.3,point,point,linear,minirocket,0.9230769230769231,0.9230769230769231,0.96,0.9599358974358975,0.12565589998848736,0.10653940006159246
GunPoint,1,0.3,point,block,linear,dtw,0.6923076923076923,0.6904761904761905,0.8,0.7976982557094048,0.0017524000722914934,1.2357626999728382
GunPoint,1,0.3,point,block,linear,tsf,1.0,1.0,0.8133333333333334,0.813200498132005,2.361819399986416,0.500064300140366
GunPoint,1,0.3,point,block,linear,minirocket,0.9230769230769231,0.9230769230769231,0.6333333333333333,0.576379974326059,0.12467719987034798,0.07959900004789233
GunPoint,1,0.3,block,point,linear,dtw,0.6923076923076923,0.6904761904761905,0.8533333333333334,0.8526785714285714,0.0012615998275578022,1.3293563001789153
GunPoint,1,0.3,block,point,linear,tsf,0.8461538461538461,0.8452380952380952,0.8933333333333333,0.8928571428571428,1.6514649000018835,0.3926450000144541
GunPoint,1,0.3,block,point,linear,minirocket,0.9230769230769231,0.9212121212121211,0.9466666666666667,0.9466571834992887,0.09380299993790686,0.07993550016544759
GunPoint,1,0.3,block,block,linear,dtw,0.6923076923076923,0.6904761904761905,0.8266666666666667,0.8261722232126939,0.0012742001563310623,1.177155700046569
GunPoint,1,0.3,block,block,linear,tsf,0.8461538461538461,0.8452380952380952,0.86,0.8598442714126808,1.461413900135085,0.4069734998047352
GunPoint,1,0.3,block,block,linear,minirocket,0.9230769230769231,0.9212121212121211,0.8933333333333333,0.8932574275040028,0.1011923998594284,0.082846499979496
GunPoint,2,0.05,point,point,linear,dtw,0.7692307692307693,0.7450980392156863,0.8933333333333333,0.8931623931623931,0.001657799817621708,1.1661338999401778
GunPoint,2,0.05,point,point,linear,tsf,1.0,1.0,0.96,0.96,1.390317799989134,0.37663630000315607
GunPoint,2,0.05,point,point,linear,minirocket,1.0,1.0,1.0,1.0,0.09243190009146929,0.07523999991826713
GunPoint,2,0.05,point,block,linear,dtw,0.7692307692307693,0.7450980392156863,0.8933333333333333,0.8931623931623931,0.0012394001241773367,1.1612648000009358
GunPoint,2,0.05,point,block,linear,tsf,1.0,1.0,0.96,0.96,1.6576854998711497,0.44728070008568466
GunPoint,2,0.05,point,block,linear,minirocket,1.0,1.0,1.0,1.0,0.11097610020078719,0.08658190001733601
GunPoint,2,0.05,block,point,linear,dtw,0.7692307692307693,0.7450980392156863,0.9,0.899888765294772,0.00142990006133914,1.170418000081554
GunPoint,2,0.05,block,point,linear,tsf,1.0,1.0,0.96,0.9599928876244666,1.610419200034812,0.44662799988873303
GunPoint,2,0.05,block,point,linear,minirocket,1.0,1.0,1.0,1.0,0.09989859978668392,0.08065270003862679
GunPoint,2,0.05,block,block,linear,dtw,0.7692307692307693,0.7450980392156863,0.9066666666666666,0.9066002490660025,0.0012445999309420586,1.2095532000530511
GunPoint,2,0.05,block,block,linear,tsf,1.0,1.0,0.9666666666666667,0.9666651851193386,1.655203799949959,0.41958330012857914
GunPoint,2,0.05,block,block,linear,minirocket,1.0,1.0,1.0,1.0,0.10420009982772171,0.08417829987592995
GunPoint,2,0.1,point,point,linear,dtw,0.7692307692307693,0.7450980392156863,0.88,0.8798076923076923,0.0019533000886440277,1.2073869998566806
GunPoint,2,0.1,point,point,linear,tsf,1.0,1.0,0.9733333333333334,0.9733285917496444,1.5374675001949072,0.38601079978980124
GunPoint,2,0.1,point,point,linear,minirocket,1.0,1.0,1.0,1.0,0.09546960005536675,0.08034360012970865
GunPoint,2,0.1,point,block,linear,dtw,0.7692307692307693,0.7450980392156863,0.9066666666666666,0.906517094017094,0.0018162999767810106,1.2262524000834674
GunPoint,2,0.1,point,block,linear,tsf,1.0,1.0,0.9666666666666667,0.9666533279978657,1.604055699892342,0.44801030005328357
GunPoint,2,0.1,point,block,linear,minirocket,1.0,1.0,0.9866666666666667,0.9866642958748222,0.10373930004425347,0.08563179988414049
GunPoint,2,0.1,block,point,linear,dtw,0.7692307692307693,0.7450980392156863,0.8866666666666667,0.8866213151927438,0.001460100058466196,1.2176890999544412
GunPoint,2,0.1,block,point,linear,tsf,1.0,1.0,0.96,0.9599928876244666,1.4027885999530554,0.4208251000382006
GunPoint,2,0.1,block,point,linear,minirocket,1.0,1.0,0.9933333333333333,0.9933330370238678,0.09381830017082393,0.08056790009140968
GunPoint,2,0.1,block,block,linear,dtw,0.7692307692307693,0.7450980392156863,0.9,0.8999599839935974,0.0012521999888122082,1.1757985001895577
GunPoint,2,0.1,block,block,linear,tsf,1.0,1.0,0.96,0.9599928876244666,1.3730350998230278,0.39046739996410906
GunPoint,2,0.1,block,block,linear,minirocket,1.0,1.0,0.9866666666666667,0.9866642958748222,0.09403829998336732,0.07587020006030798
GunPoint,2,0.15,point,point,linear,dtw,0.7692307692307693,0.7450980392156863,0.88,0.8798076923076923,0.0011926000006496906,1.1682564998045564
GunPoint,2,0.15,point,point,linear,tsf,1.0,1.0,0.9733333333333334,0.9733285917496444,1.5856083000544459,0.3959786999039352
GunPoint,2,0.15,point,point,linear,minirocket,1.0,1.0,1.0,1.0,0.10364940017461777,0.08141180011443794
GunPoint,2,0.15,point,block,linear,dtw,0.7692307692307693,0.7450980392156863,0.9133333333333333,0.9132369299221357,0.0016084997914731503,1.209987600101158
GunPoint,2,0.15,point,block,linear,tsf,1.0,1.0,0.94,0.9399973332148095,1.5076781001407653,0.41848719981499016
GunPoint,2,0.15,point,block,linear,minirocket,1.0,1.0,0.96,0.9599358974358975,0.10332180000841618,0.07835690001957119
GunPoint,2,0.15,block,point,linear,dtw,0.7692307692307693,0.7450980392156863,0.8733333333333333,0.8730568794263062,0.0012382999993860722,1.1994749999139458
GunPoint,2,0.15,block,point,linear,tsf,1.0,1.0,0.94,0.9399332591768632,1.5461197001859546,0.4125570000614971
GunPoint,2,0.15,block,point,linear,minirocket,1.0,1.0,0.9933333333333333,0.9933330370238678,0.10674509988166392,0.08225059998221695
GunPoint,2,0.15,block,block,linear,dtw,0.7692307692307693,0.7450980392156863,0.9066666666666666,0.9066002490660025,0.0012601001653820276,1.218325300142169
GunPoint,2,0.15,block,block,linear,tsf,1.0,1.0,0.8933333333333333,0.8928571428571428,1.516354599967599,0.3955583998467773
GunPoint,2,0.15,block,block,linear,minirocket,1.0,1.0,0.96,0.959971535314001,0.10360289993695915,0.08061730000190437
GunPoint,2,0.2,point,point,linear,dtw,0.7692307692307693,0.7450980392156863,0.8933333333333333,0.8931623931623931,0.0013790000230073929,1.1850788001902401
GunPoint,2,0.2,point,point,linear,tsf,1.0,1.0,0.9733333333333334,0.9733285917496444,1.4046805000398308,0.3784523999784142
GunPoint,2,0.2,point,point,linear,minirocket,1.0,1.0,1.0,1.0,0.09776600007899106,0.07863429980352521
GunPoint,2,0.2,point,block,linear,dtw,0.7692307692307693,0.7450980392156863,0.88,0.8799146059420031,0.0013331000227481127,1.1477558000478894
GunPoint,2,0.2,point,block,linear,tsf,1.0,1.0,0.9133333333333333,0.9133294813102805,1.430319800041616,0.40770040010102093
GunPoint,2,0.2,point,block,linear,minirocket,1.0,1.0,0.8866666666666667,0.8851920219710954,0.0953585000243038,0.0799396000802517
GunPoint,2,0.2,block,point,linear,dtw,0.7692307692307693,0.7450980392156863,0.8266666666666667,0.8246718216148174,0.0017348001711070538,1.1706739999353886
GunPoint,2,0.2,block,point,linear,tsf,0.7692307692307693,0.7692307692307693,0.92,0.9196428571428572,1.5483262999914587,0.4131426999811083
GunPoint,2,0.2,block,point,linear,minirocket,1.0,1.0,0.9666666666666667,0.9666651851193386,0.0976102000568062,0.07952809985727072
GunPoint,2,0.2,block,block,linear,dtw,0.7692307692307693,0.7450980392156863,0.8733333333333333,0.8728756858022213,0.0013665000442415476,1.179039299953729
GunPoint,2,0.2,block,block,linear,tsf,0.7692307692307693,0.7692307692307693,0.8866666666666667,0.8862571925598823,1.537118999985978,0.42696089996024966
GunPoint,2,0.2,block,block,linear,minirocket,1.0,1.0,0.9,0.8999599839935974,0.09808040014468133,0.08197910012677312
GunPoint,2,0.25,point,point,linear,dtw,0.7692307692307693,0.7450980392156863,0.8866666666666667,0.8864193131709055,0.0012703998945653439,1.1737025000620633
GunPoint,2,0.25,point,point,linear,tsf,1.0,1.0,0.9733333333333334,0.9733285917496444,1.5476659000851214,0.41570429992862046
GunPoint,2,0.25,point,point,linear,minirocket,1.0,1.0,1.0,1.0,0.10829509980976582,0.07900730008259416
GunPoint,2,0.25,point,block,linear,dtw,0.7692307692307693,0.7450980392156863,0.8733333333333333,0.8731924360400445,0.0017595000099390745,1.191571000032127
GunPoint,2,0.25,point,block,linear,tsf,1.0,1.0,0.8666666666666667,0.8665717843800036,1.5732646000105888,0.392154400004074
GunPoint,2,0.25,point,block,linear,minirocket,1.0,1.0,0.7333333333333333,0.7150455927051672,0.09742649993859231,0.08628130005672574
GunPoint,2,0.25,block,point,linear,dtw,0.7692307692307693,0.7450980392156863,0.8066666666666666,0.8020117427518092,0.0016268000472337008,1.1927239999640733
GunPoint,2,0.25,block,point,linear,tsf,0.7692307692307693,0.7636363636363637,0.92,0.9197717953289357,1.5738844000734389,0.43096419982612133
GunPoint,2,0.25,block,point,linear,minirocket,0.8461538461538461,0.8452380952380952,0.96,0.9598858976644677,0.10312439990229905,0.07886629994027317
GunPoint,2,0.25,block,block,linear,dtw,0.7692307692307693,0.7450980392156863,0.8266666666666667,0.8255501878690285,0.002186399884521961,1.2063604998402297
GunPoint,2,0.25,block,block,linear,tsf,0.7692307692307693,0.7636363636363637,0.8866666666666667,0.8862571925598823,1.5488903999794275,0.45722900005057454
GunPoint,2,0.25,block,block,linear,minirocket,0.8461538461538461,0.8452380952380952,0.8666666666666667,0.866642958748222,0.11296740011312068,0.07871420006267726
GunPoint,2,0.3,point,point,linear,dtw,0.7692307692307693,0.7450980392156863,0.88,0.8798076923076923,0.0013860000763088465,1.1741117998026311
GunPoint,2,0.3,point,point,linear,tsf,1.0,1.0,0.9666666666666667,0.9666651851193386,1.5517971999943256,0.4002916000317782
GunPoint,2,0.3,point,point,linear,minirocket,1.0,1.0,1.0,1.0,0.0961596998386085,0.08043040009215474
GunPoint,2,0.3,point,block,linear,dtw,0.7692307692307693,0.7450980392156863,0.8333333333333334,0.8329695781925082,0.0013219001702964306,1.173036599997431
GunPoint,2,0.3,point,block,linear,tsf,1.0,1.0,0.8466666666666667,0.8463320119371075,1.5021337000653148,0.3908361999783665
GunPoint,2,0.3,point,block,linear,minirocket,1.0,1.0,0.6533333333333333,0.61,0.09279619995504618,0.07767849997617304
GunPoint,2,0.3,block,point,linear,dtw,0.7692307692307693,0.7450980392156863,0.7866666666666666,0.7810618500273673,0.001300400123000145,1.1398297001142055
GunPoint,2,0.3,block,point,linear,tsf,0.7692307692307693,0.7636363636363637,0.9266666666666666,0.9265066144047036,1.4637797998730093,0.4922243000473827
GunPoint,2,0.3,block,point,linear,minirocket,0.7692307692307693,0.7636363636363637,0.9533333333333334,0.9532814238042269,0.08967560017481446,0.07569469977170229
GunPoint,2,0.3,block,block,linear,dtw,0.7692307692307693,0.7450980392156863,0.7533333333333333,0.7519996425220072,0.0015428001061081886,1.1487016999162734
GunPoint,2,0.3,block,block,linear,tsf,0.7692307692307693,0.7636363636363637,0.8466666666666667,0.8466598515489577,1.5316532999277115,0.4001537999138236
GunPoint,2,0.3,block,block,linear,minirocket,0.7692307692307693,0.7636363636363637,0.8466666666666667,0.8466598515489577,0.09418670018203557,0.07885359995998442
GunPoint,3,0.05,point,point,linear,dtw,0.9230769230769231,0.9212121212121211,0.9066666666666666,0.9066002490660025,0.0013661000411957502,1.1384905001614243
GunPoint,3,0.05,point,point,linear,tsf,1.0,1.0,0.9733333333333334,0.9733333333333334,1.4690497999545187,0.393633000086993
GunPoint,3,0.05,point,point,linear,minirocket,1.0,1.0,1.0,1.0,0.09555919980630279,0.07916199997998774
GunPoint,3,0.05,point,block,linear,dtw,0.9230769230769231,0.9212121212121211,0.9133333333333333,0.9132986527944511,0.0016699000261723995,1.222673499956727
GunPoint,3,0.05,point,block,linear,tsf,1.0,1.0,0.9666666666666667,0.9666651851193386,1.5379795001354069,0.4232079000212252
GunPoint,3,0.05,point,block,linear,minirocket,1.0,1.0,1.0,1.0,0.09575439989566803,0.07965789991430938
GunPoint,3,0.05,block,point,linear,dtw,0.9230769230769231,0.9212121212121211,0.9066666666666666,0.9066002490660025,0.0012795000802725554,1.2052149998489767
GunPoint,3,0.05,block,point,linear,tsf,1.0,1.0,0.9733333333333334,0.9733333333333334,1.4235318000428379,0.4141222999896854
GunPoint,3,0.05,block,point,linear,minirocket,1.0,1.0,1.0,1.0,0.09938050014898181,0.08211990003474057
GunPoint,3,0.05,block,block,linear,dtw,0.9230769230769231,0.9212121212121211,0.9133333333333333,0.9132986527944511,0.0012358000967651606,1.2169470998924226
GunPoint,3,0.05,block,block,linear,tsf,1.0,1.0,0.9733333333333334,0.9733333333333334,1.393231299938634,0.40026260004378855
GunPoint,3,0.05,block,block,linear,minirocket,1.0,1.0,1.0,1.0,0.0971129999961704,0.08398869982920587
GunPoint,3,0.1,point,point,linear,dtw,0.9230769230769231,0.9212121212121211,0.9066666666666666,0.9066002490660025,0.00144620006904006,1.174127300037071
GunPoint,3,0.1,point,point,linear,tsf,1.0,1.0,0.9733333333333334,0.9733333333333334,1.381127400090918,0.3981065000407398
GunPoint,3,0.1,point,point,linear,minirocket,1.0,1.0,1.0,1.0,0.09833649988286197,0.08273010002449155
GunPoint,3,0.1,point,block,linear,dtw,0.9230769230769231,0.9212121212121211,0.9,0.899888765294772,0.001609700033441186,1.17718410002999
GunPoint,3,0.1,point,block,linear,tsf,1.0,1.0,0.9466666666666667,0.9466666666666667,1.452528800116852,0.39142760005779564
GunPoint,3,0.1,point,block,linear,minirocket,1.0,1.0,1.0,1.0,0.10409280005842447,0.08166260016150773
GunPoint,3,0.1,block,point,linear,dtw,0.9230769230769231,0.9212121212121211,0.8866666666666667,0.8866616294057514,0.0016395000275224447,1.1710190998855978
GunPoint,3,0.1,block,point,linear,tsf,1.0,1.0,0.9666666666666667,0.9666651851193386,1.5825767000205815,0.40055200015194714
GunPoint,3,0.1,block,point,linear,minirocket,1.0,1.0,1.0,1.0,0.09294579993002117,0.0776841000188142
GunPoint,3,0.1,block,block,linear,dtw,0.9230769230769231,0.9212121212121211,0.8866666666666667,0.8865406006674083,0.0015124999918043613,1.1494495999068022
GunPoint,3,0.1,block,block,linear,tsf,1.0,1.0,0.9333333333333333,0.9333214793741109,1.5852524999063462,0.45486940001137555
GunPoint,3,0.1,block,block,linear,minirocket,1.0,1.0,0.9866666666666667,0.9866642958748222,0.09804180008359253,0.08275819988921285
GunPoint,3,0.15,point,point,linear,dtw,0.9230769230769231,0.9212121212121211,0.8933333333333333,0.8931623931623931,0.002221300033852458,1.1714977999217808
GunPoint,3,0.15,point,point,linear,tsf,1.0,1.0,0.9666666666666667,0.9666651851193386,1.4886624000500888,0.3947829999960959
GunPoint,3,0.15,point,point,linear,minirocket,1.0,1.0,1.0,1.0,0.0947769999038428,0.0848511999938637
GunPoint,3,0.15,point,block,linear,dtw,0.9230769230769231,0.9212121212121211,0.8866666666666667,0.8865406006674083,0.0012747000437229872,1.1421938999556005
GunPoint,3,0.15,point,block,linear,tsf,1.0,1.0,0.92,0.9199430706280021,1.4928045000415295,0.4174655000679195
GunPoint,3,0.15,point,block,linear,minirocket,1.0,1.0,0.9133333333333333,0.9126774439120505,0.09678589995019138,0.07956629991531372
GunPoint,3,0.15,block,point,linear,dtw,0.9230769230769231,0.9212121212121211,0.88,0.8799786628733997,0.0013377999421209097,1.1874164000619203
GunPoint,3,0.15,block,point,linear,tsf,1.0,1.0,0.9666666666666667,0.9666651851193386,1.4853184998501092,0.3699429000262171
GunPoint,3,0.15,block,point,linear,minirocket,1.0,1.0,0.9933333333333333,0.9933306655995732,0.09540360001847148,0.07245610002428293
GunPoint,3,0.15,block,block,linear,dtw,0.9230769230769231,0.9212121212121211,0.8666666666666667,0.8665717843800036,0.0016536000184714794,1.154506399994716
GunPoint,3,0.15,block,block,linear,tsf,1.0,1.0,0.9133333333333333,0.9133294813102805,1.44142090016976,0.409213799983263
GunPoint,3,0.15,block,block,linear,minirocket,1.0,1.0,0.9533333333333334,0.9532814238042269,0.09819409996271133,0.07555720000527799
GunPoint,3,0.2,point,point,linear,dtw,0.9230769230769231,0.9212121212121211,0.9,0.899888765294772,0.0018056000117212534,1.1670799001585692
GunPoint,3,0.2,point,point,linear,tsf,1.0,1.0,0.96,0.9599928876244666,1.449381300015375,0.389235399896279
GunPoint,3,0.2,point,point,linear,minirocket,1.0,1.0,1.0,1.0,0.09962980006821454,0.08525760006159544
GunPoint,3,0.2,point,block,linear,dtw,0.9230769230769231,0.9212121212121211,0.9,0.8999599839935974,0.001351300161331892,1.1864303001202643
GunPoint,3,0.2,point,block,linear,tsf,1.0,1.0,0.9,0.8999599839935974,1.4738599001429975,0.3788284999318421
GunPoint,3,0.2,point,block,linear,minirocket,1.0,1.0,0.7533333333333333,0.7373527045572855,0.09392600017599761,0.08277079998515546
GunPoint,3,0.2,block,point,linear,dtw,0.9230769230769231,0.9212121212121211,0.82,0.8199279711884754,0.0018333999905735254,1.14957519993186
GunPoint,3,0.2,block,point,linear,tsf,0.9230769230769231,0.9212121212121211,0.9466666666666667,0.9466287137520014,1.4377025000285357,0.39147139992564917
GunPoint,3,0.2,block,point,linear,minirocket,0.9230769230769231,0.9212121212121211,0.9866666666666667,0.9866642958748222,0.09284280007705092,0.07665270008146763
GunPoint,3,0.2,block,block,linear,dtw,0.9230769230769231,0.9212121212121211,0.8266666666666667,0.8263888888888888,0.0012529001105576754,1.1474455001298338
GunPoint,3,0.2,block,block,linear,tsf,0.9230769230769231,0.9212121212121211,0.8733333333333333,0.8733277034534868,1.5125458999536932,0.3828913997858763
GunPoint,3,0.2,block,block,linear,minirocket,0.9230769230769231,0.9212121212121211,0.8666666666666667,0.8660714285714286,0.09263860015198588,0.07874110015109181
GunPoint,3,0.25,point,point,linear,dtw,0.9230769230769231,0.9212121212121211,0.9,0.8997817469155049,0.00132719986140728,1.1938369998242706
GunPoint,3,0.25,point,point,linear,tsf,1.0,1.0,0.9733333333333334,0.9733333333333334,1.4291473000776023,0.43222280009649694
GunPoint,3,0.25,point,point,linear,minirocket,1.0,1.0,1.0,1.0,0.09670100011862814,0.07779809995554388
GunPoint,3,0.25,point,block,linear,dtw,0.9230769230769231,0.9212121212121211,0.8466666666666667,0.846496106785317,0.0012413000222295523,1.281952500110492
GunPoint,3,0.25,point,block,linear,tsf,1.0,1.0,0.8533333333333334,0.8529149581030486,2.4540407001040876,0.5862506001722068
GunPoint,3,0.25,point,block,linear,minirocket,1.0,1.0,0.68,0.64349376114082,0.13005760009400547,0.10090979980304837
GunPoint,3,0.25,block,point,linear,dtw,0.7692307692307693,0.7692307692307693,0.82,0.8193496587715776,0.002193199936300516,1.5366392000578344
GunPoint,3,0.25,block,point,linear,tsf,0.9230769230769231,0.9212121212121211,0.8933333333333333,0.8930290604385809,2.357510100118816,0.6655815001577139
GunPoint,3,0.25,block,point,linear,minirocket,0.9230769230769231,0.9212121212121211,0.9666666666666667,0.9666651851193386,0.1134029000531882,0.09985350002534688
GunPoint,3,0.25,block,block,linear,dtw,0.7692307692307693,0.7692307692307693,0.7733333333333333,0.7726867534319843,0.003072999883443117,1.3690472000744194
GunPoint,3,0.25,block,block,linear,tsf,0.9230769230769231,0.9212121212121211,0.8266666666666667,0.8266358463726885,1.8931722999550402,0.5234222998842597
GunPoint,3,0.25,block,block,linear,minirocket,0.9230769230769231,0.9212121212121211,0.86,0.8596944456817068,0.1059260000474751,0.10253040003590286
GunPoint,3,0.3,point,point,linear,dtw,0.9230769230769231,0.9212121212121211,0.8866666666666667,0.8865406006674083,0.002945000072941184,1.2800524001941085
GunPoint,3,0.3,point,point,linear,tsf,1.0,1.0,0.9666666666666667,0.9666651851193386,1.9172647001687437,0.5153075999114662
GunPoint,3,0.3,point,point,linear,minirocket,1.0,1.0,1.0,1.0,0.10493199992924929,0.087907699868083
GunPoint,3,0.3,point,block,linear,dtw,0.9230769230769231,0.9212121212121211,0.84,0.8392857142857143,0.0013987000565975904,1.2860143999569118
GunPoint,3,0.3,point,block,linear,tsf,1.0,1.0,0.8066666666666666,0.8056213414361678,1.887449200032279,0.49737250013276935
GunPoint,3,0.3,point,block,linear,minirocket,1.0,1.0,0.6133333333333333,0.5453595317725752,0.12109009991399944,0.10648000007495284
GunPoint,3,0.3,block,point,linear,dtw,1.0,1.0,0.8333333333333334,0.8329695781925082,0.0013325000181794167,1.2977775000035763
GunPoint,3,0.3,block,point,linear,tsf,0.9230769230769231,0.9212121212121211,0.9266666666666666,0.9265066144047036,2.0672369999811053,0.48818510002456605
GunPoint,3,0.3,block,point,linear,minirocket,0.9230769230769231,0.9212121212121211,0.76,0.75,0.10747750010341406,0.08500650012865663
GunPoint,3,0.3,block,block,linear,dtw,1.0,1.0,0.8333333333333334,0.8333259255966932,0.002214499982073903,1.2647574001457542
GunPoint,3,0.3,block,block,linear,tsf,0.9230769230769231,0.9212121212121211,0.8133333333333334,0.813200498132005,2.1996711001265794,0.5925308000296354
GunPoint,3,0.3,block,block,linear,minirocket,0.9230769230769231,0.9212121212121211,0.8266666666666667,0.8261722232126939,0.12438199995085597,0.09899640013463795
GunPoint,4,0.05,point,point,linear,dtw,0.7692307692307693,0.7636363636363637,0.86,0.8599937775012223,0.001694000093266368,1.339321699924767
GunPoint,4,0.05,point,point,linear,tsf,1.0,1.0,0.9666666666666667,0.9666651851193386,2.224250999977812,0.6146617999766022
GunPoint,4,0.05,point,point,linear,minirocket,1.0,1.0,0.9933333333333333,0.9933330370238678,0.12883989978581667,0.10601740004494786
GunPoint,4,0.05,point,block,linear,dtw,0.7692307692307693,0.7636363636363637,0.86,0.8599937775012223,0.002323599997907877,1.3264436998870224
GunPoint,4,0.05,point,block,linear,tsf,1.0,1.0,0.9666666666666667,0.9666651851193386,2.022402700036764,0.5883406000211835
GunPoint,4,0.05,point,block,linear,minirocket,1.0,1.0,0.9933333333333333,0.9933330370238678,0.1190486999694258,0.08743339986540377
GunPoint,4,0.05,block,point,linear,dtw,0.7692307692307693,0.7636363636363637,0.8666666666666667,0.866642958748222,0.0013284999877214432,1.2604984999634326
GunPoint,4,0.05,block,point,linear,tsf,1.0,1.0,0.9666666666666667,0.9666651851193386,1.864140999969095,0.4956413998734206
GunPoint,4,0.05,block,point,linear,minirocket,1.0,1.0,1.0,1.0,0.11269290000200272,0.08731950004585087
GunPoint,4,0.05,block,block,linear,dtw,0.7692307692307693,0.7636363636363637,0.8666666666666667,0.866642958748222,0.001470400020480156,1.3075451001059264
GunPoint,4,0.05,block,block,linear,tsf,1.0,1.0,0.9733333333333334,0.9733333333333334,1.8419185001403093,0.5436213999055326
GunPoint,4,0.05,block,block,linear,minirocket,1.0,1.0,0.9933333333333333,0.9933330370238678,0.10709890001453459,0.10375569993630052
GunPoint,4,0.1,point,point,linear,dtw,0.7692307692307693,0.7636363636363637,0.86,0.8599937775012223,0.0013073000591248274,1.3007141998969018
GunPoint,4,0.1,point,point,linear,tsf,1.0,1.0,0.9733333333333334,0.9733333333333334,2.0619640999939293,0.5510009999852628
GunPoint,4,0.1,point,point,linear,minirocket,1.0,1.0,0.9933333333333333,0.9933330370238678,0.11210769996978343,0.08688160008750856
GunPoint,4,0.1,point,block,linear,dtw,0.7692307692307693,0.7636363636363637,0.86,0.8599937775012223,0.001483200117945671,1.2961283000186086
GunPoint,4,0.1,point,block,linear,tsf,1.0,1.0,0.9666666666666667,0.9666651851193386,1.9107792999129742,0.4785905000753701
GunPoint,4,0.1,point,block,linear,minirocket,1.0,1.0,0.9933333333333333,0.9933330370238678,0.10945250000804663,0.09001719998195767
GunPoint,4,0.1,block,point,linear,dtw,0.7692307692307693,0.7636363636363637,0.86,0.8599439775910365,0.0025610998272895813,1.2779914001002908
GunPoint,4,0.1,block,point,linear,tsf,1.0,1.0,0.9666666666666667,0.9666533279978657,1.988791499985382,0.5369916998315603
GunPoint,4,0.1,block,point,linear,minirocket,1.0,1.0,1.0,1.0,0.10162630002014339,0.10156390001066029
GunPoint,4,0.1,block,block,linear,dtw,0.7692307692307693,0.7636363636363637,0.8666666666666667,0.8665717843800036,0.0014792000874876976,1.2791011000517756
GunPoint,4,0.1,block,block,linear,tsf,1.0,1.0,0.9533333333333334,0.9533312591670741,1.8815079000778496,0.6077938000671566
GunPoint,4,0.1,block,block,linear,minirocket,1.0,1.0,1.0,1.0,0.11892699985764921,0.09538560011424124
GunPoint,4,0.15,point,point,linear,dtw,0.7692307692307693,0.7636363636363637,0.86,0.8599937775012223,0.001388800097629428,1.270552200032398
GunPoint,4,0.15,point,point,linear,tsf,1.0,1.0,0.9733333333333334,0.9733285917496444,1.9237144999206066,0.5550903000403196
GunPoint,4,0.15,point,point,linear,minirocket,1.0,1.0,1.0,1.0,0.11768150003626943,0.09966009994968772
GunPoint,4,0.15,point,block,linear,dtw,0.7692307692307693,0.7636363636363637,0.8733333333333333,0.8733277034534868,0.003597700037062168,1.2888308998662978
GunPoint,4,0.15,point,block,linear,tsf,1.0,1.0,0.9466666666666667,0.9466666666666667,1.8184936000034213,0.5589999000076205
GunPoint,4,0.15,point,block,linear,minirocket,1.0,1.0,0.94,0.9396755887215693,0.11290909978561103,0.0873342000413686
GunPoint,4,0.15,block,point,linear,dtw,0.7692307692307693,0.7636363636363637,0.86,0.8599439775910365,0.0013147999998182058,1.2999407998286188
GunPoint,4,0.15,block,point,linear,tsf,1.0,1.0,0.9533333333333334,0.9533146591970121,1.882700800197199,0.5845655000302941
GunPoint,4,0.15,block,point,linear,minirocket,1.0,1.0,1.0,1.0,0.12697630003094673,0.09857810009270906
GunPoint,4,0.15,block,block,linear,dtw,0.7692307692307693,0.7636363636363637,0.88,0.8799786628733997,0.002023200038820505,1.306135900085792
GunPoint,4,0.15,block,block,linear,tsf,1.0,1.0,0.94,0.9399759903961584,1.8547962999437004,0.5290139999706298
GunPoint,4,0.15,block,block,linear,minirocket,1.0,1.0,0.98,0.9799777530589544,0.10615399992093444,0.0858557999599725
GunPoint,4,0.2,point,point,linear,dtw,0.8461538461538461,0.8452380952380952,0.8666666666666667,0.866642958748222,0.0012847001198679209,1.2970275999978185
GunPoint,4,0.2,point,point,linear,tsf,1.0,1.0,0.9733333333333334,0.9733333333333334,1.8120403001084924,0.5345164998434484
GunPoint,4,0.2,point,point,linear,minirocket,1.0,1.0,1.0,1.0,0.12736140005290508,0.08681890019215643
GunPoint,4,0.2,point,block,linear,dtw,0.8461538461538461,0.8452380952380952,0.8733333333333333,0.8733277034534868,0.0018228001426905394,1.3361444999463856
GunPoint,4,0.2,point,block,linear,tsf,1.0,1.0,0.9533333333333334,0.9533312591670741,1.8296379998791963,0.4222882001195103
GunPoint,4,0.2,point,block,linear,minirocket,1.0,1.0,0.7933333333333333,0.7841125400436417,0.09622199996374547,0.07990969996899366
GunPoint,4,0.2,block,point,linear,dtw,0.7692307692307693,0.7636363636363637,0.88,0.88,0.0012710001319646835,1.1865642999764532
GunPoint,4,0.2,block,point,linear,tsf,1.0,1.0,0.9666666666666667,0.9666533279978657,1.9384290999732912,0.47661080001853406
GunPoint,4,0.2,block,point,linear,minirocket,1.0,1.0,0.9933333333333333,0.9933330370238678,0.1315589000005275,0.09029130009002984
GunPoint,4,0.2,block,block,linear,dtw,0.7692307692307693,0.7636363636363637,0.8533333333333334,0.853307254623044,0.0022326998878270388,1.4521204000338912
GunPoint,4,0.2,block,block,linear,tsf,1.0,1.0,0.9466666666666667,0.9465811965811965,1.8054150000680238,0.42450389987789094
GunPoint,4,0.2,block,block,linear,minirocket,1.0,1.0,0.98,0.9799777530589544,0.1284928999375552,0.0800390001386404
GunPoint,4,0.25,point,point,linear,dtw,0.8461538461538461,0.8452380952380952,0.8666666666666667,0.866642958748222,0.0012825001031160355,1.229782500071451
GunPoint,4,0.25,point,point,linear,tsf,1.0,1.0,0.9666666666666667,0.9666651851193386,1.6989275000523776,0.5097659998573363
GunPoint,4,0.25,point,point,linear,minirocket,1.0,1.0,1.0,1.0,0.11051529995165765,0.09359510010108352
GunPoint,4,0.25,point,block,linear,dtw,0.8461538461538461,0.8452380952380952,0.8866666666666667,0.8866213151927438,0.0019550002180039883,1.2176272000651807
GunPoint,4,0.25,point,block,linear,tsf,1.0,1.0,0.9266666666666666,0.926401712832865,1.6464760000817478,0.4625252999830991
GunPoint,4,0.25,point,block,linear,minirocket,1.0,1.0,0.7133333333333334,0.684981684981685,0.09914509998634458,0.07728639990091324
GunPoint,4,0.25,block,point,linear,dtw,0.7692307692307693,0.7636363636363637,0.8666666666666667,0.8666666666666667,0.0015996000729501247,1.1926168999634683
GunPoint,4,0.25,block,point,linear,tsf,1.0,1.0,0.96,0.96,1.6219670998398215,0.4614005000330508
GunPoint,4,0.25,block,point,linear,minirocket,1.0,1.0,0.9933333333333333,0.9933330370238678,0.09494309988804162,0.07693189987912774
GunPoint,4,0.25,block,block,linear,dtw,0.7692307692307693,0.7636363636363637,0.8666666666666667,0.866642958748222,0.0011990000493824482,1.2149465999100357
GunPoint,4,0.25,block,block,linear,tsf,1.0,1.0,0.9266666666666666,0.9262701639930292,1.6776481999550015,0.47781499987468123
GunPoint,4,0.25,block,block,linear,minirocket,1.0,1.0,0.92,0.9197717953289357,0.09967679996043444,0.08577840006910264
GunPoint,4,0.3,point,point,linear,dtw,0.8461538461538461,0.8452380952380952,0.86,0.8599439775910365,0.0017375999595969915,1.2565989000722766
GunPoint,4,0.3,point,point,linear,tsf,1.0,1.0,0.9666666666666667,0.9666651851193386,1.5900031998753548,0.5342800000216812
GunPoint,4,0.3,point,point,linear,minirocket,1.0,1.0,1.0,1.0,0.15178949991241097,0.1000318001024425
GunPoint,4,0.3,point,block,linear,dtw,0.8461538461538461,0.8452380952380952,0.8333333333333334,0.8327311655292386,0.0023401000071316957,1.3073276998475194
GunPoint,4,0.3,point,block,linear,tsf,1.0,1.0,0.88,0.8798076923076923,1.9194962000474334,0.46647840016521513
GunPoint,4,0.3,point,block,linear,minirocket,1.0,1.0,0.6333333333333333,0.5714508337229235,0.13698299997486174,0.09623639984056354
GunPoint,4,0.3,block,point,linear,dtw,0.7692307692307693,0.7636363636363637,0.8066666666666666,0.8062447107033095,0.001405100105330348,1.290733000030741
GunPoint,4,0.3,block,point,linear,tsf,1.0,1.0,0.94,0.9399332591768632,2.0311092999763787,0.5485626999288797
GunPoint,4,0.3,block,point,linear,minirocket,1.0,1.0,0.94,0.9398690481493029,0.12368939979933202,0.09156800014898181
GunPoint,4,0.3,block,block,linear,dtw,0.7692307692307693,0.7636363636363637,0.8066666666666666,0.8065893023876217,0.003232800168916583,1.373536700149998
GunPoint,4,0.3,block,block,linear,tsf,1.0,1.0,0.88,0.88,1.7492788000963628,0.5143729001283646
GunPoint,4,0.3,block,block,linear,minirocket,1.0,1.0,0.82,0.8199279711884754,0.1173543999902904,0.09068419993855059
GunPoint,5,0.05,point,point,linear,dtw,0.7692307692307693,0.7636363636363637,0.8933333333333333,0.8933143669985775,0.0031053998973220587,1.3413140000775456
GunPoint,5,0.05,point,point,linear,tsf,1.0,1.0,0.98,0.9799991110716032,1.646055999910459,0.44597649993374944
GunPoint,5,0.05,point,point,linear,minirocket,1.0,1.0,0.9933333333333333,0.9933330370238678,0.12089010002091527,0.08331999997608364
GunPoint,5,0.05,point,block,linear,dtw,0.7692307692307693,0.7636363636363637,0.8933333333333333,0.8933143669985775,0.0018609999679028988,1.2895489998627454
GunPoint,5,0.05,point,block,linear,tsf,1.0,1.0,0.98,0.9799991110716032,1.8172045999672264,0.49154180008918047
GunPoint,5,0.05,point,block,linear,minirocket,1.0,1.0,0.9933333333333333,0.9933330370238678,0.11205630004405975,0.09167069988325238
GunPoint,5,0.05,block,point,linear,dtw,0.7692307692307693,0.7636363636363637,0.9066666666666666,0.9066500711237553,0.001295400084927678,1.3013606001622975
GunPoint,5,0.05,block,point,linear,tsf,1.0,1.0,0.98,0.9799991110716032,1.9847904001362622,0.5996177999768406
GunPoint,5,0.05,block,point,linear,minirocket,1.0,1.0,0.9933333333333333,0.9933330370238678,0.13421399984508753,0.12013960001058877
GunPoint,5,0.05,block,block,linear,dtw,0.7692307692307693,0.7636363636363637,0.9066666666666666,0.9066500711237553,0.0023318000603467226,1.3097429000772536
GunPoint,5,0.05,block,block,linear,tsf,1.0,1.0,0.98,0.9799991110716032,2.1995686998125166,0.47350899991579354
GunPoint,5,0.05,block,block,linear,minirocket,1.0,1.0,0.9933333333333333,0.9933330370238678,0.112987200031057,0.08319480018690228
GunPoint,5,0.1,point,point,linear,dtw,0.7692307692307693,0.7636363636363637,0.9133333333333333,0.9133294813102805,0.0014915999490767717,1.2614351001102477
GunPoint,5,0.1,point,point,linear,tsf,1.0,1.0,0.98,0.9799991110716032,1.6660700000356883,0.4687500998843461
GunPoint,5,0.1,point,point,linear,minirocket,1.0,1.0,0.9933333333333333,0.9933330370238678,0.10507360007613897,0.09583739982917905
GunPoint,5,0.1,point,block,linear,dtw,0.7692307692307693,0.7636363636363637,0.92,0.9199857752489331,0.0020906999707221985,1.2588274001609534
GunPoint,5,0.1,point,block,linear,tsf,1.0,1.0,0.9733333333333334,0.9733285917496444,1.651960999937728,0.4285961000714451
GunPoint,5,0.1,point,block,linear,minirocket,1.0,1.0,0.9933333333333333,0.9933306655995732,0.11008259980008006,0.07615799992345273
GunPoint,5,0.1,block,point,linear,dtw,0.7692307692307693,0.7636363636363637,0.8933333333333333,0.8933333333333333,0.0015511000528931618,1.240508500020951
GunPoint,5,0.1,block,point,linear,tsf,0.9230769230769231,0.9212121212121211,0.9666666666666667,0.9666651851193386,1.6192242000252008,0.4334899000823498
GunPoint,5,0.1,block,point,linear,minirocket,1.0,1.0,0.9933333333333333,0.9933330370238678,0.10049760015681386,0.09148410009220243
GunPoint,5,0.1,block,block,linear,dtw,0.7692307692307693,0.7636363636363637,0.9066666666666666,0.9066666666666666,0.0017365999519824982,1.3822198000270873
GunPoint,5,0.1,block,block,linear,tsf,0.9230769230769231,0.9212121212121211,0.9533333333333334,0.9533312591670741,1.3543206001631916,0.3787752001080662
GunPoint,5,0.1,block,block,linear,minirocket,1.0,1.0,0.9866666666666667,0.9866642958748222,0.0908795001450926,0.07343689980916679
GunPoint,5,0.15,point,point,linear,dtw,0.7692307692307693,0.7636363636363637,0.9133333333333333,0.9133294813102805,0.0014756000600755215,1.1226429999805987
GunPoint,5,0.15,point,point,linear,tsf,1.0,1.0,0.98,0.9799991110716032,1.3463496998883784,0.41292889998294413
GunPoint,5,0.15,point,point,linear,minirocket,1.0,1.0,0.9933333333333333,0.9933330370238678,0.09004769986495376,0.07452120003290474
GunPoint,5,0.15,point,block,linear,dtw,0.7692307692307693,0.7636363636363637,0.8733333333333333,0.8731924360400445,0.00226239999756217,1.1180406000930816
GunPoint,5,0.15,point,block,linear,tsf,1.0,1.0,0.9666666666666667,0.9666651851193386,1.3550805998966098,0.3608854999765754
GunPoint,5,0.15,point,block,linear,minirocket,1.0,1.0,0.96,0.9599358974358975,0.09139040019363165,0.07495069992728531
GunPoint,5,0.15,block,point,linear,dtw,0.8461538461538461,0.8375,0.9,0.8999955553580159,0.0014393001329153776,1.1232200998347253
GunPoint,5,0.15,block,point,linear,tsf,0.9230769230769231,0.9212121212121211,0.9733333333333334,0.9733285917496444,1.2919460001867265,0.3730999000836164
GunPoint,5,0.15,block,point,linear,minirocket,1.0,1.0,0.9933333333333333,0.9933330370238678,0.09009159984998405,0.0784016998950392
GunPoint,5,0.15,block,block,linear,dtw,0.8461538461538461,0.8375,0.8733333333333333,0.8732826463918901,0.0011714000720530748,1.115888100117445
GunPoint,5,0.15,block,block,linear,tsf,0.9230769230769231,0.9212121212121211,0.94,0.9399973332148095,1.3059378999751061,0.44369999994523823
GunPoint,5,0.15,block,block,linear,minirocket,1.0,1.0,0.98,0.9799919967987194,0.09678049990907311,0.08500529988668859
GunPoint,5,0.2,point,point,linear,dtw,0.7692307692307693,0.7636363636363637,0.8933333333333333,0.8933333333333333,0.0014259000308811665,1.1363825998269022
GunPoint,5,0.2,point,point,linear,tsf,1.0,1.0,0.98,0.9799991110716032,1.3665114000905305,0.3767321999184787
GunPoint,5,0.2,point,point,linear,minirocket,1.0,1.0,0.9933333333333333,0.9933330370238678,0.09187719994224608,0.0752830000128597
GunPoint,5,0.2,point,block,linear,dtw,0.7692307692307693,0.7636363636363637,0.8533333333333334,0.8530982905982906,0.0012032999657094479,1.11496080015786
GunPoint,5,0.2,point,block,linear,tsf,1.0,1.0,0.9333333333333333,0.9333214793741109,1.460828399984166,0.3626009998843074
GunPoint,5,0.2,point,block,linear,minirocket,1.0,1.0,0.88,0.8782467532467533,0.0902764000929892,0.07565490016713738
GunPoint,5,0.2,block,point,linear,dtw,0.8461538461538461,0.8375,0.86,0.8598442714126808,0.001252500107511878,1.119195600040257
GunPoint,5,0.2,block,point,linear,tsf,0.9230769230769231,0.9212121212121211,0.9533333333333334,0.9533312591670741,1.6000095999334008,0.3672858001664281
GunPoint,5,0.2,block,point,linear,minirocket,0.9230769230769231,0.9230769230769231,0.9733333333333334,0.9733285917496444,0.10509760002605617,0.08532449998892844
GunPoint,5,0.2,block,block,linear,dtw,0.8461538461538461,0.8375,0.8333333333333334,0.8331479421579533,0.0016606999561190605,1.1178000001236796
GunPoint,5,0.2,block,block,linear,tsf,0.9230769230769231,0.9212121212121211,0.9266666666666666,0.9266373215953048,1.4324950999580324,0.43310200003907084
GunPoint,5,0.2,block,block,linear,minirocket,0.9230769230769231,0.9230769230769231,0.94,0.9399973332148095,0.10438859998248518,0.07909270003437996
GunPoint,5,0.25,point,point,linear,dtw,0.8461538461538461,0.8375,0.9066666666666666,0.9066002490660025,0.0012975998688489199,1.1460005999542773
GunPoint,5,0.25,point,point,linear,tsf,1.0,1.0,0.98,0.9799991110716032,1.3039956998545676,0.36540380003862083
GunPoint,5,0.25,point,point,linear,minirocket,1.0,1.0,0.9933333333333333,0.9933330370238678,0.0950698999222368,0.07590400008484721
GunPoint,5,0.25,point,block,linear,dtw,0.8461538461538461,0.8375,0.8266666666666667,0.8261722232126939,0.0011683001648634672,1.1199792998377234
GunPoint,5,0.25,point,block,linear,tsf,1.0,1.0,0.86,0.8599439775910365,1.3838816999923438,0.37137569999322295
GunPoint,5,0.25,point,block,linear,minirocket,1.0,1.0,0.7533333333333333,0.7354497354497354,0.09315149998292327,0.07638620003126562
GunPoint,5,0.25,block,point,linear,dtw,0.6923076923076923,0.6904761904761905,0.8266666666666667,0.8265433196940046,0.0017027000430971384,1.1257317001000047
GunPoint,5,0.25,block,point,linear,tsf,0.8461538461538461,0.8452380952380952,0.96,0.9599928876244666,1.3760450999252498,0.39143009996041656
GunPoint,5,0.25,block,point,linear,minirocket,0.9230769230769231,0.9230769230769231,0.9533333333333334,0.9532314818939023,0.09366859984584153,0.07770269992761314
GunPoint,5,0.25,block,block,linear,dtw,0.6923076923076923,0.6904761904761905,0.8266666666666667,0.8265433196940046,0.0012384001165628433,1.114376800134778
GunPoint,5,0.25,block,block,linear,tsf,0.8461538461538461,0.8452380952380952,0.88,0.8799786628733997,1.3482866999693215,0.3706011998001486
GunPoint,5,0.25,block,block,linear,minirocket,0.9230769230769231,0.9230769230769231,0.92,0.92,0.0918902000412345,0.0754740999545902
GunPoint,5,0.3,point,point,linear,dtw,0.8461538461538461,0.8375,0.9,0.8999955553580159,0.0012600000482052565,1.121880899881944
GunPoint,5,0.3,point,point,linear,tsf,1.0,1.0,0.98,0.9799991110716032,1.3118406001012772,0.38534180005081
GunPoint,5,0.3,point,point,linear,minirocket,1.0,1.0,0.9933333333333333,0.9933330370238678,0.09284860012121499,0.07560310000553727
GunPoint,5,0.3,point,block,linear,dtw,0.8461538461538461,0.8375,0.8066666666666666,0.8047138047138047,0.001326099969446659,1.1248296999838203
GunPoint,5,0.3,point,block,linear,tsf,1.0,1.0,0.8133333333333334,0.8133001422475107,1.3602838998194784,0.39258200000040233
GunPoint,5,0.3,point,block,linear,minirocket,1.0,1.0,0.6466666666666666,0.5962622517901579,0.09089009999297559,0.07876499998383224
GunPoint,5,0.3,block,point,linear,dtw,0.6923076923076923,0.6904761904761905,0.8266666666666667,0.8266358463726885,0.0013411000836640596,1.1230293000116944
GunPoint,5,0.3,block,point,linear,tsf,0.8461538461538461,0.8452380952380952,0.94,0.9399332591768632,1.3978706998750567,0.4088718998245895
GunPoint,5,0.3,block,point,linear,minirocket,0.9230769230769231,0.9230769230769231,0.9333333333333333,0.9330357142857143,0.09219039999879897,0.07886469992808998
GunPoint,5,0.3,block,block,linear,dtw,0.6923076923076923,0.6904761904761905,0.7666666666666667,0.765823631740934,0.0014804999809712172,1.1290599999483675
GunPoint,5,0.3,block,block,linear,tsf,0.8461538461538461,0.8452380952380952,0.8266666666666667,0.8258928571428572,1.3803042999934405,0.38686970015987754
GunPoint,5,0.3,block,block,linear,minirocket,0.9230769230769231,0.9230769230769231,0.92,0.9199857752489331,0.09444090002216399,0.07772589987143874
ECG200,1,0.05,point,point,linear,dtw,0.76,0.7023809523809523,0.8,0.7771836007130125,0.001273399917408824,0.7310734000056982
ECG200,1,0.05,point,point,linear,tsf,0.8,0.7619047619047619,0.84,0.82174688057041,1.3834726000204682,0.3346997001208365
ECG200,1,0.05,point,point,linear,minirocket,0.88,0.8663101604278074,0.92,0.9131944444444444,0.10870630014687777,0.035117899999022484
ECG200,1,0.05,point,block,linear,dtw,0.76,0.7023809523809523,0.79,0.7676734152007965,0.0014943999703973532,0.730997100006789
ECG200,1,0.05,point,block,linear,tsf,0.8,0.7619047619047619,0.84,0.82174688057041,1.2991251999046654,0.3414942000526935
ECG200,1,0.05,point,block,linear,minirocket,0.88,0.8663101604278074,0.92,0.9131944444444444,0.10224410006776452,0.03512539993971586
ECG200,1,0.05,block,point,linear,dtw,0.72,0.6361746361746362,0.8,0.7829861111111112,0.001286200014874339,0.7303148999344558
ECG200,1,0.05,block,point,linear,tsf,0.8,0.7619047619047619,0.84,0.82174688057041,1.3199678999371827,0.34431920014321804
ECG200,1,0.05,block,point,linear,minirocket,0.88,0.8663101604278074,0.93,0.9235724424063763,0.10412959987297654,0.035910299979150295
ECG200,1,0.05,block,block,linear,dtw,0.72,0.6361746361746362,0.78,0.7612847222222222,0.001236499985679984,0.7218313999474049
ECG200,1,0.05,block,block,linear,tsf,0.8,0.7619047619047619,0.86,0.8417005879692447,1.3027499001473188,0.35098000010475516
ECG200,1,0.05,block,block,linear,minirocket,0.88,0.8663101604278074,0.94,0.9348958333333333,0.10260559991002083,0.0355785998981446
ECG200,1,0.1,point,point,linear,dtw,0.8,0.7619047619047619,0.79,0.7643362136684996,0.0012654999736696482,0.7258260999806225
ECG200,1,0.1,point,point,linear,tsf,0.8,0.7619047619047619,0.84,0.82174688057041,1.3018398000858724,0.33225649991072714
ECG200,1,0.1,point,point,linear,minirocket,0.88,0.8663101604278074,0.93,0.9235724424063763,0.10093809990212321,0.03398489998653531
ECG200,1,0.1,point,block,linear,dtw,0.8,0.7619047619047619,0.76,0.732620320855615,0.001167000038549304,0.7204336998984218
ECG200,1,0.1,point,block,linear,tsf,0.8,0.7619047619047619,0.84,0.8190863862505653,1.2710720000322908,0.3288773000240326
ECG200,1,0.1,point,block,linear,minirocket,0.88,0.8663101604278074,0.92,0.9141999141999142,0.10611879988573492,0.03618049994111061
ECG200,1,0.1,block,point,linear,dtw,0.68,0.6031746031746031,0.79,0.7734872182073131,0.0012938999570906162,0.7255698000080884
ECG200,1,0.1,block,point,linear,tsf,0.8,0.7619047619047619,0.81,0.7867803837953091,1.3017158000729978,0.3361407998017967
ECG200,1,0.1,block,point,linear,minirocket,0.84,0.8161764705882353,0.9,0.8885918003565062,0.10446369997225702,0.03518630005419254
ECG200,1,0.1,block,block,linear,dtw,0.68,0.6031746031746031,0.78,0.7612847222222222,0.0012813000939786434,0.7236945000477135
ECG200,1,0.1,block,block,linear,tsf,0.8,0.7619047619047619,0.81,0.7897997566102445,1.3798434999771416,0.34041310008615255
ECG200,1,0.1,block,block,linear,minirocket,0.84,0.8161764705882353,0.89,0.879899552352877,0.10448650014586747,0.037318999879062176
ECG200,1,0.15,point,point,linear,dtw,0.72,0.6666666666666667,0.76,0.732620320855615,0.0013681999407708645,0.7191568999551237
ECG200,1,0.15,point,point,linear,tsf,0.8,0.7619047619047619,0.82,0.8021978021978022,1.3058948998805135,0.3613793000113219
ECG200,1,0.15,point,point,linear,minirocket,0.88,0.8663101604278074,0.93,0.9244957394024377,0.1038593000266701,0.03566200006753206
ECG200,1,0.15,point,block,linear,dtw,0.72,0.6666666666666667,0.75,0.7303419264372775,0.0018523000180721283,0.7162031000480056
ECG200,1,0.15,point,block,linear,tsf,0.8,0.7619047619047619,0.83,0.8119260980196925,1.3525125000160187,0.334886800032109
ECG200,1,0.15,point,block,linear,minirocket,0.88,0.8663101604278074,0.88,0.8738965952080706,0.10556830000132322,0.03844660008326173
ECG200,1,0.15,block,point,linear,dtw,0.72,0.6880570409982174,0.78,0.7612847222222222,0.0012731000315397978,0.7375356999691576
ECG200,1,0.15,block,point,linear,tsf,0.76,0.7242647058823529,0.84,0.8161764705882353,1.3129273999948055,0.334018399938941
ECG200,1,0.15,block,point,linear,minirocket,0.88,0.8663101604278074,0.88,0.8663101604278074,0.10553870000876486,0.03441730001941323
ECG200,1,0.15,block,block,linear,dtw,0.72,0.6880570409982174,0.74,0.7178819444444444,0.001253100112080574,0.7217031000182033
ECG200,1,0.15,block,block,linear,tsf,0.76,0.7242647058823529,0.82,0.7964721845318861,1.315128399990499,0.3377582998946309
ECG200,1,0.15,block,block,linear,minirocket,0.88,0.8663101604278074,0.85,0.8340524394291404,0.10834879986941814,0.03441049996763468
ECG200,1,0.2,point,point,linear,dtw,0.8,0.7401247401247402,0.78,0.7582417582417582,0.0012483000755310059,0.7193819000385702
ECG200,1,0.2,point,point,linear,tsf,0.76,0.7242647058823529,0.84,0.8190863862505653,1.325181399937719,0.3475033000577241
ECG200,1,0.2,point,point,linear,minirocket,0.88,0.8663101604278074,0.91,0.9004314636574842,0.11385910003446043,0.034931099973618984
ECG200,1,0.2,point,block,linear,dtw,0.8,0.7401247401247402,0.71,0.6906666666666667,0.0016270000487565994,0.7200587999541312
ECG200,1,0.2,point,block,linear,tsf,0.76,0.7242647058823529,0.81,0.7925537722458784,1.3204588999506086,0.3272340998519212
ECG200,1,0.2,point,block,linear,minirocket,0.88,0.8663101604278074,0.76,0.7552019583843329,0.10157880000770092,0.035149999894201756
ECG200,1,0.2,block,point,linear,dtw,0.68,0.6527777777777778,0.76,0.7395833333333333,0.0012406001333147287,0.7200704999268055
ECG200,1,0.2,block,point,linear,tsf,0.84,0.8161764705882353,0.84,0.8161764705882353,1.3366250998806208,0.3402020998764783
ECG200,1,0.2,block,point,linear,minirocket,0.88,0.8663101604278074,0.88,0.8681318681318682,0.10438279993832111,0.03558110003359616
ECG200,1,0.2,block,block,linear,dtw,0.68,0.6527777777777778,0.76,0.7395833333333333,0.001244500046595931,0.7243639999069273
ECG200,1,0.2,block,block,linear,tsf,0.84,0.8161764705882353,0.79,0.7676734152007965,1.3289822000078857,0.3375808000564575
ECG200,1,0.2,block,block,linear,minirocket,0.88,0.8663101604278074,0.83,0.8143902172726281,0.10627510002814233,0.03516440000385046
ECG200,1,0.25,point,point,linear,dtw,0.76,0.7023809523809523,0.8,0.7771836007130125,0.0012209000997245312,0.7283248000312597
ECG200,1,0.25,point,point,linear,tsf,0.8,0.7619047619047619,0.83,0.8119260980196925,1.3255643998272717,0.33495570020750165
ECG200,1,0.25,point,point,linear,minirocket,0.88,0.8663101604278074,0.89,0.8813504476324021,0.10547569999471307,0.03610430005937815
ECG200,1,0.25,point,block,linear,dtw,0.76,0.7023809523809523,0.78,0.7640497640497641,0.0014704999048262835,0.7424284000881016
ECG200,1,0.25,point,block,linear,tsf,0.8,0.7619047619047619,0.8,0.7877758913412564,1.611972600221634,0.33425220008939505
ECG200,1,0.25,point,block,linear,minirocket,0.88,0.8663101604278074,0.7,0.7,0.09823559992946684,0.034083500038832426
ECG200,1,0.25,block,point,linear,dtw,0.64,0.5989304812834224,0.72,0.7057587221521648,0.0011921999976038933,0.7265198000241071
ECG200,1,0.25,block,point,linear,tsf,0.76,0.7242647058823529,0.83,0.8062678062678064,1.3630649000406265,0.3545488999225199
ECG200,1,0.25,block,point,linear,minirocket,0.84,0.8263888888888888,0.86,0.8461538461538463,0.10173640004359186,0.03588710003532469
ECG200,1,0.25,block,block,linear,dtw,0.64,0.5989304812834224,0.71,0.6938021328265231,0.001155699836090207,0.7384573000017554
ECG200,1,0.25,block,block,linear,tsf,0.76,0.7242647058823529,0.81,0.7867803837953091,1.3948246999643743,0.33197969989851117
ECG200,1,0.25,block,block,linear,minirocket,0.84,0.8263888888888888,0.85,0.8382051558623664,0.10470640007406473,0.033342699985951185
ECG200,1,0.3,point,point,linear,dtw,0.76,0.7023809523809523,0.82,0.7931985294117647,0.0012705998960882425,0.7168725000228733
ECG200,1,0.3,point,point,linear,tsf,0.8,0.7619047619047619,0.83,0.8092245539221188,1.2436562997754663,0.32871960010379553
ECG200,1,0.3,point,point,linear,minirocket,0.88,0.8663101604278074,0.87,0.8597778017473843,0.10341330012306571,0.034275999991223216
ECG200,1,0.3,point,block,linear,dtw,0.76,0.7023809523809523,0.77,0.7519145723222953,0.001297699986025691,0.7261986001394689
ECG200,1,0.3,point,block,linear,tsf,0.8,0.7619047619047619,0.78,0.766553480475382,1.406884300056845,0.3671403999906033
ECG200,1,0.3,point,block,linear,minirocket,0.88,0.8663101604278074,0.65,0.64996499649965,0.10908709978684783,0.035781700164079666
ECG200,1,0.3,block,point,linear,dtw,0.64,0.5989304812834224,0.75,0.7270444371656295,0.001608199905604124,0.7841407000087202
ECG200,1,0.3,block,point,linear,tsf,0.84,0.8015873015873016,0.82,0.7964721845318861,1.318627499975264,0.38578020012937486
ECG200,1,0.3,block,point,linear,minirocket,0.8,0.7401247401247402,0.82,0.7964721845318861,0.10384569992311299,0.03361239982768893
ECG200,1,0.3,block,block,linear,dtw,0.64,0.5989304812834224,0.74,0.7211497211497211,0.0012556000147014856,0.7534854998812079
ECG200,1,0.3,block,block,linear,tsf,0.84,0.8015873015873016,0.8,0.7771836007130125,1.4654725999571383,0.34524539997801185
ECG200,1,0.3,block,block,linear,minirocket,0.8,0.7401247401247402,0.83,0.8092245539221188,0.11861489992588758,0.03671690006740391
ECG200,2,0.05,point,point,linear,dtw,0.76,0.6710526315789473,0.77,0.7488808821923791,0.001680700108408928,0.7267767998855561
ECG200,2,0.05,point,point,linear,tsf,0.96,0.9523809523809523,0.87,0.8518518518518519,1.329852200113237,0.3568563999142498
ECG200,2,0.05,point,point,linear,minirocket,0.96,0.9523809523809523,0.92,0.9120879120879121,0.10421630018390715,0.037532699992880225
ECG200,2,0.05,point,block,linear,dtw,0.76,0.6710526315789473,0.77,0.7455470737913485,0.0012494998518377542,0.7394078001379967
ECG200,2,0.05,point,block,linear,tsf,0.96,0.9523809523809523,0.86,0.8417005879692447,1.4194541000761092,0.45432700007222593
ECG200,2,0.05,point,block,linear,minirocket,0.96,0.9523809523809523,0.92,0.9120879120879121,0.1474953000433743,0.053877800004556775
ECG200,2,0.05,block,point,linear,dtw,0.76,0.6710526315789473,0.77,0.7455470737913485,0.0016308000776916742,0.7293155000079423
ECG200,2,0.05,block,point,linear,tsf,0.92,0.9007936507936507,0.87,0.8518518518518519,1.3552145999856293,0.36183679988607764
ECG200,2,0.05,block,point,linear,minirocket,0.96,0.9523809523809523,0.9,0.8885918003565062,0.10906039993278682,0.03582690004259348
ECG200,2,0.05,block,block,linear,dtw,0.76,0.6710526315789473,0.78,0.7549019607843137,0.0016135999467223883,0.7392172999680042
ECG200,2,0.05,block,block,linear,tsf,0.92,0.9007936507936507,0.86,0.8417005879692447,1.4844947000965476,0.4234404999297112
ECG200,2,0.05,block,block,linear,minirocket,0.96,0.9523809523809523,0.92,0.9120879120879121,0.11833530012518167,0.03874839982017875
ECG200,2,0.1,point,point,linear,dtw,0.72,0.592074592074592,0.76,0.7362637362637363,0.001394700026139617,0.7730376999825239
ECG200,2,0.1,point,point,linear,tsf,0.96,0.9523809523809523,0.85,0.8316687240489282,1.5504725999198854,0.42127280007116497
ECG200,2,0.1,point,point,linear,minirocket,0.96,0.9523809523809523,0.92,0.9120879120879121,0.12113830004818738,0.040167300030589104
ECG200,2,0.1,point,block,linear,dtw,0.72,0.592074592074592,0.75,0.7303419264372775,0.0017250000964850187,0.8237726001534611
ECG200,2,0.1,point,block,linear,tsf,0.96,0.9523809523809523,0.86,0.8440285204991087,1.4551705999765545,0.3870818999130279
ECG200,2,0.1,point,block,linear,minirocket,0.96,0.9523809523809523,0.91,0.9017359973796266,0.16147089982405305,0.041380299953743815
ECG200,2,0.1,block,point,linear,dtw,0.68,0.5614035087719298,0.79,0.7676734152007965,0.001398600172251463,0.7706149998120964
ECG200,2,0.1,block,point,linear,tsf,0.88,0.8440748440748441,0.85,0.829059829059829,1.280698399990797,0.3858797999564558
ECG200,2,0.1,block,point,linear,minirocket,0.96,0.9523809523809523,0.89,0.8765570643025473,0.10420230007730424,0.035554799949750304
ECG200,2,0.1,block,block,linear,dtw,0.68,0.5614035087719298,0.79,0.7707173272191288,0.001634199870750308,0.9445195000153035
ECG200,2,0.1,block,block,linear,tsf,0.88,0.8440748440748441,0.85,0.8316687240489282,1.7822479999158531,0.4903035999741405
ECG200,2,0.1,block,block,linear,minirocket,0.96,0.9523809523809523,0.9,0.8885918003565062,0.11479820008389652,0.04068470001220703
ECG200,2,0.15,point,point,linear,dtw,0.76,0.7023809523809523,0.8,0.7771836007130125,0.002166799968108535,0.9037851998582482
ECG200,2,0.15,point,point,linear,tsf,0.92,0.9007936507936507,0.85,0.8316687240489282,1.693403400015086,0.5692403998691589
ECG200,2,0.15,point,point,linear,minirocket,0.96,0.9523809523809523,0.93,0.9235724424063763,0.12636690004728734,0.047821199987083673
ECG200,2,0.15,point,block,linear,dtw,0.76,0.7023809523809523,0.77,0.7455470737913485,0.0018553000409156084,0.8819405999965966
ECG200,2,0.15,point,block,linear,tsf,0.92,0.9007936507936507,0.86,0.8440285204991087,1.3986351999919862,0.3921700001228601
ECG200,2,0.15,point,block,linear,minirocket,0.96,0.9523809523809523,0.89,0.883855981416957,0.10842049983330071,0.03638059995137155
ECG200,2,0.15,block,point,linear,dtw,0.72,0.6361746361746362,0.77,0.7488808821923791,0.001295899972319603,0.7677861000411212
ECG200,2,0.15,block,point,linear,tsf,0.84,0.7807017543859649,0.85,0.829059829059829,1.4693842001724988,0.4468362999614328
ECG200,2,0.15,block,point,linear,minirocket,0.92,0.9007936507936507,0.88,0.864314789687924,0.10386190004646778,0.03515550005249679
ECG200,2,0.15,block,block,linear,dtw,0.72,0.6361746361746362,0.79,0.7734872182073131,0.0012047002092003822,0.7577033000998199
ECG200,2,0.15,block,block,linear,tsf,0.84,0.7807017543859649,0.85,0.829059829059829,1.7033486000727862,0.4017171000596136
ECG200,2,0.15,block,block,linear,minirocket,0.92,0.9007936507936507,0.88,0.8663101604278074,0.12876929994672537,0.03945009992457926
ECG200,2,0.2,point,point,linear,dtw,0.84,0.7807017543859649,0.78,0.7582417582417582,0.0016241997946053743,0.7339781001210213
ECG200,2,0.2,point,point,linear,tsf,0.92,0.9007936507936507,0.84,0.8161764705882353,1.495034199906513,0.3204882999416441
ECG200,2,0.2,point,point,linear,minirocket,0.96,0.9523809523809523,0.92,0.9131944444444444,0.10137799987569451,0.034126499900594354
ECG200,2,0.2,point,block,linear,dtw,0.84,0.7807017543859649,0.79,0.7734872182073131,0.0011574998497962952,0.8941903000231832
ECG200,2,0.2,point,block,linear,tsf,0.92,0.9007936507936507,0.83,0.8092245539221188,1.687548300018534,0.5035536999348551
ECG200,2,0.2,point,block,linear,minirocket,0.96,0.9523809523809523,0.79,0.7863899908452854,0.1313812001608312,0.04201649990864098
ECG200,2,0.2,block,point,linear,dtw,0.76,0.7023809523809523,0.72,0.6923076923076923,0.0015785000286996365,0.832854300038889
ECG200,2,0.2,block,point,linear,tsf,0.8,0.7401247401247402,0.86,0.836372136512389,1.9415980000048876,0.5427641000133008
ECG200,2,0.2,block,point,linear,minirocket,0.88,0.8571428571428572,0.89,0.8765570643025473,0.11731019988656044,0.039012299850583076
ECG200,2,0.2,block,block,linear,dtw,0.76,0.7023809523809523,0.75,0.7194478734148805,0.0014114000368863344,0.854198400164023
ECG200,2,0.2,block,block,linear,tsf,0.8,0.7401247401247402,0.86,0.8391544117647058,1.9357268998865038,0.5273948998656124
ECG200,2,0.2,block,block,linear,minirocket,0.88,0.8571428571428572,0.84,0.82174688057041,0.12044089986011386,0.04268219997175038
ECG200,2,0.25,point,point,linear,dtw,0.72,0.6361746361746362,0.76,0.728629579375848,0.001832399982959032,0.8815361000597477
ECG200,2,0.25,point,point,linear,tsf,0.96,0.9523809523809523,0.84,0.8190863862505653,1.8613356999121606,0.5691676000133157
ECG200,2,0.25,point,point,linear,minirocket,0.96,0.9523809523809523,0.92,0.9131944444444444,0.1197036998346448,0.0448902000207454
ECG200,2,0.25,point,block,linear,dtw,0.72,0.6361746361746362,0.75,0.7234207323819006,0.0019370999652892351,0.9086969001218677
ECG200,2,0.25,point,block,linear,tsf,0.96,0.9523809523809523,0.83,0.8143902172726281,1.8276188999880105,0.5679138998966664
ECG200,2,0.25,point,block,linear,minirocket,0.96,0.9523809523809523,0.72,0.7171717171717171,0.12640130007639527,0.04309990000911057
ECG200,2,0.25,block,point,linear,dtw,0.68,0.5614035087719298,0.74,0.7103386809269162,0.0021391999907791615,0.884202899876982
ECG200,2,0.25,block,point,linear,tsf,0.8,0.7401247401247402,0.83,0.8030355694589271,1.6500545998569578,0.37421500007621944
ECG200,2,0.25,block,point,linear,minirocket,0.84,0.8015873015873016,0.88,0.8681318681318682,0.10273430007509887,0.035254199989140034
ECG200,2,0.25,block,block,linear,dtw,0.68,0.5614035087719298,0.74,0.7060153776571687,0.001291999826207757,0.8591720999684185
ECG200,2,0.25,block,block,linear,tsf,0.8,0.7401247401247402,0.83,0.7995046585682274,1.8358986999373883,0.5214408000465482
ECG200,2,0.25,block,block,linear,minirocket,0.84,0.8015873015873016,0.83,0.8062678062678064,0.13265990000218153,0.04290640004910529
ECG200,2,0.3,point,point,linear,dtw,0.68,0.5614035087719298,0.81,0.7897997566102445,0.001531799789518118,0.830081099877134
ECG200,2,0.3,point,point,linear,tsf,0.96,0.9523809523809523,0.82,0.7964721845318861,1.8708061999641359,0.5701049000490457
ECG200,2,0.3,point,point,linear,minirocket,0.96,0.9523809523809523,0.9,0.8901098901098901,0.13486979994922876,0.04353769985027611
ECG200,2,0.3,point,block,linear,dtw,0.68,0.5614035087719298,0.77,0.7546666666666666,0.0014170000795274973,0.8443095998372883
ECG200,2,0.3,point,block,linear,tsf,0.96,0.9523809523809523,0.82,0.8069498069498069,1.9351858000736684,0.4508348999079317
ECG200,2,0.3,point,block,linear,minirocket,0.96,0.9523809523809523,0.66,0.6594551282051282,0.12388419988565147,0.04384460020810366
ECG200,2,0.3,block,point,linear,dtw,0.68,0.6031746031746031,0.68,0.6483516483516483,0.0013236000668257475,0.9101434999611229
ECG200,2,0.3,block,point,linear,tsf,0.8,0.7086247086247086,0.81,0.771607164322635,1.7185249000322074,0.6184276000130922
ECG200,2,0.3,block,point,linear,minirocket,0.84,0.7807017543859649,0.85,0.8316687240489282,0.1271071000955999,0.03733090008608997
ECG200,2,0.3,block,block,linear,dtw,0.68,0.6031746031746031,0.76,0.7194950911640954,0.0013147999998182058,0.8451349001843482
ECG200,2,0.3,block,block,linear,tsf,0.8,0.7086247086247086,0.83,0.7956485154465681,1.5616662001702935,0.5091440000105649
ECG200,2,0.3,block,block,linear,minirocket,0.84,0.7807017543859649,0.79,0.7566909975669099,0.1263808999210596,0.044232700020074844
ECG200,3,0.05,point,point,linear,dtw,0.84,0.8015873015873016,0.79,0.7676734152007965,0.0014609999489039183,0.8091366000007838
ECG200,3,0.05,point,point,linear,tsf,0.84,0.8161764705882353,0.86,0.8461538461538463,1.806358000030741,0.352067899890244
ECG200,3,0.05,point,point,linear,minirocket,0.92,0.9080882352941176,0.92,0.9120879120879121,0.11163849988952279,0.04196620010770857
ECG200,3,0.05,point,block,linear,dtw,0.84,0.8015873015873016,0.77,0.7455470737913485,0.0015112000983208418,0.8354380999226123
ECG200,3,0.05,point,block,linear,tsf,0.84,0.8161764705882353,0.85,0.8340524394291404,1.7503075001295656,0.5330956999678165
ECG200,3,0.05,point,block,linear,minirocket,0.92,0.9080882352941176,0.93,0.9235724424063763,0.11631129984743893,0.04262409987859428
ECG200,3,0.05,block,point,linear,dtw,0.8,0.7619047619047619,0.8,0.7802197802197802,0.0014829998835921288,0.8909712999593467
ECG200,3,0.05,block,point,linear,tsf,0.84,0.8161764705882353,0.85,0.8316687240489282,1.7890186998993158,0.372739200014621
ECG200,3,0.05,block,point,linear,minirocket,0.92,0.9080882352941176,0.9,0.8885918003565062,0.1128628000151366,0.03472139989025891
ECG200,3,0.05,block,block,linear,dtw,0.8,0.7619047619047619,0.79,0.7707173272191288,0.0013617000076919794,0.7664812000002712
ECG200,3,0.05,block,block,linear,tsf,0.84,0.8161764705882353,0.85,0.829059829059829,1.5020955000072718,0.35240809991955757
ECG200,3,0.05,block,block,linear,minirocket,0.92,0.9080882352941176,0.9,0.8901098901098901,0.11839359998703003,0.043580699944868684
ECG200,3,0.1,point,point,linear,dtw,0.76,0.7242647058823529,0.79,0.7643362136684996,0.0012095000129193068,0.7404845000710338
ECG200,3,0.1,point,point,linear,tsf,0.84,0.8161764705882353,0.83,0.8092245539221188,1.3784398999996483,0.3914671998936683
ECG200,3,0.1,point,point,linear,minirocket,0.92,0.9080882352941176,0.92,0.9120879120879121,0.12529910006560385,0.04444140009582043
ECG200,3,0.1,point,block,linear,dtw,0.76,0.7242647058823529,0.79,0.7707173272191288,0.0022702000569552183,0.7597769000567496
ECG200,3,0.1,point,block,linear,tsf,0.84,0.8161764705882353,0.84,0.8190863862505653,1.589792300015688,0.3703429000452161
ECG200,3,0.1,point,block,linear,minirocket,0.92,0.9080882352941176,0.93,0.9225578050669322,0.11479349993169308,0.03935129987075925
ECG200,3,0.1,block,point,linear,dtw,0.76,0.7242647058823529,0.78,0.7612847222222222,0.0013602999970316887,0.775061999913305
ECG200,3,0.1,block,point,linear,tsf,0.84,0.8161764705882353,0.84,0.8190863862505653,1.4635302999522537,0.3978542999830097
ECG200,3,0.1,block,point,linear,minirocket,0.96,0.9523809523809523,0.91,0.9004314636574842,0.11346339993178844,0.04141830001026392
ECG200,3,0.1,block,block,linear,dtw,0.76,0.7242647058823529,0.77,0.7488808821923791,0.0019576000049710274,0.7689998000860214
ECG200,3,0.1,block,block,linear,tsf,0.84,0.8161764705882353,0.84,0.8190863862505653,1.4897135000210255,0.37565689999610186
ECG200,3,0.1,block,block,linear,minirocket,0.96,0.9523809523809523,0.93,0.9225578050669322,0.1031895000487566,0.03706400003284216
ECG200,3,0.15,point,point,linear,dtw,0.88,0.8571428571428572,0.81,0.7897997566102445,0.0013006001245230436,0.7649693000130355
ECG200,3,0.15,point,point,linear,tsf,0.88,0.8571428571428572,0.83,0.8092245539221188,1.353892199927941,0.36069760005921125
ECG200,3,0.15,point,point,linear,minirocket,0.96,0.9523809523809523,0.92,0.9120879120879121,0.1156041999347508,0.03690119995735586
ECG200,3,0.15,point,block,linear,dtw,0.88,0.8571428571428572,0.79,0.7643362136684996,0.0012566999066621065,0.7421546000987291
ECG200,3,0.15,point,block,linear,tsf,0.88,0.8571428571428572,0.84,0.8190863862505653,1.3558485999237746,0.39900820003822446
ECG200,3,0.15,point,block,linear,minirocket,0.96,0.9523809523809523,0.87,0.8613333333333333,0.11169669986702502,0.039561300072818995
ECG200,3,0.15,block,point,linear,dtw,0.72,0.6666666666666667,0.78,0.766553480475382,0.0012666000984609127,0.7695730000268668
ECG200,3,0.15,block,point,linear,tsf,0.92,0.9007936507936507,0.84,0.8161764705882353,1.4038417998235673,0.40366560011170805
ECG200,3,0.15,block,point,linear,minirocket,0.92,0.9080882352941176,0.92,0.9120879120879121,0.11402689991518855,0.04063439997844398
ECG200,3,0.15,block,block,linear,dtw,0.72,0.6666666666666667,0.75,0.7270444371656295,0.001800999976694584,0.86048400006257
ECG200,3,0.15,block,block,linear,tsf,0.92,0.9007936507936507,0.84,0.8190863862505653,2.02445359993726,0.6312458000611514
ECG200,3,0.15,block,block,linear,minirocket,0.92,0.9080882352941176,0.88,0.8681318681318682,0.12428779993206263,0.04553280002437532
ECG200,3,0.2,point,point,linear,dtw,0.84,0.8161764705882353,0.73,0.7052079921388797,0.002943999832496047,0.9458856999408454
ECG200,3,0.2,point,point,linear,tsf,0.84,0.8161764705882353,0.85,0.8340524394291404,2.6295299001503736,0.7084820999298245
ECG200,3,0.2,point,point,linear,minirocket,0.92,0.9080882352941176,0.89,0.879899552352877,0.1257760999724269,0.040789199993014336
ECG200,3,0.2,point,block,linear,dtw,0.84,0.8161764705882353,0.76,0.732620320855615,0.001658800058066845,0.7466526001226157
ECG200,3,0.2,point,block,linear,tsf,0.84,0.8161764705882353,0.86,0.8461538461538463,1.2504392000846565,0.34167100000195205
ECG200,3,0.2,point,block,linear,minirocket,0.92,0.9080882352941176,0.79,0.7837503861600247,0.0995962000451982,0.035058700013905764
ECG200,3,0.2,block,point,linear,dtw,0.72,0.6880570409982174,0.77,0.7546666666666666,0.0015597001183778048,0.7199056998360902
ECG200,3,0.2,block,point,linear,tsf,0.84,0.8161764705882353,0.82,0.7857142857142857,1.31451419997029,0.3383263999130577
ECG200,3,0.2,block,point,linear,minirocket,0.96,0.9523809523809523,0.92,0.9120879120879121,0.10579219995997846,0.0364071000367403
ECG200,3,0.2,block,block,linear,dtw,0.72,0.6880570409982174,0.76,0.7362637362637363,0.0014628998469561338,0.7395434000063688
ECG200,3,0.2,block,block,linear,tsf,0.84,0.8161764705882353,0.81,0.7867803837953091,1.3686085999943316,0.36473699985072017
ECG200,3,0.2,block,block,linear,minirocket,0.96,0.9523809523809523,0.88,0.8681318681318682,0.10961709986440837,0.03551830002106726
ECG200,3,0.25,point,point,linear,dtw,0.8,0.7619047619047619,0.77,0.7378917378917379,0.0012431000359356403,0.7537464001215994
ECG200,3,0.25,point,point,linear,tsf,0.84,0.8161764705882353,0.82,0.7994652406417113,1.3560148999094963,0.36572359991259873
ECG200,3,0.25,point,point,linear,minirocket,0.92,0.9080882352941176,0.9,0.8914930555555556,0.10489440010860562,0.03386349999345839
ECG200,3,0.25,point,block,linear,dtw,0.8,0.7619047619047619,0.76,0.728629579375848,0.001254800008609891,0.7456412999890745
ECG200,3,0.25,point,block,linear,tsf,0.84,0.8161764705882353,0.8,0.7829861111111112,1.3346130999270827,0.3375854999758303
ECG200,3,0.25,point,block,linear,minirocket,0.92,0.9080882352941176,0.72,0.7189883580891208,0.10600509983487427,0.037574199959635735
ECG200,3,0.25,block,point,linear,dtw,0.8,0.7771836007130125,0.78,0.7582417582417582,0.001260099932551384,0.7291919998824596
ECG200,3,0.25,block,point,linear,tsf,0.8,0.7771836007130125,0.8,0.7619047619047619,1.3575993000995368,0.33710540016181767
ECG200,3,0.25,block,point,linear,minirocket,0.84,0.8015873015873016,0.84,0.8190863862505653,0.10656460002064705,0.037609999999403954
ECG200,3,0.25,block,block,linear,dtw,0.8,0.7771836007130125,0.73,0.6970037032880709,0.0019367001950740814,0.7309112998191267
ECG200,3,0.25,block,block,linear,tsf,0.8,0.7771836007130125,0.82,0.7964721845318861,1.3554646999109536,0.36269499990157783
ECG200,3,0.25,block,block,linear,minirocket,0.84,0.8015873015873016,0.87,0.8561787808385883,0.10893579991534352,0.03642329992726445
ECG200,3,0.3,point,point,linear,dtw,0.8,0.7619047619047619,0.74,0.7241086587436333,0.0012775999493896961,0.7915030000731349
ECG200,3,0.3,point,point,linear,tsf,0.84,0.8161764705882353,0.85,0.8340524394291404,1.7461450998671353,0.43538339994847775
ECG200,3,0.3,point,point,linear,minirocket,0.92,0.9080882352941176,0.92,0.9120879120879121,0.10922960005700588,0.03486749995499849
ECG200,3,0.3,point,block,linear,dtw,0.8,0.7619047619047619,0.74,0.7142857142857143,0.0015541000757366419,0.8464786000549793
ECG200,3,0.3,point,block,linear,tsf,0.84,0.8161764705882353,0.83,0.8236331569664903,1.654773199930787,0.5704980997834355
ECG200,3,0.3,point,block,linear,minirocket,0.92,0.9080882352941176,0.69,0.6897207486738064,0.13180279987864196,0.0438892999663949
ECG200,3,0.3,block,point,linear,dtw,0.8,0.7771836007130125,0.75,0.7333333333333334,0.002396299969404936,0.950726900016889
ECG200,3,0.3,block,point,linear,tsf,0.8,0.7619047619047619,0.78,0.7328800388538126,1.966946299886331,0.6155247997958213
ECG200,3,0.3,block,point,linear,minirocket,0.88,0.8571428571428572,0.79,0.7475658131987017,0.1042599999345839,0.03794880001805723
ECG200,3,0.3,block,block,linear,dtw,0.8,0.7771836007130125,0.72,0.6923076923076923,0.0024173001293092966,0.7522263000719249
ECG200,3,0.3,block,block,linear,tsf,0.8,0.7619047619047619,0.82,0.7994652406417113,2.56476469989866,0.5938512999564409
ECG200,3,0.3,block,block,linear,minirocket,0.88,0.8571428571428572,0.79,0.7643362136684996,0.17832139995880425,0.04840090009383857
ECG200,4,0.05,point,point,linear,dtw,0.88,0.8663101604278074,0.78,0.7612847222222222,0.0026440999936312437,0.8932517999783158
ECG200,4,0.05,point,point,linear,tsf,0.92,0.9131944444444444,0.85,0.8316687240489282,1.3428660000208765,0.32502799993380904
ECG200,4,0.05,point,point,linear,minirocket,0.92,0.9131944444444444,0.93,0.9235724424063763,0.10893930005840957,0.030668799998238683
ECG200,4,0.05,point,block,linear,dtw,0.88,0.8663101604278074,0.77,0.7455470737913485,0.0016164998523890972,0.6231527000200003
ECG200,4,0.05,point,block,linear,tsf,0.92,0.9131944444444444,0.87,0.8541128941757379,1.3665085001848638,0.377458400093019
ECG200,4,0.05,point,block,linear,minirocket,0.92,0.9131944444444444,0.93,0.9235724424063763,0.10637609986588359,0.04203739995136857
ECG200,4,0.05,block,point,linear,dtw,0.84,0.8161764705882353,0.78,0.7582417582417582,0.0012979002203792334,0.7744096999522299
ECG200,4,0.05,block,point,linear,tsf,0.88,0.8663101604278074,0.85,0.8316687240489282,1.7934592000674456,0.4010329998563975
ECG200,4,0.05,block,point,linear,minirocket,0.92,0.9131944444444444,0.92,0.9120879120879121,0.11734710005111992,0.03699119994416833
ECG200,4,0.05,block,block,linear,dtw,0.84,0.8161764705882353,0.8,0.7802197802197802,0.0014726000372320414,0.8712255000136793
ECG200,4,0.05,block,block,linear,tsf,0.88,0.8663101604278074,0.87,0.8561787808385883,1.62272290000692,0.3301884001120925
ECG200,4,0.05,block,block,linear,minirocket,0.92,0.9131944444444444,0.92,0.9120879120879121,0.09786869981326163,0.03421499999240041
ECG200,4,0.1,point,point,linear,dtw,0.8,0.7619047619047619,0.81,0.7925537722458784,0.002235500141978264,0.5895046000368893
ECG200,4,0.1,point,point,linear,tsf,0.92,0.9131944444444444,0.86,0.8440285204991087,1.1364583000540733,0.281797599978745
ECG200,4,0.1,point,point,linear,minirocket,0.92,0.9131944444444444,0.92,0.9120879120879121,0.10248330002650619,0.03469170001335442
ECG200,4,0.1,point,block,linear,dtw,0.8,0.7619047619047619,0.8,0.7829861111111112,0.001066500088199973,0.6895401999354362
ECG200,4,0.1,point,block,linear,tsf,0.92,0.9131944444444444,0.86,0.8461538461538463,1.7745310000609607,0.5479623000137508
ECG200,4,0.1,point,block,linear,minirocket,0.92,0.9131944444444444,0.9,0.8914930555555556,0.15796740003861487,0.03997980011627078
ECG200,4,0.1,block,point,linear,dtw,0.84,0.8161764705882353,0.8,0.7802197802197802,0.0023066001012921333,0.8357484000734985
ECG200,4,0.1,block,point,linear,tsf,0.88,0.8663101604278074,0.88,0.8663101604278074,1.8656464000232518,0.5428776999469846
ECG200,4,0.1,block,point,linear,minirocket,0.92,0.9131944444444444,0.93,0.9235724424063763,0.14989919983781874,0.04972910019569099
ECG200,4,0.1,block,block,linear,dtw,0.84,0.8161764705882353,0.79,0.7707173272191288,0.0022193000186234713,0.9082202999852598
ECG200,4,0.1,block,block,linear,tsf,0.88,0.8663101604278074,0.87,0.8561787808385883,2.2841262000147253,0.5320857998449355
ECG200,4,0.1,block,block,linear,minirocket,0.92,0.9131944444444444,0.92,0.9141999141999142,0.11636759992688894,0.0449991999194026
ECG200,4,0.15,point,point,linear,dtw,0.8,0.7619047619047619,0.81,0.7925537722458784,0.0019631001632660627,0.8278646999970078
ECG200,4,0.15,point,point,linear,tsf,0.88,0.8663101604278074,0.84,0.8241758241758241,1.8610422001220286,0.5306130999233574
ECG200,4,0.15,point,point,linear,minirocket,0.92,0.9131944444444444,0.93,0.9235724424063763,0.20073110004886985,0.05156440008431673
ECG200,4,0.15,point,block,linear,dtw,0.8,0.7619047619047619,0.8,0.7802197802197802,0.001772100105881691,0.9630661997944117
ECG200,4,0.15,point,block,linear,tsf,0.88,0.8663101604278074,0.86,0.8461538461538463,1.9807530001271516,0.6232290999032557
ECG200,4,0.15,point,block,linear,minirocket,0.92,0.9131944444444444,0.91,0.90292309351742,0.18979910016059875,0.07630699989385903
ECG200,4,0.15,block,point,linear,dtw,0.84,0.8161764705882353,0.8,0.7829861111111112,0.0022191999014467,0.8736054999753833
ECG200,4,0.15,block,point,linear,tsf,0.88,0.8726655348047538,0.85,0.829059829059829,2.1801911999937147,0.6454680000897497
ECG200,4,0.15,block,point,linear,minirocket,0.92,0.9131944444444444,0.93,0.9235724424063763,0.12906259996816516,0.04064789996482432
ECG200,4,0.15,block,block,linear,dtw,0.84,0.8161764705882353,0.8,0.7829861111111112,0.001982599962502718,0.9050071998499334
ECG200,4,0.15,block,block,linear,tsf,0.88,0.8726655348047538,0.87,0.8561787808385883,2.1836484000086784,0.5053777999710292
ECG200,4,0.15,block,block,linear,minirocket,0.92,0.9131944444444444,0.9,0.8914930555555556,0.17050860007293522,0.046719999983906746
ECG200,4,0.2,point,point,linear,dtw,0.8,0.7771836007130125,0.73,0.7012943909724527,0.0016279001720249653,0.9300117997918278
ECG200,4,0.2,point,point,linear,tsf,0.92,0.9131944444444444,0.87,0.8561787808385883,2.252999300137162,0.54616570007056
ECG200,4,0.2,point,point,linear,minirocket,0.92,0.9131944444444444,0.92,0.9120879120879121,0.1550990000832826,0.049978400114923716
ECG200,4,0.2,point,block,linear,dtw,0.8,0.7771836007130125,0.79,0.7676734152007965,0.002680199919268489,0.849065100075677
ECG200,4,0.2,point,block,linear,tsf,0.92,0.9131944444444444,0.86,0.8480902777777778,1.8526738998480141,0.45736950007267296
ECG200,4,0.2,point,block,linear,minirocket,0.92,0.9131944444444444,0.81,0.8043455874781176,0.1425711999181658,0.043855300173163414
ECG200,4,0.2,block,point,linear,dtw,0.84,0.8015873015873016,0.76,0.7453310696095077,0.0015754001215100288,0.8311892999336123
ECG200,4,0.2,block,point,linear,tsf,0.88,0.8663101604278074,0.84,0.8190863862505653,1.9334847000427544,0.43733810004778206
ECG200,4,0.2,block,point,linear,minirocket,0.96,0.9554367201426025,0.87,0.8518518518518519,0.1294952998869121,0.04176930012181401
ECG200,4,0.2,block,block,linear,dtw,0.84,0.8015873015873016,0.81,0.795059864092331,0.002436900045722723,0.8584927001502365
ECG200,4,0.2,block,block,linear,tsf,0.88,0.8663101604278074,0.86,0.8440285204991087,2.014098000014201,0.44904370000585914
ECG200,4,0.2,block,block,linear,minirocket,0.96,0.9554367201426025,0.91,0.9004314636574842,0.15307719982229173,0.05012269993312657
ECG200,4,0.25,point,point,linear,dtw,0.84,0.8263888888888888,0.78,0.7640497640497641,0.001973399892449379,0.853164300089702
ECG200,4,0.25,point,point,linear,tsf,0.88,0.8663101604278074,0.85,0.8340524394291404,2.1162008999381214,0.5641117000486702
ECG200,4,0.25,point,point,linear,minirocket,0.92,0.9131944444444444,0.92,0.9131944444444444,0.16321899998001754,0.04570430004969239
ECG200,4,0.25,point,block,linear,dtw,0.84,0.8263888888888888,0.81,0.795059864092331,0.002343999920412898,0.9020694999489933
ECG200,4,0.25,point,block,linear,tsf,0.88,0.8663101604278074,0.84,0.8318621269440941,2.3190107999835163,0.5547493000049144
ECG200,4,0.25,point,block,linear,minirocket,0.92,0.9131944444444444,0.69,0.6884735202492211,0.12959310016594827,0.045604299986734986
ECG200,4,0.25,block,point,linear,dtw,0.88,0.8663101604278074,0.75,0.7384663667747673,0.00176470004953444,0.7111710000317544
ECG200,4,0.25,block,point,linear,tsf,0.84,0.8263888888888888,0.83,0.8062678062678064,2.343343400163576,0.5599410999566317
ECG200,4,0.25,block,point,linear,minirocket,0.88,0.8663101604278074,0.87,0.8597778017473843,0.1533291998784989,0.048198399832472205
ECG200,4,0.25,block,block,linear,dtw,0.88,0.8663101604278074,0.8,0.7829861111111112,0.002644499996677041,0.8661702999379486
ECG200,4,0.25,block,block,linear,tsf,0.84,0.8263888888888888,0.82,0.7964721845318861,2.3203014999162406,0.5438494000118226
ECG200,4,0.25,block,block,linear,minirocket,0.88,0.8663101604278074,0.84,0.82174688057041,0.14753729989752173,0.047053500078618526
ECG200,4,0.3,point,point,linear,dtw,0.68,0.6527777777777778,0.8,0.7829861111111112,0.003163799876347184,0.8531631999649107
ECG200,4,0.3,point,point,linear,tsf,0.84,0.8161764705882353,0.86,0.8440285204991087,2.329983500065282,0.571662399917841
ECG200,4,0.3,point,point,linear,minirocket,0.92,0.9131944444444444,0.92,0.9131944444444444,0.15712290001101792,0.04705250007100403
ECG200,4,0.3,point,block,linear,dtw,0.68,0.6527777777777778,0.78,0.7549019607843137,0.0024314001202583313,0.8785105000715703
ECG200,4,0.3,point,block,linear,tsf,0.84,0.8161764705882353,0.8,0.7947454844006567,2.088652999838814,0.5624628001824021
ECG200,4,0.3,point,block,linear,minirocket,0.92,0.9131944444444444,0.62,0.6198479391756703,0.16637160000391304,0.049478899920359254
ECG200,4,0.3,block,point,linear,dtw,0.8,0.7771836007130125,0.74,0.7267759562841529,0.0017848999705165625,0.8757413001731038
ECG200,4,0.3,block,point,linear,tsf,0.8,0.7771836007130125,0.81,0.7759169713409599,1.9624048999976367,0.4059688998386264
ECG200,4,0.3,block,point,linear,minirocket,0.92,0.9080882352941176,0.89,0.8813504476324021,0.11705549992620945,0.0472293000202626
ECG200,4,0.3,block,block,linear,dtw,0.8,0.7771836007130125,0.79,0.7676734152007965,0.005891400156542659,0.7800070000812411
ECG200,4,0.3,block,block,linear,tsf,0.8,0.7771836007130125,0.82,0.7964721845318861,1.6291219000704587,0.4726262998301536
ECG200,4,0.3,block,block,linear,minirocket,0.92,0.9080882352941176,0.85,0.8362266622993777,0.1290480000898242,0.0650688000023365
ECG200,5,0.05,point,point,linear,dtw,0.72,0.7028862478777589,0.8,0.7854997854997855,0.002019499894231558,1.0493970999959856
ECG200,5,0.05,point,point,linear,tsf,0.8,0.7877758913412564,0.86,0.8461538461538463,2.05478459992446,0.6022566999308765
ECG200,5,0.05,point,point,linear,minirocket,0.92,0.9131944444444444,0.9,0.8914930555555556,0.1634182999841869,0.052462900057435036
ECG200,5,0.05,point,block,linear,dtw,0.72,0.7028862478777589,0.79,0.7707173272191288,0.0021021999418735504,0.9040064001455903
ECG200,5,0.05,point,block,linear,tsf,0.8,0.7877758913412564,0.86,0.8461538461538463,1.9622272998094559,0.6217257999815047
ECG200,5,0.05,point,block,linear,minirocket,0.92,0.9131944444444444,0.88,0.8712998712998713,0.14355770009569824,0.07128399983048439
ECG200,5,0.05,block,point,linear,dtw,0.76,0.7395833333333333,0.78,0.7640497640497641,0.003163399873301387,1.0729251999873668
ECG200,5,0.05,block,point,linear,tsf,0.84,0.8263888888888888,0.85,0.8340524394291404,2.3043486000970006,0.5807948999572545
ECG200,5,0.05,block,point,linear,minirocket,0.88,0.8663101604278074,0.86,0.8461538461538463,0.14074039994738996,0.04666660004295409
ECG200,5,0.05,block,block,linear,dtw,0.76,0.7395833333333333,0.77,0.7488808821923791,0.002101300051435828,0.8313043001107872
ECG200,5,0.05,block,block,linear,tsf,0.84,0.8263888888888888,0.85,0.8340524394291404,2.2682123999111354,0.5826241001486778
ECG200,5,0.05,block,block,linear,minirocket,0.88,0.8663101604278074,0.86,0.8461538461538463,0.13652239996008575,0.04335230006836355
ECG200,5,0.1,point,point,linear,dtw,0.8,0.7877758913412564,0.78,0.7549019607843137,0.002074900083243847,0.8527838999871165
ECG200,5,0.1,point,point,linear,tsf,0.84,0.8263888888888888,0.86,0.8461538461538463,1.8373583999928087,0.40315319993533194
ECG200,5,0.1,point,point,linear,minirocket,0.92,0.9131944444444444,0.89,0.8813504476324021,0.11000650003552437,0.037489499896764755
ECG200,5,0.1,point,block,linear,dtw,0.8,0.7877758913412564,0.76,0.7395833333333333,0.0014643000904470682,0.7201151000335813
ECG200,5,0.1,point,block,linear,tsf,0.84,0.8263888888888888,0.84,0.8263888888888888,1.539737000130117,0.3741151997819543
ECG200,5,0.1,point,block,linear,minirocket,0.92,0.9131944444444444,0.88,0.8712998712998713,0.10905810003168881,0.03693940001539886
ECG200,5,0.1,block,point,linear,dtw,0.72,0.6880570409982174,0.75,0.7303419264372775,0.001328399870544672,0.758826500037685
ECG200,5,0.1,block,point,linear,tsf,0.8,0.7877758913412564,0.85,0.8316687240489282,1.4785855999216437,0.3724287999793887
ECG200,5,0.1,block,point,linear,minirocket,0.92,0.9131944444444444,0.87,0.8580631073261273,0.11526210000738502,0.03717929986305535
ECG200,5,0.1,block,block,linear,dtw,0.72,0.6880570409982174,0.78,0.7612847222222222,0.0012955998536199331,0.8096038999501616
ECG200,5,0.1,block,block,linear,tsf,0.8,0.7877758913412564,0.84,0.8241758241758241,1.4137149001471698,0.42545949993655086
ECG200,5,0.1,block,block,linear,minirocket,0.92,0.9131944444444444,0.87,0.8580631073261273,0.1136720001231879,0.04845439991913736
ECG200,5,0.15,point,point,linear,dtw,0.84,0.8263888888888888,0.79,0.7734872182073131,0.001269900007173419,0.7510071999859065
ECG200,5,0.15,point,point,linear,tsf,0.84,0.8161764705882353,0.85,0.8340524394291404,1.4556897999718785,0.4605805999599397
ECG200,5,0.15,point,point,linear,minirocket,0.88,0.8663101604278074,0.86,0.8461538461538463,0.13492729980498552,0.03829050017520785
ECG200,5,0.15,point,block,linear,dtw,0.84,0.8263888888888888,0.78,0.7582417582417582,0.0014112999197095633,0.7766643997747451
ECG200,5,0.15,point,block,linear,tsf,0.84,0.8161764705882353,0.83,0.8166325099773487,1.3803773000836372,0.36913420003838837
ECG200,5,0.15,point,block,linear,minirocket,0.88,0.8663101604278074,0.81,0.7973333333333333,0.11305399984121323,0.04157690005376935
ECG200,5,0.15,block,point,linear,dtw,0.76,0.7242647058823529,0.74,0.7142857142857143,0.0015861999709159136,0.7828822999726981
ECG200,5,0.15,block,point,linear,tsf,0.8,0.7771836007130125,0.84,0.82174688057041,1.4948018998838961,0.37368169985711575
ECG200,5,0.15,block,point,linear,minirocket,0.88,0.8663101604278074,0.85,0.8340524394291404,0.11509149987250566,0.036818800028413534
ECG200,5,0.15,block,block,linear,dtw,0.76,0.7242647058823529,0.78,0.7612847222222222,0.001469999784603715,0.7340760000515729
ECG200,5,0.15,block,block,linear,tsf,0.8,0.7771836007130125,0.83,0.8119260980196925,1.5344430999830365,0.34096559998579323
ECG200,5,0.15,block,block,linear,minirocket,0.88,0.8663101604278074,0.85,0.8340524394291404,0.10795109998434782,0.038635100005194545
ECG200,5,0.2,point,point,linear,dtw,0.8,0.7771836007130125,0.8,0.7829861111111112,0.0013802999164909124,0.7463551999535412
ECG200,5,0.2,point,point,linear,tsf,0.84,0.8263888888888888,0.84,0.8241758241758241,1.4524020000826567,0.3944715999532491
ECG200,5,0.2,point,point,linear,minirocket,0.88,0.8726655348047538,0.89,0.8813504476324021,0.10552440001629293,0.04039440001361072
ECG200,5,0.2,point,block,linear,dtw,0.8,0.7771836007130125,0.81,0.7925537722458784,0.001551999943330884,0.7386501999571919
ECG200,5,0.2,point,block,linear,tsf,0.84,0.8263888888888888,0.8,0.7854997854997855,1.4410687999334186,0.37154580000787973
ECG200,5,0.2,point,block,linear,minirocket,0.88,0.8726655348047538,0.74,0.7331691297208538,0.12480929982848465,0.03819580003619194
ECG200,5,0.2,block,point,linear,dtw,0.72,0.6880570409982174,0.78,0.7640497640497641,0.0014400000218302011,0.7542667998932302
ECG200,5,0.2,block,point,linear,tsf,0.8,0.7771836007130125,0.82,0.7964721845318861,1.3995702001266181,0.3685657000169158
ECG200,5,0.2,block,point,linear,minirocket,0.88,0.8571428571428572,0.86,0.8480902777777778,0.10999980010092258,0.03554710000753403
ECG200,5,0.2,block,block,linear,dtw,0.72,0.6880570409982174,0.82,0.7994652406417113,0.001385300187394023,0.7554800999350846
ECG200,5,0.2,block,block,linear,tsf,0.8,0.7771836007130125,0.8,0.7802197802197802,1.5182021001819521,0.32641860004514456
ECG200,5,0.2,block,block,linear,minirocket,0.88,0.8571428571428572,0.84,0.8241758241758241,0.10130429989658296,0.04271109984256327
ECG200,5,0.25,point,point,linear,dtw,0.64,0.6305418719211823,0.76,0.7425997425997426,0.0017013000324368477,0.7403418000321835
ECG200,5,0.25,point,point,linear,tsf,0.8,0.7771836007130125,0.86,0.8461538461538463,1.3998809999320656,0.3478230000473559
ECG200,5,0.25,point,point,linear,minirocket,0.88,0.8663101604278074,0.88,0.8681318681318682,0.10101590002886951,0.034136699978262186
ECG200,5,0.25,point,block,linear,dtw,0.64,0.6305418719211823,0.74,0.7211497211497211,0.0012747000437229872,0.7462595000397414
ECG200,5,0.25,point,block,linear,tsf,0.8,0.7771836007130125,0.81,0.795059864092331,1.435138300061226,0.3457835998851806
ECG200,5,0.25,point,block,linear,minirocket,0.88,0.8663101604278074,0.72,0.7126436781609196,0.11149729997850955,0.038494500098749995
ECG200,5,0.25,block,point,linear,dtw,0.72,0.6880570409982174,0.75,0.7333333333333334,0.001430000178515911,0.7480124998837709
ECG200,5,0.25,block,point,linear,tsf,0.84,0.8161764705882353,0.82,0.8021978021978022,1.4620576000306755,0.5877485999371856
ECG200,5,0.25,block,point,linear,minirocket,0.88,0.8571428571428572,0.85,0.8362266622993777,0.1263564000837505,0.04201610013842583
ECG200,5,0.25,block,block,linear,dtw,0.72,0.6880570409982174,0.8,0.7771836007130125,0.0020710998214781284,0.7650918001309037
ECG200,5,0.25,block,block,linear,tsf,0.84,0.8161764705882353,0.8,0.7829861111111112,1.446082300040871,0.357975099934265
ECG200,5,0.25,block,block,linear,minirocket,0.88,0.8571428571428572,0.84,0.82174688057041,0.10779760009609163,0.037804200081154704
ECG200,5,0.3,point,point,linear,dtw,0.72,0.6666666666666667,0.8,0.7829861111111112,0.001319000031799078,0.7552318999078125
ECG200,5,0.3,point,point,linear,tsf,0.88,0.8663101604278074,0.86,0.8461538461538463,1.536394099937752,0.3214630000293255
ECG200,5,0.3,point,point,linear,minirocket,0.92,0.9131944444444444,0.86,0.8461538461538463,0.10029670014046133,0.03453319985419512
ECG200,5,0.3,point,block,linear,dtw,0.72,0.6666666666666667,0.79,0.7734872182073131,0.0013439999893307686,0.7991913000587374
ECG200,5,0.3,point,block,linear,tsf,0.88,0.8663101604278074,0.77,0.7593890574327858,1.5320101999677718,0.4410693000536412
ECG200,5,0.3,point,block,linear,minirocket,0.92,0.9131944444444444,0.7,0.6940024479804161,0.10317380004562438,0.035172199830412865
ECG200,5,0.3,block,point,linear,dtw,0.76,0.7395833333333333,0.73,0.7087692805522597,0.0012008000630885363,0.7373582001309842
ECG200,5,0.3,block,point,linear,tsf,0.84,0.8161764705882353,0.82,0.7931985294117647,1.3735001999884844,0.3496044999919832
ECG200,5,0.3,block,point,linear,minirocket,0.88,0.8571428571428572,0.84,0.8283998283998284,0.10709660011343658,0.035692600067704916
ECG200,5,0.3,block,block,linear,dtw,0.76,0.7395833333333333,0.79,0.7676734152007965,0.001285000005736947,0.7307495998684317
ECG200,5,0.3,block,block,linear,tsf,0.84,0.8161764705882353,0.82,0.8021978021978022,1.4456835999153554,0.3835895999800414
ECG200,5,0.3,block,block,linear,minirocket,0.88,0.8571428571428572,0.81,0.7834757834757835,0.11478770012035966,0.04015810019336641
ItalyPowerDemand,1,0.05,point,point,linear,dtw,1.0,1.0,0.9319727891156463,0.9319650143569593,0.0017180999275296926,1.0039069999475032
ItalyPowerDemand,1,0.05,point,point,linear,tsf,1.0,1.0,0.9611273080660836,0.9611263902321083,1.8422040999867022,0.7455412000417709
ItalyPowerDemand,1,0.05,point,point,linear,minirocket,1.0,1.0,0.9630709426627794,0.9630700707205029,0.08724229992367327,0.11872959998436272
ItalyPowerDemand,1,0.05,point,block,linear,dtw,1.0,1.0,0.9319727891156463,0.9319650143569593,0.0017904001288115978,1.3987847999669611
ItalyPowerDemand,1,0.05,point,block,linear,tsf,1.0,1.0,0.9611273080660836,0.9611263902321083,1.5797745001036674,0.6620094999670982
ItalyPowerDemand,1,0.05,point,block,linear,minirocket,1.0,1.0,0.9630709426627794,0.9630700707205029,0.06440909998491406,0.13363609998486936
ItalyPowerDemand,1,0.05,block,point,linear,dtw,1.0,1.0,0.9319727891156463,0.9319650143569593,0.00244129984639585,1.472499500028789
ItalyPowerDemand,1,0.05,block,point,linear,tsf,1.0,1.0,0.9611273080660836,0.9611263902321083,1.4079196001403034,0.6108562999870628
ItalyPowerDemand,1,0.05,block,point,linear,minirocket,1.0,1.0,0.9630709426627794,0.9630700707205029,0.06463919999077916,0.11414060019887984
ItalyPowerDemand,1,0.05,block,block,linear,dtw,1.0,1.0,0.9319727891156463,0.9319650143569593,0.0014680998865514994,0.9895607999060303
ItalyPowerDemand,1,0.05,block,block,linear,tsf,1.0,1.0,0.9611273080660836,0.9611263902321083,1.0483057000674307,0.5055158999748528
ItalyPowerDemand,1,0.05,block,block,linear,minirocket,1.0,1.0,0.9630709426627794,0.9630700707205029,0.07323410012759268,0.11190119991078973
ItalyPowerDemand,1,0.1,point,point,linear,dtw,1.0,1.0,0.9173955296404276,0.9173505690918626,0.0015144001226872206,1.1661181999370456
ItalyPowerDemand,1,0.1,point,point,linear,tsf,1.0,1.0,0.9494655004859086,0.9494654527596238,1.1255681000184268,0.5349510000087321
ItalyPowerDemand,1,0.1,point,point,linear,minirocket,1.0,1.0,0.9582118561710399,0.9582079092053675,0.0668094998691231,0.11937819980084896
ItalyPowerDemand,1,0.1,point,block,linear,dtw,1.0,1.0,0.9105928085519922,0.9105859684914428,0.002253300044685602,1.3598116000648588
ItalyPowerDemand,1,0.1,point,block,linear,tsf,1.0,1.0,0.9484936831875608,0.9484929048709654,1.3900152000132948,0.7035952999722213
ItalyPowerDemand,1,0.1,point,block,linear,minirocket,1.0,1.0,0.9611273080660836,0.9611243341267143,0.08238100004382432,0.139012600062415
ItalyPowerDemand,1,0.1,block,point,linear,dtw,0.8823529411764706,0.8819444444444444,0.9125364431486881,0.9124569894505994,0.0020349000114947557,1.3252932999748737
ItalyPowerDemand,1,0.1,block,point,linear,tsf,1.0,1.0,0.9523809523809523,0.9523807724890612,1.3144038999453187,0.6486155998427421
ItalyPowerDemand,1,0.1,block,point,linear,minirocket,1.0,1.0,0.9620991253644315,0.9620955455583566,0.07227730005979538,0.12069529993459582
ItalyPowerDemand,1,0.1,block,block,linear,dtw,0.8823529411764706,0.8819444444444444,0.9135082604470359,0.9134137290403097,0.0035457999911159277,1.633119700010866
ItalyPowerDemand,1,0.1,block,block,linear,tsf,1.0,1.0,0.9523809523809523,0.9523780739475829,1.4031089001800865,0.7247268999926746
ItalyPowerDemand,1,0.1,block,block,linear,minirocket,1.0,1.0,0.9572400388726919,0.957238059977786,0.09458820009604096,0.13644880009815097
ItalyPowerDemand,1,0.15,point,point,linear,dtw,1.0,1.0,0.8969873663751214,0.8969709220608459,0.0016723999287933111,1.3056338001042604
ItalyPowerDemand,1,0.15,point,point,linear,tsf,1.0,1.0,0.9484936831875608,0.9484934886106171,0.8909697001799941,0.4226948998402804
ItalyPowerDemand,1,0.15,point,point,linear,minirocket,1.0,1.0,0.9523809523809523,0.9523807724890612,0.059921500040218234,0.10477419989183545
ItalyPowerDemand,1,0.15,point,block,linear,dtw,1.0,1.0,0.9105928085519922,0.9105906975338491,0.001265800092369318,0.904548899969086
ItalyPowerDemand,1,0.15,point,block,linear,tsf,1.0,1.0,0.9339164237123421,0.9339133654202147,0.9522727001458406,0.4055786000099033
ItalyPowerDemand,1,0.15,point,block,linear,minirocket,1.0,1.0,0.9475218658892128,0.9475194372454646,0.06799630005843937,0.1160542001016438
ItalyPowerDemand,1,0.15,block,point,linear,dtw,0.8823529411764706,0.8819444444444444,0.9076773566569485,0.9076759615611645,0.0014864001423120499,0.9314143999945372
ItalyPowerDemand,1,0.15,block,point,linear,tsf,0.9411764705882353,0.9403508771929825,0.9514091350826045,0.9514087220635568,0.9469478998798877,0.43920299992896616
ItalyPowerDemand,1,0.15,block,point,linear,minirocket,1.0,1.0,0.9484936831875608,0.9484929048709654,0.063748300075531,0.10658960021100938
ItalyPowerDemand,1,0.15,block,block,linear,dtw,0.8823529411764706,0.8819444444444444,0.8882410106899903,0.888220319370516,0.0017782000359147787,0.9344710998702794
ItalyPowerDemand,1,0.15,block,block,linear,tsf,0.9411764705882353,0.9403508771929825,0.9378036929057337,0.9378008145131433,0.9895096998661757,0.4181707000825554
ItalyPowerDemand,1,0.15,block,block,linear,minirocket,1.0,1.0,0.9494655004859086,0.9494650709460991,0.05909199989400804,0.10440219985321164
ItalyPowerDemand,1,0.2,point,point,linear,dtw,1.0,1.0,0.9067055393586005,0.9066857103992383,0.001433999976143241,0.8470041998662055
ItalyPowerDemand,1,0.2,point,point,linear,tsf,1.0,1.0,0.9504373177842566,0.9504365688380988,0.9605483000632375,0.44925630022771657
ItalyPowerDemand,1,0.2,point,point,linear,minirocket,1.0,1.0,0.9514091350826045,0.9513848468126602,0.05991839990019798,0.10380329983308911
ItalyPowerDemand,1,0.2,point,block,linear,dtw,1.0,1.0,0.8649173955296404,0.8646469043507061,0.0014039999805390835,0.8646488001104444
ItalyPowerDemand,1,0.2,point,block,linear,tsf,1.0,1.0,0.923226433430515,0.9232159909775886,0.8363472998607904,0.4011205001734197
ItalyPowerDemand,1,0.2,point,block,linear,minirocket,1.0,1.0,0.9251700680272109,0.9251630002049605,0.06144120008684695,0.12110239989124238
ItalyPowerDemand,1,0.2,block,point,linear,dtw,0.9411764705882353,0.9411764705882353,0.8999028182701652,0.8999028182701652,0.0014168000780045986,0.8678679000586271
ItalyPowerDemand,1,0.2,block,point,linear,tsf,1.0,1.0,0.9446064139941691,0.9445988795661082,0.9250288000330329,0.4264115998521447
ItalyPowerDemand,1,0.2,block,point,linear,minirocket,1.0,1.0,0.9504373177842566,0.9504343218638107,0.061828000005334616,0.10212379996664822
ItalyPowerDemand,1,0.2,block,block,linear,dtw,0.9411764705882353,0.9411764705882353,0.880466472303207,0.8804592468480144,0.0014829998835921288,0.893394700018689
ItalyPowerDemand,1,0.2,block,block,linear,tsf,1.0,1.0,0.9290573372206026,0.9290356224793744,0.9579626000486314,0.42216720012947917
ItalyPowerDemand,1,0.2,block,block,linear,minirocket,1.0,1.0,0.9358600583090378,0.935842547177654,0.06816829997114837,0.10342800011858344
ItalyPowerDemand,1,0.25,point,point,linear,dtw,0.8823529411764706,0.8785714285714286,0.8610301263362488,0.8610301263362488,0.0014374000020325184,0.957838999805972
ItalyPowerDemand,1,0.25,point,point,linear,tsf,1.0,1.0,0.9416909620991254,0.9416816539967052,1.1259771999903023,0.4053283999674022
ItalyPowerDemand,1,0.25,point,point,linear,minirocket,1.0,1.0,0.9465500485908649,0.9465468176962666,0.0626439000479877,0.10183649999089539
ItalyPowerDemand,1,0.25,point,block,linear,dtw,0.8823529411764706,0.8785714285714286,0.7482993197278912,0.7482983688707516,0.0013753999955952168,0.7942231001798064
ItalyPowerDemand,1,0.25,point,block,linear,tsf,1.0,1.0,0.8775510204081632,0.8775175900664304,0.8261479001957923,0.39016650011762977
ItalyPowerDemand,1,0.25,point,block,linear,minirocket,1.0,1.0,0.7793974732750243,0.7773782281791435,0.05762750003486872,0.10440009995363653
ItalyPowerDemand,1,0.25,block,point,linear,dtw,0.8823529411764706,0.8819444444444444,0.8075801749271136,0.8069879271536731,0.001605600118637085,0.8483510001096874
ItalyPowerDemand,1,0.25,block,point,linear,tsf,0.9411764705882353,0.9411764705882353,0.9465500485908649,0.9465256052541817,0.9316826998256147,0.4137200000695884
ItalyPowerDemand,1,0.25,block,point,linear,minirocket,0.9411764705882353,0.9411764705882353,0.9436345966958212,0.9435957630194157,0.059499100083485246,0.10596149996854365
ItalyPowerDemand,1,0.25,block,block,linear,dtw,0.8823529411764706,0.8819444444444444,0.8056365403304179,0.8056216706335714,0.001285300124436617,0.8605414000339806
ItalyPowerDemand,1,0.25,block,block,linear,tsf,0.9411764705882353,0.9411764705882353,0.9173955296404276,0.9173702453526963,0.9339857001323253,0.4025059000123292
ItalyPowerDemand,1,0.25,block,block,linear,minirocket,0.9411764705882353,0.9411764705882353,0.9222546161321672,0.9222457306936678,0.06315329996868968,0.1066781000699848
ItalyPowerDemand,1,0.3,point,point,linear,dtw,0.8235294117647058,0.8210526315789474,0.8464528668610302,0.8464515617208395,0.0012596999295055866,0.9366645000409335
ItalyPowerDemand,1,0.3,point,point,linear,tsf,0.9411764705882353,0.9403508771929825,0.9329446064139941,0.9328949196498866,0.9541443998459727,0.4065054999664426
ItalyPowerDemand,1,0.3,point,point,linear,minirocket,1.0,1.0,0.9465500485908649,0.9465468176962666,0.05918139987625182,0.11034160014241934
ItalyPowerDemand,1,0.3,point,block,linear,dtw,0.8235294117647058,0.8210526315789474,0.6958211856171039,0.6944069924217768,0.0019115000031888485,0.9226553998887539
ItalyPowerDemand,1,0.3,point,block,linear,tsf,0.9411764705882353,0.9403508771929825,0.86977648202138,0.8697556939259752,0.9362941000144929,0.381347700022161
ItalyPowerDemand,1,0.3,point,block,linear,minirocket,1.0,1.0,0.8483965014577259,0.8482759924385633,0.05758089991286397,0.10350270010530949
ItalyPowerDemand,1,0.3,block,point,linear,dtw,0.8235294117647058,0.8235294117647058,0.7657920310981535,0.765363017489746,0.0018818001262843609,0.8372591999359429
ItalyPowerDemand,1,0.3,block,point,linear,tsf,0.8823529411764706,0.8819444444444444,0.9329446064139941,0.9329139411370644,0.9017133000306785,0.4386279000900686
ItalyPowerDemand,1,0.3,block,point,linear,minirocket,1.0,1.0,0.9378036929057337,0.9377824805381302,0.05892139999195933,0.11035940004512668
ItalyPowerDemand,1,0.3,block,block,linear,dtw,0.8235294117647058,0.8235294117647058,0.7900874635568513,0.7899428415895482,0.001355400076135993,0.8679790999740362
ItalyPowerDemand,1,0.3,block,block,linear,tsf,0.8823529411764706,0.8819444444444444,0.9067055393586005,0.9066857103992383,0.9877921999432147,0.4030653000809252
ItalyPowerDemand,1,0.3,block,block,linear,minirocket,1.0,1.0,0.9251700680272109,0.9251689372653649,0.05901540000922978,0.10682760016061366
ItalyPowerDemand,2,0.05,point,point,linear,dtw,0.9411764705882353,0.9403508771929825,0.9310009718172984,0.930998625809285,0.002469700062647462,0.8769057001918554
ItalyPowerDemand,2,0.05,point,point,linear,tsf,1.0,1.0,0.9620991253644315,0.9620991253644315,0.9852587000932544,0.42324499995447695
ItalyPowerDemand,2,0.05,point,point,linear,minirocket,1.0,1.0,0.9620991253644315,0.9620978367121424,0.06588439992628992,0.10927519993856549
ItalyPowerDemand,2,0.05,point,block,linear,dtw,0.9411764705882353,0.9403508771929825,0.9310009718172984,0.930998625809285,0.0017535998485982418,0.9559898001607507
ItalyPowerDemand,2,0.05,point,block,linear,tsf,1.0,1.0,0.9620991253644315,0.9620991253644315,0.9088977000210434,0.4406175999902189
ItalyPowerDemand,2,0.05,point,block,linear,minirocket,1.0,1.0,0.9620991253644315,0.9620978367121424,0.06079030013643205,0.10991680016741157
ItalyPowerDemand,2,0.05,block,point,linear,dtw,0.9411764705882353,0.9403508771929825,0.9310009718172984,0.930998625809285,0.001568299951031804,0.960064500104636
ItalyPowerDemand,2,0.05,block,point,linear,tsf,1.0,1.0,0.9620991253644315,0.9620991253644315,0.8565233999397606,0.39113230002112687
ItalyPowerDemand,2,0.05,block,point,linear,minirocket,1.0,1.0,0.9620991253644315,0.9620978367121424,0.06223429995588958,0.1025193000677973
ItalyPowerDemand,2,0.05,block,block,linear,dtw,0.9411764705882353,0.9403508771929825,0.9310009718172984,0.930998625809285,0.001255400013178587,0.9073237001430243
ItalyPowerDemand,2,0.05,block,block,linear,tsf,1.0,1.0,0.9620991253644315,0.9620991253644315,0.9321677999105304,0.398732699919492
ItalyPowerDemand,2,0.05,block,block,linear,minirocket,1.0,1.0,0.9620991253644315,0.9620978367121424,0.059272099984809756,0.10428619990125299
ItalyPowerDemand,2,0.1,point,point,linear,dtw,1.0,1.0,0.9203109815354713,0.9203048849597641,0.0012345998547971249,0.8623538999818265
ItalyPowerDemand,2,0.1,point,point,linear,tsf,1.0,1.0,0.9591836734693877,0.9591817845242503,0.8616194000933319,0.3852804999332875
ItalyPowerDemand,2,0.1,point,point,linear,minirocket,1.0,1.0,0.9552964042759962,0.9552960242984723,0.060341599863022566,0.10384230013005435
ItalyPowerDemand,2,0.1,point,block,linear,dtw,1.0,1.0,0.9251700680272109,0.9251471634371484,0.0012607001699507236,0.8680843999609351
ItalyPowerDemand,2,0.1,point,block,linear,tsf,1.0,1.0,0.9650145772594753,0.9650137512088974,0.9088389000389725,0.40398330008611083
ItalyPowerDemand,2,0.1,point,block,linear,minirocket,1.0,1.0,0.9514091350826045,0.9514087220635568,0.06005029985681176,0.10727609996683896
ItalyPowerDemand,2,0.1,block,point,linear,dtw,0.9411764705882353,0.9403508771929825,0.9105928085519922,0.9105906975338491,0.001399399945512414,0.9155980998184532
ItalyPowerDemand,2,0.1,block,point,linear,tsf,0.9411764705882353,0.9403508771929825,0.9601554907677357,0.9601548886737656,0.9424531999975443,0.4108196999877691
ItalyPowerDemand,2,0.1,block,point,linear,minirocket,0.9411764705882353,0.9403508771929825,0.9572400388726919,0.9572351518815173,0.07382809999398887,0.11030749999918044
ItalyPowerDemand,2,0.1,block,block,linear,dtw,0.9411764705882353,0.9403508771929825,0.924198250728863,0.9241976064191486,0.0018291000742465258,0.9132675998844206
ItalyPowerDemand,2,0.1,block,block,linear,tsf,0.9411764705882353,0.9403508771929825,0.9630709426627794,0.9630706287683032,0.8750839999411255,0.39203629991970956
ItalyPowerDemand,2,0.1,block,block,linear,minirocket,0.9411764705882353,0.9403508771929825,0.956268221574344,0.9562667346678567,0.058193900156766176,0.10293920012190938
ItalyPowerDemand,2,0.15,point,point,linear,dtw,0.9411764705882353,0.9403508771929825,0.9076773566569485,0.9076717760208239,0.0014476000797003508,0.8451990999747068
ItalyPowerDemand,2,0.15,point,point,linear,tsf,1.0,1.0,0.9572400388726919,0.9572399984889124,0.8822971999179572,0.4165753999259323
ItalyPowerDemand,2,0.15,point,point,linear,minirocket,1.0,1.0,0.9543245869776482,0.9543238967723655,0.06127230008132756,0.10482640005648136
ItalyPowerDemand,2,0.15,point,block,linear,dtw,0.9411764705882353,0.9403508771929825,0.8960155490767736,0.8959491194662458,0.0016524000093340874,0.8512413999997079
ItalyPowerDemand,2,0.15,point,block,linear,tsf,1.0,1.0,0.9416909620991254,0.9416842980202509,0.8760563000105321,0.3816800999920815
ItalyPowerDemand,2,0.15,point,block,linear,minirocket,1.0,1.0,0.9465500485908649,0.9465482312607137,0.060755299869924784,0.10396059998311102
ItalyPowerDemand,2,0.15,block,point,linear,dtw,1.0,1.0,0.8872691933916423,0.8872307459753609,0.001239200122654438,0.8437308999709785
ItalyPowerDemand,2,0.15,block,point,linear,tsf,0.9411764705882353,0.9403508771929825,0.9591836734693877,0.9591833265333878,0.9783534000162035,0.38921849988400936
ItalyPowerDemand,2,0.15,block,point,linear,minirocket,0.9411764705882353,0.9403508771929825,0.9552964042759962,0.9552963620565902,0.057962800143286586,0.10177320009097457
ItalyPowerDemand,2,0.15,block,block,linear,dtw,1.0,1.0,0.9047619047619048,0.9047610952445714,0.001347400015220046,0.8830502999480814
ItalyPowerDemand,2,0.15,block,block,linear,tsf,0.9411764705882353,0.9403508771929825,0.9455782312925171,0.9455720114855675,0.9060937000904232,0.44003670010715723
ItalyPowerDemand,2,0.15,block,block,linear,minirocket,0.9411764705882353,0.9403508771929825,0.9465500485908649,0.9465498466713951,0.05916790012270212,0.10131970001384616
ItalyPowerDemand,2,0.2,point,point,linear,dtw,0.9411764705882353,0.9403508771929825,0.9144800777453839,0.9144295682544963,0.0016637998633086681,0.9362651999108493
ItalyPowerDemand,2,0.2,point,point,linear,tsf,1.0,1.0,0.9494655004859086,0.9494616343647285,0.9437627999577671,0.3920930998865515
ItalyPowerDemand,2,0.2,point,point,linear,minirocket,1.0,1.0,0.9533527696793003,0.9533523731810145,0.05940039991401136,0.10243339999578893
ItalyPowerDemand,2,0.2,point,block,linear,dtw,0.9411764705882353,0.9403508771929825,0.8756073858114675,0.8753473300070412,0.0012958000879734755,0.8379003000445664
ItalyPowerDemand,2,0.2,point,block,linear,tsf,1.0,1.0,0.9164237123420796,0.9162337662337663,0.8809831999242306,0.4359589999075979
ItalyPowerDemand,2,0.2,point,block,linear,minirocket,1.0,1.0,0.9280855199222546,0.9280283553875237,0.06349040009081364,0.10898780007846653
ItalyPowerDemand,2,0.2,block,point,linear,dtw,1.0,1.0,0.8717201166180758,0.8716763661098934,0.0018722000531852245,0.8881561001762748
ItalyPowerDemand,2,0.2,block,point,linear,tsf,1.0,1.0,0.9514091350826045,0.9514079877901354,0.9479372999630868,0.3912224001251161
ItalyPowerDemand,2,0.2,block,point,linear,minirocket,0.9411764705882353,0.9403508771929825,0.9387755102040817,0.9387752789145072,0.060131599893793464,0.09979739994741976
ItalyPowerDemand,2,0.2,block,block,linear,dtw,1.0,1.0,0.880466472303207,0.8804375652403917,0.0012733000330626965,0.8367357000242919
ItalyPowerDemand,2,0.2,block,block,linear,tsf,1.0,1.0,0.9339164237123421,0.9339163613010464,0.8680074000731111,0.39805359998717904
ItalyPowerDemand,2,0.2,block,block,linear,minirocket,0.9411764705882353,0.9403508771929825,0.9271137026239067,0.9271126012324984,0.061172200134024024,0.1102468001190573
ItalyPowerDemand,2,0.25,point,point,linear,dtw,0.9411764705882353,0.9403508771929825,0.8785228377065112,0.8783739699019899,0.001843299949541688,0.8464585000183433
ItalyPowerDemand,2,0.25,point,point,linear,tsf,1.0,1.0,0.9484936831875608,0.9484934886106171,0.8422357998788357,0.3736252000089735
ItalyPowerDemand,2,0.25,point,point,linear,minirocket,1.0,1.0,0.9436345966958212,0.9436255988634819,0.05761820008046925,0.10138219990767539
ItalyPowerDemand,2,0.25,point,block,linear,dtw,0.9411764705882353,0.9403508771929825,0.7541302235179786,0.7537199276873869,0.0012374999932944775,0.8312796999234706
ItalyPowerDemand,2,0.25,point,block,linear,tsf,1.0,1.0,0.8658892128279884,0.8654764340768024,0.8850879999808967,0.3826454000081867
ItalyPowerDemand,2,0.25,point,block,linear,minirocket,1.0,1.0,0.8367346938775511,0.8367271380970012,0.06207300000824034,0.10458980011753738
ItalyPowerDemand,2,0.25,block,point,linear,dtw,0.9411764705882353,0.9403508771929825,0.783284742468416,0.7829230983173411,0.001913800137117505,0.8996061000507325
ItalyPowerDemand,2,0.25,block,point,linear,tsf,0.9411764705882353,0.9403508771929825,0.9416909620991254,0.9416842980202509,1.1288195999804884,0.4398825999815017
ItalyPowerDemand,2,0.25,block,point,linear,minirocket,0.9411764705882353,0.9403508771929825,0.9368318756073858,0.9367781379112824,0.0643660998903215,0.10209049982950091
ItalyPowerDemand,2,0.25,block,block,linear,dtw,0.9411764705882353,0.9403508771929825,0.8318756073858115,0.8317128577060116,0.0014226001221686602,0.8218257001135498
ItalyPowerDemand,2,0.25,block,block,linear,tsf,0.9411764705882353,0.9403508771929825,0.9125364431486881,0.9125356997144023,0.8932334999553859,0.4027492997702211
ItalyPowerDemand,2,0.25,block,block,linear,minirocket,0.9411764705882353,0.9403508771929825,0.9115646258503401,0.9115646258503401,0.06261330004781485,0.10433550016023219
ItalyPowerDemand,2,0.3,point,point,linear,dtw,0.9411764705882353,0.9403508771929825,0.8756073858114675,0.87554520784041,0.0013389999512583017,0.8617662000469863
ItalyPowerDemand,2,0.3,point,point,linear,tsf,1.0,1.0,0.9436345966958212,0.9436281547529092,0.9846473000943661,0.46581929991953075
ItalyPowerDemand,2,0.3,point,point,linear,minirocket,1.0,1.0,0.9426627793974732,0.9426521638509604,0.06193380011245608,0.10736370016820729
ItalyPowerDemand,2,0.3,point,block,linear,dtw,0.9411764705882353,0.9403508771929825,0.7094266277939747,0.7083678910935292,0.0022607999853789806,0.8820595999713987
ItalyPowerDemand,2,0.3,point,block,linear,tsf,1.0,1.0,0.8085519922254616,0.8084933921703666,1.0298383999615908,0.40073219989426434
ItalyPowerDemand,2,0.3,point,block,linear,minirocket,1.0,1.0,0.8046647230320699,0.8046174846611278,0.061273999977856874,0.1034188000485301
ItalyPowerDemand,2,0.3,block,point,linear,dtw,0.9411764705882353,0.9403508771929825,0.7570456754130224,0.7562443147362038,0.0013631999026983976,0.8332388999406248
ItalyPowerDemand,2,0.3,block,point,linear,tsf,0.9411764705882353,0.9403508771929825,0.9436345966958212,0.9436226166995398,0.9479938999284059,0.4920891001820564
ItalyPowerDemand,2,0.3,block,point,linear,minirocket,0.9411764705882353,0.9403508771929825,0.9086491739552964,0.9085039161527111,0.060652799904346466,0.10609189979732037
ItalyPowerDemand,2,0.3,block,block,linear,dtw,0.9411764705882353,0.9403508771929825,0.8231292517006803,0.8229886578449905,0.0014036998618394136,1.120864799944684
ItalyPowerDemand,2,0.3,block,block,linear,tsf,0.9411764705882353,0.9403508771929825,0.9115646258503401,0.911548252719278,1.4426996998954564,0.5493165000807494
ItalyPowerDemand,2,0.3,block,block,linear,minirocket,0.9411764705882353,0.9403508771929825,0.8678328474246841,0.8677777777777778,0.06081339996308088,0.09941140003502369
ItalyPowerDemand,3,0.05,point,point,linear,dtw,0.8823529411764706,0.8819444444444444,0.9407191448007775,0.9406812737144018,0.0012970000971108675,0.6944260001182556
ItalyPowerDemand,3,0.05,point,point,linear,tsf,0.8823529411764706,0.8819444444444444,0.9533527696793003,0.9533453231973643,0.7023068000562489,0.2626598000060767
ItalyPowerDemand,3,0.05,point,point,linear,minirocket,0.9411764705882353,0.9411764705882353,0.9640427599611273,0.9640405864502157,0.04163779993541539,0.06866879994049668
ItalyPowerDemand,3,0.05,point,block,linear,dtw,0.8823529411764706,0.8819444444444444,0.9407191448007775,0.9406812737144018,0.0009230000432580709,1.183137800078839
ItalyPowerDemand,3,0.05,point,block,linear,tsf,0.8823529411764706,0.8819444444444444,0.9533527696793003,0.9533453231973643,1.3465211999136955,0.5730431000702083
ItalyPowerDemand,3,0.05,point,block,linear,minirocket,0.9411764705882353,0.9411764705882353,0.9640427599611273,0.9640405864502157,0.07858729991130531,0.1424440999981016
ItalyPowerDemand,3,0.05,block,point,linear,dtw,0.8823529411764706,0.8819444444444444,0.9407191448007775,0.9406812737144018,0.0019181000534445047,1.2181184999644756
ItalyPowerDemand,3,0.05,block,point,linear,tsf,0.8823529411764706,0.8819444444444444,0.9533527696793003,0.9533453231973643,1.1549409998115152,0.5650555000174791
ItalyPowerDemand,3,0.05,block,point,linear,minirocket,0.9411764705882353,0.9411764705882353,0.9640427599611273,0.9640405864502157,0.0732201999053359,0.11630330001935363
ItalyPowerDemand,3,0.05,block,block,linear,dtw,0.8823529411764706,0.8819444444444444,0.9407191448007775,0.9406812737144018,0.0019503999501466751,1.156582900090143
ItalyPowerDemand,3,0.05,block,block,linear,tsf,0.8823529411764706,0.8819444444444444,0.9533527696793003,0.9533453231973643,1.18890199996531,0.5348835999611765
ItalyPowerDemand,3,0.05,block,block,linear,minirocket,0.9411764705882353,0.9411764705882353,0.9640427599611273,0.9640405864502157,0.06997309997677803,0.11371509986929595
ItalyPowerDemand,3,0.1,point,point,linear,dtw,0.8823529411764706,0.8819444444444444,0.9271137026239067,0.9270803708011569,0.0015349001623690128,1.3352417999412864
ItalyPowerDemand,3,0.1,point,point,linear,tsf,0.9411764705882353,0.9411764705882353,0.9475218658892128,0.9475194372454646,1.2350479001179338,0.4902385000605136
ItalyPowerDemand,3,0.1,point,point,linear,minirocket,0.9411764705882353,0.9411764705882353,0.9446064139941691,0.9446045305792852,0.0703362999483943,0.10908830002881587
ItalyPowerDemand,3,0.1,point,block,linear,dtw,0.8823529411764706,0.8819444444444444,0.9222546161321672,0.9222333905183685,0.0014835000038146973,1.065898000029847
ItalyPowerDemand,3,0.1,point,block,linear,tsf,0.9411764705882353,0.9411764705882353,0.9407191448007775,0.9407110816409228,1.307846800191328,0.6037327998783439
ItalyPowerDemand,3,0.1,point,block,linear,minirocket,0.9411764705882353,0.9411764705882353,0.9416909620991254,0.9416842980202509,0.08697779988870025,0.13964960002340376
ItalyPowerDemand,3,0.1,block,point,linear,dtw,0.8235294117647058,0.8235294117647058,0.9329446064139941,0.9328949196498866,0.0018434999510645866,1.0245958999730647
ItalyPowerDemand,3,0.1,block,point,linear,tsf,0.9411764705882353,0.9411764705882353,0.9455782312925171,0.9455781798949794,1.0071078001055866,0.5322765000164509
ItalyPowerDemand,3,0.1,block,point,linear,minirocket,0.9411764705882353,0.9411764705882353,0.9494655004859086,0.9494631617919289,0.07219049986451864,0.11826290003955364
ItalyPowerDemand,3,0.1,block,block,linear,dtw,0.8235294117647058,0.8235294117647058,0.9173955296404276,0.9173577535746444,0.0014787998516112566,1.0819359999150038
ItalyPowerDemand,3,0.1,block,block,linear,tsf,0.9411764705882353,0.9411764705882353,0.9397473275024295,0.9397459048597678,1.1279314002022147,0.45728189987130463
ItalyPowerDemand,3,0.1,block,block,linear,minirocket,0.9411764705882353,0.9411764705882353,0.9514091350826045,0.9514035816835424,0.07840620004571974,0.13582010008394718
ItalyPowerDemand,3,0.15,point,point,linear,dtw,0.9411764705882353,0.9411764705882353,0.9193391642371235,0.9193388595222871,0.0025744999293237925,1.138540399959311
ItalyPowerDemand,3,0.15,point,point,linear,tsf,0.8235294117647058,0.8235294117647058,0.9436345966958212,0.9436255988634819,1.2910730000585318,0.5459797000512481
ItalyPowerDemand,3,0.15,point,point,linear,minirocket,0.9411764705882353,0.9411764705882353,0.9533527696793003,0.9533516682785299,0.08019799995236099,0.1374482000246644
ItalyPowerDemand,3,0.15,point,block,linear,dtw,0.9411764705882353,0.9411764705882353,0.901846452866861,0.9018431155878561,0.0019145000260323286,1.1295759999193251
ItalyPowerDemand,3,0.15,point,block,linear,tsf,0.8235294117647058,0.8235294117647058,0.9368318756073858,0.9368259092639276,1.0671462998725474,0.5058413001243025
ItalyPowerDemand,3,0.15,point,block,linear,minirocket,0.9411764705882353,0.9411764705882353,0.93488824101069,0.9348843051936337,0.08223269996233284,0.12299399985931814
ItalyPowerDemand,3,0.15,block,point,linear,dtw,0.7647058823529411,0.7638888888888888,0.8979591836734694,0.8977889027951607,0.003081799950450659,1.3817428001202643
ItalyPowerDemand,3,0.15,block,point,linear,tsf,0.8823529411764706,0.8819444444444444,0.9455782312925171,0.9455740677773999,1.240886599989608,0.47599059995263815
ItalyPowerDemand,3,0.15,block,point,linear,minirocket,0.9411764705882353,0.9411764705882353,0.9552964042759962,0.955291295148859,0.06826870003715158,0.12516739987768233
ItalyPowerDemand,3,0.15,block,block,linear,dtw,0.7647058823529411,0.7638888888888888,0.902818270165209,0.9027057079318013,0.001850200118497014,1.2120819000992924
ItalyPowerDemand,3,0.15,block,block,linear,tsf,0.8823529411764706,0.8819444444444444,0.9416909620991254,0.9416816539967052,1.4115045000799,0.5804538000375032
ItalyPowerDemand,3,0.15,block,block,linear,minirocket,0.9411764705882353,0.9411764705882353,0.9426627793974732,0.9426593135287222,0.06035450007766485,0.10886309994384646
ItalyPowerDemand,3,0.2,point,point,linear,dtw,0.8235294117647058,0.8235294117647058,0.9193391642371235,0.9193388595222871,0.0014863999094814062,1.0488726999610662
ItalyPowerDemand,3,0.2,point,point,linear,tsf,0.8823529411764706,0.8819444444444444,0.9397473275024295,0.9397058156414444,1.3702849999535829,0.675515600014478
ItalyPowerDemand,3,0.2,point,point,linear,minirocket,0.9411764705882353,0.9411764705882353,0.9475218658892128,0.9475206268133463,0.1150158999953419,0.17201619991101325
ItalyPowerDemand,3,0.2,point,block,linear,dtw,0.8235294117647058,0.8235294117647058,0.8532555879494655,0.8530952032032222,0.001913800137117505,0.9666172999422997
ItalyPowerDemand,3,0.2,point,block,linear,tsf,0.8823529411764706,0.8819444444444444,0.9135082604470359,0.9133498280356324,1.002921300008893,0.469523899955675
ItalyPowerDemand,3,0.2,point,block,linear,minirocket,0.9411764705882353,0.9411764705882353,0.9271137026239067,0.9271037889027738,0.06643230002373457,0.10864120000042021
ItalyPowerDemand,3,0.2,block,point,linear,dtw,0.8235294117647058,0.8235294117647058,0.9037900874635568,0.9037082408187225,0.0026767998933792114,1.0794251998886466
ItalyPowerDemand,3,0.2,block,point,linear,tsf,0.8823529411764706,0.8819444444444444,0.9397473275024295,0.9397267780213135,1.1791927001904696,0.44842099980451167
ItalyPowerDemand,3,0.2,block,point,linear,minirocket,0.9411764705882353,0.9411764705882353,0.9533527696793003,0.9533474384162007,0.06568230013363063,0.11591749987564981
ItalyPowerDemand,3,0.2,block,block,linear,dtw,0.8235294117647058,0.8235294117647058,0.8862973760932945,0.8861731044687218,0.001491399947553873,0.9146148001309484
ItalyPowerDemand,3,0.2,block,block,linear,tsf,0.8823529411764706,0.8819444444444444,0.9290573372206026,0.9290187240435996,1.1014582000207156,0.5246868999674916
ItalyPowerDemand,3,0.2,block,block,linear,minirocket,0.9411764705882353,0.9411764705882353,0.9339164237123421,0.9338888888888889,0.0773744999896735,0.10914380010217428
ItalyPowerDemand,3,0.25,point,point,linear,dtw,0.9411764705882353,0.9411764705882353,0.9047619047619048,0.9047510200997431,0.002088000066578388,0.8829167000949383
ItalyPowerDemand,3,0.25,point,point,linear,tsf,0.9411764705882353,0.9411764705882353,0.9455782312925171,0.9455596704708639,0.9956550002098083,0.4255418998654932
ItalyPowerDemand,3,0.25,point,point,linear,minirocket,0.9411764705882353,0.9411764705882353,0.9465500485908649,0.9465492409038321,0.06276430003345013,0.10531440004706383
ItalyPowerDemand,3,0.25,point,block,linear,dtw,0.9411764705882353,0.9411764705882353,0.7803692905733722,0.7803441892096117,0.0013617000076919794,0.9226577000226825
ItalyPowerDemand,3,0.25,point,block,linear,tsf,0.9411764705882353,0.9411764705882353,0.859086491739553,0.8581859241890398,1.1586213000118732,0.5111672999337316
ItalyPowerDemand,3,0.25,point,block,linear,minirocket,0.9411764705882353,0.9411764705882353,0.8522837706511176,0.8521819996370894,0.06768299988470972,0.17743759998120368
ItalyPowerDemand,3,0.25,block,point,linear,dtw,0.7058823529411765,0.7017543859649122,0.8338192419825073,0.8335677485076722,0.002355600008741021,1.2982099999208003
ItalyPowerDemand,3,0.25,block,point,linear,tsf,0.8235294117647058,0.8210526315789474,0.9446064139941691,0.9446030656124944,1.3130524000152946,0.6051619998179376
ItalyPowerDemand,3,0.25,block,point,linear,minirocket,0.9411764705882353,0.9411764705882353,0.9475218658892128,0.9475039679540473,0.04207440000027418,0.06750899995677173
ItalyPowerDemand,3,0.25,block,block,linear,dtw,0.7058823529411765,0.7017543859649122,0.8464528668610302,0.8463470785701325,0.0010492999572306871,0.626620199996978
ItalyPowerDemand,3,0.25,block,block,linear,tsf,0.8235294117647058,0.8210526315789474,0.9222546161321672,0.9222010524405734,0.9276986001059413,0.6516866001766175
ItalyPowerDemand,3,0.25,block,block,linear,minirocket,0.9411764705882353,0.9411764705882353,0.9173955296404276,0.9173942813968314,0.08372820005752146,0.13205359992571175
ItalyPowerDemand,3,0.3,point,point,linear,dtw,0.7647058823529411,0.7638888888888888,0.8649173955296404,0.8649168852240713,0.003183899912983179,1.3862485999707133
ItalyPowerDemand,3,0.3,point,point,linear,tsf,0.9411764705882353,0.9411764705882353,0.9416909620991254,0.9416904664762682,1.4560373001731932,0.6263367999345064
ItalyPowerDemand,3,0.3,point,point,linear,minirocket,0.9411764705882353,0.9411764705882353,0.9290573372206026,0.9290248942464594,0.06712200003676116,0.12846779986284673
ItalyPowerDemand,3,0.3,point,block,linear,dtw,0.7647058823529411,0.7638888888888888,0.6627793974732751,0.6621616890827464,0.0020608999766409397,1.1868201999459416
ItalyPowerDemand,3,0.3,point,block,linear,tsf,0.9411764705882353,0.9411764705882353,0.8328474246841594,0.8320478269121275,1.1454281001351774,0.5511387998703867
ItalyPowerDemand,3,0.3,point,block,linear,minirocket,0.9411764705882353,0.9411764705882353,0.7395529640427599,0.7360225140712946,0.09254959993995726,0.12887770007364452
ItalyPowerDemand,3,0.3,block,point,linear,dtw,0.6470588235294118,0.6458333333333333,0.782312925170068,0.7822041137207175,0.0018792999908328056,1.388224400114268
ItalyPowerDemand,3,0.3,block,point,linear,tsf,0.8823529411764706,0.8819444444444444,0.9261418853255587,0.9261384672343577,1.3040440999902785,0.516478099860251
ItalyPowerDemand,3,0.3,block,point,linear,minirocket,0.9411764705882353,0.9411764705882353,0.924198250728863,0.9241924515470928,0.08907649992033839,0.12527840002439916
ItalyPowerDemand,3,0.3,block,block,linear,dtw,0.6470588235294118,0.6458333333333333,0.8338192419825073,0.8337564398960358,0.001624800032004714,1.0994905000552535
ItalyPowerDemand,3,0.3,block,block,linear,tsf,0.8823529411764706,0.8819444444444444,0.924198250728863,0.9241947426878934,1.2017604000866413,0.5161589998751879
ItalyPowerDemand,3,0.3,block,block,linear,minirocket,0.9411764705882353,0.9411764705882353,0.8960155490767736,0.8960139777583642,0.08208750002086163,0.12238399987109005
ItalyPowerDemand,4,0.05,point,point,linear,dtw,1.0,1.0,0.9319727891156463,0.9319711829061896,0.0019219000823795795,1.239797200076282
ItalyPowerDemand,4,0.05,point,point,linear,tsf,1.0,1.0,0.9640427599611273,0.9640427599611273,1.1066453999374062,0.5583991999737918
ItalyPowerDemand,4,0.05,point,point,linear,minirocket,1.0,1.0,0.9611273080660836,0.9611272713535568,0.07147029996849597,0.12075429991818964
ItalyPowerDemand,4,0.05,point,block,linear,dtw,1.0,1.0,0.9319727891156463,0.9319711829061896,0.0017363999504595995,1.476744499988854
ItalyPowerDemand,4,0.05,point,block,linear,tsf,1.0,1.0,0.9640427599611273,0.9640427599611273,1.3941172999329865,0.7124786998610944
ItalyPowerDemand,4,0.05,point,block,linear,minirocket,1.0,1.0,0.9611273080660836,0.9611272713535568,0.08500310010276735,0.12823039991781116
ItalyPowerDemand,4,0.05,block,point,linear,dtw,1.0,1.0,0.9319727891156463,0.9319711829061896,0.0019158998038619757,1.1431994000449777
ItalyPowerDemand,4,0.05,block,point,linear,tsf,1.0,1.0,0.9640427599611273,0.9640427599611273,1.4217693998944014,0.5520571998786181
ItalyPowerDemand,4,0.05,block,point,linear,minirocket,1.0,1.0,0.9611273080660836,0.9611272713535568,0.08380630007013679,0.13128299987874925
ItalyPowerDemand,4,0.05,block,block,linear,dtw,1.0,1.0,0.9319727891156463,0.9319711829061896,0.002067699795588851,1.3944606999866664
ItalyPowerDemand,4,0.05,block,block,linear,tsf,1.0,1.0,0.9640427599611273,0.9640427599611273,1.741086499998346,0.8197097000665963
ItalyPowerDemand,4,0.05,block,block,linear,minirocket,1.0,1.0,0.9611273080660836,0.9611272713535568,0.11786790005862713,0.17050900007598102
ItalyPowerDemand,4,0.1,point,point,linear,dtw,0.9411764705882353,0.9403508771929825,0.9144800777453839,0.9144799969778248,0.0031045000068843365,1.5722012999467552
ItalyPowerDemand,4,0.1,point,point,linear,tsf,1.0,1.0,0.9601554907677357,0.9601553402459491,1.7258457001298666,0.6273491000756621
ItalyPowerDemand,4,0.1,point,point,linear,minirocket,1.0,1.0,0.9543245869776482,0.9543238967723655,0.07685300009325147,0.12965209991671145
ItalyPowerDemand,4,0.1,point,block,linear,dtw,0.9411764705882353,0.9403508771929825,0.923226433430515,0.9232029339160354,0.0017744998913258314,1.5212328000925481
ItalyPowerDemand,4,0.1,point,block,linear,tsf,1.0,1.0,0.9543245869776482,0.9543183743790716,1.4173266000580043,0.7136339000426233
ItalyPowerDemand,4,0.1,point,block,linear,minirocket,1.0,1.0,0.9484936831875608,0.9484866774912936,0.08266059984453022,0.1294212001375854
ItalyPowerDemand,4,0.1,block,point,linear,dtw,1.0,1.0,0.902818270165209,0.9028108353167856,0.0019984000828117132,1.291852500056848
ItalyPowerDemand,4,0.1,block,point,linear,tsf,1.0,1.0,0.9601554907677357,0.9601553402459491,1.3814735000487417,0.6135114999487996
ItalyPowerDemand,4,0.1,block,point,linear,minirocket,0.9411764705882353,0.9403508771929825,0.9552964042759962,0.9552943354313217,0.08273449982516468,0.13242259994149208
ItalyPowerDemand,4,0.1,block,block,linear,dtw,1.0,1.0,0.9067055393586005,0.90670333655706,0.002050000010058284,1.3417153998743743
ItalyPowerDemand,4,0.1,block,block,linear,tsf,1.0,1.0,0.9533527696793003,0.9533516682785299,1.5019604000262916,0.8781204000115395
ItalyPowerDemand,4,0.1,block,block,linear,minirocket,0.9411764705882353,0.9403508771929825,0.9455782312925171,0.9455781798949794,0.11710810009390116,0.1613483999390155
ItalyPowerDemand,4,0.15,point,point,linear,dtw,0.9411764705882353,0.9403508771929825,0.8862973760932945,0.8862698791311043,0.002153299981728196,1.3024559998884797
ItalyPowerDemand,4,0.15,point,point,linear,tsf,1.0,1.0,0.9484936831875608,0.9484905697800387,1.1058996999636292,0.3807402001693845
ItalyPowerDemand,4,0.15,point,point,linear,minirocket,1.0,1.0,0.9543245869776482,0.9543244144282831,0.06075390009209514,0.09972500009462237
ItalyPowerDemand,4,0.15,point,block,linear,dtw,0.9411764705882353,0.9403508771929825,0.8668610301263362,0.8664655372476212,0.001265399856492877,0.845224600052461
ItalyPowerDemand,4,0.15,point,block,linear,tsf,1.0,1.0,0.9290573372206026,0.9290530489423174,0.8562894000206143,0.41190219996497035
ItalyPowerDemand,4,0.15,point,block,linear,minirocket,1.0,1.0,0.9475218658892128,0.9475206268133463,0.0645187001209706,0.10696909995749593
ItalyPowerDemand,4,0.15,block,point,linear,dtw,1.0,1.0,0.8999028182701652,0.899884286044897,0.0014480000827461481,0.8445647999178618
ItalyPowerDemand,4,0.15,block,point,linear,tsf,1.0,1.0,0.956268221574344,0.9562655781151271,0.9973438999149948,0.42669170000590384
ItalyPowerDemand,4,0.15,block,point,linear,minirocket,0.9411764705882353,0.9403508771929825,0.9465500485908649,0.9465298490893682,0.07552369986660779,0.10741490009240806
ItalyPowerDemand,4,0.15,block,block,linear,dtw,1.0,1.0,0.8833819241982507,0.8833809329525364,0.0015246998518705368,0.847033099969849
ItalyPowerDemand,4,0.15,block,block,linear,tsf,1.0,1.0,0.9455782312925171,0.9455777687111837,0.8785679000429809,0.37717660004273057
ItalyPowerDemand,4,0.15,block,block,linear,minirocket,0.9411764705882353,0.9403508771929825,0.9378036929057337,0.9377965845549343,0.060858599841594696,0.10241759987547994
ItalyPowerDemand,4,0.2,point,point,linear,dtw,1.0,1.0,0.9047619047619048,0.9047056555561435,0.0020074001513421535,0.8048320000525564
ItalyPowerDemand,4,0.2,point,point,linear,tsf,1.0,1.0,0.9543245869776482,0.9543245869776482,0.8697236001025885,0.38274489995092154
ItalyPowerDemand,4,0.2,point,point,linear,minirocket,1.0,1.0,0.9572400388726919,0.9572399984889124,0.058373100124299526,0.10231640003621578
ItalyPowerDemand,4,0.2,point,block,linear,dtw,1.0,1.0,0.847424684159378,0.8472579265093105,0.0014343000948429108,0.8168469998054206
ItalyPowerDemand,4,0.2,point,block,linear,tsf,1.0,1.0,0.9251700680272109,0.925151971735855,0.8339750000741333,0.3799018000718206
ItalyPowerDemand,4,0.2,point,block,linear,minirocket,1.0,1.0,0.9057337220602527,0.9057209003142542,0.05873259995132685,0.10094000003300607
ItalyPowerDemand,4,0.2,block,point,linear,dtw,0.9411764705882353,0.9411764705882353,0.8726919339164237,0.8726611467194416,0.001252099871635437,0.8470374001190066
ItalyPowerDemand,4,0.2,block,point,linear,tsf,1.0,1.0,0.9552964042759962,0.9552869028996349,0.9084638000931591,0.38698499999009073
ItalyPowerDemand,4,0.2,block,point,linear,minirocket,0.9411764705882353,0.9403508771929825,0.9339164237123421,0.9338483879018901,0.06004630005918443,0.10396470013074577
ItalyPowerDemand,4,0.2,block,block,linear,dtw,0.9411764705882353,0.9411764705882353,0.859086491739553,0.8589324798971338,0.002039700048044324,0.8957553000655025
ItalyPowerDemand,4,0.2,block,block,linear,tsf,1.0,1.0,0.901846452866861,0.9018282804906272,0.8197977000381798,0.39989160001277924
ItalyPowerDemand,4,0.2,block,block,linear,minirocket,0.9411764705882353,0.9403508771929825,0.9154518950437318,0.9154467843559125,0.06307879998348653,0.10231289989314973
ItalyPowerDemand,4,0.25,point,point,linear,dtw,0.9411764705882353,0.9411764705882353,0.8551992225461613,0.8551549006770793,0.0016938000917434692,0.8267727999482304
ItalyPowerDemand,4,0.25,point,point,linear,tsf,1.0,1.0,0.9475218658892128,0.9475194372454646,0.8606765000149608,0.4898577998392284
ItalyPowerDemand,4,0.25,point,point,linear,minirocket,1.0,1.0,0.9455782312925171,0.9455777687111837,0.06213059998117387,0.10275339987128973
ItalyPowerDemand,4,0.25,point,block,linear,dtw,0.9411764705882353,0.9411764705882353,0.7366375121477162,0.7361550943556895,0.0014740999322384596,0.8277004999108613
ItalyPowerDemand,4,0.25,point,block,linear,tsf,1.0,1.0,0.8610301263362488,0.8602270039524791,0.8148145000450313,0.37256549997255206
ItalyPowerDemand,4,0.25,point,block,linear,minirocket,1.0,1.0,0.8221574344023324,0.8220606369860102,0.058246999979019165,0.10346999997273088
ItalyPowerDemand,4,0.25,block,point,linear,dtw,0.9411764705882353,0.9403508771929825,0.8211856171039844,0.8211476115985399,0.0012455000542104244,0.9497856001835316
ItalyPowerDemand,4,0.25,block,point,linear,tsf,0.9411764705882353,0.9403508771929825,0.9504373177842566,0.9504185873374142,0.9325097999535501,0.4144576999824494
ItalyPowerDemand,4,0.25,block,point,linear,minirocket,0.9411764705882353,0.9403508771929825,0.9115646258503401,0.9112629247726349,0.05954260006546974,0.11614840012043715
ItalyPowerDemand,4,0.25,block,block,linear,dtw,0.9411764705882353,0.9403508771929825,0.7881438289601554,0.7880715743330058,0.0017375999595969915,0.8353607999160886
ItalyPowerDemand,4,0.25,block,block,linear,tsf,0.9411764705882353,0.9403508771929825,0.8901846452866861,0.8901829858569641,0.8339317000936717,0.419374099932611
ItalyPowerDemand,4,0.25,block,block,linear,minirocket,0.9411764705882353,0.9403508771929825,0.8843537414965986,0.8843498094549989,0.05827870010398328,0.10199270001612604
ItalyPowerDemand,4,0.3,point,point,linear,dtw,0.8823529411764706,0.8819444444444444,0.8513119533527697,0.8512759957868286,0.0012562000192701817,0.8273132999893278
ItalyPowerDemand,4,0.3,point,point,linear,tsf,0.9411764705882353,0.9411764705882353,0.9339164237123421,0.9339133654202147,0.947369399946183,0.4326071999967098
ItalyPowerDemand,4,0.3,point,point,linear,minirocket,1.0,1.0,0.9358600583090378,0.935842547177654,0.06302909995429218,0.10106989997439086
ItalyPowerDemand,4,0.3,point,block,linear,dtw,0.8823529411764706,0.8819444444444444,0.6958211856171039,0.6949811776404574,0.0019151000306010246,0.8833059000317007
ItalyPowerDemand,4,0.3,point,block,linear,tsf,0.9411764705882353,0.9411764705882353,0.8503401360544217,0.8502211720226843,0.8863166000228375,0.40343140019103885
ItalyPowerDemand,4,0.3,point,block,linear,minirocket,1.0,1.0,0.7580174927113703,0.75689246361988,0.058777299942448735,0.10182500001974404
ItalyPowerDemand,4,0.3,block,point,linear,dtw,0.8823529411764706,0.8785714285714286,0.7891156462585034,0.789095727850343,0.002137599978595972,0.8267524000257254
ItalyPowerDemand,4,0.3,block,point,linear,tsf,1.0,1.0,0.9300291545189504,0.9299941794102307,0.9291544000152498,0.4745398999657482
ItalyPowerDemand,4,0.3,block,point,linear,minirocket,0.8823529411764706,0.8819444444444444,0.9115646258503401,0.9112629247726349,0.056501799961552024,0.10189509997144341
ItalyPowerDemand,4,0.3,block,block,linear,dtw,0.8823529411764706,0.8785714285714286,0.782312925170068,0.7823077852998066,0.002012799959629774,0.8192386999726295
ItalyPowerDemand,4,0.3,block,block,linear,tsf,1.0,1.0,0.8960155490767736,0.8959679956763171,0.8561883000656962,0.4160084999166429
ItalyPowerDemand,4,0.3,block,block,linear,minirocket,0.8823529411764706,0.8819444444444444,0.8950437317784257,0.8949912691153459,0.062425100011751056,0.1030639000236988
ItalyPowerDemand,5,0.05,point,point,linear,dtw,1.0,1.0,0.9290573372206026,0.9290506365579495,0.0013745001051574945,0.7959203000646085
ItalyPowerDemand,5,0.05,point,point,linear,tsf,1.0,1.0,0.9572400388726919,0.9572399984889124,0.8165833000093699,0.38072570017538965
ItalyPowerDemand,5,0.05,point,point,linear,minirocket,1.0,1.0,0.9630709426627794,0.9630692336171788,0.05815589986741543,0.10065470007248223
ItalyPowerDemand,5,0.05,point,block,linear,dtw,1.0,1.0,0.9290573372206026,0.9290506365579495,0.0012256000190973282,0.8000516998581588
ItalyPowerDemand,5,0.05,point,block,linear,tsf,1.0,1.0,0.9572400388726919,0.9572399984889124,0.8468685999978334,0.3841573998797685
ItalyPowerDemand,5,0.05,point,block,linear,minirocket,1.0,1.0,0.9630709426627794,0.9630692336171788,0.05815869988873601,0.10105569986626506
ItalyPowerDemand,5,0.05,block,point,linear,dtw,1.0,1.0,0.9290573372206026,0.9290506365579495,0.0012622999493032694,0.8056162998545915
ItalyPowerDemand,5,0.05,block,point,linear,tsf,1.0,1.0,0.9572400388726919,0.9572399984889124,0.8263789999764413,0.38593490002676845
ItalyPowerDemand,5,0.05,block,point,linear,minirocket,1.0,1.0,0.9630709426627794,0.9630692336171788,0.05988819990307093,0.09999669995158911
ItalyPowerDemand,5,0.05,block,block,linear,dtw,1.0,1.0,0.9290573372206026,0.9290506365579495,0.0012550000101327896,0.8045952999964356
ItalyPowerDemand,5,0.05,block,block,linear,tsf,1.0,1.0,0.9572400388726919,0.9572399984889124,0.8305956998374313,0.387326099909842
ItalyPowerDemand,5,0.05,block,block,linear,minirocket,1.0,1.0,0.9630709426627794,0.9630692336171788,0.05776729993522167,0.100679200142622
ItalyPowerDemand,5,0.1,point,point,linear,dtw,0.9411764705882353,0.9403508771929825,0.9057337220602527,0.9057162693820875,0.0012469999492168427,0.7810590001754463
ItalyPowerDemand,5,0.1,point,point,linear,tsf,1.0,1.0,0.956268221574344,0.9562680563675051,0.8026816002093256,0.38342890003696084
ItalyPowerDemand,5,0.1,point,point,linear,minirocket,1.0,1.0,0.9591836734693877,0.9591836349212346,0.05701630003750324,0.1010406999848783
ItalyPowerDemand,5,0.1,point,block,linear,dtw,0.9411764705882353,0.9403508771929825,0.9154518950437318,0.9154490203578562,0.0012569997925311327,0.8151660000439733
ItalyPowerDemand,5,0.1,point,block,linear,tsf,1.0,1.0,0.9484936831875608,0.9484929048709654,0.879953800002113,0.3704269998706877
ItalyPowerDemand,5,0.1,point,block,linear,minirocket,1.0,1.0,0.9601554907677357,0.9601554907677357,0.060223800130188465,0.10520919994451106
ItalyPowerDemand,5,0.1,block,point,linear,dtw,1.0,1.0,0.9144800777453839,0.9144780585106382,0.0014535000082105398,0.8771786999423057
ItalyPowerDemand,5,0.1,block,point,linear,tsf,1.0,1.0,0.9591836734693877,0.9591817845242503,0.8471065000630915,0.37491719983518124
ItalyPowerDemand,5,0.1,block,point,linear,minirocket,1.0,1.0,0.956268221574344,0.956268221574344,0.06295110005885363,0.09952310007065535
ItalyPowerDemand,5,0.1,block,block,linear,dtw,1.0,1.0,0.902818270165209,0.9028027566611755,0.0012731999158859253,0.8178183999843895
ItalyPowerDemand,5,0.1,block,block,linear,tsf,1.0,1.0,0.9484936831875608,0.9484905697800387,0.827054199995473,0.3641717000864446
ItalyPowerDemand,5,0.1,block,block,linear,minirocket,1.0,1.0,0.9494655004859086,0.9494654527596238,0.05887719988822937,0.10355970007367432
ItalyPowerDemand,5,0.15,point,point,linear,dtw,1.0,1.0,0.8979591836734694,0.897949545734037,0.0017497001681476831,0.8129313001409173
ItalyPowerDemand,5,0.15,point,point,linear,tsf,1.0,1.0,0.9514091350826045,0.9514013783305877,0.8987608999013901,0.3791803000494838
ItalyPowerDemand,5,0.15,point,point,linear,minirocket,1.0,1.0,0.956268221574344,0.956268221574344,0.060737699968740344,0.10146329994313419
ItalyPowerDemand,5,0.15,point,block,linear,dtw,1.0,1.0,0.8940719144800777,0.8940462976520545,0.001251900102943182,0.8363435999490321
ItalyPowerDemand,5,0.15,point,block,linear,tsf,1.0,1.0,0.9387755102040817,0.9387567700849395,0.8226732001639903,0.378752299817279
ItalyPowerDemand,5,0.15,point,block,linear,minirocket,1.0,1.0,0.9416909620991254,0.9416882636060718,0.058125599985942245,0.10547670000232756
ItalyPowerDemand,5,0.15,block,point,linear,dtw,0.8823529411764706,0.8819444444444444,0.8843537414965986,0.884351993955564,0.0012561001349240541,0.8303946000523865
ItalyPowerDemand,5,0.15,block,point,linear,tsf,0.9411764705882353,0.9403508771929825,0.9484936831875608,0.9484812272987053,0.9101607000920922,0.35961359995417297
ItalyPowerDemand,5,0.15,block,point,linear,minirocket,1.0,1.0,0.9533527696793003,0.9533523731810145,0.058692899998277426,0.10423850012011826
ItalyPowerDemand,5,0.15,block,block,linear,dtw,0.8823529411764706,0.8819444444444444,0.8940719144800777,0.8940655114344191,0.0014030002057552338,0.7860874000471085
ItalyPowerDemand,5,0.15,block,block,linear,tsf,0.9411764705882353,0.9403508771929825,0.9329446064139941,0.9329321916223097,0.8572567999362946,0.3803252000361681
ItalyPowerDemand,5,0.15,block,block,linear,minirocket,1.0,1.0,0.9407191448007775,0.9407189208537291,0.060221599880605936,0.1015535001643002
ItalyPowerDemand,5,0.2,point,point,linear,dtw,0.8235294117647058,0.8235294117647058,0.9067055393586005,0.9066412629286881,0.00124739995226264,0.8280079001560807
ItalyPowerDemand,5,0.2,point,point,linear,tsf,0.9411764705882353,0.9411764705882353,0.9504373177842566,0.9504365688380988,0.867955100024119,0.3906567001249641
ItalyPowerDemand,5,0.2,point,point,linear,minirocket,1.0,1.0,0.9533527696793003,0.9533527256242681,0.05955170001834631,0.10110360011458397
ItalyPowerDemand,5,0.2,point,block,linear,dtw,0.8235294117647058,0.8235294117647058,0.8678328474246841,0.8678227360308286,0.0012064999900758266,0.8253506000619382
ItalyPowerDemand,5,0.2,point,block,linear,tsf,0.9411764705882353,0.9411764705882353,0.9096209912536443,0.9096179183135704,0.8656131001189351,0.38847219990566373
ItalyPowerDemand,5,0.2,point,block,linear,minirocket,1.0,1.0,0.8814382896015549,0.8812677335149246,0.058253000024706125,0.10096660000272095
ItalyPowerDemand,5,0.2,block,point,linear,dtw,0.8823529411764706,0.8819444444444444,0.8843537414965986,0.8843323304790558,0.00126400007866323,0.8020292001310736
ItalyPowerDemand,5,0.2,block,point,linear,tsf,0.9411764705882353,0.9411764705882353,0.9543245869776482,0.9543230339864281,0.8341683999169618,0.3761040000244975
ItalyPowerDemand,5,0.2,block,point,linear,minirocket,0.9411764705882353,0.9411764705882353,0.9523809523809523,0.9523802328052322,0.058070699917152524,0.10571160004474223
ItalyPowerDemand,5,0.2,block,block,linear,dtw,0.8823529411764706,0.8819444444444444,0.8726919339164237,0.8726683638046748,0.0012680001091212034,0.7894852999597788
ItalyPowerDemand,5,0.2,block,block,linear,tsf,0.9411764705882353,0.9411764705882353,0.9164237123420796,0.9162489873484809,0.827896700007841,0.39317660010419786
ItalyPowerDemand,5,0.2,block,block,linear,minirocket,0.9411764705882353,0.9411764705882353,0.9057337220602527,0.9057109254334796,0.06309589999727905,0.10067389998584986
ItalyPowerDemand,5,0.25,point,point,linear,dtw,0.8823529411764706,0.8819444444444444,0.858114674441205,0.8580920247253163,0.00122410012409091,0.8299136001151055
ItalyPowerDemand,5,0.25,point,point,linear,tsf,1.0,1.0,0.9300291545189504,0.9300179847960464,0.8310705001931638,0.38119020010344684
ItalyPowerDemand,5,0.25,point,point,linear,minirocket,1.0,1.0,0.9407191448007775,0.9406920349182742,0.057564400136470795,0.10461269994266331
ItalyPowerDemand,5,0.25,point,block,linear,dtw,0.8823529411764706,0.8819444444444444,0.771622934888241,0.7715677059470898,0.001492300070822239,0.8676593001000583
ItalyPowerDemand,5,0.25,point,block,linear,tsf,1.0,1.0,0.8357628765792031,0.8344967979740012,0.8698956000152975,0.37350180000066757
ItalyPowerDemand,5,0.25,point,block,linear,minirocket,1.0,1.0,0.814382896015549,0.8138703032885859,0.05760830012150109,0.10172030003741384
ItalyPowerDemand,5,0.25,block,point,linear,dtw,0.7647058823529411,0.7638888888888888,0.8279883381924198,0.827985738908696,0.0013780000153928995,0.8289324000943452
ItalyPowerDemand,5,0.25,block,point,linear,tsf,0.9411764705882353,0.9403508771929825,0.9212827988338192,0.921278040607229,0.8457291999366134,0.38274229993112385
ItalyPowerDemand,5,0.25,block,point,linear,minirocket,0.9411764705882353,0.9403508771929825,0.9329446064139941,0.9329192652212075,0.05978410015814006,0.10129939997568727
ItalyPowerDemand,5,0.25,block,block,linear,dtw,0.7647058823529411,0.7638888888888888,0.8172983479105929,0.8172967949589737,0.0012559001334011555,0.8053101000841707
ItalyPowerDemand,5,0.25,block,block,linear,tsf,0.9411764705882353,0.9403508771929825,0.8931000971817298,0.8930369603181203,0.8623252999968827,0.39376979996450245
ItalyPowerDemand,5,0.25,block,block,linear,minirocket,0.9411764705882353,0.9403508771929825,0.8785228377065112,0.8785228377065112,0.05815630010329187,0.10700590000487864
ItalyPowerDemand,5,0.3,point,point,linear,dtw,0.9411764705882353,0.9403508771929825,0.8551992225461613,0.8551855458511571,0.001686600036919117,0.8652033999096602
ItalyPowerDemand,5,0.3,point,point,linear,tsf,0.9411764705882353,0.9403508771929825,0.9368318756073858,0.9368201805137699,0.8779629000928253,0.38766680005937815
ItalyPowerDemand,5,0.3,point,point,linear,minirocket,1.0,1.0,0.9465500485908649,0.9465482312607137,0.05800179997459054,0.10518850013613701
ItalyPowerDemand,5,0.3,point,block,linear,dtw,0.9411764705882353,0.9403508771929825,0.6929057337220602,0.6906947012761683,0.0012356000952422619,0.846232800045982
ItalyPowerDemand,5,0.3,point,block,linear,tsf,0.9411764705882353,0.9403508771929825,0.8231292517006803,0.8215434635116902,0.9864270999096334,0.41817099996842444
ItalyPowerDemand,5,0.3,point,block,linear,minirocket,1.0,1.0,0.7648202137998056,0.7645780863567263,0.05955470004118979,0.10905000008642673
ItalyPowerDemand,5,0.3,block,point,linear,dtw,0.8823529411764706,0.8819444444444444,0.7764820213799806,0.7764463403207036,0.001422500004991889,0.7937760001514107
ItalyPowerDemand,5,0.3,block,point,linear,tsf,0.9411764705882353,0.9411764705882353,0.9280855199222546,0.92808545200408,0.8369293001014739,0.3921316999476403
ItalyPowerDemand,5,0.3,block,point,linear,minirocket,0.9411764705882353,0.9411764705882353,0.9329446064139941,0.9329240815216004,0.060330200009047985,0.11020400002598763
ItalyPowerDemand,5,0.3,block,block,linear,dtw,0.8823529411764706,0.8819444444444444,0.814382896015549,0.814382896015549,0.0014510001055896282,0.8590015000663698
ItalyPowerDemand,5,0.3,block,block,linear,tsf,0.9411764705882353,0.9411764705882353,0.8717201166180758,0.8716928517989526,0.8659862999338657,0.3980874000117183
ItalyPowerDemand,5,0.3,block,block,linear,minirocket,0.9411764705882353,0.9411764705882353,0.8639455782312925,0.8639300287139187,0.0583001000341028,0.10523550002835691
