dataset,seed,missing_rate,n_timepoints,n_missing_per_series,realized_missing_rate,source_pattern,target_pattern,imputer,selected_classifier,oracle_classifier,n_validation_ties,n_oracle_ties,selection_error,selected_test_balanced_accuracy,oracle_test_balanced_accuracy,regret
Adiac,1,0.05,176,8,0.0454545454545454,point,point,linear,minirocket,minirocket,1,1,False,0.7961103086103085,0.7961103086103085,0.0
Adiac,1,0.05,176,8,0.0454545454545454,point,block,linear,minirocket,minirocket,1,1,False,0.7841026841026841,0.7841026841026841,0.0
Adiac,1,0.05,176,8,0.0454545454545454,block,point,linear,minirocket,minirocket,1,1,False,0.7961103086103085,0.7961103086103085,0.0
Adiac,1,0.05,176,8,0.0454545454545454,block,block,linear,minirocket,minirocket,1,1,False,0.7841026841026841,0.7841026841026841,0.0
Adiac,1,0.1,176,17,0.096590909090909,point,point,linear,minirocket,minirocket,1,1,False,0.7818531693531693,0.7818531693531693,0.0
Adiac,1,0.1,176,17,0.096590909090909,point,block,linear,minirocket,minirocket,1,1,False,0.6925228675228675,0.6925228675228675,0.0
Adiac,1,0.1,176,17,0.096590909090909,block,point,linear,minirocket,minirocket,1,1,False,0.7818531693531693,0.7818531693531693,0.0
Adiac,1,0.1,176,17,0.096590909090909,block,block,linear,minirocket,minirocket,1,1,False,0.6925228675228675,0.6925228675228675,0.0
Adiac,1,0.15,176,26,0.1477272727272727,point,point,linear,minirocket,minirocket,1,1,False,0.7813419688419689,0.7813419688419689,0.0
Adiac,1,0.15,176,26,0.1477272727272727,point,block,linear,minirocket,minirocket,1,1,False,0.5302569427569428,0.5302569427569428,0.0
Adiac,1,0.15,176,26,0.1477272727272727,block,point,linear,minirocket,minirocket,1,1,False,0.7813419688419689,0.7813419688419689,0.0
Adiac,1,0.15,176,26,0.1477272727272727,block,block,linear,minirocket,minirocket,1,1,False,0.5302569427569428,0.5302569427569428,0.0
Adiac,1,0.2,176,35,0.1988636363636363,point,point,linear,minirocket,minirocket,1,1,False,0.8048443673443674,0.8048443673443674,0.0
Adiac,1,0.2,176,35,0.1988636363636363,point,block,linear,minirocket,minirocket,1,1,False,0.3385900510900511,0.3385900510900511,0.0
Adiac,1,0.2,176,35,0.1988636363636363,block,point,linear,minirocket,minirocket,1,1,False,0.8048443673443674,0.8048443673443674,0.0
Adiac,1,0.2,176,35,0.1988636363636363,block,block,linear,minirocket,minirocket,1,1,False,0.3385900510900511,0.3385900510900511,0.0
Adiac,1,0.25,176,44,0.25,point,point,linear,minirocket,minirocket,1,1,False,0.7921813546813548,0.7921813546813548,0.0
Adiac,1,0.25,176,44,0.25,point,block,linear,minirocket,stat_rf,1,1,True,0.1397318897318897,0.202992202992203,0.0632603132603132
Adiac,1,0.25,176,44,0.25,block,point,linear,stat_rf,minirocket,1,1,True,0.6204769329769328,0.7921813546813548,0.1717044217044219
Adiac,1,0.25,176,44,0.25,block,block,linear,stat_rf,stat_rf,1,1,False,0.202992202992203,0.202992202992203,0.0
Adiac,1,0.3,176,52,0.2954545454545454,point,point,linear,minirocket,minirocket,1,1,False,0.7729179604179603,0.7729179604179603,0.0
Adiac,1,0.3,176,52,0.2954545454545454,point,block,linear,minirocket,stat_rf,1,1,True,0.0882884007884007,0.1505391005391005,0.0622506997506997
Adiac,1,0.3,176,52,0.2954545454545454,block,point,linear,stat_rf,minirocket,1,1,True,0.6083527958527959,0.7729179604179603,0.1645651645651644
Adiac,1,0.3,176,52,0.2954545454545454,block,block,linear,stat_rf,stat_rf,1,1,False,0.1505391005391005,0.1505391005391005,0.0
Adiac,2,0.05,176,8,0.0454545454545454,point,point,linear,minirocket,minirocket,1,1,False,0.7792723417723418,0.7792723417723418,0.0
Adiac,2,0.05,176,8,0.0454545454545454,point,block,linear,minirocket,minirocket,1,1,False,0.7565289815289815,0.7565289815289815,0.0
Adiac,2,0.05,176,8,0.0454545454545454,block,point,linear,minirocket,minirocket,1,1,False,0.7792723417723418,0.7792723417723418,0.0
Adiac,2,0.05,176,8,0.0454545454545454,block,block,linear,minirocket,minirocket,1,1,False,0.7565289815289815,0.7565289815289815,0.0
Adiac,2,0.1,176,17,0.096590909090909,point,point,linear,minirocket,minirocket,1,1,False,0.7674194424194424,0.7674194424194424,0.0
Adiac,2,0.1,176,17,0.096590909090909,point,block,linear,minirocket,minirocket,1,1,False,0.6947982572982573,0.6947982572982573,0.0
Adiac,2,0.1,176,17,0.096590909090909,block,point,linear,minirocket,minirocket,1,1,False,0.7674194424194424,0.7674194424194424,0.0
Adiac,2,0.1,176,17,0.096590909090909,block,block,linear,minirocket,minirocket,1,1,False,0.6947982572982573,0.6947982572982573,0.0
Adiac,2,0.15,176,26,0.1477272727272727,point,point,linear,minirocket,minirocket,1,1,False,0.774522137022137,0.774522137022137,0.0
Adiac,2,0.15,176,26,0.1477272727272727,point,block,linear,minirocket,minirocket,1,1,False,0.5384326634326635,0.5384326634326635,0.0
Adiac,2,0.15,176,26,0.1477272727272727,block,point,linear,minirocket,minirocket,1,1,False,0.774522137022137,0.774522137022137,0.0
Adiac,2,0.15,176,26,0.1477272727272727,block,block,linear,minirocket,minirocket,1,1,False,0.5384326634326635,0.5384326634326635,0.0
Adiac,2,0.2,176,35,0.1988636363636363,point,point,linear,minirocket,minirocket,1,1,False,0.7706054456054456,0.7706054456054456,0.0
Adiac,2,0.2,176,35,0.1988636363636363,point,block,linear,minirocket,minirocket,1,1,False,0.3020838770838771,0.3020838770838771,0.0
Adiac,2,0.2,176,35,0.1988636363636363,block,point,linear,dtw,minirocket,1,1,True,0.5574827574827574,0.7706054456054456,0.2131226881226882
Adiac,2,0.2,176,35,0.1988636363636363,block,block,linear,dtw,minirocket,1,1,True,0.2018998643998643,0.3020838770838771,0.1001840126840127
Adiac,2,0.25,176,44,0.25,point,point,linear,minirocket,minirocket,1,1,False,0.7722573972573973,0.7722573972573973,0.0
Adiac,2,0.25,176,44,0.25,point,block,linear,minirocket,stat_rf,1,1,True,0.172014172014172,0.2086709086709086,0.0366567366567366
Adiac,2,0.25,176,44,0.25,block,point,linear,dtw,minirocket,1,1,True,0.5310308685308687,0.7722573972573973,0.2412265287265286
Adiac,2,0.25,176,44,0.25,block,block,linear,dtw,stat_rf,1,1,True,0.1228098853098853,0.2086709086709086,0.0858610233610233
Adiac,2,0.3,176,52,0.2954545454545454,point,point,linear,minirocket,minirocket,1,1,False,0.768996693996694,0.768996693996694,0.0
Adiac,2,0.3,176,52,0.2954545454545454,point,block,linear,minirocket,stat_rf,1,1,True,0.1117705117705117,0.152068502068502,0.0402979902979902
Adiac,2,0.3,176,52,0.2954545454545454,block,point,linear,stat_rf,minirocket,1,1,True,0.6207503457503457,0.768996693996694,0.1482463482463483
Adiac,2,0.3,176,52,0.2954545454545454,block,block,linear,stat_rf,stat_rf,1,1,False,0.152068502068502,0.152068502068502,0.0
Adiac,3,0.05,176,8,0.0454545454545454,point,point,linear,minirocket,minirocket,1,1,False,0.7759614259614259,0.7759614259614259,0.0
Adiac,3,0.05,176,8,0.0454545454545454,point,block,linear,minirocket,minirocket,1,1,False,0.7642182142182142,0.7642182142182142,0.0
Adiac,3,0.05,176,8,0.0454545454545454,block,point,linear,minirocket,minirocket,1,1,False,0.7759614259614259,0.7759614259614259,0.0
Adiac,3,0.05,176,8,0.0454545454545454,block,block,linear,minirocket,minirocket,1,1,False,0.7642182142182142,0.7642182142182142,0.0
Adiac,3,0.1,176,17,0.096590909090909,point,point,linear,minirocket,minirocket,1,1,False,0.7772169272169271,0.7772169272169271,0.0
Adiac,3,0.1,176,17,0.096590909090909,point,block,linear,minirocket,minirocket,1,1,False,0.709991584991585,0.709991584991585,0.0
Adiac,3,0.1,176,17,0.096590909090909,block,point,linear,minirocket,minirocket,1,1,False,0.7772169272169271,0.7772169272169271,0.0
Adiac,3,0.1,176,17,0.096590909090909,block,block,linear,minirocket,minirocket,1,1,False,0.709991584991585,0.709991584991585,0.0
Adiac,3,0.15,176,26,0.1477272727272727,point,point,linear,minirocket,minirocket,1,1,False,0.7847093222093221,0.7847093222093221,0.0
Adiac,3,0.15,176,26,0.1477272727272727,point,block,linear,minirocket,minirocket,1,1,False,0.5121316746316746,0.5121316746316746,0.0
Adiac,3,0.15,176,26,0.1477272727272727,block,point,linear,minirocket,minirocket,1,1,False,0.7847093222093221,0.7847093222093221,0.0
Adiac,3,0.15,176,26,0.1477272727272727,block,block,linear,minirocket,minirocket,1,1,False,0.5121316746316746,0.5121316746316746,0.0
Adiac,3,0.2,176,35,0.1988636363636363,point,point,linear,minirocket,minirocket,1,1,False,0.7813631188631188,0.7813631188631188,0.0
Adiac,3,0.2,176,35,0.1988636363636363,point,block,linear,minirocket,minirocket,1,1,False,0.3313055188055188,0.3313055188055188,0.0
Adiac,3,0.2,176,35,0.1988636363636363,block,point,linear,minirocket,minirocket,1,1,False,0.7813631188631188,0.7813631188631188,0.0
Adiac,3,0.2,176,35,0.1988636363636363,block,block,linear,minirocket,minirocket,1,1,False,0.3313055188055188,0.3313055188055188,0.0
Adiac,3,0.25,176,44,0.25,point,point,linear,minirocket,minirocket,1,1,False,0.7700894825894824,0.7700894825894824,0.0
Adiac,3,0.25,176,44,0.25,point,block,linear,minirocket,stat_rf,1,1,True,0.174056049056049,0.1945776445776446,0.0205215955215955
Adiac,3,0.25,176,44,0.25,block,point,linear,minirocket,minirocket,1,1,False,0.7700894825894824,0.7700894825894824,0.0
Adiac,3,0.25,176,44,0.25,block,block,linear,minirocket,stat_rf,1,1,True,0.174056049056049,0.1945776445776446,0.0205215955215955
Adiac,3,0.3,176,52,0.2954545454545454,point,point,linear,minirocket,minirocket,1,1,False,0.7732316107316106,0.7732316107316106,0.0
Adiac,3,0.3,176,52,0.2954545454545454,point,block,linear,minirocket,stat_rf,1,1,True,0.1028349278349278,0.1531287781287781,0.0502938502938502
Adiac,3,0.3,176,52,0.2954545454545454,block,point,linear,minirocket,minirocket,1,1,False,0.7732316107316106,0.7732316107316106,0.0
Adiac,3,0.3,176,52,0.2954545454545454,block,block,linear,minirocket,stat_rf,1,1,True,0.1028349278349278,0.1531287781287781,0.0502938502938502
Adiac,4,0.05,176,8,0.0454545454545454,point,point,linear,minirocket,minirocket,1,1,False,0.7981761481761481,0.7981761481761481,0.0
Adiac,4,0.05,176,8,0.0454545454545454,point,block,linear,minirocket,minirocket,1,1,False,0.7941908316908316,0.7941908316908316,0.0
Adiac,4,0.05,176,8,0.0454545454545454,block,point,linear,minirocket,minirocket,1,1,False,0.7981761481761481,0.7981761481761481,0.0
Adiac,4,0.05,176,8,0.0454545454545454,block,block,linear,minirocket,minirocket,1,1,False,0.7941908316908316,0.7941908316908316,0.0
Adiac,4,0.1,176,17,0.096590909090909,point,point,linear,minirocket,minirocket,1,1,False,0.7889703764703764,0.7889703764703764,0.0
Adiac,4,0.1,176,17,0.096590909090909,point,block,linear,minirocket,minirocket,1,1,False,0.691961191961192,0.691961191961192,0.0
Adiac,4,0.1,176,17,0.096590909090909,block,point,linear,minirocket,minirocket,1,1,False,0.7889703764703764,0.7889703764703764,0.0
Adiac,4,0.1,176,17,0.096590909090909,block,block,linear,minirocket,minirocket,1,1,False,0.691961191961192,0.691961191961192,0.0
Adiac,4,0.15,176,26,0.1477272727272727,point,point,linear,minirocket,minirocket,1,1,False,0.7982931482931482,0.7982931482931482,0.0
Adiac,4,0.15,176,26,0.1477272727272727,point,block,linear,minirocket,minirocket,1,1,False,0.493086268086268,0.493086268086268,0.0
Adiac,4,0.15,176,26,0.1477272727272727,block,point,linear,minirocket,minirocket,1,1,False,0.7982931482931482,0.7982931482931482,0.0
Adiac,4,0.15,176,26,0.1477272727272727,block,block,linear,minirocket,minirocket,1,1,False,0.493086268086268,0.493086268086268,0.0
Adiac,4,0.2,176,35,0.1988636363636363,point,point,linear,minirocket,minirocket,1,1,False,0.7873616248616248,0.7873616248616248,0.0
Adiac,4,0.2,176,35,0.1988636363636363,point,block,linear,minirocket,minirocket,1,1,False,0.3122943122943123,0.3122943122943123,0.0
Adiac,4,0.2,176,35,0.1988636363636363,block,point,linear,minirocket,minirocket,1,1,False,0.7873616248616248,0.7873616248616248,0.0
Adiac,4,0.2,176,35,0.1988636363636363,block,block,linear,minirocket,minirocket,1,1,False,0.3122943122943123,0.3122943122943123,0.0
Adiac,4,0.25,176,44,0.25,point,point,linear,minirocket,minirocket,1,1,False,0.7907159282159282,0.7907159282159282,0.0
Adiac,4,0.25,176,44,0.25,point,block,linear,minirocket,stat_rf,1,1,True,0.1777090402090402,0.2008075258075257,0.0230984855984855
Adiac,4,0.25,176,44,0.25,block,point,linear,minirocket,minirocket,1,1,False,0.7907159282159282,0.7907159282159282,0.0
Adiac,4,0.25,176,44,0.25,block,block,linear,minirocket,stat_rf,1,1,True,0.1777090402090402,0.2008075258075257,0.0230984855984855
Adiac,4,0.3,176,52,0.2954545454545454,point,point,linear,minirocket,minirocket,1,1,False,0.7700244575244575,0.7700244575244575,0.0
Adiac,4,0.3,176,52,0.2954545454545454,point,block,linear,minirocket,stat_rf,1,1,True,0.1218458718458718,0.1896515646515646,0.0678056928056928
Adiac,4,0.3,176,52,0.2954545454545454,block,point,linear,stat_rf,minirocket,1,1,True,0.5933026433026433,0.7700244575244575,0.1767218142218142
Adiac,4,0.3,176,52,0.2954545454545454,block,block,linear,stat_rf,stat_rf,1,1,False,0.1896515646515646,0.1896515646515646,0.0
Adiac,5,0.05,176,8,0.0454545454545454,point,point,linear,minirocket,minirocket,1,1,False,0.779097029097029,0.779097029097029,0.0
Adiac,5,0.05,176,8,0.0454545454545454,point,block,linear,minirocket,minirocket,1,1,False,0.7678042678042677,0.7678042678042677,0.0
Adiac,5,0.05,176,8,0.0454545454545454,block,point,linear,minirocket,minirocket,1,1,False,0.779097029097029,0.779097029097029,0.0
Adiac,5,0.05,176,8,0.0454545454545454,block,block,linear,minirocket,minirocket,1,1,False,0.7678042678042677,0.7678042678042677,0.0
Adiac,5,0.1,176,17,0.096590909090909,point,point,linear,minirocket,minirocket,1,1,False,0.7741420741420741,0.7741420741420741,0.0
Adiac,5,0.1,176,17,0.096590909090909,point,block,linear,minirocket,minirocket,1,1,False,0.7012131637131636,0.7012131637131636,0.0
Adiac,5,0.1,176,17,0.096590909090909,block,point,linear,minirocket,minirocket,1,1,False,0.7741420741420741,0.7741420741420741,0.0
Adiac,5,0.1,176,17,0.096590909090909,block,block,linear,minirocket,minirocket,1,1,False,0.7012131637131636,0.7012131637131636,0.0
Adiac,5,0.15,176,26,0.1477272727272727,point,point,linear,minirocket,minirocket,1,1,False,0.7719307719307719,0.7719307719307719,0.0
Adiac,5,0.15,176,26,0.1477272727272727,point,block,linear,minirocket,minirocket,1,1,False,0.5511599886599887,0.5511599886599887,0.0
Adiac,5,0.15,176,26,0.1477272727272727,block,point,linear,minirocket,minirocket,1,1,False,0.7719307719307719,0.7719307719307719,0.0
Adiac,5,0.15,176,26,0.1477272727272727,block,block,linear,minirocket,minirocket,1,1,False,0.5511599886599887,0.5511599886599887,0.0
Adiac,5,0.2,176,35,0.1988636363636363,point,point,linear,minirocket,minirocket,1,1,False,0.7733913233913233,0.7733913233913233,0.0
Adiac,5,0.2,176,35,0.1988636363636363,point,block,linear,minirocket,minirocket,1,1,False,0.3218315843315844,0.3218315843315844,0.0
Adiac,5,0.2,176,35,0.1988636363636363,block,point,linear,minirocket,minirocket,1,1,False,0.7733913233913233,0.7733913233913233,0.0
Adiac,5,0.2,176,35,0.1988636363636363,block,block,linear,minirocket,minirocket,1,1,False,0.3218315843315844,0.3218315843315844,0.0
Adiac,5,0.25,176,44,0.25,point,point,linear,minirocket,minirocket,1,1,False,0.7667907542907543,0.7667907542907543,0.0
Adiac,5,0.25,176,44,0.25,point,block,linear,minirocket,stat_rf,1,1,True,0.1892893517893518,0.2197341697341697,0.0304448179448179
Adiac,5,0.25,176,44,0.25,block,point,linear,minirocket,minirocket,1,1,False,0.7667907542907543,0.7667907542907543,0.0
Adiac,5,0.25,176,44,0.25,block,block,linear,minirocket,stat_rf,1,1,True,0.1892893517893518,0.2197341697341697,0.0304448179448179
Adiac,5,0.3,176,52,0.2954545454545454,point,point,linear,minirocket,minirocket,1,1,False,0.7710905085905086,0.7710905085905086,0.0
Adiac,5,0.3,176,52,0.2954545454545454,point,block,linear,minirocket,stat_rf,1,1,True,0.1237636237636237,0.202017127017127,0.0782535032535032
Adiac,5,0.3,176,52,0.2954545454545454,block,point,linear,stat_rf,minirocket,1,1,True,0.6494506244506244,0.7710905085905086,0.1216398841398842
Adiac,5,0.3,176,52,0.2954545454545454,block,block,linear,stat_rf,stat_rf,1,1,False,0.202017127017127,0.202017127017127,0.0
ArrowHead,1,0.05,251,12,0.047808764940239,point,point,linear,minirocket,minirocket,1,1,False,0.8303709780329962,0.8303709780329962,0.0
ArrowHead,1,0.05,251,12,0.047808764940239,point,block,linear,minirocket,minirocket,1,1,False,0.8366602862090967,0.8366602862090967,0.0
ArrowHead,1,0.05,251,12,0.047808764940239,block,point,linear,minirocket,minirocket,1,1,False,0.8303709780329962,0.8303709780329962,0.0
ArrowHead,1,0.05,251,12,0.047808764940239,block,block,linear,minirocket,minirocket,1,1,False,0.8366602862090967,0.8366602862090967,0.0
ArrowHead,1,0.1,251,25,0.099601593625498,point,point,linear,minirocket,minirocket,1,1,False,0.8414912040834928,0.8414912040834928,0.0
ArrowHead,1,0.1,251,25,0.099601593625498,point,block,linear,minirocket,minirocket,1,1,False,0.7829732932276,0.7829732932276,0.0
ArrowHead,1,0.1,251,25,0.099601593625498,block,point,linear,minirocket,minirocket,1,1,False,0.8414912040834928,0.8414912040834928,0.0
ArrowHead,1,0.1,251,25,0.099601593625498,block,block,linear,minirocket,minirocket,1,1,False,0.7829732932276,0.7829732932276,0.0
ArrowHead,1,0.15,251,37,0.147410358565737,point,point,linear,minirocket,minirocket,1,1,False,0.8429495943851973,0.8429495943851973,0.0
ArrowHead,1,0.15,251,37,0.147410358565737,point,block,linear,minirocket,minirocket,1,1,False,0.7017591833014309,0.7017591833014309,0.0
ArrowHead,1,0.15,251,37,0.147410358565737,block,point,linear,minirocket,minirocket,1,1,False,0.8429495943851973,0.8429495943851973,0.0
ArrowHead,1,0.15,251,37,0.147410358565737,block,block,linear,minirocket,minirocket,1,1,False,0.7017591833014309,0.7017591833014309,0.0
ArrowHead,1,0.2,251,50,0.199203187250996,point,point,linear,minirocket,minirocket,1,1,False,0.849238902561298,0.849238902561298,0.0
ArrowHead,1,0.2,251,50,0.199203187250996,point,block,linear,minirocket,minirocket,1,1,False,0.6016771488469602,0.6016771488469602,0.0
ArrowHead,1,0.2,251,50,0.199203187250996,block,point,linear,minirocket,minirocket,1,1,False,0.849238902561298,0.849238902561298,0.0
ArrowHead,1,0.2,251,50,0.199203187250996,block,block,linear,minirocket,minirocket,1,1,False,0.6016771488469602,0.6016771488469602,0.0
ArrowHead,1,0.25,251,62,0.247011952191235,point,point,linear,minirocket,minirocket,1,1,False,0.8303709780329962,0.8303709780329962,0.0
ArrowHead,1,0.25,251,62,0.247011952191235,point,block,linear,minirocket,minirocket,1,1,False,0.5238355664934828,0.5238355664934828,0.0
ArrowHead,1,0.25,251,62,0.247011952191235,block,point,linear,minirocket,minirocket,1,1,False,0.8303709780329962,0.8303709780329962,0.0
ArrowHead,1,0.25,251,62,0.247011952191235,block,block,linear,minirocket,minirocket,1,1,False,0.5238355664934828,0.5238355664934828,0.0
ArrowHead,1,0.3,251,75,0.298804780876494,point,point,linear,minirocket,minirocket,1,1,False,0.8207091422842039,0.8207091422842039,0.0
ArrowHead,1,0.3,251,75,0.298804780876494,point,block,linear,minirocket,minirocket,1,1,False,0.4634035183666028,0.4634035183666028,0.0
ArrowHead,1,0.3,251,75,0.298804780876494,block,point,linear,dtw,minirocket,1,1,True,0.6716798833287757,0.8207091422842039,0.1490292589554281
ArrowHead,1,0.3,251,75,0.298804780876494,block,block,linear,dtw,minirocket,1,1,True,0.348737580895087,0.4634035183666028,0.1146659374715158
ArrowHead,2,0.05,251,12,0.047808764940239,point,point,linear,minirocket,minirocket,1,1,False,0.84340534135448,0.84340534135448,0.0
ArrowHead,2,0.05,251,12,0.047808764940239,point,block,linear,minirocket,minirocket,1,1,False,0.8322851153039833,0.8322851153039833,0.0
ArrowHead,2,0.05,251,12,0.047808764940239,block,point,linear,minirocket,minirocket,1,1,False,0.84340534135448,0.84340534135448,0.0
ArrowHead,2,0.05,251,12,0.047808764940239,block,block,linear,minirocket,minirocket,1,1,False,0.8322851153039833,0.8322851153039833,0.0
ArrowHead,2,0.1,251,25,0.099601593625498,point,point,linear,minirocket,minirocket,1,1,False,0.8322851153039833,0.8322851153039833,0.0
ArrowHead,2,0.1,251,25,0.099601593625498,point,block,linear,minirocket,minirocket,1,1,False,0.7762282380822167,0.7762282380822167,0.0
ArrowHead,2,0.1,251,25,0.099601593625498,block,point,linear,minirocket,minirocket,1,1,False,0.8322851153039833,0.8322851153039833,0.0
ArrowHead,2,0.1,251,25,0.099601593625498,block,block,linear,minirocket,minirocket,1,1,False,0.7762282380822167,0.7762282380822167,0.0
ArrowHead,2,0.15,251,37,0.147410358565737,point,point,linear,minirocket,minirocket,1,1,False,0.8337435056056878,0.8337435056056878,0.0
ArrowHead,2,0.15,251,37,0.147410358565737,point,block,linear,minirocket,minirocket,1,1,False,0.666028620909671,0.666028620909671,0.0
ArrowHead,2,0.15,251,37,0.147410358565737,block,point,linear,dtw,minirocket,2,1,True,0.6687631027253668,0.8337435056056878,0.164980402880321
ArrowHead,2,0.15,251,37,0.147410358565737,block,block,linear,dtw,minirocket,2,1,True,0.5416096982955064,0.666028620909671,0.1244189226141645
ArrowHead,2,0.2,251,50,0.199203187250996,point,point,linear,minirocket,minirocket,1,1,False,0.8400328137817884,0.8400328137817884,0.0
ArrowHead,2,0.2,251,50,0.199203187250996,point,block,linear,minirocket,minirocket,1,1,False,0.5088870659010117,0.5088870659010117,0.0
ArrowHead,2,0.2,251,50,0.199203187250996,block,point,linear,minirocket,minirocket,3,1,False,0.8400328137817884,0.8400328137817884,0.0
ArrowHead,2,0.2,251,50,0.199203187250996,block,block,linear,minirocket,minirocket,3,1,False,0.5088870659010117,0.5088870659010117,0.0
ArrowHead,2,0.25,251,62,0.247011952191235,point,point,linear,minirocket,minirocket,1,1,False,0.8448637316561843,0.8448637316561843,0.0
ArrowHead,2,0.25,251,62,0.247011952191235,point,block,linear,minirocket,minirocket,1,1,False,0.474067997447817,0.474067997447817,0.0
ArrowHead,2,0.25,251,62,0.247011952191235,block,point,linear,dtw,minirocket,1,1,True,0.6591012669765745,0.8448637316561843,0.1857624646796098
ArrowHead,2,0.25,251,62,0.247011952191235,block,block,linear,dtw,minirocket,1,1,True,0.4024245738765837,0.474067997447817,0.0716434235712332
ArrowHead,2,0.3,251,75,0.298804780876494,point,point,linear,minirocket,minirocket,1,1,False,0.8352018959073922,0.8352018959073922,0.0
ArrowHead,2,0.3,251,75,0.298804780876494,point,block,linear,minirocket,minirocket,1,1,False,0.4788989153222131,0.4788989153222131,0.0
ArrowHead,2,0.3,251,75,0.298804780876494,block,point,linear,stat_rf,minirocket,1,1,True,0.6179017409534225,0.8352018959073922,0.2173001549539697
ArrowHead,2,0.3,251,75,0.298804780876494,block,block,linear,stat_rf,minirocket,1,1,True,0.4259411174915686,0.4788989153222131,0.0529577978306444
ArrowHead,3,0.05,251,12,0.047808764940239,point,point,linear,minirocket,minirocket,2,1,False,0.8167897183483731,0.8167897183483731,0.0
ArrowHead,3,0.05,251,12,0.047808764940239,point,block,linear,minirocket,minirocket,2,1,False,0.7993801841217757,0.7993801841217757,0.0
ArrowHead,3,0.05,251,12,0.047808764940239,block,point,linear,minirocket,minirocket,2,1,False,0.8167897183483731,0.8167897183483731,0.0
ArrowHead,3,0.05,251,12,0.047808764940239,block,block,linear,minirocket,minirocket,2,1,False,0.7993801841217757,0.7993801841217757,0.0
ArrowHead,3,0.1,251,25,0.099601593625498,point,point,linear,minirocket,minirocket,2,1,False,0.8167897183483731,0.8167897183483731,0.0
ArrowHead,3,0.1,251,25,0.099601593625498,point,block,linear,minirocket,minirocket,2,1,False,0.7597301977941847,0.7597301977941847,0.0
ArrowHead,3,0.1,251,25,0.099601593625498,block,point,linear,minirocket,minirocket,1,1,False,0.8167897183483731,0.8167897183483731,0.0
ArrowHead,3,0.1,251,25,0.099601593625498,block,block,linear,minirocket,minirocket,1,1,False,0.7597301977941847,0.7597301977941847,0.0
ArrowHead,3,0.15,251,37,0.147410358565737,point,point,linear,dtw,minirocket,2,1,True,0.6803390757451462,0.8230790265244736,0.1427399507793274
ArrowHead,3,0.15,251,37,0.147410358565737,point,block,linear,dtw,minirocket,2,1,True,0.5972108285479901,0.6403244918421293,0.0431136632941391
ArrowHead,3,0.15,251,37,0.147410358565737,block,point,linear,minirocket,minirocket,1,1,False,0.8230790265244736,0.8230790265244736,0.0
ArrowHead,3,0.15,251,37,0.147410358565737,block,block,linear,minirocket,minirocket,1,1,False,0.6403244918421293,0.6403244918421293,0.0
ArrowHead,3,0.2,251,50,0.199203187250996,point,point,linear,minirocket,minirocket,2,1,False,0.8167897183483731,0.8167897183483731,0.0
ArrowHead,3,0.2,251,50,0.199203187250996,point,block,linear,minirocket,minirocket,2,1,False,0.5272080940661744,0.5272080940661744,0.0
ArrowHead,3,0.2,251,50,0.199203187250996,block,point,linear,minirocket,minirocket,1,1,False,0.8167897183483731,0.8167897183483731,0.0
ArrowHead,3,0.2,251,50,0.199203187250996,block,block,linear,minirocket,minirocket,1,1,False,0.5272080940661744,0.5272080940661744,0.0
ArrowHead,3,0.25,251,62,0.247011952191235,point,point,linear,dtw,minirocket,2,1,True,0.6817974660468508,0.8230790265244736,0.1412815604776228
ArrowHead,3,0.25,251,62,0.247011952191235,point,block,linear,dtw,dtw,2,1,False,0.4560204174642239,0.4560204174642239,0.0
ArrowHead,3,0.25,251,62,0.247011952191235,block,point,linear,minirocket,minirocket,1,1,False,0.8230790265244736,0.8230790265244736,0.0
ArrowHead,3,0.25,251,62,0.247011952191235,block,block,linear,minirocket,dtw,1,1,True,0.3952237717619178,0.4560204174642239,0.060796645702306
ArrowHead,3,0.3,251,75,0.298804780876494,point,point,linear,minirocket,minirocket,2,1,False,0.8167897183483731,0.8167897183483731,0.0
ArrowHead,3,0.3,251,75,0.298804780876494,point,block,linear,minirocket,stat_rf,2,1,True,0.3647798742138364,0.4307720353659648,0.0659921611521283
ArrowHead,3,0.3,251,75,0.298804780876494,block,point,linear,stat_rf,minirocket,2,1,True,0.503782699845046,0.8167897183483731,0.3130070185033271
ArrowHead,3,0.3,251,75,0.298804780876494,block,block,linear,stat_rf,stat_rf,2,1,False,0.4307720353659648,0.4307720353659648,0.0
ArrowHead,4,0.05,251,12,0.047808764940239,point,point,linear,minirocket,minirocket,1,1,False,0.8312824719715614,0.8312824719715614,0.0
ArrowHead,4,0.05,251,12,0.047808764940239,point,block,linear,minirocket,minirocket,1,1,False,0.8201622459210647,0.8201622459210647,0.0
ArrowHead,4,0.05,251,12,0.047808764940239,block,point,linear,minirocket,minirocket,1,1,False,0.8312824719715614,0.8312824719715614,0.0
ArrowHead,4,0.05,251,12,0.047808764940239,block,block,linear,minirocket,minirocket,1,1,False,0.8201622459210647,0.8201622459210647,0.0
ArrowHead,4,0.1,251,25,0.099601593625498,point,point,linear,minirocket,minirocket,1,1,False,0.8249931637954608,0.8249931637954608,0.0
ArrowHead,4,0.1,251,25,0.099601593625498,point,block,linear,minirocket,minirocket,1,1,False,0.7674778962719898,0.7674778962719898,0.0
ArrowHead,4,0.1,251,25,0.099601593625498,block,point,linear,minirocket,minirocket,1,1,False,0.8249931637954608,0.8249931637954608,0.0
ArrowHead,4,0.1,251,25,0.099601593625498,block,block,linear,minirocket,minirocket,1,1,False,0.7674778962719898,0.7674778962719898,0.0
ArrowHead,4,0.15,251,37,0.147410358565737,point,point,linear,minirocket,minirocket,1,1,False,0.8312824719715614,0.8312824719715614,0.0
ArrowHead,4,0.15,251,37,0.147410358565737,point,block,linear,minirocket,minirocket,1,1,False,0.6495305806216388,0.6495305806216388,0.0
ArrowHead,4,0.15,251,37,0.147410358565737,block,point,linear,minirocket,minirocket,1,1,False,0.8312824719715614,0.8312824719715614,0.0
ArrowHead,4,0.15,251,37,0.147410358565737,block,block,linear,minirocket,minirocket,1,1,False,0.6495305806216388,0.6495305806216388,0.0
ArrowHead,4,0.2,251,50,0.199203187250996,point,point,linear,minirocket,minirocket,1,1,False,0.8201622459210647,0.8201622459210647,0.0
ArrowHead,4,0.2,251,50,0.199203187250996,point,block,linear,minirocket,minirocket,1,1,False,0.5324947589098533,0.5324947589098533,0.0
ArrowHead,4,0.2,251,50,0.199203187250996,block,point,linear,minirocket,minirocket,1,1,False,0.8201622459210647,0.8201622459210647,0.0
ArrowHead,4,0.2,251,50,0.199203187250996,block,block,linear,minirocket,minirocket,1,1,False,0.5324947589098533,0.5324947589098533,0.0
ArrowHead,4,0.25,251,62,0.247011952191235,point,point,linear,minirocket,minirocket,1,1,False,0.8201622459210647,0.8201622459210647,0.0
ArrowHead,4,0.25,251,62,0.247011952191235,point,block,linear,minirocket,minirocket,1,1,False,0.4798104092607784,0.4798104092607784,0.0
ArrowHead,4,0.25,251,62,0.247011952191235,block,point,linear,minirocket,minirocket,1,1,False,0.8201622459210647,0.8201622459210647,0.0
ArrowHead,4,0.25,251,62,0.247011952191235,block,block,linear,minirocket,minirocket,1,1,False,0.4798104092607784,0.4798104092607784,0.0
ArrowHead,4,0.3,251,75,0.298804780876494,point,point,linear,minirocket,minirocket,1,1,False,0.8105004101722724,0.8105004101722724,0.0
ArrowHead,4,0.3,251,75,0.298804780876494,point,block,linear,minirocket,minirocket,1,1,False,0.4913863822805578,0.4913863822805578,0.0
ArrowHead,4,0.3,251,75,0.298804780876494,block,point,linear,minirocket,minirocket,2,1,False,0.8105004101722724,0.8105004101722724,0.0
ArrowHead,4,0.3,251,75,0.298804780876494,block,block,linear,minirocket,minirocket,2,1,False,0.4913863822805578,0.4913863822805578,0.0
ArrowHead,5,0.05,251,12,0.047808764940239,point,point,linear,dtw,minirocket,1,1,True,0.6745055145383283,0.8602679792179382,0.1857624646796098
ArrowHead,5,0.05,251,12,0.047808764940239,point,block,linear,dtw,minirocket,1,1,True,0.6759639048400329,0.8650988970923343,0.1891349922523014
ArrowHead,5,0.05,251,12,0.047808764940239,block,point,linear,dtw,minirocket,1,1,True,0.6745055145383283,0.8602679792179382,0.1857624646796098
ArrowHead,5,0.05,251,12,0.047808764940239,block,block,linear,dtw,minirocket,1,1,True,0.6759639048400329,0.8650988970923343,0.1891349922523014
ArrowHead,5,0.1,251,25,0.099601593625498,point,point,linear,dtw,minirocket,1,1,True,0.6696745966639321,0.8713882052684351,0.2017136086045029
ArrowHead,5,0.1,251,25,0.099601593625498,point,block,linear,dtw,minirocket,1,1,True,0.6673047124236624,0.834654999544253,0.1673502871205906
ArrowHead,5,0.1,251,25,0.099601593625498,block,point,linear,minirocket,minirocket,1,1,False,0.8713882052684351,0.8713882052684351,0.0
ArrowHead,5,0.1,251,25,0.099601593625498,block,block,linear,minirocket,minirocket,1,1,False,0.834654999544253,0.834654999544253,0.0
ArrowHead,5,0.15,251,37,0.147410358565737,point,point,linear,dtw,minirocket,1,1,True,0.6696745966639321,0.8602679792179382,0.190593382554006
ArrowHead,5,0.15,251,37,0.147410358565737,point,block,linear,dtw,minirocket,1,1,True,0.5991249658189773,0.7075015951143925,0.1083766292954151
ArrowHead,5,0.15,251,37,0.147410358565737,block,point,linear,minirocket,minirocket,1,1,False,0.8602679792179382,0.8602679792179382,0.0
ArrowHead,5,0.15,251,37,0.147410358565737,block,block,linear,minirocket,minirocket,1,1,False,0.7075015951143925,0.7075015951143925,0.0
ArrowHead,5,0.2,251,50,0.199203187250996,point,point,linear,minirocket,minirocket,2,1,False,0.87913590374624,0.87913590374624,0.0
ArrowHead,5,0.2,251,50,0.199203187250996,point,block,linear,minirocket,minirocket,2,1,False,0.6065080667213563,0.6065080667213563,0.0
ArrowHead,5,0.2,251,50,0.199203187250996,block,point,linear,dtw,minirocket,1,1,True,0.664843678789536,0.87913590374624,0.2142922249567039
ArrowHead,5,0.2,251,50,0.199203187250996,block,block,linear,dtw,minirocket,1,1,True,0.5294868289125877,0.6065080667213563,0.0770212378087685
ArrowHead,5,0.25,251,62,0.247011952191235,point,point,linear,dtw,minirocket,1,1,True,0.680794822714429,0.8728465955701395,0.1920517728557105
ArrowHead,5,0.25,251,62,0.247011952191235,point,block,linear,dtw,minirocket,1,1,True,0.4197429587093246,0.5088870659010117,0.0891441071916871
ArrowHead,5,0.25,251,62,0.247011952191235,block,point,linear,minirocket,minirocket,1,1,False,0.8728465955701395,0.8728465955701395,0.0
ArrowHead,5,0.25,251,62,0.247011952191235,block,block,linear,minirocket,minirocket,1,1,False,0.5088870659010117,0.5088870659010117,0.0
ArrowHead,5,0.3,251,75,0.298804780876494,point,point,linear,minirocket,minirocket,2,1,False,0.8680156776957434,0.8680156776957434,0.0
ArrowHead,5,0.3,251,75,0.298804780876494,point,block,linear,minirocket,minirocket,2,1,False,0.4262145656731382,0.4262145656731382,0.0
ArrowHead,5,0.3,251,75,0.298804780876494,block,point,linear,dtw,minirocket,1,1,True,0.6745055145383283,0.8680156776957434,0.1935101631574151
ArrowHead,5,0.3,251,75,0.298804780876494,block,block,linear,dtw,minirocket,1,1,True,0.3800929723817337,0.4262145656731382,0.0461215932914045
Beef,1,0.05,470,23,0.0489361702127659,point,point,linear,minirocket,minirocket,3,1,False,0.6666666666666666,0.6666666666666666,0.0
Beef,1,0.05,470,23,0.0489361702127659,point,block,linear,minirocket,dtw|minirocket,3,2,False,0.6,0.6,0.0
Beef,1,0.05,470,23,0.0489361702127659,block,point,linear,dtw,minirocket,2,1,True,0.6333333333333334,0.6666666666666666,0.0333333333333332
Beef,1,0.05,470,23,0.0489361702127659,block,block,linear,dtw,dtw|minirocket,2,2,False,0.6,0.6,0.0
Beef,1,0.1,470,47,0.1,point,point,linear,minirocket,minirocket,3,1,False,0.6666666666666666,0.6666666666666666,0.0
Beef,1,0.1,470,47,0.1,point,block,linear,minirocket,dtw,3,1,True,0.4,0.6,0.1999999999999999
Beef,1,0.1,470,47,0.1,block,point,linear,dtw,minirocket,1,1,True,0.5666666666666667,0.6666666666666666,0.0999999999999999
Beef,1,0.1,470,47,0.1,block,block,linear,dtw,dtw,1,1,False,0.6,0.6,0.0
Beef,1,0.15,470,70,0.1489361702127659,point,point,linear,dtw,minirocket,3,1,True,0.5666666666666667,0.6666666666666666,0.0999999999999999
Beef,1,0.15,470,70,0.1489361702127659,point,block,linear,dtw,dtw,3,1,False,0.5666666666666667,0.5666666666666667,0.0
Beef,1,0.15,470,70,0.1489361702127659,block,point,linear,dtw,minirocket,1,1,True,0.5666666666666667,0.6666666666666666,0.0999999999999999
Beef,1,0.15,470,70,0.1489361702127659,block,block,linear,dtw,dtw,1,1,False,0.5666666666666667,0.5666666666666667,0.0
Beef,1,0.2,470,94,0.2,point,point,linear,stat_rf,minirocket,3,1,True,0.4333333333333333,0.6666666666666666,0.2333333333333333
Beef,1,0.2,470,94,0.2,point,block,linear,stat_rf,dtw,3,1,True,0.4333333333333333,0.5666666666666667,0.1333333333333333
Beef,1,0.2,470,94,0.2,block,point,linear,dtw,minirocket,1,1,True,0.5666666666666667,0.6666666666666666,0.0999999999999999
Beef,1,0.2,470,94,0.2,block,block,linear,dtw,dtw,1,1,False,0.5666666666666667,0.5666666666666667,0.0
Beef,1,0.25,470,117,0.2489361702127659,point,point,linear,dtw,minirocket,3,1,True,0.5666666666666667,0.6666666666666666,0.0999999999999999
Beef,1,0.25,470,117,0.2489361702127659,point,block,linear,dtw,dtw,3,1,False,0.5,0.5,0.0
Beef,1,0.25,470,117,0.2489361702127659,block,point,linear,dtw,minirocket,1,1,True,0.5666666666666667,0.6666666666666666,0.0999999999999999
Beef,1,0.25,470,117,0.2489361702127659,block,block,linear,dtw,dtw,1,1,False,0.5,0.5,0.0
Beef,1,0.3,470,141,0.3,point,point,linear,minirocket,minirocket,3,1,False,0.6666666666666666,0.6666666666666666,0.0
Beef,1,0.3,470,141,0.3,point,block,linear,minirocket,dtw|stat_rf,3,2,True,0.1666666666666666,0.3666666666666666,0.1999999999999999
Beef,1,0.3,470,141,0.3,block,point,linear,stat_rf,minirocket,2,1,True,0.4333333333333333,0.6666666666666666,0.2333333333333333
Beef,1,0.3,470,141,0.3,block,block,linear,stat_rf,dtw|stat_rf,2,2,False,0.3666666666666666,0.3666666666666666,0.0
Beef,2,0.05,470,23,0.0489361702127659,point,point,linear,minirocket,minirocket,2,1,False,0.7333333333333334,0.7333333333333334,0.0
Beef,2,0.05,470,23,0.0489361702127659,point,block,linear,minirocket,minirocket,2,1,False,0.7333333333333334,0.7333333333333334,0.0
Beef,2,0.05,470,23,0.0489361702127659,block,point,linear,minirocket,minirocket,1,1,False,0.7333333333333334,0.7333333333333334,0.0
Beef,2,0.05,470,23,0.0489361702127659,block,block,linear,minirocket,minirocket,1,1,False,0.7333333333333334,0.7333333333333334,0.0
Beef,2,0.1,470,47,0.1,point,point,linear,dtw,minirocket,2,1,True,0.5666666666666667,0.7333333333333334,0.1666666666666667
Beef,2,0.1,470,47,0.1,point,block,linear,dtw,minirocket,2,1,True,0.5333333333333333,0.5999999999999999,0.0666666666666665
Beef,2,0.1,470,47,0.1,block,point,linear,dtw,minirocket,1,1,True,0.5666666666666667,0.7333333333333334,0.1666666666666667
Beef,2,0.1,470,47,0.1,block,block,linear,dtw,minirocket,1,1,True,0.5333333333333333,0.5999999999999999,0.0666666666666665
Beef,2,0.15,470,70,0.1489361702127659,point,point,linear,dtw,minirocket,2,1,True,0.5333333333333334,0.7333333333333334,0.1999999999999999
Beef,2,0.15,470,70,0.1489361702127659,point,block,linear,dtw,dtw,2,1,False,0.4666666666666667,0.4666666666666667,0.0
Beef,2,0.15,470,70,0.1489361702127659,block,point,linear,dtw,minirocket,1,1,True,0.5333333333333334,0.7333333333333334,0.1999999999999999
Beef,2,0.15,470,70,0.1489361702127659,block,block,linear,dtw,dtw,1,1,False,0.4666666666666667,0.4666666666666667,0.0
Beef,2,0.2,470,94,0.2,point,point,linear,dtw,minirocket,2,1,True,0.5666666666666667,0.7666666666666667,0.2
Beef,2,0.2,470,94,0.2,point,block,linear,dtw,stat_rf,2,1,True,0.4333333333333333,0.4666666666666667,0.0333333333333333
Beef,2,0.2,470,94,0.2,block,point,linear,dtw,minirocket,2,1,True,0.5666666666666667,0.7666666666666667,0.2
Beef,2,0.2,470,94,0.2,block,block,linear,dtw,stat_rf,2,1,True,0.4333333333333333,0.4666666666666667,0.0333333333333333
Beef,2,0.25,470,117,0.2489361702127659,point,point,linear,minirocket,minirocket,2,1,False,0.7666666666666667,0.7666666666666667,0.0
Beef,2,0.25,470,117,0.2489361702127659,point,block,linear,minirocket,dtw,2,1,True,0.2666666666666666,0.5333333333333334,0.2666666666666668
Beef,2,0.25,470,117,0.2489361702127659,block,point,linear,stat_rf,minirocket,1,1,True,0.5333333333333333,0.7666666666666667,0.2333333333333334
Beef,2,0.25,470,117,0.2489361702127659,block,block,linear,stat_rf,dtw,1,1,True,0.3333333333333333,0.5333333333333334,0.2
Beef,2,0.3,470,141,0.3,point,point,linear,dtw,minirocket,2,1,True,0.5333333333333334,0.7333333333333334,0.1999999999999999
Beef,2,0.3,470,141,0.3,point,block,linear,dtw,dtw,2,1,False,0.4666666666666667,0.4666666666666667,0.0
Beef,2,0.3,470,141,0.3,block,point,linear,stat_rf,minirocket,1,1,True,0.5333333333333333,0.7333333333333334,0.2
Beef,2,0.3,470,141,0.3,block,block,linear,stat_rf,dtw,1,1,True,0.4,0.4666666666666667,0.0666666666666666
Beef,3,0.05,470,23,0.0489361702127659,point,point,linear,minirocket,minirocket,1,1,False,0.7333333333333334,0.7333333333333334,0.0
Beef,3,0.05,470,23,0.0489361702127659,point,block,linear,minirocket,minirocket,1,1,False,0.8,0.8,0.0
Beef,3,0.05,470,23,0.0489361702127659,block,point,linear,minirocket,minirocket,1,1,False,0.7333333333333334,0.7333333333333334,0.0
Beef,3,0.05,470,23,0.0489361702127659,block,block,linear,minirocket,minirocket,1,1,False,0.8,0.8,0.0
Beef,3,0.1,470,47,0.1,point,point,linear,minirocket,minirocket,1,1,False,0.7666666666666667,0.7666666666666667,0.0
Beef,3,0.1,470,47,0.1,point,block,linear,minirocket,minirocket,1,1,False,0.5666666666666667,0.5666666666666667,0.0
Beef,3,0.1,470,47,0.1,block,point,linear,minirocket,minirocket,1,1,False,0.7666666666666667,0.7666666666666667,0.0
Beef,3,0.1,470,47,0.1,block,block,linear,minirocket,minirocket,1,1,False,0.5666666666666667,0.5666666666666667,0.0
Beef,3,0.15,470,70,0.1489361702127659,point,point,linear,minirocket,minirocket,1,1,False,0.8,0.8,0.0
Beef,3,0.15,470,70,0.1489361702127659,point,block,linear,minirocket,minirocket|stat_rf,1,2,False,0.5,0.5,0.0
Beef,3,0.15,470,70,0.1489361702127659,block,point,linear,minirocket,minirocket,1,1,False,0.8,0.8,0.0
Beef,3,0.15,470,70,0.1489361702127659,block,block,linear,minirocket,minirocket|stat_rf,1,2,False,0.5,0.5,0.0
Beef,3,0.2,470,94,0.2,point,point,linear,minirocket,minirocket,1,1,False,0.7666666666666666,0.7666666666666666,0.0
Beef,3,0.2,470,94,0.2,point,block,linear,minirocket,stat_rf,1,1,True,0.5,0.5333333333333333,0.0333333333333333
Beef,3,0.2,470,94,0.2,block,point,linear,minirocket,minirocket,1,1,False,0.7666666666666666,0.7666666666666666,0.0
Beef,3,0.2,470,94,0.2,block,block,linear,minirocket,stat_rf,1,1,True,0.5,0.5333333333333333,0.0333333333333333
Beef,3,0.25,470,117,0.2489361702127659,point,point,linear,minirocket,minirocket,1,1,False,0.7666666666666666,0.7666666666666666,0.0
Beef,3,0.25,470,117,0.2489361702127659,point,block,linear,minirocket,dtw|stat_rf,1,2,True,0.4,0.4666666666666667,0.0666666666666666
Beef,3,0.25,470,117,0.2489361702127659,block,point,linear,minirocket,minirocket,1,1,False,0.7666666666666666,0.7666666666666666,0.0
Beef,3,0.25,470,117,0.2489361702127659,block,block,linear,minirocket,dtw|stat_rf,1,2,True,0.4,0.4666666666666667,0.0666666666666666
Beef,3,0.3,470,141,0.3,point,point,linear,minirocket,minirocket,1,1,False,0.7,0.7,0.0
Beef,3,0.3,470,141,0.3,point,block,linear,minirocket,dtw,1,1,True,0.3,0.4666666666666667,0.1666666666666666
Beef,3,0.3,470,141,0.3,block,point,linear,minirocket,minirocket,1,1,False,0.7,0.7,0.0
Beef,3,0.3,470,141,0.3,block,block,linear,minirocket,dtw,1,1,True,0.3,0.4666666666666667,0.1666666666666666
Beef,4,0.05,470,23,0.0489361702127659,point,point,linear,minirocket,minirocket,1,1,False,0.7,0.7,0.0
Beef,4,0.05,470,23,0.0489361702127659,point,block,linear,minirocket,minirocket,1,1,False,0.6666666666666667,0.6666666666666667,0.0
Beef,4,0.05,470,23,0.0489361702127659,block,point,linear,minirocket,minirocket,1,1,False,0.7,0.7,0.0
Beef,4,0.05,470,23,0.0489361702127659,block,block,linear,minirocket,minirocket,1,1,False,0.6666666666666667,0.6666666666666667,0.0
Beef,4,0.1,470,47,0.1,point,point,linear,minirocket,minirocket,1,1,False,0.7,0.7,0.0
Beef,4,0.1,470,47,0.1,point,block,linear,minirocket,minirocket,1,1,False,0.5333333333333334,0.5333333333333334,0.0
Beef,4,0.1,470,47,0.1,block,point,linear,minirocket,minirocket,2,1,False,0.7,0.7,0.0
Beef,4,0.1,470,47,0.1,block,block,linear,minirocket,minirocket,2,1,False,0.5333333333333334,0.5333333333333334,0.0
Beef,4,0.15,470,70,0.1489361702127659,point,point,linear,minirocket,minirocket,1,1,False,0.7,0.7,0.0
Beef,4,0.15,470,70,0.1489361702127659,point,block,linear,minirocket,dtw|stat_rf,1,2,True,0.3666666666666666,0.4666666666666667,0.1
Beef,4,0.15,470,70,0.1489361702127659,block,point,linear,dtw,minirocket,1,1,True,0.5333333333333334,0.7,0.1666666666666665
Beef,4,0.15,470,70,0.1489361702127659,block,block,linear,dtw,dtw|stat_rf,1,2,False,0.4666666666666667,0.4666666666666667,0.0
Beef,4,0.2,470,94,0.2,point,point,linear,minirocket,minirocket,1,1,False,0.7,0.7,0.0
Beef,4,0.2,470,94,0.2,point,block,linear,minirocket,stat_rf,1,1,True,0.3333333333333333,0.5333333333333334,0.2000000000000001
Beef,4,0.2,470,94,0.2,block,point,linear,stat_rf,minirocket,1,1,True,0.5333333333333333,0.7,0.1666666666666666
Beef,4,0.2,470,94,0.2,block,block,linear,stat_rf,stat_rf,1,1,False,0.5333333333333334,0.5333333333333334,0.0
Beef,4,0.25,470,117,0.2489361702127659,point,point,linear,minirocket,minirocket,1,1,False,0.6666666666666667,0.6666666666666667,0.0
Beef,4,0.25,470,117,0.2489361702127659,point,block,linear,minirocket,stat_rf,1,1,True,0.4,0.4666666666666667,0.0666666666666666
Beef,4,0.25,470,117,0.2489361702127659,block,point,linear,dtw,minirocket,1,1,True,0.5333333333333334,0.6666666666666667,0.1333333333333333
Beef,4,0.25,470,117,0.2489361702127659,block,block,linear,dtw,stat_rf,1,1,True,0.4333333333333333,0.4666666666666667,0.0333333333333333
Beef,4,0.3,470,141,0.3,point,point,linear,minirocket,minirocket,1,1,False,0.7,0.7,0.0
Beef,4,0.3,470,141,0.3,point,block,linear,minirocket,stat_rf,1,1,True,0.3,0.5333333333333333,0.2333333333333333
Beef,4,0.3,470,141,0.3,block,point,linear,minirocket,minirocket,1,1,False,0.7,0.7,0.0
Beef,4,0.3,470,141,0.3,block,block,linear,minirocket,stat_rf,1,1,True,0.3,0.5333333333333333,0.2333333333333333
Beef,5,0.05,470,23,0.0489361702127659,point,point,linear,minirocket,minirocket,1,1,False,0.7000000000000001,0.7000000000000001,0.0
Beef,5,0.05,470,23,0.0489361702127659,point,block,linear,minirocket,minirocket,1,1,False,0.6000000000000001,0.6000000000000001,0.0
Beef,5,0.05,470,23,0.0489361702127659,block,point,linear,minirocket,minirocket,1,1,False,0.7000000000000001,0.7000000000000001,0.0
Beef,5,0.05,470,23,0.0489361702127659,block,block,linear,minirocket,minirocket,1,1,False,0.6000000000000001,0.6000000000000001,0.0
Beef,5,0.1,470,47,0.1,point,point,linear,minirocket,minirocket,1,1,False,0.6666666666666667,0.6666666666666667,0.0
Beef,5,0.1,470,47,0.1,point,block,linear,minirocket,minirocket,1,1,False,0.5666666666666667,0.5666666666666667,0.0
Beef,5,0.1,470,47,0.1,block,point,linear,minirocket,minirocket,1,1,False,0.6666666666666667,0.6666666666666667,0.0
Beef,5,0.1,470,47,0.1,block,block,linear,minirocket,minirocket,1,1,False,0.5666666666666667,0.5666666666666667,0.0
Beef,5,0.15,470,70,0.1489361702127659,point,point,linear,minirocket,minirocket,1,1,False,0.6666666666666667,0.6666666666666667,0.0
Beef,5,0.15,470,70,0.1489361702127659,point,block,linear,minirocket,minirocket,1,1,False,0.5,0.5,0.0
Beef,5,0.15,470,70,0.1489361702127659,block,point,linear,stat_rf,minirocket,1,1,True,0.5000000000000001,0.6666666666666667,0.1666666666666666
Beef,5,0.15,470,70,0.1489361702127659,block,block,linear,stat_rf,minirocket,1,1,True,0.4666666666666667,0.5,0.0333333333333333
Beef,5,0.2,470,94,0.2,point,point,linear,minirocket,minirocket,1,1,False,0.6666666666666667,0.6666666666666667,0.0
Beef,5,0.2,470,94,0.2,point,block,linear,minirocket,stat_rf,1,1,True,0.3333333333333333,0.3666666666666667,0.0333333333333333
Beef,5,0.2,470,94,0.2,block,point,linear,stat_rf,minirocket,1,1,True,0.5000000000000001,0.6666666666666667,0.1666666666666666
Beef,5,0.2,470,94,0.2,block,block,linear,stat_rf,stat_rf,1,1,False,0.3666666666666667,0.3666666666666667,0.0
Beef,5,0.25,470,117,0.2489361702127659,point,point,linear,minirocket,minirocket,1,1,False,0.7000000000000001,0.7000000000000001,0.0
Beef,5,0.25,470,117,0.2489361702127659,point,block,linear,minirocket,stat_rf,1,1,True,0.2333333333333333,0.3666666666666667,0.1333333333333334
Beef,5,0.25,470,117,0.2489361702127659,block,point,linear,dtw,minirocket,1,1,True,0.5,0.7000000000000001,0.2
Beef,5,0.25,470,117,0.2489361702127659,block,block,linear,dtw,stat_rf,1,1,True,0.3,0.3666666666666667,0.0666666666666667
Beef,5,0.3,470,141,0.3,point,point,linear,minirocket,minirocket,1,1,False,0.6666666666666667,0.6666666666666667,0.0
Beef,5,0.3,470,141,0.3,point,block,linear,minirocket,stat_rf,1,1,True,0.2333333333333333,0.4,0.1666666666666667
Beef,5,0.3,470,141,0.3,block,point,linear,stat_rf,minirocket,1,1,True,0.5333333333333334,0.6666666666666667,0.1333333333333333
Beef,5,0.3,470,141,0.3,block,block,linear,stat_rf,stat_rf,1,1,False,0.4,0.4,0.0
BeetleFly,1,0.05,512,25,0.048828125,point,point,linear,stat_rf,stat_rf,1,1,False,0.85,0.85,0.0
BeetleFly,1,0.05,512,25,0.048828125,point,block,linear,stat_rf,stat_rf,1,1,False,0.85,0.85,0.0
BeetleFly,1,0.05,512,25,0.048828125,block,point,linear,stat_rf,stat_rf,1,1,False,0.85,0.85,0.0
BeetleFly,1,0.05,512,25,0.048828125,block,block,linear,stat_rf,stat_rf,1,1,False,0.85,0.85,0.0
BeetleFly,1,0.1,512,51,0.099609375,point,point,linear,stat_rf,stat_rf,1,1,False,0.85,0.85,0.0
BeetleFly,1,0.1,512,51,0.099609375,point,block,linear,stat_rf,stat_rf,1,1,False,0.85,0.85,0.0
BeetleFly,1,0.1,512,51,0.099609375,block,point,linear,stat_rf,stat_rf,3,1,False,0.85,0.85,0.0
BeetleFly,1,0.1,512,51,0.099609375,block,block,linear,stat_rf,stat_rf,3,1,False,0.85,0.85,0.0
BeetleFly,1,0.15,512,76,0.1484375,point,point,linear,stat_rf,stat_rf,1,1,False,0.85,0.85,0.0
BeetleFly,1,0.15,512,76,0.1484375,point,block,linear,stat_rf,minirocket|stat_rf,1,2,False,0.85,0.85,0.0
BeetleFly,1,0.15,512,76,0.1484375,block,point,linear,minirocket,stat_rf,1,1,True,0.7,0.85,0.15
BeetleFly,1,0.15,512,76,0.1484375,block,block,linear,minirocket,minirocket|stat_rf,1,2,False,0.85,0.85,0.0
BeetleFly,1,0.2,512,102,0.19921875,point,point,linear,stat_rf,stat_rf,1,1,False,0.85,0.85,0.0
BeetleFly,1,0.2,512,102,0.19921875,point,block,linear,stat_rf,stat_rf,1,1,False,0.8500000000000001,0.8500000000000001,0.0
BeetleFly,1,0.2,512,102,0.19921875,block,point,linear,minirocket,stat_rf,2,1,True,0.7,0.85,0.15
BeetleFly,1,0.2,512,102,0.19921875,block,block,linear,minirocket,stat_rf,2,1,True,0.75,0.8500000000000001,0.1
BeetleFly,1,0.25,512,128,0.25,point,point,linear,stat_rf,stat_rf,1,1,False,0.8,0.8,0.0
BeetleFly,1,0.25,512,128,0.25,point,block,linear,stat_rf,stat_rf,1,1,False,0.85,0.85,0.0
BeetleFly,1,0.25,512,128,0.25,block,point,linear,minirocket,stat_rf,1,1,True,0.7,0.8,0.1
BeetleFly,1,0.25,512,128,0.25,block,block,linear,minirocket,stat_rf,1,1,True,0.7,0.85,0.15
BeetleFly,1,0.3,512,153,0.298828125,point,point,linear,stat_rf,stat_rf,1,1,False,0.8,0.8,0.0
BeetleFly,1,0.3,512,153,0.298828125,point,block,linear,stat_rf,stat_rf,1,1,False,0.95,0.95,0.0
BeetleFly,1,0.3,512,153,0.298828125,block,point,linear,stat_rf,stat_rf,2,1,False,0.8,0.8,0.0
BeetleFly,1,0.3,512,153,0.298828125,block,block,linear,stat_rf,stat_rf,2,1,False,0.95,0.95,0.0
BeetleFly,2,0.05,512,25,0.048828125,point,point,linear,minirocket,minirocket,1,1,False,0.9,0.9,0.0
BeetleFly,2,0.05,512,25,0.048828125,point,block,linear,minirocket,minirocket|stat_rf,1,2,False,0.85,0.85,0.0
BeetleFly,2,0.05,512,25,0.048828125,block,point,linear,minirocket,minirocket,1,1,False,0.9,0.9,0.0
BeetleFly,2,0.05,512,25,0.048828125,block,block,linear,minirocket,minirocket|stat_rf,1,2,False,0.85,0.85,0.0
BeetleFly,2,0.1,512,51,0.099609375,point,point,linear,minirocket,minirocket,1,1,False,0.9,0.9,0.0
BeetleFly,2,0.1,512,51,0.099609375,point,block,linear,minirocket,minirocket,1,1,False,0.95,0.95,0.0
BeetleFly,2,0.1,512,51,0.099609375,block,point,linear,minirocket,minirocket,1,1,False,0.9,0.9,0.0
BeetleFly,2,0.1,512,51,0.099609375,block,block,linear,minirocket,minirocket,1,1,False,0.95,0.95,0.0
BeetleFly,2,0.15,512,76,0.1484375,point,point,linear,minirocket,minirocket,1,1,False,0.9,0.9,0.0
BeetleFly,2,0.15,512,76,0.1484375,point,block,linear,minirocket,minirocket,1,1,False,0.95,0.95,0.0
BeetleFly,2,0.15,512,76,0.1484375,block,point,linear,minirocket,minirocket,1,1,False,0.9,0.9,0.0
BeetleFly,2,0.15,512,76,0.1484375,block,block,linear,minirocket,minirocket,1,1,False,0.95,0.95,0.0
BeetleFly,2,0.2,512,102,0.19921875,point,point,linear,minirocket,minirocket,1,1,False,0.9,0.9,0.0
BeetleFly,2,0.2,512,102,0.19921875,point,block,linear,minirocket,minirocket|stat_rf,1,2,False,0.9,0.9,0.0
BeetleFly,2,0.2,512,102,0.19921875,block,point,linear,minirocket,minirocket,2,1,False,0.9,0.9,0.0
BeetleFly,2,0.2,512,102,0.19921875,block,block,linear,minirocket,minirocket|stat_rf,2,2,False,0.9,0.9,0.0
BeetleFly,2,0.25,512,128,0.25,point,point,linear,minirocket,minirocket,1,1,False,0.9,0.9,0.0
BeetleFly,2,0.25,512,128,0.25,point,block,linear,minirocket,minirocket,1,1,False,0.85,0.85,0.0
BeetleFly,2,0.25,512,128,0.25,block,point,linear,stat_rf,minirocket,2,1,True,0.8,0.9,0.0999999999999999
BeetleFly,2,0.25,512,128,0.25,block,block,linear,stat_rf,minirocket,2,1,True,0.8,0.85,0.0499999999999999
BeetleFly,2,0.3,512,153,0.298828125,point,point,linear,minirocket,minirocket,1,1,False,0.9,0.9,0.0
BeetleFly,2,0.3,512,153,0.298828125,point,block,linear,minirocket,stat_rf,1,1,True,0.65,0.8,0.15
BeetleFly,2,0.3,512,153,0.298828125,block,point,linear,stat_rf,minirocket,2,1,True,0.8,0.9,0.0999999999999999
BeetleFly,2,0.3,512,153,0.298828125,block,block,linear,stat_rf,stat_rf,2,1,False,0.8,0.8,0.0
BeetleFly,3,0.05,512,25,0.048828125,point,point,linear,minirocket,minirocket,3,1,False,0.95,0.95,0.0
BeetleFly,3,0.05,512,25,0.048828125,point,block,linear,minirocket,minirocket,3,1,False,0.95,0.95,0.0
BeetleFly,3,0.05,512,25,0.048828125,block,point,linear,stat_rf,minirocket,3,1,True,0.75,0.95,0.1999999999999999
BeetleFly,3,0.05,512,25,0.048828125,block,block,linear,stat_rf,minirocket,3,1,True,0.7,0.95,0.25
BeetleFly,3,0.1,512,51,0.099609375,point,point,linear,minirocket,minirocket,3,1,False,0.95,0.95,0.0
BeetleFly,3,0.1,512,51,0.099609375,point,block,linear,minirocket,minirocket,3,1,False,0.9,0.9,0.0
BeetleFly,3,0.1,512,51,0.099609375,block,point,linear,stat_rf,minirocket,2,1,True,0.8,0.95,0.1499999999999999
BeetleFly,3,0.1,512,51,0.099609375,block,block,linear,stat_rf,minirocket,2,1,True,0.7,0.9,0.2
BeetleFly,3,0.15,512,76,0.1484375,point,point,linear,stat_rf,minirocket,3,1,True,0.8,0.95,0.1499999999999999
BeetleFly,3,0.15,512,76,0.1484375,point,block,linear,stat_rf,minirocket,3,1,True,0.75,0.9,0.15
BeetleFly,3,0.15,512,76,0.1484375,block,point,linear,stat_rf,minirocket,2,1,True,0.8,0.95,0.1499999999999999
BeetleFly,3,0.15,512,76,0.1484375,block,block,linear,stat_rf,minirocket,2,1,True,0.75,0.9,0.15
BeetleFly,3,0.2,512,102,0.19921875,point,point,linear,dtw,minirocket,3,1,True,0.75,0.95,0.1999999999999999
BeetleFly,3,0.2,512,102,0.19921875,point,block,linear,dtw,minirocket,3,1,True,0.4,0.85,0.4499999999999999
BeetleFly,3,0.2,512,102,0.19921875,block,point,linear,minirocket,minirocket,1,1,False,0.95,0.95,0.0
BeetleFly,3,0.2,512,102,0.19921875,block,block,linear,minirocket,minirocket,1,1,False,0.85,0.85,0.0
BeetleFly,3,0.25,512,128,0.25,point,point,linear,minirocket,minirocket,3,1,False,0.95,0.95,0.0
BeetleFly,3,0.25,512,128,0.25,point,block,linear,minirocket,minirocket,3,1,False,0.8,0.8,0.0
BeetleFly,3,0.25,512,128,0.25,block,point,linear,dtw,minirocket,1,1,True,0.75,0.95,0.1999999999999999
BeetleFly,3,0.25,512,128,0.25,block,block,linear,dtw,minirocket,1,1,True,0.3,0.8,0.5
BeetleFly,3,0.3,512,153,0.298828125,point,point,linear,minirocket,minirocket,3,1,False,0.95,0.95,0.0
BeetleFly,3,0.3,512,153,0.298828125,point,block,linear,minirocket,minirocket,3,1,False,0.8,0.8,0.0
BeetleFly,3,0.3,512,153,0.298828125,block,point,linear,minirocket,minirocket,1,1,False,0.95,0.95,0.0
BeetleFly,3,0.3,512,153,0.298828125,block,block,linear,minirocket,minirocket,1,1,False,0.8,0.8,0.0
BeetleFly,4,0.05,512,25,0.048828125,point,point,linear,minirocket,minirocket,3,1,False,0.85,0.85,0.0
BeetleFly,4,0.05,512,25,0.048828125,point,block,linear,minirocket,minirocket,3,1,False,0.85,0.85,0.0
BeetleFly,4,0.05,512,25,0.048828125,block,point,linear,dtw,minirocket,2,1,True,0.7,0.85,0.15
BeetleFly,4,0.05,512,25,0.048828125,block,block,linear,dtw,minirocket,2,1,True,0.75,0.85,0.0999999999999999
BeetleFly,4,0.1,512,51,0.099609375,point,point,linear,stat_rf,minirocket,3,1,True,0.75,0.85,0.0999999999999999
BeetleFly,4,0.1,512,51,0.099609375,point,block,linear,stat_rf,minirocket,3,1,True,0.6,0.8,0.2
BeetleFly,4,0.1,512,51,0.099609375,block,point,linear,minirocket,minirocket,2,1,False,0.85,0.85,0.0
BeetleFly,4,0.1,512,51,0.099609375,block,block,linear,minirocket,minirocket,2,1,False,0.8,0.8,0.0
BeetleFly,4,0.15,512,76,0.1484375,point,point,linear,minirocket,minirocket,2,1,False,0.85,0.85,0.0
BeetleFly,4,0.15,512,76,0.1484375,point,block,linear,minirocket,minirocket,2,1,False,0.85,0.85,0.0
BeetleFly,4,0.15,512,76,0.1484375,block,point,linear,stat_rf,minirocket,2,1,True,0.75,0.85,0.0999999999999999
BeetleFly,4,0.15,512,76,0.1484375,block,block,linear,stat_rf,minirocket,2,1,True,0.7,0.85,0.15
BeetleFly,4,0.2,512,102,0.19921875,point,point,linear,minirocket,minirocket,2,1,False,0.85,0.85,0.0
BeetleFly,4,0.2,512,102,0.19921875,point,block,linear,minirocket,minirocket|stat_rf,2,2,False,0.75,0.75,0.0
BeetleFly,4,0.2,512,102,0.19921875,block,point,linear,minirocket,minirocket,1,1,False,0.85,0.85,0.0
BeetleFly,4,0.2,512,102,0.19921875,block,block,linear,minirocket,minirocket|stat_rf,1,2,False,0.75,0.75,0.0
BeetleFly,4,0.25,512,128,0.25,point,point,linear,dtw,minirocket,2,1,True,0.75,0.85,0.0999999999999999
BeetleFly,4,0.25,512,128,0.25,point,block,linear,dtw,stat_rf,2,1,True,0.35,0.6499999999999999,0.2999999999999999
BeetleFly,4,0.25,512,128,0.25,block,point,linear,minirocket,minirocket,1,1,False,0.85,0.85,0.0
BeetleFly,4,0.25,512,128,0.25,block,block,linear,minirocket,stat_rf,1,1,True,0.6,0.6499999999999999,0.0499999999999999
BeetleFly,4,0.3,512,153,0.298828125,point,point,linear,dtw,minirocket,3,1,True,0.75,0.85,0.0999999999999999
BeetleFly,4,0.3,512,153,0.298828125,point,block,linear,dtw,stat_rf,3,1,True,0.3,0.75,0.45
BeetleFly,4,0.3,512,153,0.298828125,block,point,linear,stat_rf,minirocket,2,1,True,0.75,0.85,0.0999999999999999
BeetleFly,4,0.3,512,153,0.298828125,block,block,linear,stat_rf,stat_rf,2,1,False,0.75,0.75,0.0
BeetleFly,5,0.05,512,25,0.048828125,point,point,linear,minirocket,stat_rf,1,1,True,0.8,0.85,0.0499999999999999
BeetleFly,5,0.05,512,25,0.048828125,point,block,linear,minirocket,stat_rf,1,1,True,0.8,0.85,0.0499999999999999
BeetleFly,5,0.05,512,25,0.048828125,block,point,linear,minirocket,stat_rf,1,1,True,0.8,0.85,0.0499999999999999
BeetleFly,5,0.05,512,25,0.048828125,block,block,linear,minirocket,stat_rf,1,1,True,0.8,0.85,0.0499999999999999
BeetleFly,5,0.1,512,51,0.099609375,point,point,linear,minirocket,stat_rf,1,1,True,0.8,0.85,0.0499999999999999
BeetleFly,5,0.1,512,51,0.099609375,point,block,linear,minirocket,stat_rf,1,1,True,0.8,0.9,0.0999999999999999
BeetleFly,5,0.1,512,51,0.099609375,block,point,linear,minirocket,stat_rf,1,1,True,0.8,0.85,0.0499999999999999
BeetleFly,5,0.1,512,51,0.099609375,block,block,linear,minirocket,stat_rf,1,1,True,0.8,0.9,0.0999999999999999
BeetleFly,5,0.15,512,76,0.1484375,point,point,linear,minirocket,stat_rf,1,1,True,0.8,0.85,0.0499999999999999
BeetleFly,5,0.15,512,76,0.1484375,point,block,linear,minirocket,stat_rf,1,1,True,0.6,0.85,0.25
BeetleFly,5,0.15,512,76,0.1484375,block,point,linear,stat_rf,stat_rf,1,1,False,0.85,0.85,0.0
BeetleFly,5,0.15,512,76,0.1484375,block,block,linear,stat_rf,stat_rf,1,1,False,0.85,0.85,0.0
BeetleFly,5,0.2,512,102,0.19921875,point,point,linear,minirocket,stat_rf,1,1,True,0.8,0.85,0.0499999999999999
BeetleFly,5,0.2,512,102,0.19921875,point,block,linear,minirocket,stat_rf,1,1,True,0.5,0.85,0.35
BeetleFly,5,0.2,512,102,0.19921875,block,point,linear,stat_rf,stat_rf,2,1,False,0.85,0.85,0.0
BeetleFly,5,0.2,512,102,0.19921875,block,block,linear,stat_rf,stat_rf,2,1,False,0.85,0.85,0.0
BeetleFly,5,0.25,512,128,0.25,point,point,linear,minirocket,stat_rf,1,1,True,0.8,0.85,0.0499999999999999
BeetleFly,5,0.25,512,128,0.25,point,block,linear,minirocket,stat_rf,1,1,True,0.5,0.7,0.1999999999999999
BeetleFly,5,0.25,512,128,0.25,block,point,linear,stat_rf,stat_rf,2,1,False,0.85,0.85,0.0
BeetleFly,5,0.25,512,128,0.25,block,block,linear,stat_rf,stat_rf,2,1,False,0.7,0.7,0.0
BeetleFly,5,0.3,512,153,0.298828125,point,point,linear,minirocket,stat_rf,1,1,True,0.8,0.85,0.0499999999999999
BeetleFly,5,0.3,512,153,0.298828125,point,block,linear,minirocket,stat_rf,1,1,True,0.5,0.7,0.1999999999999999
BeetleFly,5,0.3,512,153,0.298828125,block,point,linear,stat_rf,stat_rf,1,1,False,0.85,0.85,0.0
BeetleFly,5,0.3,512,153,0.298828125,block,block,linear,stat_rf,stat_rf,1,1,False,0.7,0.7,0.0
BirdChicken,1,0.05,512,25,0.048828125,point,point,linear,minirocket,minirocket,1,1,False,0.8,0.8,0.0
BirdChicken,1,0.05,512,25,0.048828125,point,block,linear,minirocket,minirocket,1,1,False,0.8,0.8,0.0
BirdChicken,1,0.05,512,25,0.048828125,block,point,linear,minirocket,minirocket,1,1,False,0.8,0.8,0.0
BirdChicken,1,0.05,512,25,0.048828125,block,block,linear,minirocket,minirocket,1,1,False,0.8,0.8,0.0
BirdChicken,1,0.1,512,51,0.099609375,point,point,linear,minirocket,minirocket|stat_rf,1,2,False,0.75,0.75,0.0
BirdChicken,1,0.1,512,51,0.099609375,point,block,linear,minirocket,minirocket,1,1,False,0.8,0.8,0.0
BirdChicken,1,0.1,512,51,0.099609375,block,point,linear,minirocket,minirocket|stat_rf,1,2,False,0.75,0.75,0.0
BirdChicken,1,0.1,512,51,0.099609375,block,block,linear,minirocket,minirocket,1,1,False,0.8,0.8,0.0
BirdChicken,1,0.15,512,76,0.1484375,point,point,linear,minirocket,minirocket,1,1,False,0.8,0.8,0.0
BirdChicken,1,0.15,512,76,0.1484375,point,block,linear,minirocket,minirocket,1,1,False,0.8500000000000001,0.8500000000000001,0.0
BirdChicken,1,0.15,512,76,0.1484375,block,point,linear,minirocket,minirocket,1,1,False,0.8,0.8,0.0
BirdChicken,1,0.15,512,76,0.1484375,block,block,linear,minirocket,minirocket,1,1,False,0.8500000000000001,0.8500000000000001,0.0
BirdChicken,1,0.2,512,102,0.19921875,point,point,linear,minirocket,minirocket|stat_rf,1,2,False,0.75,0.75,0.0
BirdChicken,1,0.2,512,102,0.19921875,point,block,linear,minirocket,minirocket,1,1,False,0.8,0.8,0.0
BirdChicken,1,0.2,512,102,0.19921875,block,point,linear,minirocket,minirocket|stat_rf,1,2,False,0.75,0.75,0.0
BirdChicken,1,0.2,512,102,0.19921875,block,block,linear,minirocket,minirocket,1,1,False,0.8,0.8,0.0
BirdChicken,1,0.25,512,128,0.25,point,point,linear,minirocket,minirocket|stat_rf,1,2,False,0.75,0.75,0.0
BirdChicken,1,0.25,512,128,0.25,point,block,linear,minirocket,minirocket,1,1,False,0.8,0.8,0.0
BirdChicken,1,0.25,512,128,0.25,block,point,linear,minirocket,minirocket|stat_rf,1,2,False,0.75,0.75,0.0
BirdChicken,1,0.25,512,128,0.25,block,block,linear,minirocket,minirocket,1,1,False,0.8,0.8,0.0
BirdChicken,1,0.3,512,153,0.298828125,point,point,linear,minirocket,minirocket|stat_rf,1,2,False,0.75,0.75,0.0
BirdChicken,1,0.3,512,153,0.298828125,point,block,linear,minirocket,minirocket,1,1,False,0.8,0.8,0.0
BirdChicken,1,0.3,512,153,0.298828125,block,point,linear,stat_rf,minirocket|stat_rf,1,2,False,0.75,0.75,0.0
BirdChicken,1,0.3,512,153,0.298828125,block,block,linear,stat_rf,minirocket,1,1,True,0.6499999999999999,0.8,0.1500000000000001
BirdChicken,2,0.05,512,25,0.048828125,point,point,linear,dtw,minirocket,3,1,True,0.75,0.9,0.15
BirdChicken,2,0.05,512,25,0.048828125,point,block,linear,dtw,minirocket,3,1,True,0.75,0.9,0.15
BirdChicken,2,0.05,512,25,0.048828125,block,point,linear,minirocket,minirocket,3,1,False,0.9,0.9,0.0
BirdChicken,2,0.05,512,25,0.048828125,block,block,linear,minirocket,minirocket,3,1,False,0.9,0.9,0.0
BirdChicken,2,0.1,512,51,0.099609375,point,point,linear,dtw,minirocket,3,1,True,0.75,0.9,0.15
BirdChicken,2,0.1,512,51,0.099609375,point,block,linear,dtw,minirocket,3,1,True,0.7,0.8,0.1
BirdChicken,2,0.1,512,51,0.099609375,block,point,linear,dtw,minirocket,3,1,True,0.75,0.9,0.15
BirdChicken,2,0.1,512,51,0.099609375,block,block,linear,dtw,minirocket,3,1,True,0.7,0.8,0.1
BirdChicken,2,0.15,512,76,0.1484375,point,point,linear,dtw,minirocket,3,1,True,0.75,0.9,0.15
BirdChicken,2,0.15,512,76,0.1484375,point,block,linear,dtw,minirocket,3,1,True,0.7,0.9,0.2
BirdChicken,2,0.15,512,76,0.1484375,block,point,linear,stat_rf,minirocket,3,1,True,0.7,0.9,0.2
BirdChicken,2,0.15,512,76,0.1484375,block,block,linear,stat_rf,minirocket,3,1,True,0.7,0.9,0.2
BirdChicken,2,0.2,512,102,0.19921875,point,point,linear,stat_rf,minirocket,3,1,True,0.7,0.9,0.2
BirdChicken,2,0.2,512,102,0.19921875,point,block,linear,stat_rf,minirocket,3,1,True,0.55,0.75,0.1999999999999999
BirdChicken,2,0.2,512,102,0.19921875,block,point,linear,minirocket,minirocket,2,1,False,0.9,0.9,0.0
BirdChicken,2,0.2,512,102,0.19921875,block,block,linear,minirocket,minirocket,2,1,False,0.75,0.75,0.0
BirdChicken,2,0.25,512,128,0.25,point,point,linear,stat_rf,minirocket,3,1,True,0.7,0.9,0.2
BirdChicken,2,0.25,512,128,0.25,point,block,linear,stat_rf,minirocket,3,1,True,0.6,0.75,0.15
BirdChicken,2,0.25,512,128,0.25,block,point,linear,stat_rf,minirocket,2,1,True,0.7,0.9,0.2
BirdChicken,2,0.25,512,128,0.25,block,block,linear,stat_rf,minirocket,2,1,True,0.6,0.75,0.15
BirdChicken,2,0.3,512,153,0.298828125,point,point,linear,minirocket,minirocket,3,1,False,0.9,0.9,0.0
BirdChicken,2,0.3,512,153,0.298828125,point,block,linear,minirocket,minirocket,3,1,False,0.7,0.7,0.0
BirdChicken,2,0.3,512,153,0.298828125,block,point,linear,minirocket,minirocket,1,1,False,0.9,0.9,0.0
BirdChicken,2,0.3,512,153,0.298828125,block,block,linear,minirocket,minirocket,1,1,False,0.7,0.7,0.0
BirdChicken,3,0.05,512,25,0.048828125,point,point,linear,minirocket,minirocket,2,1,False,0.9,0.9,0.0
BirdChicken,3,0.05,512,25,0.048828125,point,block,linear,minirocket,minirocket,2,1,False,0.9,0.9,0.0
BirdChicken,3,0.05,512,25,0.048828125,block,point,linear,stat_rf,minirocket,1,1,True,0.8,0.9,0.0999999999999999
BirdChicken,3,0.05,512,25,0.048828125,block,block,linear,stat_rf,minirocket,1,1,True,0.75,0.9,0.15
BirdChicken,3,0.1,512,51,0.099609375,point,point,linear,stat_rf,minirocket,1,1,True,0.8,0.9,0.0999999999999999
BirdChicken,3,0.1,512,51,0.099609375,point,block,linear,stat_rf,minirocket,1,1,True,0.7,0.85,0.15
BirdChicken,3,0.1,512,51,0.099609375,block,point,linear,stat_rf,minirocket,2,1,True,0.8,0.9,0.0999999999999999
BirdChicken,3,0.1,512,51,0.099609375,block,block,linear,stat_rf,minirocket,2,1,True,0.7,0.85,0.15
BirdChicken,3,0.15,512,76,0.1484375,point,point,linear,stat_rf,minirocket,1,1,True,0.8,0.9,0.0999999999999999
BirdChicken,3,0.15,512,76,0.1484375,point,block,linear,stat_rf,minirocket,1,1,True,0.6499999999999999,0.85,0.2
BirdChicken,3,0.15,512,76,0.1484375,block,point,linear,stat_rf,minirocket,2,1,True,0.8,0.9,0.0999999999999999
BirdChicken,3,0.15,512,76,0.1484375,block,block,linear,stat_rf,minirocket,2,1,True,0.6499999999999999,0.85,0.2
BirdChicken,3,0.2,512,102,0.19921875,point,point,linear,minirocket,minirocket,2,1,False,0.9,0.9,0.0
BirdChicken,3,0.2,512,102,0.19921875,point,block,linear,minirocket,minirocket,2,1,False,0.75,0.75,0.0
BirdChicken,3,0.2,512,102,0.19921875,block,point,linear,minirocket,minirocket,1,1,False,0.9,0.9,0.0
BirdChicken,3,0.2,512,102,0.19921875,block,block,linear,minirocket,minirocket,1,1,False,0.75,0.75,0.0
BirdChicken,3,0.25,512,128,0.25,point,point,linear,stat_rf,minirocket,1,1,True,0.8,0.9,0.0999999999999999
BirdChicken,3,0.25,512,128,0.25,point,block,linear,stat_rf,minirocket,1,1,True,0.6,0.75,0.15
BirdChicken,3,0.25,512,128,0.25,block,point,linear,minirocket,minirocket,1,1,False,0.9,0.9,0.0
BirdChicken,3,0.25,512,128,0.25,block,block,linear,minirocket,minirocket,1,1,False,0.75,0.75,0.0
BirdChicken,3,0.3,512,153,0.298828125,point,point,linear,minirocket,minirocket,1,1,False,0.9,0.9,0.0
BirdChicken,3,0.3,512,153,0.298828125,point,block,linear,minirocket,minirocket,1,1,False,0.75,0.75,0.0
BirdChicken,3,0.3,512,153,0.298828125,block,point,linear,minirocket,minirocket,1,1,False,0.9,0.9,0.0
BirdChicken,3,0.3,512,153,0.298828125,block,block,linear,minirocket,minirocket,1,1,False,0.75,0.75,0.0
BirdChicken,4,0.05,512,25,0.048828125,point,point,linear,stat_rf,minirocket,2,1,True,0.6499999999999999,0.9,0.2500000000000001
BirdChicken,4,0.05,512,25,0.048828125,point,block,linear,stat_rf,minirocket,2,1,True,0.6499999999999999,0.8500000000000001,0.2000000000000001
BirdChicken,4,0.05,512,25,0.048828125,block,point,linear,minirocket,minirocket,2,1,False,0.9,0.9,0.0
BirdChicken,4,0.05,512,25,0.048828125,block,block,linear,minirocket,minirocket,2,1,False,0.8500000000000001,0.8500000000000001,0.0
BirdChicken,4,0.1,512,51,0.099609375,point,point,linear,stat_rf,minirocket,2,1,True,0.6499999999999999,0.9,0.2500000000000001
BirdChicken,4,0.1,512,51,0.099609375,point,block,linear,stat_rf,minirocket,2,1,True,0.6499999999999999,0.8500000000000001,0.2000000000000001
BirdChicken,4,0.1,512,51,0.099609375,block,point,linear,minirocket,minirocket,2,1,False,0.9,0.9,0.0
BirdChicken,4,0.1,512,51,0.099609375,block,block,linear,minirocket,minirocket,2,1,False,0.8500000000000001,0.8500000000000001,0.0
BirdChicken,4,0.15,512,76,0.1484375,point,point,linear,stat_rf,minirocket,2,1,True,0.6499999999999999,0.8500000000000001,0.2000000000000001
BirdChicken,4,0.15,512,76,0.1484375,point,block,linear,stat_rf,minirocket,2,1,True,0.7,0.9,0.2
BirdChicken,4,0.15,512,76,0.1484375,block,point,linear,stat_rf,minirocket,1,1,True,0.6499999999999999,0.8500000000000001,0.2000000000000001
BirdChicken,4,0.15,512,76,0.1484375,block,block,linear,stat_rf,minirocket,1,1,True,0.7,0.9,0.2
BirdChicken,4,0.2,512,102,0.19921875,point,point,linear,minirocket,minirocket,2,1,False,0.8500000000000001,0.8500000000000001,0.0
BirdChicken,4,0.2,512,102,0.19921875,point,block,linear,minirocket,minirocket,2,1,False,0.9,0.9,0.0
BirdChicken,4,0.2,512,102,0.19921875,block,point,linear,stat_rf,minirocket,1,1,True,0.6,0.8500000000000001,0.2500000000000001
BirdChicken,4,0.2,512,102,0.19921875,block,block,linear,stat_rf,minirocket,1,1,True,0.8,0.9,0.0999999999999999
BirdChicken,4,0.25,512,128,0.25,point,point,linear,minirocket,minirocket,2,1,False,0.8500000000000001,0.8500000000000001,0.0
BirdChicken,4,0.25,512,128,0.25,point,block,linear,minirocket,minirocket,2,1,False,0.85,0.85,0.0
BirdChicken,4,0.25,512,128,0.25,block,point,linear,stat_rf,minirocket,1,1,True,0.6499999999999999,0.8500000000000001,0.2000000000000001
BirdChicken,4,0.25,512,128,0.25,block,block,linear,stat_rf,minirocket,1,1,True,0.5,0.85,0.35
BirdChicken,4,0.3,512,153,0.298828125,point,point,linear,minirocket,minirocket,2,1,False,0.8500000000000001,0.8500000000000001,0.0
BirdChicken,4,0.3,512,153,0.298828125,point,block,linear,minirocket,minirocket,2,1,False,0.85,0.85,0.0
BirdChicken,4,0.3,512,153,0.298828125,block,point,linear,dtw,minirocket,1,1,True,0.6499999999999999,0.8500000000000001,0.2000000000000001
BirdChicken,4,0.3,512,153,0.298828125,block,block,linear,dtw,minirocket,1,1,True,0.4,0.85,0.4499999999999999
BirdChicken,5,0.05,512,25,0.048828125,point,point,linear,minirocket,minirocket,1,1,False,0.9,0.9,0.0
BirdChicken,5,0.05,512,25,0.048828125,point,block,linear,minirocket,minirocket,1,1,False,0.8500000000000001,0.8500000000000001,0.0
BirdChicken,5,0.05,512,25,0.048828125,block,point,linear,minirocket,minirocket,1,1,False,0.9,0.9,0.0
BirdChicken,5,0.05,512,25,0.048828125,block,block,linear,minirocket,minirocket,1,1,False,0.8500000000000001,0.8500000000000001,0.0
BirdChicken,5,0.1,512,51,0.099609375,point,point,linear,minirocket,minirocket,1,1,False,0.9,0.9,0.0
BirdChicken,5,0.1,512,51,0.099609375,point,block,linear,minirocket,minirocket,1,1,False,0.8500000000000001,0.8500000000000001,0.0
BirdChicken,5,0.1,512,51,0.099609375,block,point,linear,minirocket,minirocket,1,1,False,0.9,0.9,0.0
BirdChicken,5,0.1,512,51,0.099609375,block,block,linear,minirocket,minirocket,1,1,False,0.8500000000000001,0.8500000000000001,0.0
BirdChicken,5,0.15,512,76,0.1484375,point,point,linear,minirocket,minirocket,1,1,False,0.9,0.9,0.0
BirdChicken,5,0.15,512,76,0.1484375,point,block,linear,minirocket,minirocket,1,1,False,0.8500000000000001,0.8500000000000001,0.0
BirdChicken,5,0.15,512,76,0.1484375,block,point,linear,minirocket,minirocket,1,1,False,0.9,0.9,0.0
BirdChicken,5,0.15,512,76,0.1484375,block,block,linear,minirocket,minirocket,1,1,False,0.8500000000000001,0.8500000000000001,0.0
BirdChicken,5,0.2,512,102,0.19921875,point,point,linear,minirocket,minirocket,1,1,False,0.8500000000000001,0.8500000000000001,0.0
BirdChicken,5,0.2,512,102,0.19921875,point,block,linear,minirocket,minirocket,1,1,False,0.8,0.8,0.0
BirdChicken,5,0.2,512,102,0.19921875,block,point,linear,minirocket,minirocket,1,1,False,0.8500000000000001,0.8500000000000001,0.0
BirdChicken,5,0.2,512,102,0.19921875,block,block,linear,minirocket,minirocket,1,1,False,0.8,0.8,0.0
BirdChicken,5,0.25,512,128,0.25,point,point,linear,minirocket,minirocket,1,1,False,0.8500000000000001,0.8500000000000001,0.0
BirdChicken,5,0.25,512,128,0.25,point,block,linear,minirocket,minirocket,1,1,False,0.8,0.8,0.0
BirdChicken,5,0.25,512,128,0.25,block,point,linear,minirocket,minirocket,1,1,False,0.8500000000000001,0.8500000000000001,0.0
BirdChicken,5,0.25,512,128,0.25,block,block,linear,minirocket,minirocket,1,1,False,0.8,0.8,0.0
BirdChicken,5,0.3,512,153,0.298828125,point,point,linear,minirocket,minirocket,1,1,False,0.8500000000000001,0.8500000000000001,0.0
BirdChicken,5,0.3,512,153,0.298828125,point,block,linear,minirocket,minirocket,1,1,False,0.85,0.85,0.0
BirdChicken,5,0.3,512,153,0.298828125,block,point,linear,minirocket,minirocket,1,1,False,0.8500000000000001,0.8500000000000001,0.0
BirdChicken,5,0.3,512,153,0.298828125,block,block,linear,minirocket,minirocket,1,1,False,0.85,0.85,0.0
Car,1,0.05,577,28,0.048526863084922,point,point,linear,minirocket,minirocket,1,1,False,0.9544534412955464,0.9544534412955464,0.0
Car,1,0.05,577,28,0.048526863084922,point,block,linear,minirocket,minirocket,1,1,False,0.9412955465587044,0.9412955465587044,0.0
Car,1,0.05,577,28,0.048526863084922,block,point,linear,minirocket,minirocket,1,1,False,0.9544534412955464,0.9544534412955464,0.0
Car,1,0.05,577,28,0.048526863084922,block,block,linear,minirocket,minirocket,1,1,False,0.9412955465587044,0.9412955465587044,0.0
Car,1,0.1,577,57,0.0987868284228769,point,point,linear,minirocket,minirocket,1,1,False,0.9544534412955464,0.9544534412955464,0.0
Car,1,0.1,577,57,0.0987868284228769,point,block,linear,minirocket,minirocket,1,1,False,0.814921920185078,0.814921920185078,0.0
Car,1,0.1,577,57,0.0987868284228769,block,point,linear,minirocket,minirocket,1,1,False,0.9544534412955464,0.9544534412955464,0.0
Car,1,0.1,577,57,0.0987868284228769,block,block,linear,minirocket,minirocket,1,1,False,0.814921920185078,0.814921920185078,0.0
Car,1,0.15,577,86,0.1490467937608318,point,point,linear,minirocket,minirocket,1,1,False,0.9544534412955464,0.9544534412955464,0.0
Car,1,0.15,577,86,0.1490467937608318,point,block,linear,minirocket,minirocket,1,1,False,0.6518218623481782,0.6518218623481782,0.0
Car,1,0.15,577,86,0.1490467937608318,block,point,linear,stat_rf,minirocket,1,1,True,0.6439415847310583,0.9544534412955464,0.3105118565644882
Car,1,0.15,577,86,0.1490467937608318,block,block,linear,stat_rf,minirocket,1,1,True,0.5016628108733372,0.6518218623481782,0.150159051474841
Car,1,0.2,577,115,0.1993067590987868,point,point,linear,minirocket,minirocket,1,1,False,0.9544534412955464,0.9544534412955464,0.0
Car,1,0.2,577,115,0.1993067590987868,point,block,linear,minirocket,stat_rf,1,1,True,0.4775159051474841,0.5044100636205899,0.0268941584731058
Car,1,0.2,577,115,0.1993067590987868,block,point,linear,minirocket,minirocket,1,1,False,0.9544534412955464,0.9544534412955464,0.0
Car,1,0.2,577,115,0.1993067590987868,block,block,linear,minirocket,stat_rf,1,1,True,0.4775159051474841,0.5044100636205899,0.0268941584731058
Car,1,0.25,577,144,0.2495667244367417,point,point,linear,minirocket,minirocket,1,1,False,0.9544534412955464,0.9544534412955464,0.0
Car,1,0.25,577,144,0.2495667244367417,point,block,linear,minirocket,minirocket,1,1,False,0.453585887796414,0.453585887796414,0.0
Car,1,0.25,577,144,0.2495667244367417,block,point,linear,stat_rf,minirocket,1,1,True,0.6260844418739155,0.9544534412955464,0.328368999421631
Car,1,0.25,577,144,0.2495667244367417,block,block,linear,stat_rf,minirocket,1,1,True,0.4420185078079814,0.453585887796414,0.0115673799884326
Car,1,0.3,577,173,0.2998266897746967,point,point,linear,minirocket,minirocket,1,1,False,0.9544534412955464,0.9544534412955464,0.0
Car,1,0.3,577,173,0.2998266897746967,point,block,linear,minirocket,minirocket,1,1,False,0.445561017929439,0.445561017929439,0.0
Car,1,0.3,577,173,0.2998266897746967,block,point,linear,dtw,minirocket,2,1,True,0.7116830537883169,0.9544534412955464,0.2427703875072296
Car,1,0.3,577,173,0.2998266897746967,block,block,linear,dtw,minirocket,2,1,True,0.1817524580682475,0.445561017929439,0.2638085598611915
Car,2,0.05,577,28,0.048526863084922,point,point,linear,minirocket,minirocket,1,1,False,0.915991902834008,0.915991902834008,0.0
Car,2,0.05,577,28,0.048526863084922,point,block,linear,minirocket,minirocket,1,1,False,0.915991902834008,0.915991902834008,0.0
Car,2,0.05,577,28,0.048526863084922,block,point,linear,minirocket,minirocket,1,1,False,0.915991902834008,0.915991902834008,0.0
Car,2,0.05,577,28,0.048526863084922,block,block,linear,minirocket,minirocket,1,1,False,0.915991902834008,0.915991902834008,0.0
Car,2,0.1,577,57,0.0987868284228769,point,point,linear,minirocket,minirocket,1,1,False,0.915991902834008,0.915991902834008,0.0
Car,2,0.1,577,57,0.0987868284228769,point,block,linear,minirocket,minirocket,1,1,False,0.8445633314054367,0.8445633314054367,0.0
Car,2,0.1,577,57,0.0987868284228769,block,point,linear,minirocket,minirocket,1,1,False,0.915991902834008,0.915991902834008,0.0
Car,2,0.1,577,57,0.0987868284228769,block,block,linear,minirocket,minirocket,1,1,False,0.8445633314054367,0.8445633314054367,0.0
Car,2,0.15,577,86,0.1490467937608318,point,point,linear,minirocket,minirocket,1,1,False,0.915991902834008,0.915991902834008,0.0
Car,2,0.15,577,86,0.1490467937608318,point,block,linear,minirocket,minirocket,1,1,False,0.5819838056680162,0.5819838056680162,0.0
Car,2,0.15,577,86,0.1490467937608318,block,point,linear,minirocket,minirocket,1,1,False,0.915991902834008,0.915991902834008,0.0
Car,2,0.15,577,86,0.1490467937608318,block,block,linear,minirocket,minirocket,1,1,False,0.5819838056680162,0.5819838056680162,0.0
Car,2,0.2,577,115,0.1993067590987868,point,point,linear,minirocket,minirocket,1,1,False,0.915991902834008,0.915991902834008,0.0
Car,2,0.2,577,115,0.1993067590987868,point,block,linear,minirocket,minirocket,1,1,False,0.4762145748987854,0.4762145748987854,0.0
Car,2,0.2,577,115,0.1993067590987868,block,point,linear,minirocket,minirocket,1,1,False,0.915991902834008,0.915991902834008,0.0
Car,2,0.2,577,115,0.1993067590987868,block,block,linear,minirocket,minirocket,1,1,False,0.4762145748987854,0.4762145748987854,0.0
Car,2,0.25,577,144,0.2495667244367417,point,point,linear,minirocket,minirocket,1,1,False,0.915991902834008,0.915991902834008,0.0
Car,2,0.25,577,144,0.2495667244367417,point,block,linear,minirocket,stat_rf,1,1,True,0.4249566223250434,0.4669606709080393,0.0420040485829959
Car,2,0.25,577,144,0.2495667244367417,block,point,linear,minirocket,minirocket,1,1,False,0.915991902834008,0.915991902834008,0.0
Car,2,0.25,577,144,0.2495667244367417,block,block,linear,minirocket,stat_rf,1,1,True,0.4249566223250434,0.4669606709080393,0.0420040485829959
Car,2,0.3,577,173,0.2998266897746967,point,point,linear,minirocket,minirocket,1,1,False,0.915991902834008,0.915991902834008,0.0
Car,2,0.3,577,173,0.2998266897746967,point,block,linear,minirocket,stat_rf,1,1,True,0.383530942741469,0.3974840948525159,0.0139531521110468
Car,2,0.3,577,173,0.2998266897746967,block,point,linear,minirocket,minirocket,2,1,False,0.915991902834008,0.915991902834008,0.0
Car,2,0.3,577,173,0.2998266897746967,block,block,linear,minirocket,stat_rf,2,1,True,0.383530942741469,0.3974840948525159,0.0139531521110468
Car,3,0.05,577,28,0.048526863084922,point,point,linear,minirocket,minirocket,1,1,False,0.8967611336032388,0.8967611336032388,0.0
Car,3,0.05,577,28,0.048526863084922,point,block,linear,minirocket,minirocket,1,1,False,0.8967611336032388,0.8967611336032388,0.0
Car,3,0.05,577,28,0.048526863084922,block,point,linear,minirocket,minirocket,1,1,False,0.8967611336032388,0.8967611336032388,0.0
Car,3,0.05,577,28,0.048526863084922,block,block,linear,minirocket,minirocket,1,1,False,0.8967611336032388,0.8967611336032388,0.0
Car,3,0.1,577,57,0.0987868284228769,point,point,linear,minirocket,minirocket,1,1,False,0.8967611336032388,0.8967611336032388,0.0
Car,3,0.1,577,57,0.0987868284228769,point,block,linear,minirocket,minirocket,1,1,False,0.8492625795257374,0.8492625795257374,0.0
Car,3,0.1,577,57,0.0987868284228769,block,point,linear,minirocket,minirocket,1,1,False,0.8967611336032388,0.8967611336032388,0.0
Car,3,0.1,577,57,0.0987868284228769,block,block,linear,minirocket,minirocket,1,1,False,0.8492625795257374,0.8492625795257374,0.0
Car,3,0.15,577,86,0.1490467937608318,point,point,linear,minirocket,minirocket,1,1,False,0.8967611336032388,0.8967611336032388,0.0
Car,3,0.15,577,86,0.1490467937608318,point,block,linear,minirocket,minirocket,1,1,False,0.6383024869866976,0.6383024869866976,0.0
Car,3,0.15,577,86,0.1490467937608318,block,point,linear,minirocket,minirocket,1,1,False,0.8967611336032388,0.8967611336032388,0.0
Car,3,0.15,577,86,0.1490467937608318,block,block,linear,minirocket,minirocket,1,1,False,0.6383024869866976,0.6383024869866976,0.0
Car,3,0.2,577,115,0.1993067590987868,point,point,linear,minirocket,minirocket,1,1,False,0.8967611336032388,0.8967611336032388,0.0
Car,3,0.2,577,115,0.1993067590987868,point,block,linear,minirocket,minirocket,1,1,False,0.4104251012145749,0.4104251012145749,0.0
Car,3,0.2,577,115,0.1993067590987868,block,point,linear,minirocket,minirocket,1,1,False,0.8967611336032388,0.8967611336032388,0.0
Car,3,0.2,577,115,0.1993067590987868,block,block,linear,minirocket,minirocket,1,1,False,0.4104251012145749,0.4104251012145749,0.0
Car,3,0.25,577,144,0.2495667244367417,point,point,linear,minirocket,minirocket,1,1,False,0.8967611336032388,0.8967611336032388,0.0
Car,3,0.25,577,144,0.2495667244367417,point,block,linear,minirocket,minirocket,1,1,False,0.3436957779063042,0.3436957779063042,0.0
Car,3,0.25,577,144,0.2495667244367417,block,point,linear,minirocket,minirocket,1,1,False,0.8967611336032388,0.8967611336032388,0.0
Car,3,0.25,577,144,0.2495667244367417,block,block,linear,minirocket,minirocket,1,1,False,0.3436957779063042,0.3436957779063042,0.0
Car,3,0.3,577,173,0.2998266897746967,point,point,linear,minirocket,minirocket,1,1,False,0.8967611336032388,0.8967611336032388,0.0
Car,3,0.3,577,173,0.2998266897746967,point,block,linear,minirocket,stat_rf,1,1,True,0.3426836321573163,0.3599624060150376,0.0172787738577212
Car,3,0.3,577,173,0.2998266897746967,block,point,linear,minirocket,minirocket,1,1,False,0.8967611336032388,0.8967611336032388,0.0
Car,3,0.3,577,173,0.2998266897746967,block,block,linear,minirocket,stat_rf,1,1,True,0.3426836321573163,0.3599624060150376,0.0172787738577212
Car,4,0.05,577,28,0.048526863084922,point,point,linear,minirocket,minirocket,1,1,False,0.8896761133603239,0.8896761133603239,0.0
Car,4,0.05,577,28,0.048526863084922,point,block,linear,minirocket,minirocket,1,1,False,0.902834008097166,0.902834008097166,0.0
Car,4,0.05,577,28,0.048526863084922,block,point,linear,minirocket,minirocket,1,1,False,0.8896761133603239,0.8896761133603239,0.0
Car,4,0.05,577,28,0.048526863084922,block,block,linear,minirocket,minirocket,1,1,False,0.902834008097166,0.902834008097166,0.0
Car,4,0.1,577,57,0.0987868284228769,point,point,linear,minirocket,minirocket,1,1,False,0.8896761133603239,0.8896761133603239,0.0
Car,4,0.1,577,57,0.0987868284228769,point,block,linear,minirocket,minirocket,1,1,False,0.9042076344707924,0.9042076344707924,0.0
Car,4,0.1,577,57,0.0987868284228769,block,point,linear,minirocket,minirocket,1,1,False,0.8896761133603239,0.8896761133603239,0.0
Car,4,0.1,577,57,0.0987868284228769,block,block,linear,minirocket,minirocket,1,1,False,0.9042076344707924,0.9042076344707924,0.0
Car,4,0.15,577,86,0.1490467937608318,point,point,linear,minirocket,minirocket,1,1,False,0.902834008097166,0.902834008097166,0.0
Car,4,0.15,577,86,0.1490467937608318,point,block,linear,minirocket,minirocket,1,1,False,0.7548438403701561,0.7548438403701561,0.0
Car,4,0.15,577,86,0.1490467937608318,block,point,linear,minirocket,minirocket,1,1,False,0.902834008097166,0.902834008097166,0.0
Car,4,0.15,577,86,0.1490467937608318,block,block,linear,minirocket,minirocket,1,1,False,0.7548438403701561,0.7548438403701561,0.0
Car,4,0.2,577,115,0.1993067590987868,point,point,linear,minirocket,minirocket,1,1,False,0.8896761133603239,0.8896761133603239,0.0
Car,4,0.2,577,115,0.1993067590987868,point,block,linear,minirocket,minirocket,1,1,False,0.6847888953152111,0.6847888953152111,0.0
Car,4,0.2,577,115,0.1993067590987868,block,point,linear,minirocket,minirocket,1,1,False,0.8896761133603239,0.8896761133603239,0.0
Car,4,0.2,577,115,0.1993067590987868,block,block,linear,minirocket,minirocket,1,1,False,0.6847888953152111,0.6847888953152111,0.0
Car,4,0.25,577,144,0.2495667244367417,point,point,linear,minirocket,minirocket,1,1,False,0.902834008097166,0.902834008097166,0.0
Car,4,0.25,577,144,0.2495667244367417,point,block,linear,minirocket,minirocket,1,1,False,0.4771544245228455,0.4771544245228455,0.0
Car,4,0.25,577,144,0.2495667244367417,block,point,linear,minirocket,minirocket,1,1,False,0.902834008097166,0.902834008097166,0.0
Car,4,0.25,577,144,0.2495667244367417,block,block,linear,minirocket,minirocket,1,1,False,0.4771544245228455,0.4771544245228455,0.0
Car,4,0.3,577,173,0.2998266897746967,point,point,linear,minirocket,minirocket,1,1,False,0.8896761133603239,0.8896761133603239,0.0
Car,4,0.3,577,173,0.2998266897746967,point,block,linear,minirocket,dtw,1,1,True,0.3530942741469057,0.3560584152689415,0.0029641411220358
Car,4,0.3,577,173,0.2998266897746967,block,point,linear,minirocket,minirocket,1,1,False,0.8896761133603239,0.8896761133603239,0.0
Car,4,0.3,577,173,0.2998266897746967,block,block,linear,minirocket,dtw,1,1,True,0.3530942741469057,0.3560584152689415,0.0029641411220358
Car,5,0.05,577,28,0.048526863084922,point,point,linear,minirocket,minirocket,1,1,False,0.8380566801619433,0.8380566801619433,0.0
Car,5,0.05,577,28,0.048526863084922,point,block,linear,minirocket,minirocket,1,1,False,0.8215731636784269,0.8215731636784269,0.0
Car,5,0.05,577,28,0.048526863084922,block,point,linear,minirocket,minirocket,1,1,False,0.8380566801619433,0.8380566801619433,0.0
Car,5,0.05,577,28,0.048526863084922,block,block,linear,minirocket,minirocket,1,1,False,0.8215731636784269,0.8215731636784269,0.0
Car,5,0.1,577,57,0.0987868284228769,point,point,linear,minirocket,minirocket,1,1,False,0.8572874493927125,0.8572874493927125,0.0
Car,5,0.1,577,57,0.0987868284228769,point,block,linear,minirocket,minirocket,1,1,False,0.6510266049739735,0.6510266049739735,0.0
Car,5,0.1,577,57,0.0987868284228769,block,point,linear,minirocket,minirocket,1,1,False,0.8572874493927125,0.8572874493927125,0.0
Car,5,0.1,577,57,0.0987868284228769,block,block,linear,minirocket,minirocket,1,1,False,0.6510266049739735,0.6510266049739735,0.0
Car,5,0.15,577,86,0.1490467937608318,point,point,linear,minirocket,minirocket,1,1,False,0.8380566801619433,0.8380566801619433,0.0
Car,5,0.15,577,86,0.1490467937608318,point,block,linear,minirocket,minirocket,1,1,False,0.5279786003470214,0.5279786003470214,0.0
Car,5,0.15,577,86,0.1490467937608318,block,point,linear,minirocket,minirocket,1,1,False,0.8380566801619433,0.8380566801619433,0.0
Car,5,0.15,577,86,0.1490467937608318,block,block,linear,minirocket,minirocket,1,1,False,0.5279786003470214,0.5279786003470214,0.0
Car,5,0.2,577,115,0.1993067590987868,point,point,linear,minirocket,minirocket,1,1,False,0.8380566801619433,0.8380566801619433,0.0
Car,5,0.2,577,115,0.1993067590987868,point,block,linear,minirocket,minirocket,1,1,False,0.45655002891845,0.45655002891845,0.0
Car,5,0.2,577,115,0.1993067590987868,block,point,linear,dtw,minirocket,1,1,True,0.5130855986119144,0.8380566801619433,0.3249710815500289
Car,5,0.2,577,115,0.1993067590987868,block,block,linear,dtw,minirocket,1,1,True,0.3894592249855407,0.45655002891845,0.0670908039329092
Car,5,0.25,577,144,0.2495667244367417,point,point,linear,minirocket,minirocket,1,1,False,0.8380566801619433,0.8380566801619433,0.0
Car,5,0.25,577,144,0.2495667244367417,point,block,linear,minirocket,minirocket,1,1,False,0.3183921341816078,0.3183921341816078,0.0
Car,5,0.25,577,144,0.2495667244367417,block,point,linear,dtw,minirocket,1,1,True,0.5130855986119144,0.8380566801619433,0.3249710815500289
Car,5,0.25,577,144,0.2495667244367417,block,block,linear,dtw,minirocket,1,1,True,0.3156448814343551,0.3183921341816078,0.0027472527472527
Car,5,0.3,577,173,0.2998266897746967,point,point,linear,minirocket,minirocket,1,1,False,0.8380566801619433,0.8380566801619433,0.0
Car,5,0.3,577,173,0.2998266897746967,point,block,linear,minirocket,minirocket,1,1,False,0.3379843840370156,0.3379843840370156,0.0
Car,5,0.3,577,173,0.2998266897746967,block,point,linear,dtw,minirocket,1,1,True,0.5619577790630422,0.8380566801619433,0.2760989010989011
Car,5,0.3,577,173,0.2998266897746967,block,block,linear,dtw,minirocket,1,1,True,0.2357576633892423,0.3379843840370156,0.1022267206477732
CBF,1,0.05,128,6,0.046875,point,point,linear,dtw,minirocket,2,1,True,0.9900292358672732,0.9911111111111112,0.001081875243838
CBF,1,0.05,128,6,0.046875,point,block,linear,dtw,minirocket,2,1,True,0.9844734827720738,0.9877777777777778,0.0033042950057039
CBF,1,0.05,128,6,0.046875,block,point,linear,minirocket,minirocket,2,1,False,0.9911111111111112,0.9911111111111112,0.0
CBF,1,0.05,128,6,0.046875,block,block,linear,minirocket,minirocket,2,1,False,0.9877777777777778,0.9877777777777778,0.0
CBF,1,0.1,128,12,0.09375,point,point,linear,minirocket,minirocket,2,1,False,0.9911110123412892,0.9911110123412892,0.0
CBF,1,0.1,128,12,0.09375,point,block,linear,minirocket,minirocket,2,1,False,0.9844586672987936,0.9844586672987936,0.0
CBF,1,0.1,128,12,0.09375,block,point,linear,minirocket,minirocket,2,1,False,0.9911110123412892,0.9911110123412892,0.0
CBF,1,0.1,128,12,0.09375,block,block,linear,minirocket,minirocket,2,1,False,0.9844586672987936,0.9844586672987936,0.0
CBF,1,0.15,128,19,0.1484375,point,point,linear,minirocket,minirocket,2,1,False,0.9955629139072848,0.9955629139072848,0.0
CBF,1,0.15,128,19,0.1484375,point,block,linear,minirocket,minirocket,2,1,False,0.9245893397731256,0.9245893397731256,0.0
CBF,1,0.15,128,19,0.1484375,block,point,linear,dtw,minirocket,1,1,True,0.9755322952625054,0.9955629139072848,0.0200306186447792
CBF,1,0.15,128,19,0.1484375,block,block,linear,dtw,minirocket,1,1,True,0.9244191099851352,0.9245893397731256,0.0001702297879906
CBF,1,0.2,128,25,0.1953125,point,point,linear,dtw,minirocket,1,1,True,0.952220148055963,0.9856068664780162,0.0333867184220532
CBF,1,0.2,128,25,0.1953125,point,block,linear,dtw,dtw,1,1,False,0.886617578065198,0.886617578065198,0.0
CBF,1,0.2,128,25,0.1953125,block,point,linear,dtw,minirocket,1,1,True,0.952220148055963,0.9856068664780162,0.0333867184220532
CBF,1,0.2,128,25,0.1953125,block,block,linear,dtw,dtw,1,1,False,0.886617578065198,0.886617578065198,0.0
CBF,1,0.25,128,32,0.25,point,point,linear,dtw,minirocket,2,1,True,0.9355009852289732,0.9733766932851337,0.0378757080561604
CBF,1,0.25,128,32,0.25,point,block,linear,dtw,dtw,2,1,False,0.8365418216118248,0.8365418216118248,0.0
CBF,1,0.25,128,32,0.25,block,point,linear,dtw,minirocket,1,1,True,0.9355009852289732,0.9733766932851337,0.0378757080561604
CBF,1,0.25,128,32,0.25,block,block,linear,dtw,dtw,1,1,False,0.8365418216118248,0.8365418216118248,0.0
CBF,1,0.3,128,38,0.296875,point,point,linear,minirocket,minirocket,2,1,False,0.9455976314996716,0.9455976314996716,0.0
CBF,1,0.3,128,38,0.296875,point,block,linear,minirocket,dtw,2,1,True,0.4989629168703794,0.7931259660923201,0.2941630492219406
CBF,1,0.3,128,38,0.296875,block,point,linear,dtw,minirocket,1,1,True,0.9121443916025896,0.9455976314996716,0.0334532398970819
CBF,1,0.3,128,38,0.296875,block,block,linear,dtw,dtw,1,1,False,0.7931259660923201,0.7931259660923201,0.0
CBF,2,0.05,128,6,0.046875,point,point,linear,dtw,minirocket,2,1,True,0.9899996049207126,0.9977924944812364,0.0077928895605237
CBF,2,0.05,128,6,0.046875,point,block,linear,dtw,minirocket,2,1,True,0.98886622121477,0.9955849889624724,0.0067187677477024
CBF,2,0.05,128,6,0.046875,block,point,linear,dtw,minirocket,2,1,True,0.9899996049207126,0.9977924944812364,0.0077928895605237
CBF,2,0.05,128,6,0.046875,block,block,linear,dtw,minirocket,2,1,True,0.98886622121477,0.9955849889624724,0.0067187677477024
CBF,2,0.1,128,12,0.09375,point,point,linear,minirocket,minirocket,2,1,False,0.9966887417218544,0.9966887417218544,0.0
CBF,2,0.1,128,12,0.09375,point,block,linear,minirocket,minirocket,2,1,False,0.9845178304220928,0.9845178304220928,0.0
CBF,2,0.1,128,12,0.09375,block,point,linear,minirocket,minirocket,2,1,False,0.9966887417218544,0.9966887417218544,0.0
CBF,2,0.1,128,12,0.09375,block,block,linear,minirocket,minirocket,2,1,False,0.9845178304220928,0.9845178304220928,0.0
CBF,2,0.15,128,19,0.1484375,point,point,linear,dtw,minirocket,2,1,True,0.9710432068585764,0.9878587196467992,0.0168155127882227
CBF,2,0.15,128,19,0.1484375,point,block,linear,dtw,dtw,2,1,False,0.9311895837345856,0.9311895837345856,0.0
CBF,2,0.15,128,19,0.1484375,block,point,linear,dtw,minirocket,1,1,True,0.9710432068585764,0.9878587196467992,0.0168155127882227
CBF,2,0.15,128,19,0.1484375,block,block,linear,dtw,dtw,1,1,False,0.9311895837345856,0.9311895837345856,0.0
CBF,2,0.2,128,25,0.1953125,point,point,linear,dtw,minirocket,2,1,True,0.9465829592426332,0.9746136865342164,0.0280307272915831
CBF,2,0.2,128,25,0.1953125,point,block,linear,dtw,dtw,2,1,False,0.898966176274501,0.898966176274501,0.0
CBF,2,0.2,128,25,0.1953125,block,point,linear,stat_rf,minirocket,2,1,True,0.8969955207885784,0.9746136865342164,0.0776181657456379
CBF,2,0.2,128,25,0.1953125,block,block,linear,stat_rf,dtw,2,1,True,0.8503122607918376,0.898966176274501,0.0486539154826634
CBF,2,0.25,128,32,0.25,point,point,linear,dtw,minirocket,1,1,True,0.9354120923892912,0.9558498896247242,0.0204377972354328
CBF,2,0.25,128,32,0.25,point,block,linear,dtw,dtw,1,1,False,0.8533352593448598,0.8533352593448598,0.0
CBF,2,0.25,128,32,0.25,block,point,linear,dtw,minirocket,1,1,True,0.9354120923892912,0.9558498896247242,0.0204377972354328
CBF,2,0.25,128,32,0.25,block,block,linear,dtw,dtw,1,1,False,0.8533352593448598,0.8533352593448598,0.0
CBF,2,0.3,128,38,0.296875,point,point,linear,dtw,minirocket,2,1,True,0.9121517499543188,0.9182630339126184,0.0061112839582995
CBF,2,0.3,128,38,0.296875,point,block,linear,dtw,dtw,2,1,False,0.8077267137798717,0.8077267137798717,0.0
CBF,2,0.3,128,38,0.296875,block,point,linear,dtw,minirocket,1,1,True,0.9121517499543188,0.9182630339126184,0.0061112839582995
CBF,2,0.3,128,38,0.296875,block,block,linear,dtw,dtw,1,1,False,0.8077267137798717,0.8077267137798717,0.0
CBF,3,0.05,128,6,0.046875,point,point,linear,minirocket,minirocket,2,1,False,0.9988888888888888,0.9988888888888888,0.0
CBF,3,0.05,128,6,0.046875,point,block,linear,minirocket,minirocket,2,1,False,0.996674025018396,0.996674025018396,0.0
CBF,3,0.05,128,6,0.046875,block,point,linear,minirocket,minirocket,2,1,False,0.9988888888888888,0.9988888888888888,0.0
CBF,3,0.05,128,6,0.046875,block,block,linear,minirocket,minirocket,2,1,False,0.996674025018396,0.996674025018396,0.0
CBF,3,0.1,128,12,0.09375,point,point,linear,minirocket,minirocket,2,1,False,1.0,1.0,0.0
CBF,3,0.1,128,12,0.09375,point,block,linear,minirocket,minirocket,2,1,False,0.991132988626655,0.991132988626655,0.0
CBF,3,0.1,128,12,0.09375,block,point,linear,minirocket,minirocket,2,1,False,1.0,1.0,0.0
CBF,3,0.1,128,12,0.09375,block,block,linear,minirocket,minirocket,2,1,False,0.991132988626655,0.991132988626655,0.0
CBF,3,0.15,128,19,0.1484375,point,point,linear,dtw,minirocket,2,1,True,0.9732803433239008,0.996681383370125,0.0234010400462242
CBF,3,0.15,128,19,0.1484375,point,block,linear,dtw,dtw,2,1,False,0.9345010395523752,0.9345010395523752,0.0
CBF,3,0.15,128,19,0.1484375,block,point,linear,dtw,minirocket,2,1,True,0.9732803433239008,0.996681383370125,0.0234010400462242
CBF,3,0.15,128,19,0.1484375,block,block,linear,dtw,dtw,2,1,False,0.9345010395523752,0.9345010395523752,0.0
CBF,3,0.2,128,25,0.1953125,point,point,linear,dtw,minirocket,2,1,True,0.9543683916816056,0.9889254831078912,0.0345570914262856
CBF,3,0.2,128,25,0.1953125,point,block,linear,dtw,dtw,2,1,False,0.8723727968156609,0.8723727968156609,0.0
CBF,3,0.2,128,25,0.1953125,block,point,linear,stat_rf,minirocket,2,1,True,0.9036033206414112,0.9889254831078912,0.08532216246648
CBF,3,0.2,128,25,0.1953125,block,block,linear,stat_rf,dtw,2,1,True,0.8549198729820091,0.8723727968156609,0.0174529238336518
CBF,3,0.25,128,32,0.25,point,point,linear,dtw,minirocket,2,1,True,0.9220708080852976,0.9722432108093692,0.0501724027240716
CBF,3,0.25,128,32,0.25,point,block,linear,dtw,dtw,2,1,False,0.8422531865613779,0.8422531865613779,0.0
CBF,3,0.25,128,32,0.25,block,point,linear,stat_rf,minirocket,2,1,True,0.8836319638897532,0.9722432108093692,0.088611246919616
CBF,3,0.25,128,32,0.25,block,block,linear,stat_rf,dtw,2,1,True,0.8149704925157167,0.8422531865613779,0.0272826940456611
CBF,3,0.3,128,38,0.296875,point,point,linear,dtw,minirocket,2,1,True,0.90312912672662,0.9489755100226676,0.0458463832960476
CBF,3,0.3,128,38,0.296875,point,block,linear,dtw,stat_rf,2,1,True,0.7743475512491913,0.7772131107061547,0.0028655594569634
CBF,3,0.3,128,38,0.296875,block,point,linear,dtw,minirocket,1,1,True,0.90312912672662,0.9489755100226676,0.0458463832960476
CBF,3,0.3,128,38,0.296875,block,block,linear,dtw,stat_rf,1,1,True,0.7743475512491913,0.7772131107061547,0.0028655594569634
CBF,4,0.05,128,6,0.046875,point,point,linear,dtw,minirocket,2,1,True,0.9944367897832496,0.9966666666666668,0.0022298768834172
CBF,4,0.05,128,6,0.046875,point,block,linear,dtw,minirocket,2,1,True,0.9866512585744552,0.9944518027961736,0.0078005442217184
CBF,4,0.05,128,6,0.046875,block,point,linear,dtw,minirocket,2,1,True,0.9944367897832496,0.9966666666666668,0.0022298768834172
CBF,4,0.05,128,6,0.046875,block,block,linear,dtw,minirocket,2,1,True,0.9866512585744552,0.9944518027961736,0.0078005442217184
CBF,4,0.1,128,12,0.09375,point,point,linear,dtw,minirocket,1,1,True,0.991081085085263,0.9966666666666668,0.0055855815814036
CBF,4,0.1,128,12,0.09375,point,block,linear,dtw,minirocket,1,1,True,0.9577759011511624,0.985584593883185,0.0278086927320226
CBF,4,0.1,128,12,0.09375,block,point,linear,minirocket,minirocket,3,1,False,0.9966666666666668,0.9966666666666668,0.0
CBF,4,0.1,128,12,0.09375,block,block,linear,minirocket,minirocket,3,1,False,0.985584593883185,0.985584593883185,0.0
CBF,4,0.15,128,19,0.1484375,point,point,linear,dtw,minirocket,2,1,True,0.9765989599537758,0.9944442469048008,0.0178452869510249
CBF,4,0.15,128,19,0.1484375,point,block,linear,dtw,dtw,2,1,False,0.9189075070003112,0.9189075070003112,0.0
CBF,4,0.15,128,19,0.1484375,block,point,linear,dtw,minirocket,2,1,True,0.9765989599537758,0.9944442469048008,0.0178452869510249
CBF,4,0.15,128,19,0.1484375,block,block,linear,dtw,dtw,2,1,False,0.9189075070003112,0.9189075070003112,0.0
CBF,4,0.2,128,25,0.1953125,point,point,linear,dtw,minirocket,1,1,True,0.963309480421352,0.9900365942190024,0.0267271137976501
CBF,4,0.2,128,25,0.1953125,point,block,linear,dtw,dtw,1,1,False,0.8778910667634611,0.8778910667634611,0.0
CBF,4,0.2,128,25,0.1953125,block,point,linear,dtw,minirocket,1,1,True,0.963309480421352,0.9900365942190024,0.0267271137976501
CBF,4,0.2,128,25,0.1953125,block,block,linear,dtw,dtw,1,1,False,0.8778910667634611,0.8778910667634611,0.0
CBF,4,0.25,128,32,0.25,point,point,linear,stat_rf,minirocket,3,1,True,0.8667200023704758,0.972228395336089,0.1055083929656132
CBF,4,0.25,128,32,0.25,point,block,linear,stat_rf,dtw,3,1,True,0.7824647021349097,0.8423122509148554,0.0598475487799456
CBF,4,0.25,128,32,0.25,block,point,linear,dtw,minirocket,2,1,True,0.9510348608086284,0.972228395336089,0.0211935345274605
CBF,4,0.25,128,32,0.25,block,block,linear,dtw,dtw,2,1,False,0.8423122509148554,0.8423122509148554,0.0
CBF,4,0.3,128,38,0.296875,point,point,linear,dtw,minirocket,2,1,True,0.8943434523015837,0.9411751633405928,0.0468317110390091
CBF,4,0.3,128,38,0.296875,point,block,linear,dtw,dtw,2,1,False,0.8144374317870917,0.8144374317870917,0.0
CBF,4,0.3,128,38,0.296875,block,point,linear,stat_rf,minirocket,2,1,True,0.8788910124400591,0.9411751633405928,0.0622841509005338
CBF,4,0.3,128,38,0.296875,block,block,linear,stat_rf,dtw,2,1,True,0.7513891975445822,0.8144374317870917,0.0630482342425095
CBF,5,0.05,128,6,0.046875,point,point,linear,minirocket,minirocket,2,1,False,0.9977924944812364,0.9977924944812364,0.0
CBF,5,0.05,128,6,0.046875,point,block,linear,minirocket,minirocket,2,1,False,0.9944738778513612,0.9944738778513612,0.0
CBF,5,0.05,128,6,0.046875,block,point,linear,minirocket,minirocket,2,1,False,0.9977924944812364,0.9977924944812364,0.0
CBF,5,0.05,128,6,0.046875,block,block,linear,minirocket,minirocket,2,1,False,0.9944738778513612,0.9944738778513612,0.0
CBF,5,0.1,128,12,0.09375,point,point,linear,minirocket,minirocket,2,1,False,0.9922663723325976,0.9922663723325976,0.0
CBF,5,0.1,128,12,0.09375,point,block,linear,minirocket,minirocket,2,1,False,0.9812213876172274,0.9812213876172274,0.0
CBF,5,0.1,128,12,0.09375,block,point,linear,minirocket,minirocket,2,1,False,0.9922663723325976,0.9922663723325976,0.0
CBF,5,0.1,128,12,0.09375,block,block,linear,minirocket,minirocket,2,1,False,0.9812213876172274,0.9812213876172274,0.0
CBF,5,0.15,128,19,0.1484375,point,point,linear,dtw,minirocket,1,1,True,0.9689172358277652,0.9889476569329008,0.0200304211051355
CBF,5,0.15,128,19,0.1484375,point,block,linear,dtw,dtw,1,1,False,0.9356714125566074,0.9356714125566074,0.0
CBF,5,0.15,128,19,0.1484375,block,point,linear,dtw,minirocket,1,1,True,0.9689172358277652,0.9889476569329008,0.0200304211051355
CBF,5,0.15,128,19,0.1484375,block,block,linear,dtw,dtw,1,1,False,0.9356714125566074,0.9356714125566074,0.0
CBF,5,0.2,128,25,0.1953125,point,point,linear,dtw,minirocket,1,1,True,0.9399381700915104,0.9812140292654982,0.0412758591739879
CBF,5,0.2,128,25,0.1953125,point,block,linear,dtw,dtw,1,1,False,0.8890697858176413,0.8890697858176413,0.0
CBF,5,0.2,128,25,0.1953125,block,point,linear,dtw,minirocket,1,1,True,0.9399381700915104,0.9812140292654982,0.0412758591739879
CBF,5,0.2,128,25,0.1953125,block,block,linear,dtw,dtw,1,1,False,0.8890697858176413,0.8890697858176413,0.0
CBF,5,0.25,128,32,0.25,point,point,linear,dtw,minirocket,1,1,True,0.9199742704614032,0.9557758122583224,0.0358015417969193
CBF,5,0.25,128,32,0.25,point,block,linear,dtw,dtw,1,1,False,0.8434386713483563,0.8434386713483563,0.0
CBF,5,0.25,128,32,0.25,block,point,linear,dtw,minirocket,1,1,True,0.9199742704614032,0.9557758122583224,0.0358015417969193
CBF,5,0.25,128,32,0.25,block,block,linear,dtw,dtw,1,1,False,0.8434386713483563,0.8434386713483563,0.0
CBF,5,0.3,128,38,0.296875,point,point,linear,dtw,dtw,1,1,False,0.905558864344588,0.905558864344588,0.0
CBF,5,0.3,128,38,0.296875,point,block,linear,dtw,dtw,1,1,False,0.7877702712713157,0.7877702712713157,0.0
CBF,5,0.3,128,38,0.296875,block,point,linear,dtw,dtw,1,1,False,0.905558864344588,0.905558864344588,0.0
CBF,5,0.3,128,38,0.296875,block,block,linear,dtw,dtw,1,1,False,0.7877702712713157,0.7877702712713157,0.0
Coffee,1,0.05,286,14,0.0489510489510489,point,point,linear,dtw,dtw|minirocket,2,2,False,1.0,1.0,0.0
Coffee,1,0.05,286,14,0.0489510489510489,point,block,linear,dtw,dtw|minirocket,2,2,False,1.0,1.0,0.0
Coffee,1,0.05,286,14,0.0489510489510489,block,point,linear,minirocket,dtw|minirocket,2,2,False,1.0,1.0,0.0
Coffee,1,0.05,286,14,0.0489510489510489,block,block,linear,minirocket,dtw|minirocket,2,2,False,1.0,1.0,0.0
Coffee,1,0.1,286,28,0.0979020979020979,point,point,linear,dtw,dtw|minirocket,2,2,False,1.0,1.0,0.0
Coffee,1,0.1,286,28,0.0979020979020979,point,block,linear,dtw,minirocket,2,1,True,0.9230769230769232,0.9282051282051282,0.0051282051282051
Coffee,1,0.1,286,28,0.0979020979020979,block,point,linear,dtw,dtw|minirocket,1,2,False,1.0,1.0,0.0
Coffee,1,0.1,286,28,0.0979020979020979,block,block,linear,dtw,minirocket,1,1,True,0.9230769230769232,0.9282051282051282,0.0051282051282051
Coffee,1,0.15,286,42,0.1468531468531468,point,point,linear,minirocket,dtw|minirocket,2,2,False,1.0,1.0,0.0
Coffee,1,0.15,286,42,0.1468531468531468,point,block,linear,minirocket,minirocket,2,1,False,0.8512820512820514,0.8512820512820514,0.0
Coffee,1,0.15,286,42,0.1468531468531468,block,point,linear,stat_rf,dtw|minirocket,1,2,True,0.7794871794871795,1.0,0.2205128205128205
Coffee,1,0.15,286,42,0.1468531468531468,block,block,linear,stat_rf,minirocket,1,1,True,0.5923076923076923,0.8512820512820514,0.258974358974359
Coffee,1,0.2,286,57,0.1993006993006993,point,point,linear,minirocket,minirocket,1,1,False,1.0,1.0,0.0
Coffee,1,0.2,286,57,0.1993006993006993,point,block,linear,minirocket,minirocket,1,1,False,0.7897435897435897,0.7897435897435897,0.0
Coffee,1,0.2,286,57,0.1993006993006993,block,point,linear,minirocket,minirocket,1,1,False,1.0,1.0,0.0
Coffee,1,0.2,286,57,0.1993006993006993,block,block,linear,minirocket,minirocket,1,1,False,0.7897435897435897,0.7897435897435897,0.0
Coffee,1,0.25,286,71,0.2482517482517482,point,point,linear,dtw,dtw|minirocket,2,2,False,1.0,1.0,0.0
Coffee,1,0.25,286,71,0.2482517482517482,point,block,linear,dtw,minirocket,2,1,True,0.7410256410256411,0.7512820512820513,0.0102564102564102
Coffee,1,0.25,286,71,0.2482517482517482,block,point,linear,minirocket,dtw|minirocket,1,2,False,1.0,1.0,0.0
Coffee,1,0.25,286,71,0.2482517482517482,block,block,linear,minirocket,minirocket,1,1,False,0.7512820512820513,0.7512820512820513,0.0
Coffee,1,0.3,286,85,0.2972027972027972,point,point,linear,minirocket,minirocket,1,1,False,1.0,1.0,0.0
Coffee,1,0.3,286,85,0.2972027972027972,point,block,linear,minirocket,dtw,1,1,True,0.6846153846153846,0.7743589743589744,0.0897435897435897
Coffee,1,0.3,286,85,0.2972027972027972,block,point,linear,stat_rf,minirocket,2,1,True,0.7794871794871795,1.0,0.2205128205128205
Coffee,1,0.3,286,85,0.2972027972027972,block,block,linear,stat_rf,dtw,2,1,True,0.5256410256410257,0.7743589743589744,0.2487179487179487
Coffee,2,0.05,286,14,0.0489510489510489,point,point,linear,dtw,dtw|minirocket,2,2,False,1.0,1.0,0.0
Coffee,2,0.05,286,14,0.0489510489510489,point,block,linear,dtw,dtw,2,1,False,0.9666666666666668,0.9666666666666668,0.0
Coffee,2,0.05,286,14,0.0489510489510489,block,point,linear,minirocket,dtw|minirocket,2,2,False,1.0,1.0,0.0
Coffee,2,0.05,286,14,0.0489510489510489,block,block,linear,minirocket,dtw,2,1,True,0.9615384615384616,0.9666666666666668,0.0051282051282051
Coffee,2,0.1,286,28,0.0979020979020979,point,point,linear,dtw,dtw|minirocket,2,2,False,1.0,1.0,0.0
Coffee,2,0.1,286,28,0.0979020979020979,point,block,linear,dtw,dtw,2,1,False,0.9666666666666668,0.9666666666666668,0.0
Coffee,2,0.1,286,28,0.0979020979020979,block,point,linear,minirocket,dtw|minirocket,1,2,False,1.0,1.0,0.0
Coffee,2,0.1,286,28,0.0979020979020979,block,block,linear,minirocket,dtw,1,1,True,0.9282051282051282,0.9666666666666668,0.0384615384615384
Coffee,2,0.15,286,42,0.1468531468531468,point,point,linear,stat_rf,minirocket,2,1,True,0.9230769230769232,1.0,0.0769230769230768
Coffee,2,0.15,286,42,0.1468531468531468,point,block,linear,stat_rf,dtw,2,1,True,0.6025641025641025,0.9282051282051282,0.3256410256410257
Coffee,2,0.15,286,42,0.1468531468531468,block,point,linear,minirocket,minirocket,2,1,False,1.0,1.0,0.0
Coffee,2,0.15,286,42,0.1468531468531468,block,block,linear,minirocket,dtw,2,1,True,0.8179487179487179,0.9282051282051282,0.1102564102564103
Coffee,2,0.2,286,57,0.1993006993006993,point,point,linear,minirocket,dtw|minirocket,1,2,False,1.0,1.0,0.0
Coffee,2,0.2,286,57,0.1993006993006993,point,block,linear,minirocket,dtw,1,1,True,0.7025641025641025,0.8615384615384616,0.158974358974359
Coffee,2,0.2,286,57,0.1993006993006993,block,point,linear,dtw,dtw|minirocket,1,2,False,1.0,1.0,0.0
Coffee,2,0.2,286,57,0.1993006993006993,block,block,linear,dtw,dtw,1,1,False,0.8615384615384616,0.8615384615384616,0.0
Coffee,2,0.25,286,71,0.2482517482517482,point,point,linear,minirocket,dtw|minirocket,2,2,False,0.9615384615384616,0.9615384615384616,0.0
Coffee,2,0.25,286,71,0.2482517482517482,point,block,linear,minirocket,dtw,2,1,True,0.6641025641025642,0.7897435897435897,0.1256410256410255
Coffee,2,0.25,286,71,0.2482517482517482,block,point,linear,stat_rf,dtw|minirocket,2,2,True,0.8461538461538461,0.9615384615384616,0.1153846153846154
Coffee,2,0.25,286,71,0.2482517482517482,block,block,linear,stat_rf,dtw,2,1,True,0.6256410256410256,0.7897435897435897,0.164102564102564
Coffee,2,0.3,286,85,0.2972027972027972,point,point,linear,dtw,dtw|minirocket,3,2,False,1.0,1.0,0.0
Coffee,2,0.3,286,85,0.2972027972027972,point,block,linear,dtw,dtw,3,1,False,0.717948717948718,0.717948717948718,0.0
Coffee,2,0.3,286,85,0.2972027972027972,block,point,linear,dtw,dtw|minirocket,1,2,False,1.0,1.0,0.0
Coffee,2,0.3,286,85,0.2972027972027972,block,block,linear,dtw,dtw,1,1,False,0.717948717948718,0.717948717948718,0.0
Coffee,3,0.05,286,14,0.0489510489510489,point,point,linear,minirocket,dtw|minirocket,2,2,False,1.0,1.0,0.0
Coffee,3,0.05,286,14,0.0489510489510489,point,block,linear,minirocket,dtw|minirocket,2,2,False,1.0,1.0,0.0
Coffee,3,0.05,286,14,0.0489510489510489,block,point,linear,minirocket,dtw|minirocket,1,2,False,1.0,1.0,0.0
Coffee,3,0.05,286,14,0.0489510489510489,block,block,linear,minirocket,dtw|minirocket,1,2,False,1.0,1.0,0.0
Coffee,3,0.1,286,28,0.0979020979020979,point,point,linear,minirocket,dtw|minirocket,1,2,False,1.0,1.0,0.0
Coffee,3,0.1,286,28,0.0979020979020979,point,block,linear,minirocket,dtw,1,1,True,0.8897435897435897,0.9333333333333332,0.0435897435897436
Coffee,3,0.1,286,28,0.0979020979020979,block,point,linear,minirocket,dtw|minirocket,2,2,False,1.0,1.0,0.0
Coffee,3,0.1,286,28,0.0979020979020979,block,block,linear,minirocket,dtw,2,1,True,0.8897435897435897,0.9333333333333332,0.0435897435897436
Coffee,3,0.15,286,42,0.1468531468531468,point,point,linear,minirocket,dtw|minirocket,1,2,False,1.0,1.0,0.0
Coffee,3,0.15,286,42,0.1468531468531468,point,block,linear,minirocket,dtw,1,1,True,0.8179487179487179,0.8564102564102565,0.0384615384615385
Coffee,3,0.15,286,42,0.1468531468531468,block,point,linear,dtw,dtw|minirocket,3,2,False,1.0,1.0,0.0
Coffee,3,0.15,286,42,0.1468531468531468,block,block,linear,dtw,dtw,3,1,False,0.8564102564102565,0.8564102564102565,0.0
Coffee,3,0.2,286,57,0.1993006993006993,point,point,linear,dtw,dtw|minirocket,2,2,False,1.0,1.0,0.0
Coffee,3,0.2,286,57,0.1993006993006993,point,block,linear,dtw,dtw,2,1,False,0.7615384615384615,0.7615384615384615,0.0
Coffee,3,0.2,286,57,0.1993006993006993,block,point,linear,stat_rf,dtw|minirocket,3,2,True,0.8128205128205128,1.0,0.1871794871794871
Coffee,3,0.2,286,57,0.1993006993006993,block,block,linear,stat_rf,dtw,3,1,True,0.7410256410256411,0.7615384615384615,0.0205128205128204
Coffee,3,0.25,286,71,0.2482517482517482,point,point,linear,minirocket,minirocket,2,1,False,1.0,1.0,0.0
Coffee,3,0.25,286,71,0.2482517482517482,point,block,linear,minirocket,dtw,2,1,True,0.7512820512820513,0.7897435897435897,0.0384615384615384
Coffee,3,0.25,286,71,0.2482517482517482,block,point,linear,minirocket,minirocket,1,1,False,1.0,1.0,0.0
Coffee,3,0.25,286,71,0.2482517482517482,block,block,linear,minirocket,dtw,1,1,True,0.7512820512820513,0.7897435897435897,0.0384615384615384
Coffee,3,0.3,286,85,0.2972027972027972,point,point,linear,minirocket,dtw|minirocket,1,2,False,1.0,1.0,0.0
Coffee,3,0.3,286,85,0.2972027972027972,point,block,linear,minirocket,dtw,1,1,True,0.7128205128205127,0.823076923076923,0.1102564102564103
Coffee,3,0.3,286,85,0.2972027972027972,block,point,linear,minirocket,dtw|minirocket,1,2,False,1.0,1.0,0.0
Coffee,3,0.3,286,85,0.2972027972027972,block,block,linear,minirocket,dtw,1,1,True,0.7128205128205127,0.823076923076923,0.1102564102564103
Coffee,4,0.05,286,14,0.0489510489510489,point,point,linear,dtw,dtw,2,1,False,0.9666666666666668,0.9666666666666668,0.0
Coffee,4,0.05,286,14,0.0489510489510489,point,block,linear,dtw,dtw,2,1,False,0.9666666666666668,0.9666666666666668,0.0
Coffee,4,0.05,286,14,0.0489510489510489,block,point,linear,dtw,dtw,2,1,False,0.9666666666666668,0.9666666666666668,0.0
Coffee,4,0.05,286,14,0.0489510489510489,block,block,linear,dtw,dtw,2,1,False,0.9666666666666668,0.9666666666666668,0.0
Coffee,4,0.1,286,28,0.0979020979020979,point,point,linear,dtw,dtw,2,1,False,1.0,1.0,0.0
Coffee,4,0.1,286,28,0.0979020979020979,point,block,linear,dtw,dtw,2,1,False,1.0,1.0,0.0
Coffee,4,0.1,286,28,0.0979020979020979,block,point,linear,dtw,dtw,1,1,False,1.0,1.0,0.0
Coffee,4,0.1,286,28,0.0979020979020979,block,block,linear,dtw,dtw,1,1,False,1.0,1.0,0.0
Coffee,4,0.15,286,42,0.1468531468531468,point,point,linear,minirocket,dtw,2,1,True,0.9333333333333332,1.0,0.0666666666666666
Coffee,4,0.15,286,42,0.1468531468531468,point,block,linear,minirocket,dtw,2,1,True,0.7615384615384615,0.9,0.1384615384615385
Coffee,4,0.15,286,42,0.1468531468531468,block,point,linear,stat_rf,dtw,1,1,True,0.7846153846153847,1.0,0.2153846153846152
Coffee,4,0.15,286,42,0.1468531468531468,block,block,linear,stat_rf,dtw,1,1,True,0.7564102564102564,0.9,0.1435897435897436
Coffee,4,0.2,286,57,0.1993006993006993,point,point,linear,minirocket,dtw,1,1,True,0.9666666666666668,1.0,0.0333333333333333
Coffee,4,0.2,286,57,0.1993006993006993,point,block,linear,minirocket,minirocket,1,1,False,0.7282051282051283,0.7282051282051283,0.0
Coffee,4,0.2,286,57,0.1993006993006993,block,point,linear,stat_rf,dtw,1,1,True,0.823076923076923,1.0,0.1769230769230769
Coffee,4,0.2,286,57,0.1993006993006993,block,block,linear,stat_rf,minirocket,1,1,True,0.6743589743589744,0.7282051282051283,0.0538461538461538
Coffee,4,0.25,286,71,0.2482517482517482,point,point,linear,dtw,dtw|minirocket,2,2,False,0.9666666666666668,0.9666666666666668,0.0
Coffee,4,0.25,286,71,0.2482517482517482,point,block,linear,dtw,stat_rf,2,1,True,0.5615384615384615,0.7128205128205127,0.1512820512820512
Coffee,4,0.25,286,71,0.2482517482517482,block,point,linear,stat_rf,dtw|minirocket,1,2,True,0.7846153846153847,0.9666666666666668,0.1820512820512819
Coffee,4,0.25,286,71,0.2482517482517482,block,block,linear,stat_rf,stat_rf,1,1,False,0.7128205128205127,0.7128205128205127,0.0
Coffee,4,0.3,286,85,0.2972027972027972,point,point,linear,minirocket,dtw|minirocket,2,2,False,0.9666666666666668,0.9666666666666668,0.0
Coffee,4,0.3,286,85,0.2972027972027972,point,block,linear,minirocket,stat_rf,2,1,True,0.5615384615384615,0.7410256410256411,0.1794871794871795
Coffee,4,0.3,286,85,0.2972027972027972,block,point,linear,stat_rf,dtw|minirocket,1,2,True,0.7076923076923077,0.9666666666666668,0.2589743589743589
Coffee,4,0.3,286,85,0.2972027972027972,block,block,linear,stat_rf,stat_rf,1,1,False,0.7410256410256411,0.7410256410256411,0.0
Coffee,5,0.05,286,14,0.0489510489510489,point,point,linear,minirocket,dtw|minirocket,2,2,False,1.0,1.0,0.0
Coffee,5,0.05,286,14,0.0489510489510489,point,block,linear,minirocket,minirocket,2,1,False,0.9615384615384616,0.9615384615384616,0.0
Coffee,5,0.05,286,14,0.0489510489510489,block,point,linear,minirocket,dtw|minirocket,2,2,False,1.0,1.0,0.0
Coffee,5,0.05,286,14,0.0489510489510489,block,block,linear,minirocket,minirocket,2,1,False,0.9615384615384616,0.9615384615384616,0.0
Coffee,5,0.1,286,28,0.0979020979020979,point,point,linear,minirocket,dtw|minirocket,2,2,False,1.0,1.0,0.0
Coffee,5,0.1,286,28,0.0979020979020979,point,block,linear,minirocket,minirocket,2,1,False,0.9282051282051282,0.9282051282051282,0.0
Coffee,5,0.1,286,28,0.0979020979020979,block,point,linear,minirocket,dtw|minirocket,1,2,False,1.0,1.0,0.0
Coffee,5,0.1,286,28,0.0979020979020979,block,block,linear,minirocket,minirocket,1,1,False,0.9282051282051282,0.9282051282051282,0.0
Coffee,5,0.15,286,42,0.1468531468531468,point,point,linear,dtw,dtw|minirocket,2,2,False,1.0,1.0,0.0
Coffee,5,0.15,286,42,0.1468531468531468,point,block,linear,dtw,dtw,2,1,False,0.8846153846153846,0.8846153846153846,0.0
Coffee,5,0.15,286,42,0.1468531468531468,block,point,linear,dtw,dtw|minirocket,1,2,False,1.0,1.0,0.0
Coffee,5,0.15,286,42,0.1468531468531468,block,block,linear,dtw,dtw,1,1,False,0.8846153846153846,0.8846153846153846,0.0
Coffee,5,0.2,286,57,0.1993006993006993,point,point,linear,minirocket,dtw|minirocket,1,2,False,1.0,1.0,0.0
Coffee,5,0.2,286,57,0.1993006993006993,point,block,linear,minirocket,dtw|minirocket,1,2,False,0.8128205128205128,0.8128205128205128,0.0
Coffee,5,0.2,286,57,0.1993006993006993,block,point,linear,minirocket,dtw|minirocket,1,2,False,1.0,1.0,0.0
Coffee,5,0.2,286,57,0.1993006993006993,block,block,linear,minirocket,dtw|minirocket,1,2,False,0.8128205128205128,0.8128205128205128,0.0
Coffee,5,0.25,286,71,0.2482517482517482,point,point,linear,minirocket,dtw|minirocket,1,2,False,1.0,1.0,0.0
Coffee,5,0.25,286,71,0.2482517482517482,point,block,linear,minirocket,dtw,1,1,True,0.7794871794871795,0.8179487179487179,0.0384615384615384
Coffee,5,0.25,286,71,0.2482517482517482,block,point,linear,minirocket,dtw|minirocket,1,2,False,1.0,1.0,0.0
Coffee,5,0.25,286,71,0.2482517482517482,block,block,linear,minirocket,dtw,1,1,True,0.7794871794871795,0.8179487179487179,0.0384615384615384
Coffee,5,0.3,286,85,0.2972027972027972,point,point,linear,minirocket,dtw|minirocket,1,2,False,1.0,1.0,0.0
Coffee,5,0.3,286,85,0.2972027972027972,point,block,linear,minirocket,dtw,1,1,True,0.8179487179487179,0.8564102564102565,0.0384615384615385
Coffee,5,0.3,286,85,0.2972027972027972,block,point,linear,minirocket,dtw|minirocket,1,2,False,1.0,1.0,0.0
Coffee,5,0.3,286,85,0.2972027972027972,block,block,linear,minirocket,dtw,1,1,True,0.8179487179487179,0.8564102564102565,0.0384615384615385
Computers,1,0.05,720,36,0.05,point,point,linear,minirocket,minirocket|stat_rf,1,2,False,0.716,0.716,0.0
Computers,1,0.05,720,36,0.05,point,block,linear,minirocket,minirocket,1,1,False,0.712,0.712,0.0
Computers,1,0.05,720,36,0.05,block,point,linear,minirocket,minirocket|stat_rf,1,2,False,0.716,0.716,0.0
Computers,1,0.05,720,36,0.05,block,block,linear,minirocket,minirocket,1,1,False,0.712,0.712,0.0
Computers,1,0.1,720,72,0.1,point,point,linear,stat_rf,stat_rf,2,1,False,0.716,0.716,0.0
Computers,1,0.1,720,72,0.1,point,block,linear,stat_rf,minirocket,2,1,True,0.696,0.716,0.02
Computers,1,0.1,720,72,0.1,block,point,linear,minirocket,stat_rf,1,1,True,0.712,0.716,0.004
Computers,1,0.1,720,72,0.1,block,block,linear,minirocket,minirocket,1,1,False,0.716,0.716,0.0
Computers,1,0.15,720,108,0.15,point,point,linear,minirocket,minirocket|stat_rf,1,2,False,0.708,0.708,0.0
Computers,1,0.15,720,108,0.15,point,block,linear,minirocket,minirocket,1,1,False,0.748,0.748,0.0
Computers,1,0.15,720,108,0.15,block,point,linear,minirocket,minirocket|stat_rf,1,2,False,0.708,0.708,0.0
Computers,1,0.15,720,108,0.15,block,block,linear,minirocket,minirocket,1,1,False,0.748,0.748,0.0
Computers,1,0.2,720,144,0.2,point,point,linear,minirocket,stat_rf,1,1,True,0.696,0.704,0.008
Computers,1,0.2,720,144,0.2,point,block,linear,minirocket,minirocket,1,1,False,0.716,0.716,0.0
Computers,1,0.2,720,144,0.2,block,point,linear,minirocket,stat_rf,1,1,True,0.696,0.704,0.008
Computers,1,0.2,720,144,0.2,block,block,linear,minirocket,minirocket,1,1,False,0.716,0.716,0.0
Computers,1,0.25,720,180,0.25,point,point,linear,minirocket,minirocket|stat_rf,1,2,False,0.708,0.708,0.0
Computers,1,0.25,720,180,0.25,point,block,linear,minirocket,minirocket,1,1,False,0.72,0.72,0.0
Computers,1,0.25,720,180,0.25,block,point,linear,minirocket,minirocket|stat_rf,1,2,False,0.708,0.708,0.0
Computers,1,0.25,720,180,0.25,block,block,linear,minirocket,minirocket,1,1,False,0.72,0.72,0.0
Computers,1,0.3,720,216,0.3,point,point,linear,minirocket,stat_rf,1,1,True,0.696,0.704,0.008
Computers,1,0.3,720,216,0.3,point,block,linear,minirocket,minirocket,1,1,False,0.688,0.688,0.0
Computers,1,0.3,720,216,0.3,block,point,linear,minirocket,stat_rf,1,1,True,0.696,0.704,0.008
Computers,1,0.3,720,216,0.3,block,block,linear,minirocket,minirocket,1,1,False,0.688,0.688,0.0
Computers,2,0.05,720,36,0.05,point,point,linear,stat_rf,stat_rf,1,1,False,0.72,0.72,0.0
Computers,2,0.05,720,36,0.05,point,block,linear,stat_rf,minirocket,1,1,True,0.704,0.708,0.004
Computers,2,0.05,720,36,0.05,block,point,linear,stat_rf,stat_rf,1,1,False,0.72,0.72,0.0
Computers,2,0.05,720,36,0.05,block,block,linear,stat_rf,minirocket,1,1,True,0.704,0.708,0.004
Computers,2,0.1,720,72,0.1,point,point,linear,stat_rf,stat_rf,1,1,False,0.712,0.712,0.0
Computers,2,0.1,720,72,0.1,point,block,linear,stat_rf,minirocket,1,1,True,0.692,0.72,0.028
Computers,2,0.1,720,72,0.1,block,point,linear,stat_rf,stat_rf,1,1,False,0.712,0.712,0.0
Computers,2,0.1,720,72,0.1,block,block,linear,stat_rf,minirocket,1,1,True,0.692,0.72,0.028
Computers,2,0.15,720,108,0.15,point,point,linear,stat_rf,stat_rf,1,1,False,0.7,0.7,0.0
Computers,2,0.15,720,108,0.15,point,block,linear,stat_rf,minirocket,1,1,True,0.696,0.736,0.04
Computers,2,0.15,720,108,0.15,block,point,linear,stat_rf,stat_rf,1,1,False,0.7,0.7,0.0
Computers,2,0.15,720,108,0.15,block,block,linear,stat_rf,minirocket,1,1,True,0.696,0.736,0.04
Computers,2,0.2,720,144,0.2,point,point,linear,stat_rf,minirocket,1,1,True,0.692,0.696,0.004
Computers,2,0.2,720,144,0.2,point,block,linear,stat_rf,minirocket,1,1,True,0.6559999999999999,0.724,0.068
Computers,2,0.2,720,144,0.2,block,point,linear,stat_rf,minirocket,1,1,True,0.692,0.696,0.004
Computers,2,0.2,720,144,0.2,block,block,linear,stat_rf,minirocket,1,1,True,0.6559999999999999,0.724,0.068
Computers,2,0.25,720,180,0.25,point,point,linear,stat_rf,stat_rf,1,1,False,0.696,0.696,0.0
Computers,2,0.25,720,180,0.25,point,block,linear,stat_rf,minirocket,1,1,True,0.648,0.74,0.0919999999999999
Computers,2,0.25,720,180,0.25,block,point,linear,dtw,stat_rf,1,1,True,0.6639999999999999,0.696,0.032
Computers,2,0.25,720,180,0.25,block,block,linear,dtw,minirocket,1,1,True,0.6719999999999999,0.74,0.068
Computers,2,0.3,720,216,0.3,point,point,linear,stat_rf,minirocket,1,1,True,0.6839999999999999,0.7,0.016
Computers,2,0.3,720,216,0.3,point,block,linear,stat_rf,minirocket,1,1,True,0.624,0.72,0.0959999999999999
Computers,2,0.3,720,216,0.3,block,point,linear,minirocket,minirocket,1,1,False,0.7,0.7,0.0
Computers,2,0.3,720,216,0.3,block,block,linear,minirocket,minirocket,1,1,False,0.72,0.72,0.0
Computers,3,0.05,720,36,0.05,point,point,linear,minirocket,stat_rf,1,1,True,0.712,0.728,0.016
Computers,3,0.05,720,36,0.05,point,block,linear,minirocket,stat_rf,1,1,True,0.7,0.716,0.016
Computers,3,0.05,720,36,0.05,block,point,linear,minirocket,stat_rf,1,1,True,0.712,0.728,0.016
Computers,3,0.05,720,36,0.05,block,block,linear,minirocket,stat_rf,1,1,True,0.7,0.716,0.016
Computers,3,0.1,720,72,0.1,point,point,linear,minirocket,stat_rf,1,1,True,0.708,0.72,0.012
Computers,3,0.1,720,72,0.1,point,block,linear,minirocket,minirocket,1,1,False,0.704,0.704,0.0
Computers,3,0.1,720,72,0.1,block,point,linear,minirocket,stat_rf,1,1,True,0.708,0.72,0.012
Computers,3,0.1,720,72,0.1,block,block,linear,minirocket,minirocket,1,1,False,0.704,0.704,0.0
Computers,3,0.15,720,108,0.15,point,point,linear,minirocket,stat_rf,1,1,True,0.72,0.728,0.008
Computers,3,0.15,720,108,0.15,point,block,linear,minirocket,minirocket,1,1,False,0.7,0.7,0.0
Computers,3,0.15,720,108,0.15,block,point,linear,minirocket,stat_rf,1,1,True,0.72,0.728,0.008
Computers,3,0.15,720,108,0.15,block,block,linear,minirocket,minirocket,1,1,False,0.7,0.7,0.0
Computers,3,0.2,720,144,0.2,point,point,linear,minirocket,stat_rf,1,1,True,0.724,0.728,0.004
Computers,3,0.2,720,144,0.2,point,block,linear,minirocket,minirocket,1,1,False,0.728,0.728,0.0
Computers,3,0.2,720,144,0.2,block,point,linear,minirocket,stat_rf,1,1,True,0.724,0.728,0.004
Computers,3,0.2,720,144,0.2,block,block,linear,minirocket,minirocket,1,1,False,0.728,0.728,0.0
Computers,3,0.25,720,180,0.25,point,point,linear,minirocket,minirocket,1,1,False,0.72,0.72,0.0
Computers,3,0.25,720,180,0.25,point,block,linear,minirocket,minirocket,1,1,False,0.724,0.724,0.0
Computers,3,0.25,720,180,0.25,block,point,linear,minirocket,minirocket,1,1,False,0.72,0.72,0.0
Computers,3,0.25,720,180,0.25,block,block,linear,minirocket,minirocket,1,1,False,0.724,0.724,0.0
Computers,3,0.3,720,216,0.3,point,point,linear,minirocket,stat_rf,1,1,True,0.716,0.752,0.036
Computers,3,0.3,720,216,0.3,point,block,linear,minirocket,minirocket,1,1,False,0.732,0.732,0.0
Computers,3,0.3,720,216,0.3,block,point,linear,minirocket,stat_rf,1,1,True,0.716,0.752,0.036
Computers,3,0.3,720,216,0.3,block,block,linear,minirocket,minirocket,1,1,False,0.732,0.732,0.0
Computers,4,0.05,720,36,0.05,point,point,linear,minirocket,stat_rf,1,1,True,0.712,0.76,0.048
Computers,4,0.05,720,36,0.05,point,block,linear,minirocket,stat_rf,1,1,True,0.732,0.756,0.024
Computers,4,0.05,720,36,0.05,block,point,linear,dtw,stat_rf,1,1,True,0.688,0.76,0.072
Computers,4,0.05,720,36,0.05,block,block,linear,dtw,stat_rf,1,1,True,0.6759999999999999,0.756,0.08
Computers,4,0.1,720,72,0.1,point,point,linear,minirocket,stat_rf,1,1,True,0.716,0.74,0.024
Computers,4,0.1,720,72,0.1,point,block,linear,minirocket,minirocket,1,1,False,0.728,0.728,0.0
Computers,4,0.1,720,72,0.1,block,point,linear,dtw,stat_rf,1,1,True,0.66,0.74,0.0799999999999999
Computers,4,0.1,720,72,0.1,block,block,linear,dtw,minirocket,1,1,True,0.664,0.728,0.0639999999999999
Computers,4,0.15,720,108,0.15,point,point,linear,minirocket,stat_rf,1,1,True,0.72,0.74,0.02
Computers,4,0.15,720,108,0.15,point,block,linear,minirocket,minirocket,1,1,False,0.724,0.724,0.0
Computers,4,0.15,720,108,0.15,block,point,linear,dtw,stat_rf,1,1,True,0.66,0.74,0.0799999999999999
Computers,4,0.15,720,108,0.15,block,block,linear,dtw,minirocket,1,1,True,0.66,0.724,0.0639999999999999
Computers,4,0.2,720,144,0.2,point,point,linear,dtw,stat_rf,1,1,True,0.6759999999999999,0.748,0.072
Computers,4,0.2,720,144,0.2,point,block,linear,dtw,minirocket,1,1,True,0.66,0.708,0.0479999999999999
Computers,4,0.2,720,144,0.2,block,point,linear,dtw,stat_rf,1,1,True,0.6759999999999999,0.748,0.072
Computers,4,0.2,720,144,0.2,block,block,linear,dtw,minirocket,1,1,True,0.66,0.708,0.0479999999999999
Computers,4,0.25,720,180,0.25,point,point,linear,minirocket,minirocket|stat_rf,1,2,False,0.712,0.712,0.0
Computers,4,0.25,720,180,0.25,point,block,linear,minirocket,minirocket,1,1,False,0.76,0.76,0.0
Computers,4,0.25,720,180,0.25,block,point,linear,minirocket,minirocket|stat_rf,1,2,False,0.712,0.712,0.0
Computers,4,0.25,720,180,0.25,block,block,linear,minirocket,minirocket,1,1,False,0.76,0.76,0.0
Computers,4,0.3,720,216,0.3,point,point,linear,dtw,stat_rf,1,1,True,0.66,0.716,0.0559999999999999
Computers,4,0.3,720,216,0.3,point,block,linear,dtw,minirocket,1,1,True,0.66,0.724,0.0639999999999999
Computers,4,0.3,720,216,0.3,block,point,linear,dtw,stat_rf,1,1,True,0.66,0.716,0.0559999999999999
Computers,4,0.3,720,216,0.3,block,block,linear,dtw,minirocket,1,1,True,0.66,0.724,0.0639999999999999
Computers,5,0.05,720,36,0.05,point,point,linear,stat_rf,stat_rf,1,1,False,0.696,0.696,0.0
Computers,5,0.05,720,36,0.05,point,block,linear,stat_rf,stat_rf,1,1,False,0.7,0.7,0.0
Computers,5,0.05,720,36,0.05,block,point,linear,minirocket,stat_rf,1,1,True,0.688,0.696,0.008
Computers,5,0.05,720,36,0.05,block,block,linear,minirocket,stat_rf,1,1,True,0.6839999999999999,0.7,0.016
Computers,5,0.1,720,72,0.1,point,point,linear,stat_rf,minirocket|stat_rf,1,2,False,0.696,0.696,0.0
Computers,5,0.1,720,72,0.1,point,block,linear,stat_rf,stat_rf,1,1,False,0.688,0.688,0.0
Computers,5,0.1,720,72,0.1,block,point,linear,minirocket,minirocket|stat_rf,1,2,False,0.696,0.696,0.0
Computers,5,0.1,720,72,0.1,block,block,linear,minirocket,stat_rf,1,1,True,0.6759999999999999,0.688,0.012
Computers,5,0.15,720,108,0.15,point,point,linear,minirocket,minirocket,1,1,False,0.696,0.696,0.0
Computers,5,0.15,720,108,0.15,point,block,linear,minirocket,minirocket,1,1,False,0.688,0.688,0.0
Computers,5,0.15,720,108,0.15,block,point,linear,minirocket,minirocket,1,1,False,0.696,0.696,0.0
Computers,5,0.15,720,108,0.15,block,block,linear,minirocket,minirocket,1,1,False,0.688,0.688,0.0
Computers,5,0.2,720,144,0.2,point,point,linear,stat_rf,minirocket,1,1,True,0.7,0.712,0.012
Computers,5,0.2,720,144,0.2,point,block,linear,stat_rf,minirocket,1,1,True,0.6679999999999999,0.732,0.064
Computers,5,0.2,720,144,0.2,block,point,linear,minirocket,minirocket,1,1,False,0.712,0.712,0.0
Computers,5,0.2,720,144,0.2,block,block,linear,minirocket,minirocket,1,1,False,0.732,0.732,0.0
Computers,5,0.25,720,180,0.25,point,point,linear,stat_rf,stat_rf,1,1,False,0.7,0.7,0.0
Computers,5,0.25,720,180,0.25,point,block,linear,stat_rf,minirocket,1,1,True,0.6759999999999999,0.732,0.056
Computers,5,0.25,720,180,0.25,block,point,linear,stat_rf,stat_rf,1,1,False,0.7,0.7,0.0
Computers,5,0.25,720,180,0.25,block,block,linear,stat_rf,minirocket,1,1,True,0.6759999999999999,0.732,0.056
Computers,5,0.3,720,216,0.3,point,point,linear,minirocket,minirocket,1,1,False,0.704,0.704,0.0
Computers,5,0.3,720,216,0.3,point,block,linear,minirocket,minirocket,1,1,False,0.696,0.696,0.0
Computers,5,0.3,720,216,0.3,block,point,linear,stat_rf,minirocket,1,1,True,0.7,0.704,0.004
Computers,5,0.3,720,216,0.3,block,block,linear,stat_rf,minirocket,1,1,True,0.664,0.696,0.0319999999999999
CricketX,1,0.05,300,15,0.05,point,point,linear,minirocket,minirocket,1,1,False,0.7769792639408545,0.7769792639408545,0.0
CricketX,1,0.05,300,15,0.05,point,block,linear,minirocket,minirocket,1,1,False,0.7792663664651487,0.7792663664651487,0.0
CricketX,1,0.05,300,15,0.05,block,point,linear,minirocket,minirocket,1,1,False,0.7769792639408545,0.7769792639408545,0.0
CricketX,1,0.05,300,15,0.05,block,block,linear,minirocket,minirocket,1,1,False,0.7792663664651487,0.7792663664651487,0.0
CricketX,1,0.1,300,30,0.1,point,point,linear,minirocket,minirocket,1,1,False,0.7912315067391126,0.7912315067391126,0.0
CricketX,1,0.1,300,30,0.1,point,block,linear,minirocket,minirocket,1,1,False,0.7397289886614398,0.7397289886614398,0.0
CricketX,1,0.1,300,30,0.1,block,point,linear,minirocket,minirocket,1,1,False,0.7912315067391126,0.7912315067391126,0.0
CricketX,1,0.1,300,30,0.1,block,block,linear,minirocket,minirocket,1,1,False,0.7397289886614398,0.7397289886614398,0.0
CricketX,1,0.15,300,45,0.15,point,point,linear,minirocket,minirocket,1,1,False,0.7788638691342832,0.7788638691342832,0.0
CricketX,1,0.15,300,45,0.15,point,block,linear,minirocket,minirocket,1,1,False,0.7003838923119649,0.7003838923119649,0.0
CricketX,1,0.15,300,45,0.15,block,point,linear,minirocket,minirocket,1,1,False,0.7788638691342832,0.7788638691342832,0.0
CricketX,1,0.15,300,45,0.15,block,block,linear,minirocket,minirocket,1,1,False,0.7003838923119649,0.7003838923119649,0.0
CricketX,1,0.2,300,60,0.2,point,point,linear,minirocket,minirocket,1,1,False,0.7882891881184259,0.7882891881184259,0.0
CricketX,1,0.2,300,60,0.2,point,block,linear,minirocket,minirocket,1,1,False,0.6107474600355121,0.6107474600355121,0.0
CricketX,1,0.2,300,60,0.2,block,point,linear,minirocket,minirocket,1,1,False,0.7882891881184259,0.7882891881184259,0.0
CricketX,1,0.2,300,60,0.2,block,block,linear,minirocket,minirocket,1,1,False,0.6107474600355121,0.6107474600355121,0.0
CricketX,1,0.25,300,75,0.25,point,point,linear,minirocket,minirocket,1,1,False,0.8036157029482945,0.8036157029482945,0.0
CricketX,1,0.25,300,75,0.25,point,block,linear,minirocket,minirocket,1,1,False,0.5315650557660442,0.5315650557660442,0.0
CricketX,1,0.25,300,75,0.25,block,point,linear,minirocket,minirocket,1,1,False,0.8036157029482945,0.8036157029482945,0.0
CricketX,1,0.25,300,75,0.25,block,block,linear,minirocket,minirocket,1,1,False,0.5315650557660442,0.5315650557660442,0.0
CricketX,1,0.3,300,90,0.3,point,point,linear,minirocket,minirocket,1,1,False,0.7941640663036754,0.7941640663036754,0.0
CricketX,1,0.3,300,90,0.3,point,block,linear,minirocket,minirocket,1,1,False,0.463698426243167,0.463698426243167,0.0
CricketX,1,0.3,300,90,0.3,block,point,linear,minirocket,minirocket,1,1,False,0.7941640663036754,0.7941640663036754,0.0
CricketX,1,0.3,300,90,0.3,block,block,linear,minirocket,minirocket,1,1,False,0.463698426243167,0.463698426243167,0.0
CricketX,2,0.05,300,15,0.05,point,point,linear,minirocket,minirocket,1,1,False,0.8047172000936847,0.8047172000936847,0.0
CricketX,2,0.05,300,15,0.05,point,block,linear,minirocket,minirocket,1,1,False,0.7976046281605879,0.7976046281605879,0.0
CricketX,2,0.05,300,15,0.05,block,point,linear,minirocket,minirocket,1,1,False,0.8047172000936847,0.8047172000936847,0.0
CricketX,2,0.05,300,15,0.05,block,block,linear,minirocket,minirocket,1,1,False,0.7976046281605879,0.7976046281605879,0.0
CricketX,2,0.1,300,30,0.1,point,point,linear,minirocket,minirocket,1,1,False,0.8064030771472089,0.8064030771472089,0.0
CricketX,2,0.1,300,30,0.1,point,block,linear,minirocket,minirocket,1,1,False,0.7701631451615955,0.7701631451615955,0.0
CricketX,2,0.1,300,30,0.1,block,point,linear,minirocket,minirocket,1,1,False,0.8064030771472089,0.8064030771472089,0.0
CricketX,2,0.1,300,30,0.1,block,block,linear,minirocket,minirocket,1,1,False,0.7701631451615955,0.7701631451615955,0.0
CricketX,2,0.15,300,45,0.15,point,point,linear,minirocket,minirocket,1,1,False,0.8032129512790646,0.8032129512790646,0.0
CricketX,2,0.15,300,45,0.15,point,block,linear,minirocket,minirocket,1,1,False,0.720798459460512,0.720798459460512,0.0
CricketX,2,0.15,300,45,0.15,block,point,linear,minirocket,minirocket,1,1,False,0.8032129512790646,0.8032129512790646,0.0
CricketX,2,0.15,300,45,0.15,block,block,linear,minirocket,minirocket,1,1,False,0.720798459460512,0.720798459460512,0.0
CricketX,2,0.2,300,60,0.2,point,point,linear,minirocket,minirocket,1,1,False,0.8098721462961026,0.8098721462961026,0.0
CricketX,2,0.2,300,60,0.2,point,block,linear,minirocket,minirocket,1,1,False,0.6571832708037898,0.6571832708037898,0.0
CricketX,2,0.2,300,60,0.2,block,point,linear,minirocket,minirocket,1,1,False,0.8098721462961026,0.8098721462961026,0.0
CricketX,2,0.2,300,60,0.2,block,block,linear,minirocket,minirocket,1,1,False,0.6571832708037898,0.6571832708037898,0.0
CricketX,2,0.25,300,75,0.25,point,point,linear,minirocket,minirocket,1,1,False,0.8037655491434902,0.8037655491434902,0.0
CricketX,2,0.25,300,75,0.25,point,block,linear,minirocket,minirocket,1,1,False,0.5529830827879213,0.5529830827879213,0.0
CricketX,2,0.25,300,75,0.25,block,point,linear,minirocket,minirocket,1,1,False,0.8037655491434902,0.8037655491434902,0.0
CricketX,2,0.25,300,75,0.25,block,block,linear,minirocket,minirocket,1,1,False,0.5529830827879213,0.5529830827879213,0.0
CricketX,2,0.3,300,90,0.3,point,point,linear,minirocket,minirocket,1,1,False,0.7972812724465316,0.7972812724465316,0.0
CricketX,2,0.3,300,90,0.3,point,block,linear,minirocket,minirocket,1,1,False,0.44521193015823135,0.44521193015823135,0.0
CricketX,2,0.3,300,90,0.3,block,point,linear,minirocket,minirocket,1,1,False,0.7972812724465316,0.7972812724465316,0.0
CricketX,2,0.3,300,90,0.3,block,block,linear,minirocket,minirocket,1,1,False,0.44521193015823135,0.44521193015823135,0.0
CricketX,3,0.05,300,15,0.05,point,point,linear,minirocket,minirocket,1,1,False,0.7896714376545337,0.7896714376545337,0.0
CricketX,3,0.05,300,15,0.05,point,block,linear,minirocket,minirocket,1,1,False,0.7919973421769578,0.7919973421769578,0.0
CricketX,3,0.05,300,15,0.05,block,point,linear,minirocket,minirocket,1,1,False,0.7896714376545337,0.7896714376545337,0.0
CricketX,3,0.05,300,15,0.05,block,block,linear,minirocket,minirocket,1,1,False,0.7919973421769578,0.7919973421769578,0.0
CricketX,3,0.1,300,30,0.1,point,point,linear,minirocket,minirocket,1,1,False,0.7963989054035069,0.7963989054035069,0.0
CricketX,3,0.1,300,30,0.1,point,block,linear,minirocket,minirocket,1,1,False,0.758024808333423,0.758024808333423,0.0
CricketX,3,0.1,300,30,0.1,block,point,linear,minirocket,minirocket,1,1,False,0.7963989054035069,0.7963989054035069,0.0
CricketX,3,0.1,300,30,0.1,block,block,linear,minirocket,minirocket,1,1,False,0.758024808333423,0.758024808333423,0.0
CricketX,3,0.15,300,45,0.15,point,point,linear,minirocket,minirocket,1,1,False,0.7953958189837538,0.7953958189837538,0.0
CricketX,3,0.15,300,45,0.15,point,block,linear,minirocket,minirocket,1,1,False,0.6849450025203945,0.6849450025203945,0.0
CricketX,3,0.15,300,45,0.15,block,point,linear,minirocket,minirocket,1,1,False,0.7953958189837538,0.7953958189837538,0.0
CricketX,3,0.15,300,45,0.15,block,block,linear,minirocket,minirocket,1,1,False,0.6849450025203945,0.6849450025203945,0.0
CricketX,3,0.2,300,60,0.2,point,point,linear,minirocket,minirocket,1,1,False,0.7920729990100798,0.7920729990100798,0.0
CricketX,3,0.2,300,60,0.2,point,block,linear,minirocket,minirocket,1,1,False,0.6411136002976309,0.6411136002976309,0.0
CricketX,3,0.2,300,60,0.2,block,point,linear,minirocket,minirocket,1,1,False,0.7920729990100798,0.7920729990100798,0.0
CricketX,3,0.2,300,60,0.2,block,block,linear,minirocket,minirocket,1,1,False,0.6411136002976309,0.6411136002976309,0.0
CricketX,3,0.25,300,75,0.25,point,point,linear,minirocket,minirocket,1,1,False,0.8018114031033227,0.8018114031033227,0.0
CricketX,3,0.25,300,75,0.25,point,block,linear,minirocket,minirocket,1,1,False,0.5625889881097909,0.5625889881097909,0.0
CricketX,3,0.25,300,75,0.25,block,point,linear,minirocket,minirocket,1,1,False,0.8018114031033227,0.8018114031033227,0.0
CricketX,3,0.25,300,75,0.25,block,block,linear,minirocket,minirocket,1,1,False,0.5625889881097909,0.5625889881097909,0.0
CricketX,3,0.3,300,90,0.3,point,point,linear,minirocket,minirocket,1,1,False,0.7841639316568316,0.7841639316568316,0.0
CricketX,3,0.3,300,90,0.3,point,block,linear,minirocket,minirocket,1,1,False,0.4659395379363085,0.4659395379363085,0.0
CricketX,3,0.3,300,90,0.3,block,point,linear,minirocket,minirocket,1,1,False,0.7841639316568316,0.7841639316568316,0.0
CricketX,3,0.3,300,90,0.3,block,block,linear,minirocket,minirocket,1,1,False,0.4659395379363085,0.4659395379363085,0.0
CricketX,4,0.05,300,15,0.05,point,point,linear,minirocket,minirocket,1,1,False,0.8006026681777946,0.8006026681777946,0.0
CricketX,4,0.05,300,15,0.05,point,block,linear,minirocket,minirocket,1,1,False,0.7911663936679908,0.7911663936679908,0.0
CricketX,4,0.05,300,15,0.05,block,point,linear,minirocket,minirocket,1,1,False,0.8006026681777946,0.8006026681777946,0.0
CricketX,4,0.05,300,15,0.05,block,block,linear,minirocket,minirocket,1,1,False,0.7911663936679908,0.7911663936679908,0.0
CricketX,4,0.1,300,30,0.1,point,point,linear,minirocket,minirocket,1,1,False,0.7931094772272648,0.7931094772272648,0.0
CricketX,4,0.1,300,30,0.1,point,block,linear,minirocket,minirocket,1,1,False,0.7637840053089452,0.7637840053089452,0.0
CricketX,4,0.1,300,30,0.1,block,point,linear,minirocket,minirocket,1,1,False,0.7931094772272648,0.7931094772272648,0.0
CricketX,4,0.1,300,30,0.1,block,block,linear,minirocket,minirocket,1,1,False,0.7637840053089452,0.7637840053089452,0.0
CricketX,4,0.15,300,45,0.15,point,point,linear,minirocket,minirocket,1,1,False,0.7990594209158569,0.7990594209158569,0.0
CricketX,4,0.15,300,45,0.15,point,block,linear,minirocket,minirocket,1,1,False,0.6876486878919564,0.6876486878919564,0.0
CricketX,4,0.15,300,45,0.15,block,point,linear,minirocket,minirocket,1,1,False,0.7990594209158569,0.7990594209158569,0.0
CricketX,4,0.15,300,45,0.15,block,block,linear,minirocket,minirocket,1,1,False,0.6876486878919564,0.6876486878919564,0.0
CricketX,4,0.2,300,60,0.2,point,point,linear,minirocket,minirocket,1,1,False,0.805716489835734,0.805716489835734,0.0
CricketX,4,0.2,300,60,0.2,point,block,linear,minirocket,minirocket,1,1,False,0.6131525940779657,0.6131525940779657,0.0
CricketX,4,0.2,300,60,0.2,block,point,linear,minirocket,minirocket,1,1,False,0.805716489835734,0.805716489835734,0.0
CricketX,4,0.2,300,60,0.2,block,block,linear,minirocket,minirocket,1,1,False,0.6131525940779657,0.6131525940779657,0.0
CricketX,4,0.25,300,75,0.25,point,point,linear,minirocket,minirocket,1,1,False,0.7817542739696598,0.7817542739696598,0.0
CricketX,4,0.25,300,75,0.25,point,block,linear,minirocket,minirocket,1,1,False,0.5231440063039731,0.5231440063039731,0.0
CricketX,4,0.25,300,75,0.25,block,point,linear,minirocket,minirocket,1,1,False,0.7817542739696598,0.7817542739696598,0.0
CricketX,4,0.25,300,75,0.25,block,block,linear,minirocket,minirocket,1,1,False,0.5231440063039731,0.5231440063039731,0.0
CricketX,4,0.3,300,90,0.3,point,point,linear,minirocket,minirocket,1,1,False,0.7891876582477294,0.7891876582477294,0.0
CricketX,4,0.3,300,90,0.3,point,block,linear,minirocket,minirocket,1,1,False,0.4775943187759408,0.4775943187759408,0.0
CricketX,4,0.3,300,90,0.3,block,point,linear,minirocket,minirocket,1,1,False,0.7891876582477294,0.7891876582477294,0.0
CricketX,4,0.3,300,90,0.3,block,block,linear,minirocket,minirocket,1,1,False,0.4775943187759408,0.4775943187759408,0.0
CricketX,5,0.05,300,15,0.05,point,point,linear,minirocket,minirocket,1,1,False,0.8077025419443351,0.8077025419443351,0.0
CricketX,5,0.05,300,15,0.05,point,block,linear,minirocket,minirocket,1,1,False,0.8103713776216604,0.8103713776216604,0.0
CricketX,5,0.05,300,15,0.05,block,point,linear,minirocket,minirocket,1,1,False,0.8077025419443351,0.8077025419443351,0.0
CricketX,5,0.05,300,15,0.05,block,block,linear,minirocket,minirocket,1,1,False,0.8103713776216604,0.8103713776216604,0.0
CricketX,5,0.1,300,30,0.1,point,point,linear,minirocket,minirocket,1,1,False,0.8096762261548612,0.8096762261548612,0.0
CricketX,5,0.1,300,30,0.1,point,block,linear,minirocket,minirocket,1,1,False,0.7639227333583579,0.7639227333583579,0.0
CricketX,5,0.1,300,30,0.1,block,point,linear,minirocket,minirocket,1,1,False,0.8096762261548612,0.8096762261548612,0.0
CricketX,5,0.1,300,30,0.1,block,block,linear,minirocket,minirocket,1,1,False,0.7639227333583579,0.7639227333583579,0.0
CricketX,5,0.15,300,45,0.15,point,point,linear,minirocket,minirocket,1,1,False,0.8004382481525272,0.8004382481525272,0.0
CricketX,5,0.15,300,45,0.15,point,block,linear,minirocket,minirocket,1,1,False,0.6791847335687327,0.6791847335687327,0.0
CricketX,5,0.15,300,45,0.15,block,point,linear,minirocket,minirocket,1,1,False,0.8004382481525272,0.8004382481525272,0.0
CricketX,5,0.15,300,45,0.15,block,block,linear,minirocket,minirocket,1,1,False,0.6791847335687327,0.6791847335687327,0.0
CricketX,5,0.2,300,60,0.2,point,point,linear,minirocket,minirocket,1,1,False,0.808674545042475,0.808674545042475,0.0
CricketX,5,0.2,300,60,0.2,point,block,linear,minirocket,minirocket,1,1,False,0.6184385131687187,0.6184385131687187,0.0
CricketX,5,0.2,300,60,0.2,block,point,linear,minirocket,minirocket,1,1,False,0.808674545042475,0.808674545042475,0.0
CricketX,5,0.2,300,60,0.2,block,block,linear,minirocket,minirocket,1,1,False,0.6184385131687187,0.6184385131687187,0.0
CricketX,5,0.25,300,75,0.25,point,point,linear,minirocket,minirocket,1,1,False,0.8146535909296978,0.8146535909296978,0.0
CricketX,5,0.25,300,75,0.25,point,block,linear,minirocket,minirocket,1,1,False,0.5408718732054861,0.5408718732054861,0.0
CricketX,5,0.25,300,75,0.25,block,point,linear,minirocket,minirocket,1,1,False,0.8146535909296978,0.8146535909296978,0.0
CricketX,5,0.25,300,75,0.25,block,block,linear,minirocket,minirocket,1,1,False,0.5408718732054861,0.5408718732054861,0.0
CricketX,5,0.3,300,90,0.3,point,point,linear,minirocket,minirocket,1,1,False,0.8031352814386953,0.8031352814386953,0.0
CricketX,5,0.3,300,90,0.3,point,block,linear,minirocket,dtw,1,1,True,0.4378230169460335,0.4625392504344838,0.024716233488450312
CricketX,5,0.3,300,90,0.3,block,point,linear,dtw,minirocket,1,1,True,0.7400396559746804,0.8031352814386953,0.06309562546401493
CricketX,5,0.3,300,90,0.3,block,block,linear,dtw,dtw,1,1,False,0.4625392504344838,0.4625392504344838,0.0
CricketY,1,0.05,300,15,0.05,point,point,linear,minirocket,minirocket,1,1,False,0.806598238742717,0.806598238742717,0.0
CricketY,1,0.05,300,15,0.05,point,block,linear,minirocket,minirocket,1,1,False,0.8041472583505601,0.8041472583505601,0.0
CricketY,1,0.05,300,15,0.05,block,point,linear,minirocket,minirocket,1,1,False,0.806598238742717,0.806598238742717,0.0
CricketY,1,0.05,300,15,0.05,block,block,linear,minirocket,minirocket,1,1,False,0.8041472583505601,0.8041472583505601,0.0
CricketY,1,0.1,300,30,0.1,point,point,linear,minirocket,minirocket,1,1,False,0.8056266025952524,0.8056266025952524,0.0
CricketY,1,0.1,300,30,0.1,point,block,linear,minirocket,minirocket,1,1,False,0.7823230252360046,0.7823230252360046,0.0
CricketY,1,0.1,300,30,0.1,block,point,linear,minirocket,minirocket,1,1,False,0.8056266025952524,0.8056266025952524,0.0
CricketY,1,0.1,300,30,0.1,block,block,linear,minirocket,minirocket,1,1,False,0.7823230252360046,0.7823230252360046,0.0
CricketY,1,0.15,300,45,0.15,point,point,linear,minirocket,minirocket,1,1,False,0.7884934565072422,0.7884934565072422,0.0
CricketY,1,0.15,300,45,0.15,point,block,linear,minirocket,minirocket,1,1,False,0.6996219085749734,0.6996219085749734,0.0
CricketY,1,0.15,300,45,0.15,block,point,linear,minirocket,minirocket,1,1,False,0.7884934565072422,0.7884934565072422,0.0
CricketY,1,0.15,300,45,0.15,block,block,linear,minirocket,minirocket,1,1,False,0.6996219085749734,0.6996219085749734,0.0
CricketY,1,0.2,300,60,0.2,point,point,linear,minirocket,minirocket,1,1,False,0.8055757783209242,0.8055757783209242,0.0
CricketY,1,0.2,300,60,0.2,point,block,linear,minirocket,minirocket,1,1,False,0.6042128206708542,0.6042128206708542,0.0
CricketY,1,0.2,300,60,0.2,block,point,linear,minirocket,minirocket,1,1,False,0.8055757783209242,0.8055757783209242,0.0
CricketY,1,0.2,300,60,0.2,block,block,linear,minirocket,minirocket,1,1,False,0.6042128206708542,0.6042128206708542,0.0
CricketY,1,0.25,300,75,0.25,point,point,linear,minirocket,minirocket,1,1,False,0.7907248263349609,0.7907248263349609,0.0
CricketY,1,0.25,300,75,0.25,point,block,linear,minirocket,minirocket,1,1,False,0.5377726998675315,0.5377726998675315,0.0
CricketY,1,0.25,300,75,0.25,block,point,linear,minirocket,minirocket,1,1,False,0.7907248263349609,0.7907248263349609,0.0
CricketY,1,0.25,300,75,0.25,block,block,linear,minirocket,minirocket,1,1,False,0.5377726998675315,0.5377726998675315,0.0
CricketY,1,0.3,300,90,0.3,point,point,linear,minirocket,minirocket,1,1,False,0.8031741920783256,0.8031741920783256,0.0
CricketY,1,0.3,300,90,0.3,point,block,linear,minirocket,minirocket,1,1,False,0.4777987365825978,0.4777987365825978,0.0
CricketY,1,0.3,300,90,0.3,block,point,linear,minirocket,minirocket,1,1,False,0.8031741920783256,0.8031741920783256,0.0
CricketY,1,0.3,300,90,0.3,block,block,linear,minirocket,minirocket,1,1,False,0.4777987365825978,0.4777987365825978,0.0
CricketY,2,0.05,300,15,0.05,point,point,linear,minirocket,minirocket,1,1,False,0.8307837185110954,0.8307837185110954,0.0
CricketY,2,0.05,300,15,0.05,point,block,linear,minirocket,minirocket,1,1,False,0.8237970670006062,0.8237970670006062,0.0
CricketY,2,0.05,300,15,0.05,block,point,linear,minirocket,minirocket,1,1,False,0.8307837185110954,0.8307837185110954,0.0
CricketY,2,0.05,300,15,0.05,block,block,linear,minirocket,minirocket,1,1,False,0.8237970670006062,0.8237970670006062,0.0
CricketY,2,0.1,300,30,0.1,point,point,linear,minirocket,minirocket,1,1,False,0.8276361167326621,0.8276361167326621,0.0
CricketY,2,0.1,300,30,0.1,point,block,linear,minirocket,minirocket,1,1,False,0.7557323829960296,0.7557323829960296,0.0
CricketY,2,0.1,300,30,0.1,block,point,linear,minirocket,minirocket,1,1,False,0.8276361167326621,0.8276361167326621,0.0
CricketY,2,0.1,300,30,0.1,block,block,linear,minirocket,minirocket,1,1,False,0.7557323829960296,0.7557323829960296,0.0
CricketY,2,0.15,300,45,0.15,point,point,linear,minirocket,minirocket,1,1,False,0.8212110657837733,0.8212110657837733,0.0
CricketY,2,0.15,300,45,0.15,point,block,linear,minirocket,minirocket,1,1,False,0.673054465630878,0.673054465630878,0.0
CricketY,2,0.15,300,45,0.15,block,point,linear,minirocket,minirocket,1,1,False,0.8212110657837733,0.8212110657837733,0.0
CricketY,2,0.15,300,45,0.15,block,block,linear,minirocket,minirocket,1,1,False,0.673054465630878,0.673054465630878,0.0
CricketY,2,0.2,300,60,0.2,point,point,linear,minirocket,minirocket,1,1,False,0.8170607233299441,0.8170607233299441,0.0
CricketY,2,0.2,300,60,0.2,point,block,linear,minirocket,minirocket,1,1,False,0.5821135107092134,0.5821135107092134,0.0
CricketY,2,0.2,300,60,0.2,block,point,linear,minirocket,minirocket,1,1,False,0.8170607233299441,0.8170607233299441,0.0
CricketY,2,0.2,300,60,0.2,block,block,linear,minirocket,minirocket,1,1,False,0.5821135107092134,0.5821135107092134,0.0
CricketY,2,0.25,300,75,0.25,point,point,linear,minirocket,minirocket,1,1,False,0.832847077586126,0.832847077586126,0.0
CricketY,2,0.25,300,75,0.25,point,block,linear,minirocket,minirocket,1,1,False,0.5174425614360919,0.5174425614360919,0.0
CricketY,2,0.25,300,75,0.25,block,point,linear,minirocket,minirocket,1,1,False,0.832847077586126,0.832847077586126,0.0
CricketY,2,0.25,300,75,0.25,block,block,linear,minirocket,minirocket,1,1,False,0.5174425614360919,0.5174425614360919,0.0
CricketY,2,0.3,300,90,0.3,point,point,linear,minirocket,minirocket,1,1,False,0.8211893983320979,0.8211893983320979,0.0
CricketY,2,0.3,300,90,0.3,point,block,linear,minirocket,minirocket,1,1,False,0.4771999700777796,0.4771999700777796,0.0
CricketY,2,0.3,300,90,0.3,block,point,linear,minirocket,minirocket,1,1,False,0.8211893983320979,0.8211893983320979,0.0
CricketY,2,0.3,300,90,0.3,block,block,linear,minirocket,minirocket,1,1,False,0.4771999700777796,0.4771999700777796,0.0
CricketY,3,0.05,300,15,0.05,point,point,linear,minirocket,minirocket,1,1,False,0.8327271641010762,0.8327271641010762,0.0
CricketY,3,0.05,300,15,0.05,point,block,linear,minirocket,minirocket,1,1,False,0.8231286271688599,0.8231286271688599,0.0
CricketY,3,0.05,300,15,0.05,block,point,linear,minirocket,minirocket,1,1,False,0.8327271641010762,0.8327271641010762,0.0
CricketY,3,0.05,300,15,0.05,block,block,linear,minirocket,minirocket,1,1,False,0.8231286271688599,0.8231286271688599,0.0
CricketY,3,0.1,300,30,0.1,point,point,linear,minirocket,minirocket,1,1,False,0.8331221840347585,0.8331221840347585,0.0
CricketY,3,0.1,300,30,0.1,point,block,linear,minirocket,minirocket,1,1,False,0.7688912099644204,0.7688912099644204,0.0
CricketY,3,0.1,300,30,0.1,block,point,linear,minirocket,minirocket,1,1,False,0.8331221840347585,0.8331221840347585,0.0
CricketY,3,0.1,300,30,0.1,block,block,linear,minirocket,minirocket,1,1,False,0.7688912099644204,0.7688912099644204,0.0
CricketY,3,0.15,300,45,0.15,point,point,linear,minirocket,minirocket,1,1,False,0.8198998960971005,0.8198998960971005,0.0
CricketY,3,0.15,300,45,0.15,point,block,linear,minirocket,minirocket,1,1,False,0.709938539602525,0.709938539602525,0.0
CricketY,3,0.15,300,45,0.15,block,point,linear,minirocket,minirocket,1,1,False,0.8198998960971005,0.8198998960971005,0.0
CricketY,3,0.15,300,45,0.15,block,block,linear,minirocket,minirocket,1,1,False,0.709938539602525,0.709938539602525,0.0
CricketY,3,0.2,300,60,0.2,point,point,linear,minirocket,minirocket,1,1,False,0.8303945101937562,0.8303945101937562,0.0
CricketY,3,0.2,300,60,0.2,point,block,linear,minirocket,minirocket,1,1,False,0.5758792074003419,0.5758792074003419,0.0
CricketY,3,0.2,300,60,0.2,block,point,linear,minirocket,minirocket,1,1,False,0.8303945101937562,0.8303945101937562,0.0
CricketY,3,0.2,300,60,0.2,block,block,linear,minirocket,minirocket,1,1,False,0.5758792074003419,0.5758792074003419,0.0
CricketY,3,0.25,300,75,0.25,point,point,linear,minirocket,minirocket,1,1,False,0.8355105924211509,0.8355105924211509,0.0
CricketY,3,0.25,300,75,0.25,point,block,linear,minirocket,minirocket,1,1,False,0.5312203049985635,0.5312203049985635,0.0
CricketY,3,0.25,300,75,0.25,block,point,linear,minirocket,minirocket,1,1,False,0.8355105924211509,0.8355105924211509,0.0
CricketY,3,0.25,300,75,0.25,block,block,linear,minirocket,minirocket,1,1,False,0.5312203049985635,0.5312203049985635,0.0
CricketY,3,0.3,300,90,0.3,point,point,linear,minirocket,minirocket,1,1,False,0.8226483629080673,0.8226483629080673,0.0
CricketY,3,0.3,300,90,0.3,point,block,linear,minirocket,minirocket,1,1,False,0.4987509030162633,0.4987509030162633,0.0
CricketY,3,0.3,300,90,0.3,block,point,linear,minirocket,minirocket,1,1,False,0.8226483629080673,0.8226483629080673,0.0
CricketY,3,0.3,300,90,0.3,block,block,linear,minirocket,minirocket,1,1,False,0.4987509030162633,0.4987509030162633,0.0
CricketY,4,0.05,300,15,0.05,point,point,linear,minirocket,minirocket,1,1,False,0.7941802463256041,0.7941802463256041,0.0
CricketY,4,0.05,300,15,0.05,point,block,linear,minirocket,minirocket,1,1,False,0.7986837125430662,0.7986837125430662,0.0
CricketY,4,0.05,300,15,0.05,block,point,linear,minirocket,minirocket,1,1,False,0.7941802463256041,0.7941802463256041,0.0
CricketY,4,0.05,300,15,0.05,block,block,linear,minirocket,minirocket,1,1,False,0.7986837125430662,0.7986837125430662,0.0
CricketY,4,0.1,300,30,0.1,point,point,linear,minirocket,minirocket,1,1,False,0.7920022662064475,0.7920022662064475,0.0
CricketY,4,0.1,300,30,0.1,point,block,linear,minirocket,minirocket,1,1,False,0.7310695387263305,0.7310695387263305,0.0
CricketY,4,0.1,300,30,0.1,block,point,linear,minirocket,minirocket,1,1,False,0.7920022662064475,0.7920022662064475,0.0
CricketY,4,0.1,300,30,0.1,block,block,linear,minirocket,minirocket,1,1,False,0.7310695387263305,0.7310695387263305,0.0
CricketY,4,0.15,300,45,0.15,point,point,linear,minirocket,minirocket,1,1,False,0.7963004971110382,0.7963004971110382,0.0
CricketY,4,0.15,300,45,0.15,point,block,linear,minirocket,minirocket,1,1,False,0.6792757234093195,0.6792757234093195,0.0
CricketY,4,0.15,300,45,0.15,block,point,linear,minirocket,minirocket,1,1,False,0.7963004971110382,0.7963004971110382,0.0
CricketY,4,0.15,300,45,0.15,block,block,linear,minirocket,minirocket,1,1,False,0.6792757234093195,0.6792757234093195,0.0
CricketY,4,0.2,300,60,0.2,point,point,linear,minirocket,minirocket,1,1,False,0.7862258109518137,0.7862258109518137,0.0
CricketY,4,0.2,300,60,0.2,point,block,linear,minirocket,minirocket,1,1,False,0.6266868619947817,0.6266868619947817,0.0
CricketY,4,0.2,300,60,0.2,block,point,linear,minirocket,minirocket,1,1,False,0.7862258109518137,0.7862258109518137,0.0
CricketY,4,0.2,300,60,0.2,block,block,linear,minirocket,minirocket,1,1,False,0.6266868619947817,0.6266868619947817,0.0
CricketY,4,0.25,300,75,0.25,point,point,linear,minirocket,minirocket,1,1,False,0.7964279582889723,0.7964279582889723,0.0
CricketY,4,0.25,300,75,0.25,point,block,linear,minirocket,minirocket,1,1,False,0.5273037035339306,0.5273037035339306,0.0
CricketY,4,0.25,300,75,0.25,block,point,linear,minirocket,minirocket,1,1,False,0.7964279582889723,0.7964279582889723,0.0
CricketY,4,0.25,300,75,0.25,block,block,linear,minirocket,minirocket,1,1,False,0.5273037035339306,0.5273037035339306,0.0
CricketY,4,0.3,300,90,0.3,point,point,linear,minirocket,minirocket,1,1,False,0.792687475661818,0.792687475661818,0.0
CricketY,4,0.3,300,90,0.3,point,block,linear,minirocket,minirocket,1,1,False,0.4595158519746911,0.4595158519746911,0.0
CricketY,4,0.3,300,90,0.3,block,point,linear,minirocket,minirocket,1,1,False,0.792687475661818,0.792687475661818,0.0
CricketY,4,0.3,300,90,0.3,block,block,linear,minirocket,minirocket,1,1,False,0.4595158519746911,0.4595158519746911,0.0
CricketY,5,0.05,300,15,0.05,point,point,linear,minirocket,minirocket,1,1,False,0.8115978380348922,0.8115978380348922,0.0
CricketY,5,0.05,300,15,0.05,point,block,linear,minirocket,minirocket,1,1,False,0.7993842338176117,0.7993842338176117,0.0
CricketY,5,0.05,300,15,0.05,block,point,linear,minirocket,minirocket,1,1,False,0.8115978380348922,0.8115978380348922,0.0
CricketY,5,0.05,300,15,0.05,block,block,linear,minirocket,minirocket,1,1,False,0.7993842338176117,0.7993842338176117,0.0
CricketY,5,0.1,300,30,0.1,point,point,linear,minirocket,minirocket,1,1,False,0.796589584740635,0.796589584740635,0.0
CricketY,5,0.1,300,30,0.1,point,block,linear,minirocket,minirocket,1,1,False,0.7735745386023677,0.7735745386023677,0.0
CricketY,5,0.1,300,30,0.1,block,point,linear,minirocket,minirocket,1,1,False,0.796589584740635,0.796589584740635,0.0
CricketY,5,0.1,300,30,0.1,block,block,linear,minirocket,minirocket,1,1,False,0.7735745386023677,0.7735745386023677,0.0
CricketY,5,0.15,300,45,0.15,point,point,linear,minirocket,minirocket,1,1,False,0.807153628298344,0.807153628298344,0.0
CricketY,5,0.15,300,45,0.15,point,block,linear,minirocket,minirocket,1,1,False,0.7302252093973287,0.7302252093973287,0.0
CricketY,5,0.15,300,45,0.15,block,point,linear,minirocket,minirocket,1,1,False,0.807153628298344,0.807153628298344,0.0
CricketY,5,0.15,300,45,0.15,block,block,linear,minirocket,minirocket,1,1,False,0.7302252093973287,0.7302252093973287,0.0
CricketY,5,0.2,300,60,0.2,point,point,linear,minirocket,minirocket,1,1,False,0.820085038709593,0.820085038709593,0.0
CricketY,5,0.2,300,60,0.2,point,block,linear,minirocket,minirocket,1,1,False,0.6664962792573946,0.6664962792573946,0.0
CricketY,5,0.2,300,60,0.2,block,point,linear,minirocket,minirocket,1,1,False,0.820085038709593,0.820085038709593,0.0
CricketY,5,0.2,300,60,0.2,block,block,linear,minirocket,minirocket,1,1,False,0.6664962792573946,0.6664962792573946,0.0
CricketY,5,0.25,300,75,0.25,point,point,linear,minirocket,minirocket,1,1,False,0.8071485370634138,0.8071485370634138,0.0
CricketY,5,0.25,300,75,0.25,point,block,linear,minirocket,minirocket,1,1,False,0.6003375479029597,0.6003375479029597,0.0
CricketY,5,0.25,300,75,0.25,block,point,linear,minirocket,minirocket,1,1,False,0.8071485370634138,0.8071485370634138,0.0
CricketY,5,0.25,300,75,0.25,block,block,linear,minirocket,minirocket,1,1,False,0.6003375479029597,0.6003375479029597,0.0
CricketY,5,0.3,300,90,0.3,point,point,linear,minirocket,minirocket,1,1,False,0.7983801921055528,0.7983801921055528,0.0
CricketY,5,0.3,300,90,0.3,point,block,linear,minirocket,minirocket,1,1,False,0.5004615322587088,0.5004615322587088,0.0
CricketY,5,0.3,300,90,0.3,block,point,linear,minirocket,minirocket,1,1,False,0.7983801921055528,0.7983801921055528,0.0
CricketY,5,0.3,300,90,0.3,block,block,linear,minirocket,minirocket,1,1,False,0.5004615322587088,0.5004615322587088,0.0
CricketZ,1,0.05,300,15,0.05,point,point,linear,minirocket,minirocket,1,1,False,0.8095655322363781,0.8095655322363781,0.0
CricketZ,1,0.05,300,15,0.05,point,block,linear,minirocket,minirocket,1,1,False,0.8147019732933044,0.8147019732933044,0.0
CricketZ,1,0.05,300,15,0.05,block,point,linear,minirocket,minirocket,1,1,False,0.8095655322363781,0.8095655322363781,0.0
CricketZ,1,0.05,300,15,0.05,block,block,linear,minirocket,minirocket,1,1,False,0.8147019732933044,0.8147019732933044,0.0
CricketZ,1,0.1,300,30,0.1,point,point,linear,minirocket,minirocket,1,1,False,0.8197636815065353,0.8197636815065353,0.0
CricketZ,1,0.1,300,30,0.1,point,block,linear,minirocket,minirocket,1,1,False,0.7875989834557812,0.7875989834557812,0.0
CricketZ,1,0.1,300,30,0.1,block,point,linear,minirocket,minirocket,1,1,False,0.8197636815065353,0.8197636815065353,0.0
CricketZ,1,0.1,300,30,0.1,block,block,linear,minirocket,minirocket,1,1,False,0.7875989834557812,0.7875989834557812,0.0
CricketZ,1,0.15,300,45,0.15,point,point,linear,minirocket,minirocket,1,1,False,0.8060499297222968,0.8060499297222968,0.0
CricketZ,1,0.15,300,45,0.15,point,block,linear,minirocket,minirocket,1,1,False,0.7088729171548177,0.7088729171548177,0.0
CricketZ,1,0.15,300,45,0.15,block,point,linear,minirocket,minirocket,1,1,False,0.8060499297222968,0.8060499297222968,0.0
CricketZ,1,0.15,300,45,0.15,block,block,linear,minirocket,minirocket,1,1,False,0.7088729171548177,0.7088729171548177,0.0
CricketZ,1,0.2,300,60,0.2,point,point,linear,minirocket,minirocket,1,1,False,0.8140069951242154,0.8140069951242154,0.0
CricketZ,1,0.2,300,60,0.2,point,block,linear,minirocket,minirocket,1,1,False,0.6576491506518464,0.6576491506518464,0.0
CricketZ,1,0.2,300,60,0.2,block,point,linear,minirocket,minirocket,1,1,False,0.8140069951242154,0.8140069951242154,0.0
CricketZ,1,0.2,300,60,0.2,block,block,linear,minirocket,minirocket,1,1,False,0.6576491506518464,0.6576491506518464,0.0
CricketZ,1,0.25,300,75,0.25,point,point,linear,minirocket,minirocket,1,1,False,0.8216577521652854,0.8216577521652854,0.0
CricketZ,1,0.25,300,75,0.25,point,block,linear,minirocket,minirocket,1,1,False,0.5952569038967765,0.5952569038967765,0.0
CricketZ,1,0.25,300,75,0.25,block,point,linear,minirocket,minirocket,1,1,False,0.8216577521652854,0.8216577521652854,0.0
CricketZ,1,0.25,300,75,0.25,block,block,linear,minirocket,minirocket,1,1,False,0.5952569038967765,0.5952569038967765,0.0
CricketZ,1,0.3,300,90,0.3,point,point,linear,minirocket,minirocket,1,1,False,0.8089371537080249,0.8089371537080249,0.0
CricketZ,1,0.3,300,90,0.3,point,block,linear,minirocket,minirocket,1,1,False,0.5222563087889833,0.5222563087889833,0.0
CricketZ,1,0.3,300,90,0.3,block,point,linear,minirocket,minirocket,1,1,False,0.8089371537080249,0.8089371537080249,0.0
CricketZ,1,0.3,300,90,0.3,block,block,linear,minirocket,minirocket,1,1,False,0.5222563087889833,0.5222563087889833,0.0
CricketZ,2,0.05,300,15,0.05,point,point,linear,minirocket,minirocket,1,1,False,0.8128845453170545,0.8128845453170545,0.0
CricketZ,2,0.05,300,15,0.05,point,block,linear,minirocket,minirocket,1,1,False,0.7918819302042985,0.7918819302042985,0.0
CricketZ,2,0.05,300,15,0.05,block,point,linear,minirocket,minirocket,1,1,False,0.8128845453170545,0.8128845453170545,0.0
CricketZ,2,0.05,300,15,0.05,block,block,linear,minirocket,minirocket,1,1,False,0.7918819302042985,0.7918819302042985,0.0
CricketZ,2,0.1,300,30,0.1,point,point,linear,minirocket,minirocket,1,1,False,0.8118005868294448,0.8118005868294448,0.0
CricketZ,2,0.1,300,30,0.1,point,block,linear,minirocket,minirocket,1,1,False,0.7419642987926256,0.7419642987926256,0.0
CricketZ,2,0.1,300,30,0.1,block,point,linear,minirocket,minirocket,1,1,False,0.8118005868294448,0.8118005868294448,0.0
CricketZ,2,0.1,300,30,0.1,block,block,linear,minirocket,minirocket,1,1,False,0.7419642987926256,0.7419642987926256,0.0
CricketZ,2,0.15,300,45,0.15,point,point,linear,minirocket,minirocket,1,1,False,0.814005883786263,0.814005883786263,0.0
CricketZ,2,0.15,300,45,0.15,point,block,linear,minirocket,minirocket,1,1,False,0.6820517081743329,0.6820517081743329,0.0
CricketZ,2,0.15,300,45,0.15,block,point,linear,minirocket,minirocket,1,1,False,0.814005883786263,0.814005883786263,0.0
CricketZ,2,0.15,300,45,0.15,block,block,linear,minirocket,minirocket,1,1,False,0.6820517081743329,0.6820517081743329,0.0
CricketZ,2,0.2,300,60,0.2,point,point,linear,minirocket,minirocket,1,1,False,0.809063189188396,0.809063189188396,0.0
CricketZ,2,0.2,300,60,0.2,point,block,linear,minirocket,minirocket,1,1,False,0.5909326547077428,0.5909326547077428,0.0
CricketZ,2,0.2,300,60,0.2,block,point,linear,minirocket,minirocket,1,1,False,0.809063189188396,0.809063189188396,0.0
CricketZ,2,0.2,300,60,0.2,block,block,linear,minirocket,minirocket,1,1,False,0.5909326547077428,0.5909326547077428,0.0
CricketZ,2,0.25,300,75,0.25,point,point,linear,minirocket,minirocket,1,1,False,0.8040869562709866,0.8040869562709866,0.0
CricketZ,2,0.25,300,75,0.25,point,block,linear,minirocket,minirocket,1,1,False,0.5182840299014434,0.5182840299014434,0.0
CricketZ,2,0.25,300,75,0.25,block,point,linear,dtw,minirocket,1,1,True,0.700022433444954,0.8040869562709866,0.10406452282603262
CricketZ,2,0.25,300,75,0.25,block,block,linear,dtw,minirocket,1,1,True,0.46263030495659,0.5182840299014434,0.05565372494485338
CricketZ,2,0.3,300,90,0.3,point,point,linear,minirocket,minirocket,1,1,False,0.8095930412807482,0.8095930412807482,0.0
CricketZ,2,0.3,300,90,0.3,point,block,linear,minirocket,dtw,1,1,True,0.4194880974557966,0.42676787984300396,0.007279782387207334
CricketZ,2,0.3,300,90,0.3,block,point,linear,dtw,minirocket,1,1,True,0.69639414017133,0.8095930412807482,0.11319890110941822
CricketZ,2,0.3,300,90,0.3,block,block,linear,dtw,dtw,1,1,False,0.42676787984300396,0.42676787984300396,0.0
CricketZ,3,0.05,300,15,0.05,point,point,linear,minirocket,minirocket,1,1,False,0.8134476765692069,0.8134476765692069,0.0
CricketZ,3,0.05,300,15,0.05,point,block,linear,minirocket,minirocket,1,1,False,0.8132358864942336,0.8132358864942336,0.0
CricketZ,3,0.05,300,15,0.05,block,point,linear,minirocket,minirocket,1,1,False,0.8134476765692069,0.8134476765692069,0.0
CricketZ,3,0.05,300,15,0.05,block,block,linear,minirocket,minirocket,1,1,False,0.8132358864942336,0.8132358864942336,0.0
CricketZ,3,0.1,300,30,0.1,point,point,linear,minirocket,minirocket,1,1,False,0.8058083181438445,0.8058083181438445,0.0
CricketZ,3,0.1,300,30,0.1,point,block,linear,minirocket,minirocket,1,1,False,0.7755913974762391,0.7755913974762391,0.0
CricketZ,3,0.1,300,30,0.1,block,point,linear,minirocket,minirocket,1,1,False,0.8058083181438445,0.8058083181438445,0.0
CricketZ,3,0.1,300,30,0.1,block,block,linear,minirocket,minirocket,1,1,False,0.7755913974762391,0.7755913974762391,0.0
CricketZ,3,0.15,300,45,0.15,point,point,linear,minirocket,minirocket,1,1,False,0.7980204154522909,0.7980204154522909,0.0
CricketZ,3,0.15,300,45,0.15,point,block,linear,minirocket,minirocket,1,1,False,0.7001011809378282,0.7001011809378282,0.0
CricketZ,3,0.15,300,45,0.15,block,point,linear,minirocket,minirocket,1,1,False,0.7980204154522909,0.7980204154522909,0.0
CricketZ,3,0.15,300,45,0.15,block,block,linear,minirocket,minirocket,1,1,False,0.7001011809378282,0.7001011809378282,0.0
CricketZ,3,0.2,300,60,0.2,point,point,linear,minirocket,minirocket,1,1,False,0.8029983557750585,0.8029983557750585,0.0
CricketZ,3,0.2,300,60,0.2,point,block,linear,minirocket,minirocket,1,1,False,0.6347240101837358,0.6347240101837358,0.0
CricketZ,3,0.2,300,60,0.2,block,point,linear,minirocket,minirocket,1,1,False,0.8029983557750585,0.8029983557750585,0.0
CricketZ,3,0.2,300,60,0.2,block,block,linear,minirocket,minirocket,1,1,False,0.6347240101837358,0.6347240101837358,0.0
CricketZ,3,0.25,300,75,0.25,point,point,linear,minirocket,minirocket,1,1,False,0.784143966231014,0.784143966231014,0.0
CricketZ,3,0.25,300,75,0.25,point,block,linear,minirocket,minirocket,1,1,False,0.5798441448936539,0.5798441448936539,0.0
CricketZ,3,0.25,300,75,0.25,block,point,linear,minirocket,minirocket,1,1,False,0.784143966231014,0.784143966231014,0.0
CricketZ,3,0.25,300,75,0.25,block,block,linear,minirocket,minirocket,1,1,False,0.5798441448936539,0.5798441448936539,0.0
CricketZ,3,0.3,300,90,0.3,point,point,linear,minirocket,minirocket,1,1,False,0.7890247673846343,0.7890247673846343,0.0
CricketZ,3,0.3,300,90,0.3,point,block,linear,minirocket,minirocket,1,1,False,0.47460228904711527,0.47460228904711527,0.0
CricketZ,3,0.3,300,90,0.3,block,point,linear,minirocket,minirocket,1,1,False,0.7890247673846343,0.7890247673846343,0.0
CricketZ,3,0.3,300,90,0.3,block,block,linear,minirocket,minirocket,1,1,False,0.47460228904711527,0.47460228904711527,0.0
CricketZ,4,0.05,300,15,0.05,point,point,linear,minirocket,minirocket,1,1,False,0.8051373764390539,0.8051373764390539,0.0
CricketZ,4,0.05,300,15,0.05,point,block,linear,minirocket,minirocket,1,1,False,0.7893076249982478,0.7893076249982478,0.0
CricketZ,4,0.05,300,15,0.05,block,point,linear,minirocket,minirocket,1,1,False,0.8051373764390539,0.8051373764390539,0.0
CricketZ,4,0.05,300,15,0.05,block,block,linear,minirocket,minirocket,1,1,False,0.7893076249982478,0.7893076249982478,0.0
CricketZ,4,0.1,300,30,0.1,point,point,linear,minirocket,minirocket,1,1,False,0.800500435455764,0.800500435455764,0.0
CricketZ,4,0.1,300,30,0.1,point,block,linear,minirocket,minirocket,1,1,False,0.7483344892981115,0.7483344892981115,0.0
CricketZ,4,0.1,300,30,0.1,block,point,linear,minirocket,minirocket,1,1,False,0.800500435455764,0.800500435455764,0.0
CricketZ,4,0.1,300,30,0.1,block,block,linear,minirocket,minirocket,1,1,False,0.7483344892981115,0.7483344892981115,0.0
CricketZ,4,0.15,300,45,0.15,point,point,linear,minirocket,minirocket,1,1,False,0.7973596600893561,0.7973596600893561,0.0
CricketZ,4,0.15,300,45,0.15,point,block,linear,minirocket,minirocket,1,1,False,0.6953666530728957,0.6953666530728957,0.0
CricketZ,4,0.15,300,45,0.15,block,point,linear,minirocket,minirocket,1,1,False,0.7973596600893561,0.7973596600893561,0.0
CricketZ,4,0.15,300,45,0.15,block,block,linear,minirocket,minirocket,1,1,False,0.6953666530728957,0.6953666530728957,0.0
CricketZ,4,0.2,300,60,0.2,point,point,linear,minirocket,minirocket,1,1,False,0.7856074092797763,0.7856074092797763,0.0
CricketZ,4,0.2,300,60,0.2,point,block,linear,minirocket,minirocket,1,1,False,0.6221937423317601,0.6221937423317601,0.0
CricketZ,4,0.2,300,60,0.2,block,point,linear,minirocket,minirocket,1,1,False,0.7856074092797763,0.7856074092797763,0.0
CricketZ,4,0.2,300,60,0.2,block,block,linear,minirocket,minirocket,1,1,False,0.6221937423317601,0.6221937423317601,0.0
CricketZ,4,0.25,300,75,0.25,point,point,linear,minirocket,minirocket,1,1,False,0.8128007132384202,0.8128007132384202,0.0
CricketZ,4,0.25,300,75,0.25,point,block,linear,minirocket,minirocket,1,1,False,0.5426793815795764,0.5426793815795764,0.0
CricketZ,4,0.25,300,75,0.25,block,point,linear,minirocket,minirocket,1,1,False,0.8128007132384202,0.8128007132384202,0.0
CricketZ,4,0.25,300,75,0.25,block,block,linear,minirocket,minirocket,1,1,False,0.5426793815795764,0.5426793815795764,0.0
CricketZ,4,0.3,300,90,0.3,point,point,linear,minirocket,minirocket,1,1,False,0.8044898490547112,0.8044898490547112,0.0
CricketZ,4,0.3,300,90,0.3,point,block,linear,minirocket,dtw,1,1,True,0.4279065236036852,0.4333399151081907,0.005433391504505503
CricketZ,4,0.3,300,90,0.3,block,point,linear,minirocket,minirocket,1,1,False,0.8044898490547112,0.8044898490547112,0.0
CricketZ,4,0.3,300,90,0.3,block,block,linear,minirocket,dtw,1,1,True,0.4279065236036852,0.4333399151081907,0.005433391504505503
CricketZ,5,0.05,300,15,0.05,point,point,linear,minirocket,minirocket,1,1,False,0.7982767669617116,0.7982767669617116,0.0
CricketZ,5,0.05,300,15,0.05,point,block,linear,minirocket,minirocket,1,1,False,0.7917689272495374,0.7917689272495374,0.0
CricketZ,5,0.05,300,15,0.05,block,point,linear,minirocket,minirocket,1,1,False,0.7982767669617116,0.7982767669617116,0.0
CricketZ,5,0.05,300,15,0.05,block,block,linear,minirocket,minirocket,1,1,False,0.7917689272495374,0.7917689272495374,0.0
CricketZ,5,0.1,300,30,0.1,point,point,linear,minirocket,minirocket,1,1,False,0.8037039378300589,0.8037039378300589,0.0
CricketZ,5,0.1,300,30,0.1,point,block,linear,minirocket,minirocket,1,1,False,0.7469329383295968,0.7469329383295968,0.0
CricketZ,5,0.1,300,30,0.1,block,point,linear,minirocket,minirocket,1,1,False,0.8037039378300589,0.8037039378300589,0.0
CricketZ,5,0.1,300,30,0.1,block,block,linear,minirocket,minirocket,1,1,False,0.7469329383295968,0.7469329383295968,0.0
CricketZ,5,0.15,300,45,0.15,point,point,linear,minirocket,minirocket,1,1,False,0.7943560732190363,0.7943560732190363,0.0
CricketZ,5,0.15,300,45,0.15,point,block,linear,minirocket,minirocket,1,1,False,0.6912758226445906,0.6912758226445906,0.0
CricketZ,5,0.15,300,45,0.15,block,point,linear,minirocket,minirocket,1,1,False,0.7943560732190363,0.7943560732190363,0.0
CricketZ,5,0.15,300,45,0.15,block,block,linear,minirocket,minirocket,1,1,False,0.6912758226445906,0.6912758226445906,0.0
CricketZ,5,0.2,300,60,0.2,point,point,linear,minirocket,minirocket,1,1,False,0.798202494828616,0.798202494828616,0.0
CricketZ,5,0.2,300,60,0.2,point,block,linear,minirocket,minirocket,1,1,False,0.6177454758989335,0.6177454758989335,0.0
CricketZ,5,0.2,300,60,0.2,block,point,linear,minirocket,minirocket,1,1,False,0.798202494828616,0.798202494828616,0.0
CricketZ,5,0.2,300,60,0.2,block,block,linear,minirocket,minirocket,1,1,False,0.6177454758989335,0.6177454758989335,0.0
CricketZ,5,0.25,300,75,0.25,point,point,linear,minirocket,minirocket,1,1,False,0.8043102464592136,0.8043102464592136,0.0
CricketZ,5,0.25,300,75,0.25,point,block,linear,minirocket,minirocket,1,1,False,0.5563516345877293,0.5563516345877293,0.0
CricketZ,5,0.25,300,75,0.25,block,point,linear,minirocket,minirocket,1,1,False,0.8043102464592136,0.8043102464592136,0.0
CricketZ,5,0.25,300,75,0.25,block,block,linear,minirocket,minirocket,1,1,False,0.5563516345877293,0.5563516345877293,0.0
CricketZ,5,0.3,300,90,0.3,point,point,linear,minirocket,minirocket,1,1,False,0.7919698050144365,0.7919698050144365,0.0
CricketZ,5,0.3,300,90,0.3,point,block,linear,minirocket,minirocket,1,1,False,0.4663069986789561,0.4663069986789561,0.0
CricketZ,5,0.3,300,90,0.3,block,point,linear,minirocket,minirocket,1,1,False,0.7919698050144365,0.7919698050144365,0.0
CricketZ,5,0.3,300,90,0.3,block,block,linear,minirocket,minirocket,1,1,False,0.4663069986789561,0.4663069986789561,0.0
FaceAll,1,0.05,131,6,0.04580152671755725,point,point,linear,minirocket,minirocket,1,1,False,0.9063384548553383,0.9063384548553383,0.0
FaceAll,1,0.05,131,6,0.04580152671755725,point,block,linear,minirocket,minirocket,1,1,False,0.9014475497014763,0.9014475497014763,0.0
FaceAll,1,0.05,131,6,0.04580152671755725,block,point,linear,minirocket,minirocket,1,1,False,0.9063384548553383,0.9063384548553383,0.0
FaceAll,1,0.05,131,6,0.04580152671755725,block,block,linear,minirocket,minirocket,1,1,False,0.9014475497014763,0.9014475497014763,0.0
FaceAll,1,0.1,131,13,0.09923664122137404,point,point,linear,minirocket,minirocket,1,1,False,0.9047973914347087,0.9047973914347087,0.0
FaceAll,1,0.1,131,13,0.09923664122137404,point,block,linear,minirocket,minirocket,1,1,False,0.8657562986048476,0.8657562986048476,0.0
FaceAll,1,0.1,131,13,0.09923664122137404,block,point,linear,minirocket,minirocket,1,1,False,0.9047973914347087,0.9047973914347087,0.0
FaceAll,1,0.1,131,13,0.09923664122137404,block,block,linear,minirocket,minirocket,1,1,False,0.8657562986048476,0.8657562986048476,0.0
FaceAll,1,0.15,131,19,0.1450381679389313,point,point,linear,minirocket,minirocket,1,1,False,0.9059181745049879,0.9059181745049879,0.0
FaceAll,1,0.15,131,19,0.1450381679389313,point,block,linear,minirocket,minirocket,1,1,False,0.7849621387610437,0.7849621387610437,0.0
FaceAll,1,0.15,131,19,0.1450381679389313,block,point,linear,minirocket,minirocket,1,1,False,0.9059181745049879,0.9059181745049879,0.0
FaceAll,1,0.15,131,19,0.1450381679389313,block,block,linear,minirocket,minirocket,1,1,False,0.7849621387610437,0.7849621387610437,0.0
FaceAll,1,0.2,131,26,0.1984732824427481,point,point,linear,minirocket,minirocket,1,1,False,0.9024704531624543,0.9024704531624543,0.0
FaceAll,1,0.2,131,26,0.1984732824427481,point,block,linear,minirocket,minirocket,1,1,False,0.7060881098253463,0.7060881098253463,0.0
FaceAll,1,0.2,131,26,0.1984732824427481,block,point,linear,minirocket,minirocket,1,1,False,0.9024704531624543,0.9024704531624543,0.0
FaceAll,1,0.2,131,26,0.1984732824427481,block,block,linear,minirocket,minirocket,1,1,False,0.7060881098253463,0.7060881098253463,0.0
FaceAll,1,0.25,131,32,0.24427480916030533,point,point,linear,minirocket,minirocket,1,1,False,0.8979846827475241,0.8979846827475241,0.0
FaceAll,1,0.25,131,32,0.24427480916030533,point,block,linear,minirocket,minirocket,1,1,False,0.6016151807039669,0.6016151807039669,0.0
FaceAll,1,0.25,131,32,0.24427480916030533,block,point,linear,minirocket,minirocket,1,1,False,0.8979846827475241,0.8979846827475241,0.0
FaceAll,1,0.25,131,32,0.24427480916030533,block,block,linear,minirocket,minirocket,1,1,False,0.6016151807039669,0.6016151807039669,0.0
FaceAll,1,0.3,131,39,0.29770992366412213,point,point,linear,minirocket,minirocket,1,1,False,0.8916307782784176,0.8916307782784176,0.0
FaceAll,1,0.3,131,39,0.29770992366412213,point,block,linear,minirocket,minirocket,1,1,False,0.5290679260532399,0.5290679260532399,0.0
FaceAll,1,0.3,131,39,0.29770992366412213,block,point,linear,minirocket,minirocket,1,1,False,0.8916307782784176,0.8916307782784176,0.0
FaceAll,1,0.3,131,39,0.29770992366412213,block,block,linear,minirocket,minirocket,1,1,False,0.5290679260532399,0.5290679260532399,0.0
FaceAll,2,0.05,131,6,0.04580152671755725,point,point,linear,minirocket,minirocket,1,1,False,0.9042056963128873,0.9042056963128873,0.0
FaceAll,2,0.05,131,6,0.04580152671755725,point,block,linear,minirocket,minirocket,1,1,False,0.8992365455164074,0.8992365455164074,0.0
FaceAll,2,0.05,131,6,0.04580152671755725,block,point,linear,minirocket,minirocket,1,1,False,0.9042056963128873,0.9042056963128873,0.0
FaceAll,2,0.05,131,6,0.04580152671755725,block,block,linear,minirocket,minirocket,1,1,False,0.8992365455164074,0.8992365455164074,0.0
FaceAll,2,0.1,131,13,0.09923664122137404,point,point,linear,minirocket,minirocket,1,1,False,0.9041480159603109,0.9041480159603109,0.0
FaceAll,2,0.1,131,13,0.09923664122137404,point,block,linear,minirocket,minirocket,1,1,False,0.8661653273015661,0.8661653273015661,0.0
FaceAll,2,0.1,131,13,0.09923664122137404,block,point,linear,minirocket,minirocket,1,1,False,0.9041480159603109,0.9041480159603109,0.0
FaceAll,2,0.1,131,13,0.09923664122137404,block,block,linear,minirocket,minirocket,1,1,False,0.8661653273015661,0.8661653273015661,0.0
FaceAll,2,0.15,131,19,0.1450381679389313,point,point,linear,minirocket,minirocket,1,1,False,0.8996334592701816,0.8996334592701816,0.0
FaceAll,2,0.15,131,19,0.1450381679389313,point,block,linear,minirocket,minirocket,1,1,False,0.8040064517541425,0.8040064517541425,0.0
FaceAll,2,0.15,131,19,0.1450381679389313,block,point,linear,minirocket,minirocket,1,1,False,0.8996334592701816,0.8996334592701816,0.0
FaceAll,2,0.15,131,19,0.1450381679389313,block,block,linear,minirocket,minirocket,1,1,False,0.8040064517541425,0.8040064517541425,0.0
FaceAll,2,0.2,131,26,0.1984732824427481,point,point,linear,minirocket,minirocket,1,1,False,0.8990864140939137,0.8990864140939137,0.0
FaceAll,2,0.2,131,26,0.1984732824427481,point,block,linear,minirocket,minirocket,1,1,False,0.7166703816693587,0.7166703816693587,0.0
FaceAll,2,0.2,131,26,0.1984732824427481,block,point,linear,minirocket,minirocket,1,1,False,0.8990864140939137,0.8990864140939137,0.0
FaceAll,2,0.2,131,26,0.1984732824427481,block,block,linear,minirocket,minirocket,1,1,False,0.7166703816693587,0.7166703816693587,0.0
FaceAll,2,0.25,131,32,0.24427480916030533,point,point,linear,minirocket,minirocket,1,1,False,0.8938431196255454,0.8938431196255454,0.0
FaceAll,2,0.25,131,32,0.24427480916030533,point,block,linear,minirocket,minirocket,1,1,False,0.6309987990783653,0.6309987990783653,0.0
FaceAll,2,0.25,131,32,0.24427480916030533,block,point,linear,minirocket,minirocket,1,1,False,0.8938431196255454,0.8938431196255454,0.0
FaceAll,2,0.25,131,32,0.24427480916030533,block,block,linear,minirocket,minirocket,1,1,False,0.6309987990783653,0.6309987990783653,0.0
FaceAll,2,0.3,131,39,0.29770992366412213,point,point,linear,minirocket,minirocket,1,1,False,0.8911634286353491,0.8911634286353491,0.0
FaceAll,2,0.3,131,39,0.29770992366412213,point,block,linear,minirocket,minirocket,1,1,False,0.5193736467100363,0.5193736467100363,0.0
FaceAll,2,0.3,131,39,0.29770992366412213,block,point,linear,minirocket,minirocket,1,1,False,0.8911634286353491,0.8911634286353491,0.0
FaceAll,2,0.3,131,39,0.29770992366412213,block,block,linear,minirocket,minirocket,1,1,False,0.5193736467100363,0.5193736467100363,0.0
FaceAll,3,0.05,131,6,0.04580152671755725,point,point,linear,minirocket,minirocket,1,1,False,0.9059050219999871,0.9059050219999871,0.0
FaceAll,3,0.05,131,6,0.04580152671755725,point,block,linear,minirocket,minirocket,1,1,False,0.9010900578321153,0.9010900578321153,0.0
FaceAll,3,0.05,131,6,0.04580152671755725,block,point,linear,minirocket,minirocket,1,1,False,0.9059050219999871,0.9059050219999871,0.0
FaceAll,3,0.05,131,6,0.04580152671755725,block,block,linear,minirocket,minirocket,1,1,False,0.9010900578321153,0.9010900578321153,0.0
FaceAll,3,0.1,131,13,0.09923664122137404,point,point,linear,minirocket,minirocket,1,1,False,0.9037297740577476,0.9037297740577476,0.0
FaceAll,3,0.1,131,13,0.09923664122137404,point,block,linear,minirocket,minirocket,1,1,False,0.8681606504828013,0.8681606504828013,0.0
FaceAll,3,0.1,131,13,0.09923664122137404,block,point,linear,minirocket,minirocket,1,1,False,0.9037297740577476,0.9037297740577476,0.0
FaceAll,3,0.1,131,13,0.09923664122137404,block,block,linear,minirocket,minirocket,1,1,False,0.8681606504828013,0.8681606504828013,0.0
FaceAll,3,0.15,131,19,0.1450381679389313,point,point,linear,minirocket,minirocket,1,1,False,0.9030682417747886,0.9030682417747886,0.0
FaceAll,3,0.15,131,19,0.1450381679389313,point,block,linear,minirocket,minirocket,1,1,False,0.8034759703162884,0.8034759703162884,0.0
FaceAll,3,0.15,131,19,0.1450381679389313,block,point,linear,minirocket,minirocket,1,1,False,0.9030682417747886,0.9030682417747886,0.0
FaceAll,3,0.15,131,19,0.1450381679389313,block,block,linear,minirocket,minirocket,1,1,False,0.8034759703162884,0.8034759703162884,0.0
FaceAll,3,0.2,131,26,0.1984732824427481,point,point,linear,minirocket,minirocket,1,1,False,0.8970049533756169,0.8970049533756169,0.0
FaceAll,3,0.2,131,26,0.1984732824427481,point,block,linear,minirocket,minirocket,1,1,False,0.7085861004088265,0.7085861004088265,0.0
FaceAll,3,0.2,131,26,0.1984732824427481,block,point,linear,minirocket,minirocket,1,1,False,0.8970049533756169,0.8970049533756169,0.0
FaceAll,3,0.2,131,26,0.1984732824427481,block,block,linear,minirocket,minirocket,1,1,False,0.7085861004088265,0.7085861004088265,0.0
FaceAll,3,0.25,131,32,0.24427480916030533,point,point,linear,minirocket,minirocket,1,1,False,0.8987770119777594,0.8987770119777594,0.0
FaceAll,3,0.25,131,32,0.24427480916030533,point,block,linear,minirocket,minirocket,1,1,False,0.6107139569976386,0.6107139569976386,0.0
FaceAll,3,0.25,131,32,0.24427480916030533,block,point,linear,minirocket,minirocket,1,1,False,0.8987770119777594,0.8987770119777594,0.0
FaceAll,3,0.25,131,32,0.24427480916030533,block,block,linear,minirocket,minirocket,1,1,False,0.6107139569976386,0.6107139569976386,0.0
FaceAll,3,0.3,131,39,0.29770992366412213,point,point,linear,minirocket,minirocket,1,1,False,0.8877264348866062,0.8877264348866062,0.0
FaceAll,3,0.3,131,39,0.29770992366412213,point,block,linear,minirocket,minirocket,1,1,False,0.4829338551959786,0.4829338551959786,0.0
FaceAll,3,0.3,131,39,0.29770992366412213,block,point,linear,minirocket,minirocket,1,1,False,0.8877264348866062,0.8877264348866062,0.0
FaceAll,3,0.3,131,39,0.29770992366412213,block,block,linear,minirocket,minirocket,1,1,False,0.4829338551959786,0.4829338551959786,0.0
FaceAll,4,0.05,131,6,0.04580152671755725,point,point,linear,minirocket,minirocket,1,1,False,0.9017524779151499,0.9017524779151499,0.0
FaceAll,4,0.05,131,6,0.04580152671755725,point,block,linear,minirocket,minirocket,1,1,False,0.8934053584089574,0.8934053584089574,0.0
FaceAll,4,0.05,131,6,0.04580152671755725,block,point,linear,minirocket,minirocket,1,1,False,0.9017524779151499,0.9017524779151499,0.0
FaceAll,4,0.05,131,6,0.04580152671755725,block,block,linear,minirocket,minirocket,1,1,False,0.8934053584089574,0.8934053584089574,0.0
FaceAll,4,0.1,131,13,0.09923664122137404,point,point,linear,minirocket,minirocket,1,1,False,0.9025196833246537,0.9025196833246537,0.0
FaceAll,4,0.1,131,13,0.09923664122137404,point,block,linear,minirocket,minirocket,1,1,False,0.8650375592781004,0.8650375592781004,0.0
FaceAll,4,0.1,131,13,0.09923664122137404,block,point,linear,minirocket,minirocket,1,1,False,0.9025196833246537,0.9025196833246537,0.0
FaceAll,4,0.1,131,13,0.09923664122137404,block,block,linear,minirocket,minirocket,1,1,False,0.8650375592781004,0.8650375592781004,0.0
FaceAll,4,0.15,131,19,0.1450381679389313,point,point,linear,minirocket,minirocket,1,1,False,0.9030935026745885,0.9030935026745885,0.0
FaceAll,4,0.15,131,19,0.1450381679389313,point,block,linear,minirocket,minirocket,1,1,False,0.7960846912519187,0.7960846912519187,0.0
FaceAll,4,0.15,131,19,0.1450381679389313,block,point,linear,minirocket,minirocket,1,1,False,0.9030935026745885,0.9030935026745885,0.0
FaceAll,4,0.15,131,19,0.1450381679389313,block,block,linear,minirocket,minirocket,1,1,False,0.7960846912519187,0.7960846912519187,0.0
FaceAll,4,0.2,131,26,0.1984732824427481,point,point,linear,minirocket,minirocket,1,1,False,0.900331756043021,0.900331756043021,0.0
FaceAll,4,0.2,131,26,0.1984732824427481,point,block,linear,minirocket,minirocket,1,1,False,0.7072200294063608,0.7072200294063608,0.0
FaceAll,4,0.2,131,26,0.1984732824427481,block,point,linear,minirocket,minirocket,1,1,False,0.900331756043021,0.900331756043021,0.0
FaceAll,4,0.2,131,26,0.1984732824427481,block,block,linear,minirocket,minirocket,1,1,False,0.7072200294063608,0.7072200294063608,0.0
FaceAll,4,0.25,131,32,0.24427480916030533,point,point,linear,minirocket,minirocket,1,1,False,0.8933041499273182,0.8933041499273182,0.0
FaceAll,4,0.25,131,32,0.24427480916030533,point,block,linear,minirocket,minirocket,1,1,False,0.6288250256243787,0.6288250256243787,0.0
FaceAll,4,0.25,131,32,0.24427480916030533,block,point,linear,minirocket,minirocket,1,1,False,0.8933041499273182,0.8933041499273182,0.0
FaceAll,4,0.25,131,32,0.24427480916030533,block,block,linear,minirocket,minirocket,1,1,False,0.6288250256243787,0.6288250256243787,0.0
FaceAll,4,0.3,131,39,0.29770992366412213,point,point,linear,minirocket,minirocket,1,1,False,0.8877268877160605,0.8877268877160605,0.0
FaceAll,4,0.3,131,39,0.29770992366412213,point,block,linear,minirocket,minirocket,1,1,False,0.5283524882398313,0.5283524882398313,0.0
FaceAll,4,0.3,131,39,0.29770992366412213,block,point,linear,minirocket,minirocket,1,1,False,0.8877268877160605,0.8877268877160605,0.0
FaceAll,4,0.3,131,39,0.29770992366412213,block,block,linear,minirocket,minirocket,1,1,False,0.5283524882398313,0.5283524882398313,0.0
FaceAll,5,0.05,131,6,0.04580152671755725,point,point,linear,minirocket,minirocket,1,1,False,0.9037016567432662,0.9037016567432662,0.0
FaceAll,5,0.05,131,6,0.04580152671755725,point,block,linear,minirocket,minirocket,1,1,False,0.8980536777662047,0.8980536777662047,0.0
FaceAll,5,0.05,131,6,0.04580152671755725,block,point,linear,minirocket,minirocket,1,1,False,0.9037016567432662,0.9037016567432662,0.0
FaceAll,5,0.05,131,6,0.04580152671755725,block,block,linear,minirocket,minirocket,1,1,False,0.8980536777662047,0.8980536777662047,0.0
FaceAll,5,0.1,131,13,0.09923664122137404,point,point,linear,minirocket,minirocket,1,1,False,0.9039846440939953,0.9039846440939953,0.0
FaceAll,5,0.1,131,13,0.09923664122137404,point,block,linear,minirocket,minirocket,1,1,False,0.8674820470508039,0.8674820470508039,0.0
FaceAll,5,0.1,131,13,0.09923664122137404,block,point,linear,minirocket,minirocket,1,1,False,0.9039846440939953,0.9039846440939953,0.0
FaceAll,5,0.1,131,13,0.09923664122137404,block,block,linear,minirocket,minirocket,1,1,False,0.8674820470508039,0.8674820470508039,0.0
FaceAll,5,0.15,131,19,0.1450381679389313,point,point,linear,minirocket,minirocket,1,1,False,0.9020504863244998,0.9020504863244998,0.0
FaceAll,5,0.15,131,19,0.1450381679389313,point,block,linear,minirocket,minirocket,1,1,False,0.8192832871039623,0.8192832871039623,0.0
FaceAll,5,0.15,131,19,0.1450381679389313,block,point,linear,minirocket,minirocket,1,1,False,0.9020504863244998,0.9020504863244998,0.0
FaceAll,5,0.15,131,19,0.1450381679389313,block,block,linear,minirocket,minirocket,1,1,False,0.8192832871039623,0.8192832871039623,0.0
FaceAll,5,0.2,131,26,0.1984732824427481,point,point,linear,minirocket,minirocket,1,1,False,0.8991692375546211,0.8991692375546211,0.0
FaceAll,5,0.2,131,26,0.1984732824427481,point,block,linear,minirocket,minirocket,1,1,False,0.7333900229308593,0.7333900229308593,0.0
FaceAll,5,0.2,131,26,0.1984732824427481,block,point,linear,minirocket,minirocket,1,1,False,0.8991692375546211,0.8991692375546211,0.0
FaceAll,5,0.2,131,26,0.1984732824427481,block,block,linear,minirocket,minirocket,1,1,False,0.7333900229308593,0.7333900229308593,0.0
FaceAll,5,0.25,131,32,0.24427480916030533,point,point,linear,minirocket,minirocket,1,1,False,0.8973389892496237,0.8973389892496237,0.0
FaceAll,5,0.25,131,32,0.24427480916030533,point,block,linear,minirocket,minirocket,1,1,False,0.637216000887421,0.637216000887421,0.0
FaceAll,5,0.25,131,32,0.24427480916030533,block,point,linear,minirocket,minirocket,1,1,False,0.8973389892496237,0.8973389892496237,0.0
FaceAll,5,0.25,131,32,0.24427480916030533,block,block,linear,minirocket,minirocket,1,1,False,0.637216000887421,0.637216000887421,0.0
FaceAll,5,0.3,131,39,0.29770992366412213,point,point,linear,minirocket,minirocket,1,1,False,0.8880276265536108,0.8880276265536108,0.0
FaceAll,5,0.3,131,39,0.29770992366412213,point,block,linear,minirocket,minirocket,1,1,False,0.5331179971520189,0.5331179971520189,0.0
FaceAll,5,0.3,131,39,0.29770992366412213,block,point,linear,minirocket,minirocket,1,1,False,0.8880276265536108,0.8880276265536108,0.0
FaceAll,5,0.3,131,39,0.29770992366412213,block,block,linear,minirocket,minirocket,1,1,False,0.5331179971520189,0.5331179971520189,0.0
DistalPhalanxOutlineCorrect,1,0.05,80,4,0.05,point,point,linear,minirocket,stat_rf,1,1,True,0.7354037267080745,0.7434782608695651,0.00807453416149062
DistalPhalanxOutlineCorrect,1,0.05,80,4,0.05,point,block,linear,minirocket,minirocket,1,1,False,0.7192546583850932,0.7192546583850932,0.0
DistalPhalanxOutlineCorrect,1,0.05,80,4,0.05,block,point,linear,minirocket,stat_rf,2,1,True,0.7354037267080745,0.7434782608695651,0.00807453416149062
DistalPhalanxOutlineCorrect,1,0.05,80,4,0.05,block,block,linear,minirocket,minirocket,2,1,False,0.7192546583850932,0.7192546583850932,0.0
DistalPhalanxOutlineCorrect,1,0.1,80,8,0.1,point,point,linear,minirocket,stat_rf,1,1,True,0.7273291925465839,0.7285714285714285,0.001242236024844634
DistalPhalanxOutlineCorrect,1,0.1,80,8,0.1,point,block,linear,minirocket,minirocket,1,1,False,0.724223602484472,0.724223602484472,0.0
DistalPhalanxOutlineCorrect,1,0.1,80,8,0.1,block,point,linear,minirocket,stat_rf,1,1,True,0.7273291925465839,0.7285714285714285,0.001242236024844634
DistalPhalanxOutlineCorrect,1,0.1,80,8,0.1,block,block,linear,minirocket,minirocket,1,1,False,0.724223602484472,0.724223602484472,0.0
DistalPhalanxOutlineCorrect,1,0.15,80,12,0.15,point,point,linear,minirocket,minirocket,1,1,False,0.7378881987577639,0.7378881987577639,0.0
DistalPhalanxOutlineCorrect,1,0.15,80,12,0.15,point,block,linear,minirocket,stat_rf,1,1,True,0.6527950310559006,0.6869565217391305,0.03416149068322982
DistalPhalanxOutlineCorrect,1,0.15,80,12,0.15,block,point,linear,stat_rf,minirocket,1,1,True,0.7341614906832298,0.7378881987577639,0.003726708074534124
DistalPhalanxOutlineCorrect,1,0.15,80,12,0.15,block,block,linear,stat_rf,stat_rf,1,1,False,0.6869565217391305,0.6869565217391305,0.0
DistalPhalanxOutlineCorrect,1,0.2,80,16,0.2,point,point,linear,minirocket,minirocket,1,1,False,0.7614906832298136,0.7614906832298136,0.0
DistalPhalanxOutlineCorrect,1,0.2,80,16,0.2,point,block,linear,minirocket,stat_rf,1,1,True,0.6037267080745341,0.662111801242236,0.05838509316770191
DistalPhalanxOutlineCorrect,1,0.2,80,16,0.2,block,point,linear,stat_rf,minirocket,1,1,True,0.7316770186335404,0.7614906832298136,0.029813664596273215
DistalPhalanxOutlineCorrect,1,0.2,80,16,0.2,block,block,linear,stat_rf,stat_rf,1,1,False,0.662111801242236,0.662111801242236,0.0
DistalPhalanxOutlineCorrect,1,0.25,80,20,0.25,point,point,linear,minirocket,minirocket,1,1,False,0.7279503105590062,0.7279503105590062,0.0
DistalPhalanxOutlineCorrect,1,0.25,80,20,0.25,point,block,linear,minirocket,stat_rf,1,1,True,0.6403726708074534,0.6416149068322982,0.001242236024844745
DistalPhalanxOutlineCorrect,1,0.25,80,20,0.25,block,point,linear,minirocket,minirocket,1,1,False,0.7279503105590062,0.7279503105590062,0.0
DistalPhalanxOutlineCorrect,1,0.25,80,20,0.25,block,block,linear,minirocket,stat_rf,1,1,True,0.6403726708074534,0.6416149068322982,0.001242236024844745
DistalPhalanxOutlineCorrect,1,0.3,80,24,0.3,point,point,linear,minirocket,minirocket,1,1,False,0.7453416149068324,0.7453416149068324,0.0
DistalPhalanxOutlineCorrect,1,0.3,80,24,0.3,point,block,linear,minirocket,stat_rf,1,1,True,0.6229813664596273,0.6509316770186335,0.02795031055900621
DistalPhalanxOutlineCorrect,1,0.3,80,24,0.3,block,point,linear,stat_rf,minirocket,1,1,True,0.731055900621118,0.7453416149068324,0.014285714285714346
DistalPhalanxOutlineCorrect,1,0.3,80,24,0.3,block,block,linear,stat_rf,stat_rf,1,1,False,0.6509316770186335,0.6509316770186335,0.0
DistalPhalanxOutlineCorrect,2,0.05,80,4,0.05,point,point,linear,minirocket,stat_rf,1,1,True,0.7397515527950311,0.7546583850931676,0.014906832298136496
DistalPhalanxOutlineCorrect,2,0.05,80,4,0.05,point,block,linear,minirocket,minirocket,1,1,False,0.7708074534161491,0.7708074534161491,0.0
DistalPhalanxOutlineCorrect,2,0.05,80,4,0.05,block,point,linear,minirocket,stat_rf,1,1,True,0.7397515527950311,0.7546583850931676,0.014906832298136496
DistalPhalanxOutlineCorrect,2,0.05,80,4,0.05,block,block,linear,minirocket,minirocket,1,1,False,0.7708074534161491,0.7708074534161491,0.0
DistalPhalanxOutlineCorrect,2,0.1,80,8,0.1,point,point,linear,minirocket,minirocket,1,1,False,0.7484472049689441,0.7484472049689441,0.0
DistalPhalanxOutlineCorrect,2,0.1,80,8,0.1,point,block,linear,minirocket,minirocket,1,1,False,0.7422360248447205,0.7422360248447205,0.0
DistalPhalanxOutlineCorrect,2,0.1,80,8,0.1,block,point,linear,minirocket,minirocket,1,1,False,0.7484472049689441,0.7484472049689441,0.0
DistalPhalanxOutlineCorrect,2,0.1,80,8,0.1,block,block,linear,minirocket,minirocket,1,1,False,0.7422360248447205,0.7422360248447205,0.0
DistalPhalanxOutlineCorrect,2,0.15,80,12,0.15,point,point,linear,minirocket,minirocket,1,1,False,0.7490683229813665,0.7490683229813665,0.0
DistalPhalanxOutlineCorrect,2,0.15,80,12,0.15,point,block,linear,minirocket,stat_rf,1,1,True,0.6875776397515528,0.7012422360248447,0.013664596273291862
DistalPhalanxOutlineCorrect,2,0.15,80,12,0.15,block,point,linear,stat_rf,minirocket,1,1,True,0.7391304347826086,0.7490683229813665,0.00993788819875785
DistalPhalanxOutlineCorrect,2,0.15,80,12,0.15,block,block,linear,stat_rf,stat_rf,1,1,False,0.7012422360248447,0.7012422360248447,0.0
DistalPhalanxOutlineCorrect,2,0.2,80,16,0.2,point,point,linear,minirocket,stat_rf,1,1,True,0.7236024844720497,0.7341614906832298,0.01055900621118011
DistalPhalanxOutlineCorrect,2,0.2,80,16,0.2,point,block,linear,minirocket,stat_rf,1,1,True,0.6422360248447205,0.653416149068323,0.011180124223602483
DistalPhalanxOutlineCorrect,2,0.2,80,16,0.2,block,point,linear,stat_rf,stat_rf,1,1,False,0.7341614906832298,0.7341614906832298,0.0
DistalPhalanxOutlineCorrect,2,0.2,80,16,0.2,block,block,linear,stat_rf,stat_rf,1,1,False,0.653416149068323,0.653416149068323,0.0
DistalPhalanxOutlineCorrect,2,0.25,80,20,0.25,point,point,linear,minirocket,minirocket,1,1,False,0.7732919254658386,0.7732919254658386,0.0
DistalPhalanxOutlineCorrect,2,0.25,80,20,0.25,point,block,linear,minirocket,stat_rf,1,1,True,0.584472049689441,0.6540372670807454,0.06956521739130439
DistalPhalanxOutlineCorrect,2,0.25,80,20,0.25,block,point,linear,stat_rf,minirocket,1,1,True,0.7322981366459627,0.7732919254658386,0.04099378881987592
DistalPhalanxOutlineCorrect,2,0.25,80,20,0.25,block,block,linear,stat_rf,stat_rf,1,1,False,0.6540372670807454,0.6540372670807454,0.0
DistalPhalanxOutlineCorrect,2,0.3,80,24,0.3,point,point,linear,minirocket,minirocket,1,1,False,0.7559006211180124,0.7559006211180124,0.0
DistalPhalanxOutlineCorrect,2,0.3,80,24,0.3,point,block,linear,minirocket,stat_rf,1,1,True,0.6130434782608696,0.6515527950310559,0.03850931677018632
DistalPhalanxOutlineCorrect,2,0.3,80,24,0.3,block,point,linear,minirocket,minirocket,1,1,False,0.7559006211180124,0.7559006211180124,0.0
DistalPhalanxOutlineCorrect,2,0.3,80,24,0.3,block,block,linear,minirocket,stat_rf,1,1,True,0.6130434782608696,0.6515527950310559,0.03850931677018632
DistalPhalanxOutlineCorrect,3,0.05,80,4,0.05,point,point,linear,minirocket,stat_rf,1,1,True,0.7527950310559006,0.7540372670807454,0.001242236024844745
DistalPhalanxOutlineCorrect,3,0.05,80,4,0.05,point,block,linear,minirocket,minirocket,1,1,False,0.7571428571428571,0.7571428571428571,0.0
DistalPhalanxOutlineCorrect,3,0.05,80,4,0.05,block,point,linear,minirocket,stat_rf,1,1,True,0.7527950310559006,0.7540372670807454,0.001242236024844745
DistalPhalanxOutlineCorrect,3,0.05,80,4,0.05,block,block,linear,minirocket,minirocket,1,1,False,0.7571428571428571,0.7571428571428571,0.0
DistalPhalanxOutlineCorrect,3,0.1,80,8,0.1,point,point,linear,minirocket,minirocket,1,1,False,0.7658385093167701,0.7658385093167701,0.0
DistalPhalanxOutlineCorrect,3,0.1,80,8,0.1,point,block,linear,minirocket,minirocket,1,1,False,0.7434782608695651,0.7434782608695651,0.0
DistalPhalanxOutlineCorrect,3,0.1,80,8,0.1,block,point,linear,minirocket,minirocket,1,1,False,0.7658385093167701,0.7658385093167701,0.0
DistalPhalanxOutlineCorrect,3,0.1,80,8,0.1,block,block,linear,minirocket,minirocket,1,1,False,0.7434782608695651,0.7434782608695651,0.0
DistalPhalanxOutlineCorrect,3,0.15,80,12,0.15,point,point,linear,minirocket,minirocket,1,1,False,0.7496894409937889,0.7496894409937889,0.0
DistalPhalanxOutlineCorrect,3,0.15,80,12,0.15,point,block,linear,minirocket,stat_rf,1,1,True,0.6745341614906832,0.7043478260869565,0.029813664596273215
DistalPhalanxOutlineCorrect,3,0.15,80,12,0.15,block,point,linear,stat_rf,minirocket,1,1,True,0.7453416149068324,0.7496894409937889,0.004347826086956497
DistalPhalanxOutlineCorrect,3,0.15,80,12,0.15,block,block,linear,stat_rf,stat_rf,1,1,False,0.7043478260869565,0.7043478260869565,0.0
DistalPhalanxOutlineCorrect,3,0.2,80,16,0.2,point,point,linear,minirocket,minirocket,1,1,False,0.7745341614906832,0.7745341614906832,0.0
DistalPhalanxOutlineCorrect,3,0.2,80,16,0.2,point,block,linear,minirocket,stat_rf,1,1,True,0.6285714285714286,0.6664596273291925,0.03788819875776395
DistalPhalanxOutlineCorrect,3,0.2,80,16,0.2,block,point,linear,minirocket,minirocket,1,1,False,0.7745341614906832,0.7745341614906832,0.0
DistalPhalanxOutlineCorrect,3,0.2,80,16,0.2,block,block,linear,minirocket,stat_rf,1,1,True,0.6285714285714286,0.6664596273291925,0.03788819875776395
DistalPhalanxOutlineCorrect,3,0.25,80,20,0.25,point,point,linear,minirocket,minirocket,1,1,False,0.8049689440993789,0.8049689440993789,0.0
DistalPhalanxOutlineCorrect,3,0.25,80,20,0.25,point,block,linear,minirocket,minirocket,1,1,False,0.6670807453416149,0.6670807453416149,0.0
DistalPhalanxOutlineCorrect,3,0.25,80,20,0.25,block,point,linear,minirocket,minirocket,1,1,False,0.8049689440993789,0.8049689440993789,0.0
DistalPhalanxOutlineCorrect,3,0.25,80,20,0.25,block,block,linear,minirocket,minirocket,1,1,False,0.6670807453416149,0.6670807453416149,0.0
DistalPhalanxOutlineCorrect,3,0.3,80,24,0.3,point,point,linear,minirocket,minirocket,1,1,False,0.7552795031055901,0.7552795031055901,0.0
DistalPhalanxOutlineCorrect,3,0.3,80,24,0.3,point,block,linear,minirocket,minirocket,1,1,False,0.6627329192546584,0.6627329192546584,0.0
DistalPhalanxOutlineCorrect,3,0.3,80,24,0.3,block,point,linear,stat_rf,minirocket,1,1,True,0.7496894409937889,0.7552795031055901,0.005590062111801242
DistalPhalanxOutlineCorrect,3,0.3,80,24,0.3,block,block,linear,stat_rf,minirocket,1,1,True,0.6192546583850931,0.6627329192546584,0.0434782608695653
DistalPhalanxOutlineCorrect,4,0.05,80,4,0.05,point,point,linear,minirocket,minirocket|stat_rf,1,2,False,0.7484472049689441,0.7484472049689441,0.0
DistalPhalanxOutlineCorrect,4,0.05,80,4,0.05,point,block,linear,minirocket,stat_rf,1,1,True,0.7403726708074534,0.7428571428571429,0.00248447204968949
DistalPhalanxOutlineCorrect,4,0.05,80,4,0.05,block,point,linear,minirocket,minirocket|stat_rf,1,2,False,0.7484472049689441,0.7484472049689441,0.0
DistalPhalanxOutlineCorrect,4,0.05,80,4,0.05,block,block,linear,minirocket,stat_rf,1,1,True,0.7403726708074534,0.7428571428571429,0.00248447204968949
DistalPhalanxOutlineCorrect,4,0.1,80,8,0.1,point,point,linear,minirocket,stat_rf,1,1,True,0.7440993788819876,0.7658385093167702,0.021739130434782594
DistalPhalanxOutlineCorrect,4,0.1,80,8,0.1,point,block,linear,minirocket,stat_rf,1,1,True,0.7080745341614907,0.7099378881987578,0.0018633540372671176
DistalPhalanxOutlineCorrect,4,0.1,80,8,0.1,block,point,linear,minirocket,stat_rf,1,1,True,0.7440993788819876,0.7658385093167702,0.021739130434782594
DistalPhalanxOutlineCorrect,4,0.1,80,8,0.1,block,block,linear,minirocket,stat_rf,1,1,True,0.7080745341614907,0.7099378881987578,0.0018633540372671176
DistalPhalanxOutlineCorrect,4,0.15,80,12,0.15,point,point,linear,stat_rf,stat_rf,2,1,False,0.7521739130434782,0.7521739130434782,0.0
DistalPhalanxOutlineCorrect,4,0.15,80,12,0.15,point,block,linear,stat_rf,stat_rf,2,1,False,0.698136645962733,0.698136645962733,0.0
DistalPhalanxOutlineCorrect,4,0.15,80,12,0.15,block,point,linear,stat_rf,stat_rf,1,1,False,0.7521739130434782,0.7521739130434782,0.0
DistalPhalanxOutlineCorrect,4,0.15,80,12,0.15,block,block,linear,stat_rf,stat_rf,1,1,False,0.698136645962733,0.698136645962733,0.0
DistalPhalanxOutlineCorrect,4,0.2,80,16,0.2,point,point,linear,minirocket,minirocket,1,1,False,0.7583850931677019,0.7583850931677019,0.0
DistalPhalanxOutlineCorrect,4,0.2,80,16,0.2,point,block,linear,minirocket,stat_rf,1,1,True,0.5950310559006211,0.6875776397515527,0.09254658385093162
DistalPhalanxOutlineCorrect,4,0.2,80,16,0.2,block,point,linear,stat_rf,minirocket,1,1,True,0.7478260869565218,0.7583850931677019,0.01055900621118011
DistalPhalanxOutlineCorrect,4,0.2,80,16,0.2,block,block,linear,stat_rf,stat_rf,1,1,False,0.6875776397515527,0.6875776397515527,0.0
DistalPhalanxOutlineCorrect,4,0.25,80,20,0.25,point,point,linear,stat_rf,stat_rf,1,1,False,0.7440993788819876,0.7440993788819876,0.0
DistalPhalanxOutlineCorrect,4,0.25,80,20,0.25,point,block,linear,stat_rf,stat_rf,1,1,False,0.6490683229813665,0.6490683229813665,0.0
DistalPhalanxOutlineCorrect,4,0.25,80,20,0.25,block,point,linear,minirocket,stat_rf,1,1,True,0.7385093167701864,0.7440993788819876,0.005590062111801242
DistalPhalanxOutlineCorrect,4,0.25,80,20,0.25,block,block,linear,minirocket,stat_rf,1,1,True,0.5813664596273291,0.6490683229813665,0.06770186335403738
DistalPhalanxOutlineCorrect,4,0.3,80,24,0.3,point,point,linear,minirocket,minirocket,1,1,False,0.7285714285714285,0.7285714285714285,0.0
DistalPhalanxOutlineCorrect,4,0.3,80,24,0.3,point,block,linear,minirocket,stat_rf,1,1,True,0.584472049689441,0.6204968944099378,0.03602484472049683
DistalPhalanxOutlineCorrect,4,0.3,80,24,0.3,block,point,linear,stat_rf,minirocket,1,1,True,0.7267080745341614,0.7285714285714285,0.0018633540372671176
DistalPhalanxOutlineCorrect,4,0.3,80,24,0.3,block,block,linear,stat_rf,stat_rf,1,1,False,0.6204968944099378,0.6204968944099378,0.0
DistalPhalanxOutlineCorrect,5,0.05,80,4,0.05,point,point,linear,minirocket,stat_rf,1,1,True,0.7527950310559006,0.7689440993788821,0.016149068322981464
DistalPhalanxOutlineCorrect,5,0.05,80,4,0.05,point,block,linear,minirocket,minirocket,1,1,False,0.7714285714285714,0.7714285714285714,0.0
DistalPhalanxOutlineCorrect,5,0.05,80,4,0.05,block,point,linear,minirocket,stat_rf,1,1,True,0.7527950310559006,0.7689440993788821,0.016149068322981464
DistalPhalanxOutlineCorrect,5,0.05,80,4,0.05,block,block,linear,minirocket,minirocket,1,1,False,0.7714285714285714,0.7714285714285714,0.0
DistalPhalanxOutlineCorrect,5,0.1,80,8,0.1,point,point,linear,stat_rf,minirocket,1,1,True,0.7478260869565218,0.7527950310559006,0.004968944099378869
DistalPhalanxOutlineCorrect,5,0.1,80,8,0.1,point,block,linear,stat_rf,stat_rf,1,1,False,0.7254658385093168,0.7254658385093168,0.0
DistalPhalanxOutlineCorrect,5,0.1,80,8,0.1,block,point,linear,stat_rf,minirocket,1,1,True,0.7478260869565218,0.7527950310559006,0.004968944099378869
DistalPhalanxOutlineCorrect,5,0.1,80,8,0.1,block,block,linear,stat_rf,stat_rf,1,1,False,0.7254658385093168,0.7254658385093168,0.0
DistalPhalanxOutlineCorrect,5,0.15,80,12,0.15,point,point,linear,stat_rf,minirocket,1,1,True,0.7701863354037267,0.7807453416149068,0.01055900621118011
DistalPhalanxOutlineCorrect,5,0.15,80,12,0.15,point,block,linear,stat_rf,stat_rf,1,1,False,0.7093167701863354,0.7093167701863354,0.0
DistalPhalanxOutlineCorrect,5,0.15,80,12,0.15,block,point,linear,stat_rf,minirocket,1,1,True,0.7701863354037267,0.7807453416149068,0.01055900621118011
DistalPhalanxOutlineCorrect,5,0.15,80,12,0.15,block,block,linear,stat_rf,stat_rf,1,1,False,0.7093167701863354,0.7093167701863354,0.0
DistalPhalanxOutlineCorrect,5,0.2,80,16,0.2,point,point,linear,stat_rf,minirocket,1,1,True,0.7428571428571429,0.7577639751552795,0.014906832298136607
DistalPhalanxOutlineCorrect,5,0.2,80,16,0.2,point,block,linear,stat_rf,stat_rf,1,1,False,0.6521739130434783,0.6521739130434783,0.0
DistalPhalanxOutlineCorrect,5,0.2,80,16,0.2,block,point,linear,stat_rf,minirocket,1,1,True,0.7428571428571429,0.7577639751552795,0.014906832298136607
DistalPhalanxOutlineCorrect,5,0.2,80,16,0.2,block,block,linear,stat_rf,stat_rf,1,1,False,0.6521739130434783,0.6521739130434783,0.0
DistalPhalanxOutlineCorrect,5,0.25,80,20,0.25,point,point,linear,stat_rf,minirocket,1,1,True,0.7229813664596274,0.7527950310559006,0.029813664596273215
DistalPhalanxOutlineCorrect,5,0.25,80,20,0.25,point,block,linear,stat_rf,stat_rf,1,1,False,0.622360248447205,0.622360248447205,0.0
DistalPhalanxOutlineCorrect,5,0.25,80,20,0.25,block,point,linear,stat_rf,minirocket,1,1,True,0.7229813664596274,0.7527950310559006,0.029813664596273215
DistalPhalanxOutlineCorrect,5,0.25,80,20,0.25,block,block,linear,stat_rf,stat_rf,1,1,False,0.622360248447205,0.622360248447205,0.0
DistalPhalanxOutlineCorrect,5,0.3,80,24,0.3,point,point,linear,stat_rf,minirocket,1,1,True,0.7422360248447205,0.7677018633540372,0.02546583850931672
DistalPhalanxOutlineCorrect,5,0.3,80,24,0.3,point,block,linear,stat_rf,stat_rf,1,1,False,0.615527950310559,0.615527950310559,0.0
DistalPhalanxOutlineCorrect,5,0.3,80,24,0.3,block,point,linear,minirocket,minirocket,1,1,False,0.7677018633540372,0.7677018633540372,0.0
DistalPhalanxOutlineCorrect,5,0.3,80,24,0.3,block,block,linear,minirocket,stat_rf,1,1,True,0.5608695652173913,0.615527950310559,0.05465838509316767
DistalPhalanxOutlineAgeGroup,1,0.05,80,4,0.05,point,point,linear,minirocket,minirocket,1,1,False,0.7681008257279444,0.7681008257279444,0.0
DistalPhalanxOutlineAgeGroup,1,0.05,80,4,0.05,point,block,linear,minirocket,minirocket,1,1,False,0.7737505432420687,0.7737505432420687,0.0
DistalPhalanxOutlineAgeGroup,1,0.05,80,4,0.05,block,point,linear,minirocket,minirocket,1,1,False,0.7681008257279444,0.7681008257279444,0.0
DistalPhalanxOutlineAgeGroup,1,0.05,80,4,0.05,block,block,linear,minirocket,minirocket,1,1,False,0.7737505432420687,0.7737505432420687,0.0
DistalPhalanxOutlineAgeGroup,1,0.1,80,8,0.1,point,point,linear,minirocket,minirocket,1,1,False,0.7573229030856149,0.7573229030856149,0.0
DistalPhalanxOutlineAgeGroup,1,0.1,80,8,0.1,point,block,linear,minirocket,dtw,1,1,True,0.7290743155149935,0.7435607706794148,0.014486455164421375
DistalPhalanxOutlineAgeGroup,1,0.1,80,8,0.1,block,point,linear,minirocket,minirocket,1,1,False,0.7573229030856149,0.7573229030856149,0.0
DistalPhalanxOutlineAgeGroup,1,0.1,80,8,0.1,block,block,linear,minirocket,dtw,1,1,True,0.7290743155149935,0.7435607706794148,0.014486455164421375
DistalPhalanxOutlineAgeGroup,1,0.15,80,12,0.15,point,point,linear,minirocket,stat_rf,1,1,True,0.7568013906996959,0.7629726205997391,0.0061712299000432624
DistalPhalanxOutlineAgeGroup,1,0.15,80,12,0.15,point,block,linear,minirocket,stat_rf,1,1,True,0.666782558307982,0.7264667535853976,0.05968419527741553
DistalPhalanxOutlineAgeGroup,1,0.15,80,12,0.15,block,point,linear,minirocket,stat_rf,1,1,True,0.7568013906996959,0.7629726205997391,0.0061712299000432624
DistalPhalanxOutlineAgeGroup,1,0.15,80,12,0.15,block,block,linear,minirocket,stat_rf,1,1,True,0.666782558307982,0.7264667535853976,0.05968419527741553
DistalPhalanxOutlineAgeGroup,1,0.2,80,16,0.2,point,point,linear,minirocket,stat_rf,1,1,True,0.7533825872808922,0.757844415471534,0.004461828190641781
DistalPhalanxOutlineAgeGroup,1,0.2,80,16,0.2,point,block,linear,minirocket,stat_rf,1,1,True,0.6732435173113139,0.6996378386208896,0.02639432130957564
DistalPhalanxOutlineAgeGroup,1,0.2,80,16,0.2,block,point,linear,minirocket,stat_rf,1,1,True,0.7533825872808922,0.757844415471534,0.004461828190641781
DistalPhalanxOutlineAgeGroup,1,0.2,80,16,0.2,block,block,linear,minirocket,stat_rf,1,1,True,0.6732435173113139,0.6996378386208896,0.02639432130957564
DistalPhalanxOutlineAgeGroup,1,0.25,80,20,0.25,point,point,linear,dtw,minirocket,1,1,True,0.6779371287845865,0.7408952629291612,0.06295813414457474
DistalPhalanxOutlineAgeGroup,1,0.25,80,20,0.25,point,block,linear,dtw,stat_rf,1,1,True,0.4953788208025496,0.6753295668549906,0.179950746052441
DistalPhalanxOutlineAgeGroup,1,0.25,80,20,0.25,block,point,linear,stat_rf,minirocket,1,1,True,0.7244676227727075,0.7408952629291612,0.016427640156453704
DistalPhalanxOutlineAgeGroup,1,0.25,80,20,0.25,block,block,linear,stat_rf,stat_rf,1,1,False,0.6753295668549906,0.6753295668549906,0.0
DistalPhalanxOutlineAgeGroup,1,0.3,80,24,0.3,point,point,linear,minirocket,minirocket,1,1,False,0.7527162103433289,0.7527162103433289,0.0
DistalPhalanxOutlineAgeGroup,1,0.3,80,24,0.3,point,block,linear,minirocket,stat_rf,1,1,True,0.5743010285383167,0.6247138925105027,0.05041286397218603
DistalPhalanxOutlineAgeGroup,1,0.3,80,24,0.3,block,point,linear,dtw,minirocket,1,1,True,0.6729537882080253,0.7527162103433289,0.0797624221353036
DistalPhalanxOutlineAgeGroup,1,0.3,80,24,0.3,block,block,linear,dtw,stat_rf,1,1,True,0.4775315080399826,0.6247138925105027,0.14718238447052007
DistalPhalanxOutlineAgeGroup,2,0.05,80,4,0.05,point,point,linear,minirocket,dtw,1,1,True,0.7629726205997391,0.7923221787628568,0.029349558163117684
DistalPhalanxOutlineAgeGroup,2,0.05,80,4,0.05,point,block,linear,minirocket,dtw,1,1,True,0.7686223381138636,0.8108358684629872,0.04221353034912356
DistalPhalanxOutlineAgeGroup,2,0.05,80,4,0.05,block,point,linear,minirocket,dtw,1,1,True,0.7629726205997391,0.7923221787628568,0.029349558163117684
DistalPhalanxOutlineAgeGroup,2,0.05,80,4,0.05,block,block,linear,minirocket,dtw,1,1,True,0.7686223381138636,0.8108358684629872,0.04221353034912356
DistalPhalanxOutlineAgeGroup,2,0.1,80,8,0.1,point,point,linear,minirocket,dtw,1,1,True,0.7515283210198466,0.7865275966970883,0.034999275677241704
DistalPhalanxOutlineAgeGroup,2,0.1,80,8,0.1,point,block,linear,minirocket,minirocket,1,1,False,0.7362885701868752,0.7362885701868752,0.0
DistalPhalanxOutlineAgeGroup,2,0.1,80,8,0.1,block,point,linear,stat_rf,dtw,1,1,True,0.7629726205997391,0.7865275966970883,0.023554976097349134
DistalPhalanxOutlineAgeGroup,2,0.1,80,8,0.1,block,block,linear,stat_rf,minirocket,1,1,True,0.679501665942344,0.7362885701868752,0.056786904244531256
DistalPhalanxOutlineAgeGroup,2,0.15,80,12,0.15,point,point,linear,stat_rf,minirocket,1,1,True,0.7903230479501667,0.8062291757207012,0.01590612777053446
DistalPhalanxOutlineAgeGroup,2,0.15,80,12,0.15,point,block,linear,stat_rf,stat_rf,1,1,False,0.7217151962914675,0.7217151962914675,0.0
DistalPhalanxOutlineAgeGroup,2,0.15,80,12,0.15,block,point,linear,stat_rf,minirocket,1,1,True,0.7903230479501667,0.8062291757207012,0.01590612777053446
DistalPhalanxOutlineAgeGroup,2,0.15,80,12,0.15,block,block,linear,stat_rf,stat_rf,1,1,False,0.7217151962914675,0.7217151962914675,0.0
DistalPhalanxOutlineAgeGroup,2,0.2,80,16,0.2,point,point,linear,dtw,minirocket,1,1,True,0.7300304215558454,0.7851948428219616,0.055164421266116204
DistalPhalanxOutlineAgeGroup,2,0.2,80,16,0.2,point,block,linear,dtw,stat_rf,1,1,True,0.6022598870056498,0.7145009416195857,0.11224105461393585
DistalPhalanxOutlineAgeGroup,2,0.2,80,16,0.2,block,point,linear,minirocket,minirocket,1,1,False,0.7851948428219616,0.7851948428219616,0.0
DistalPhalanxOutlineAgeGroup,2,0.2,80,16,0.2,block,block,linear,minirocket,stat_rf,1,1,True,0.6524989135158626,0.7145009416195857,0.06200202810372302
DistalPhalanxOutlineAgeGroup,2,0.25,80,20,0.25,point,point,linear,minirocket,minirocket,1,1,False,0.7811096624655947,0.7811096624655947,0.0
DistalPhalanxOutlineAgeGroup,2,0.25,80,20,0.25,point,block,linear,minirocket,stat_rf,1,1,True,0.50212950890917,0.7026799942054179,0.20055048529624797
DistalPhalanxOutlineAgeGroup,2,0.25,80,20,0.25,block,point,linear,dtw,minirocket,1,1,True,0.744082283065334,0.7811096624655947,0.037027379400260685
DistalPhalanxOutlineAgeGroup,2,0.25,80,20,0.25,block,block,linear,dtw,stat_rf,1,1,True,0.6071563088512241,0.7026799942054179,0.09552368535419387
DistalPhalanxOutlineAgeGroup,2,0.3,80,24,0.3,point,point,linear,dtw,minirocket,1,1,True,0.7393307257714038,0.7470664928292047,0.00773576705780088
DistalPhalanxOutlineAgeGroup,2,0.3,80,24,0.3,point,block,linear,dtw,stat_rf,1,1,True,0.5288135593220339,0.5976531942633637,0.06883963494132983
DistalPhalanxOutlineAgeGroup,2,0.3,80,24,0.3,block,point,linear,dtw,minirocket,1,1,True,0.7393307257714038,0.7470664928292047,0.00773576705780088
DistalPhalanxOutlineAgeGroup,2,0.3,80,24,0.3,block,block,linear,dtw,stat_rf,1,1,True,0.5288135593220339,0.5976531942633637,0.06883963494132983
DistalPhalanxOutlineAgeGroup,3,0.05,80,4,0.05,point,point,linear,minirocket,dtw,1,1,True,0.7408952629291612,0.7596986817325799,0.018803418803418737
DistalPhalanxOutlineAgeGroup,3,0.05,80,4,0.05,point,block,linear,minirocket,stat_rf,1,1,True,0.735245545415037,0.757844415471534,0.022598870056497078
DistalPhalanxOutlineAgeGroup,3,0.05,80,4,0.05,block,point,linear,dtw,dtw,1,1,False,0.7596986817325799,0.7596986817325799,0.0
DistalPhalanxOutlineAgeGroup,3,0.05,80,4,0.05,block,block,linear,dtw,stat_rf,1,1,True,0.7552368535419384,0.757844415471534,0.0026075619295956587
DistalPhalanxOutlineAgeGroup,3,0.1,80,8,0.1,point,point,linear,minirocket,dtw,1,1,True,0.735245545415037,0.7428943937418513,0.007648848326814339
DistalPhalanxOutlineAgeGroup,3,0.1,80,8,0.1,point,block,linear,minirocket,dtw,1,1,True,0.7340576560915544,0.7552368535419384,0.02117919745038399
DistalPhalanxOutlineAgeGroup,3,0.1,80,8,0.1,block,point,linear,dtw,dtw,1,1,False,0.7428943937418513,0.7428943937418513,0.0
DistalPhalanxOutlineAgeGroup,3,0.1,80,8,0.1,block,block,linear,dtw,dtw,1,1,False,0.7552368535419384,0.7552368535419384,0.0
DistalPhalanxOutlineAgeGroup,3,0.15,80,12,0.15,point,point,linear,minirocket,stat_rf,1,1,True,0.7295958279009126,0.7465449804432854,0.016949152542372836
DistalPhalanxOutlineAgeGroup,3,0.15,80,12,0.15,point,block,linear,minirocket,stat_rf,1,1,True,0.6269448066058235,0.6971171954222801,0.0701723888164566
DistalPhalanxOutlineAgeGroup,3,0.15,80,12,0.15,block,point,linear,minirocket,stat_rf,1,1,True,0.7295958279009126,0.7465449804432854,0.016949152542372836
DistalPhalanxOutlineAgeGroup,3,0.15,80,12,0.15,block,block,linear,minirocket,stat_rf,1,1,True,0.6269448066058235,0.6971171954222801,0.0701723888164566
DistalPhalanxOutlineAgeGroup,3,0.2,80,16,0.2,point,point,linear,minirocket,stat_rf,1,1,True,0.7295958279009126,0.7527162103433289,0.02312038244241632
DistalPhalanxOutlineAgeGroup,3,0.2,80,16,0.2,point,block,linear,minirocket,stat_rf,1,1,True,0.6108068955526582,0.6738519484282195,0.06304505287556128
DistalPhalanxOutlineAgeGroup,3,0.2,80,16,0.2,block,point,linear,minirocket,stat_rf,1,1,True,0.7295958279009126,0.7527162103433289,0.02312038244241632
DistalPhalanxOutlineAgeGroup,3,0.2,80,16,0.2,block,block,linear,minirocket,stat_rf,1,1,True,0.6108068955526582,0.6738519484282195,0.06304505287556128
DistalPhalanxOutlineAgeGroup,3,0.25,80,20,0.25,point,point,linear,minirocket,stat_rf,1,1,True,0.7244676227727075,0.7311603650586701,0.006692742285962616
DistalPhalanxOutlineAgeGroup,3,0.25,80,20,0.25,point,block,linear,minirocket,stat_rf,1,1,True,0.6078226857887875,0.6444154715341156,0.036592785745328094
DistalPhalanxOutlineAgeGroup,3,0.25,80,20,0.25,block,point,linear,stat_rf,stat_rf,1,1,False,0.7311603650586701,0.7311603650586701,0.0
DistalPhalanxOutlineAgeGroup,3,0.25,80,20,0.25,block,block,linear,stat_rf,stat_rf,1,1,False,0.6444154715341156,0.6444154715341156,0.0
DistalPhalanxOutlineAgeGroup,3,0.3,80,24,0.3,point,point,linear,stat_rf,stat_rf,1,1,False,0.7322033898305085,0.7322033898305085,0.0
DistalPhalanxOutlineAgeGroup,3,0.3,80,24,0.3,point,block,linear,stat_rf,stat_rf,1,1,False,0.577372157033174,0.577372157033174,0.0
DistalPhalanxOutlineAgeGroup,3,0.3,80,24,0.3,block,point,linear,stat_rf,stat_rf,1,1,False,0.7322033898305085,0.7322033898305085,0.0
DistalPhalanxOutlineAgeGroup,3,0.3,80,24,0.3,block,block,linear,stat_rf,stat_rf,1,1,False,0.577372157033174,0.577372157033174,0.0
DistalPhalanxOutlineAgeGroup,4,0.05,80,4,0.05,point,point,linear,minirocket,dtw,1,1,True,0.7568013906996959,0.7769375633782413,0.020136172678545394
DistalPhalanxOutlineAgeGroup,4,0.05,80,4,0.05,point,block,linear,minirocket,dtw,1,1,True,0.7403737505432421,0.7640735911922354,0.02369984064899333
DistalPhalanxOutlineAgeGroup,4,0.05,80,4,0.05,block,point,linear,dtw,dtw,1,1,False,0.7769375633782413,0.7769375633782413,0.0
DistalPhalanxOutlineAgeGroup,4,0.05,80,4,0.05,block,block,linear,dtw,dtw,1,1,False,0.7640735911922354,0.7640735911922354,0.0
DistalPhalanxOutlineAgeGroup,4,0.1,80,8,0.1,point,point,linear,stat_rf,minirocket,2,1,True,0.7362885701868752,0.7634941329856585,0.027205562798783278
DistalPhalanxOutlineAgeGroup,4,0.1,80,8,0.1,point,block,linear,stat_rf,stat_rf,2,1,False,0.718673040706939,0.718673040706939,0.0
DistalPhalanxOutlineAgeGroup,4,0.1,80,8,0.1,block,point,linear,minirocket,minirocket,1,1,False,0.7634941329856585,0.7634941329856585,0.0
DistalPhalanxOutlineAgeGroup,4,0.1,80,8,0.1,block,block,linear,minirocket,stat_rf,1,1,True,0.7135448355787338,0.718673040706939,0.005128205128205221
DistalPhalanxOutlineAgeGroup,4,0.15,80,12,0.15,point,point,linear,minirocket,dtw,1,1,True,0.7573229030856149,0.7608865710560626,0.0035636679704477148
DistalPhalanxOutlineAgeGroup,4,0.15,80,12,0.15,point,block,linear,minirocket,stat_rf,1,1,True,0.6233811386353759,0.723279733449225,0.0998985948138491
DistalPhalanxOutlineAgeGroup,4,0.15,80,12,0.15,block,point,linear,minirocket,dtw,1,1,True,0.7573229030856149,0.7608865710560626,0.0035636679704477148
DistalPhalanxOutlineAgeGroup,4,0.15,80,12,0.15,block,block,linear,minirocket,stat_rf,1,1,True,0.6233811386353759,0.723279733449225,0.0998985948138491
DistalPhalanxOutlineAgeGroup,4,0.2,80,16,0.2,point,point,linear,minirocket,dtw,1,1,True,0.735245545415037,0.7593220338983051,0.024076488483268155
DistalPhalanxOutlineAgeGroup,4,0.2,80,16,0.2,point,block,linear,minirocket,dtw,1,1,True,0.6099956540634507,0.7182963928726641,0.10830073880921343
DistalPhalanxOutlineAgeGroup,4,0.2,80,16,0.2,block,point,linear,minirocket,dtw,1,1,True,0.735245545415037,0.7593220338983051,0.024076488483268155
DistalPhalanxOutlineAgeGroup,4,0.2,80,16,0.2,block,block,linear,minirocket,dtw,1,1,True,0.6099956540634507,0.7182963928726641,0.10830073880921343
DistalPhalanxOutlineAgeGroup,4,0.25,80,20,0.25,point,point,linear,dtw,minirocket,1,1,True,0.6854411125597566,0.7527162103433289,0.06727509778357232
DistalPhalanxOutlineAgeGroup,4,0.25,80,20,0.25,point,block,linear,dtw,stat_rf,1,1,True,0.5502245400550486,0.6223381138635377,0.07211357380848904
DistalPhalanxOutlineAgeGroup,4,0.25,80,20,0.25,block,point,linear,minirocket,minirocket,1,1,False,0.7527162103433289,0.7527162103433289,0.0
DistalPhalanxOutlineAgeGroup,4,0.25,80,20,0.25,block,block,linear,minirocket,stat_rf,1,1,True,0.5487469216282775,0.6223381138635377,0.07359119223526012
DistalPhalanxOutlineAgeGroup,4,0.3,80,24,0.3,point,point,linear,minirocket,minirocket,1,1,False,0.7532377227292483,0.7532377227292483,0.0
DistalPhalanxOutlineAgeGroup,4,0.3,80,24,0.3,point,block,linear,minirocket,stat_rf,1,1,True,0.48854121396494277,0.671389251050268,0.18284803708532527
DistalPhalanxOutlineAgeGroup,4,0.3,80,24,0.3,block,point,linear,stat_rf,minirocket,1,1,True,0.7078951180646095,0.7532377227292483,0.0453426046646388
DistalPhalanxOutlineAgeGroup,4,0.3,80,24,0.3,block,block,linear,stat_rf,stat_rf,1,1,False,0.671389251050268,0.671389251050268,0.0
DistalPhalanxOutlineAgeGroup,5,0.05,80,4,0.05,point,point,linear,minirocket,dtw,1,1,True,0.7470664928292047,0.7711429813124728,0.024076488483268155
DistalPhalanxOutlineAgeGroup,5,0.05,80,4,0.05,point,block,linear,minirocket,minirocket,1,1,False,0.7732290308561495,0.7732290308561495,0.0
DistalPhalanxOutlineAgeGroup,5,0.05,80,4,0.05,block,point,linear,minirocket,dtw,1,1,True,0.7470664928292047,0.7711429813124728,0.024076488483268155
DistalPhalanxOutlineAgeGroup,5,0.05,80,4,0.05,block,block,linear,minirocket,minirocket,1,1,False,0.7732290308561495,0.7732290308561495,0.0
DistalPhalanxOutlineAgeGroup,5,0.1,80,8,0.1,point,point,linear,minirocket,stat_rf,1,1,True,0.7521946979574098,0.7645371577574968,0.012342459800086969
DistalPhalanxOutlineAgeGroup,5,0.1,80,8,0.1,point,block,linear,minirocket,stat_rf,1,1,True,0.7357670578009561,0.7516731855714905,0.01590612777053446
DistalPhalanxOutlineAgeGroup,5,0.1,80,8,0.1,block,point,linear,dtw,stat_rf,1,1,True,0.7547153411560191,0.7645371577574968,0.009821816601477629
DistalPhalanxOutlineAgeGroup,5,0.1,80,8,0.1,block,block,linear,dtw,stat_rf,1,1,True,0.7406634796465305,0.7516731855714905,0.01100970592496009
DistalPhalanxOutlineAgeGroup,5,0.15,80,12,0.15,point,point,linear,minirocket,dtw,1,1,True,0.7460234680573663,0.7757496740547589,0.02972620599739262
DistalPhalanxOutlineAgeGroup,5,0.15,80,12,0.15,point,block,linear,minirocket,minirocket,1,1,False,0.7029117774880488,0.7029117774880488,0.0
DistalPhalanxOutlineAgeGroup,5,0.15,80,12,0.15,block,point,linear,minirocket,dtw,1,1,True,0.7460234680573663,0.7757496740547589,0.02972620599739262
DistalPhalanxOutlineAgeGroup,5,0.15,80,12,0.15,block,block,linear,minirocket,minirocket,1,1,False,0.7029117774880488,0.7029117774880488,0.0
DistalPhalanxOutlineAgeGroup,5,0.2,80,16,0.2,point,point,linear,minirocket,dtw,1,1,True,0.7634941329856585,0.7672026655077503,0.003708532522091801
DistalPhalanxOutlineAgeGroup,5,0.2,80,16,0.2,point,block,linear,minirocket,stat_rf,1,1,True,0.6152107779226424,0.6849196001738375,0.06970882225119501
DistalPhalanxOutlineAgeGroup,5,0.2,80,16,0.2,block,point,linear,dtw,dtw,1,1,False,0.7672026655077503,0.7672026655077503,0.0
DistalPhalanxOutlineAgeGroup,5,0.2,80,16,0.2,block,block,linear,dtw,stat_rf,1,1,True,0.48564392293205855,0.6849196001738375,0.19927567724177891
DistalPhalanxOutlineAgeGroup,5,0.25,80,20,0.25,point,point,linear,minirocket,minirocket,1,1,False,0.7629726205997391,0.7629726205997391,0.0
DistalPhalanxOutlineAgeGroup,5,0.25,80,20,0.25,point,block,linear,minirocket,stat_rf,1,1,True,0.5226713023323193,0.6642619151093727,0.14159061277705343
DistalPhalanxOutlineAgeGroup,5,0.25,80,20,0.25,block,point,linear,stat_rf,minirocket,1,1,True,0.7588874402433725,0.7629726205997391,0.0040851803563666245
DistalPhalanxOutlineAgeGroup,5,0.25,80,20,0.25,block,block,linear,stat_rf,stat_rf,1,1,False,0.6642619151093727,0.6642619151093727,0.0
DistalPhalanxOutlineAgeGroup,5,0.3,80,24,0.3,point,point,linear,dtw,minirocket,1,1,True,0.7167318557149066,0.7424598000869187,0.02572794437201209
DistalPhalanxOutlineAgeGroup,5,0.3,80,24,0.3,point,block,linear,dtw,stat_rf,1,1,True,0.48978704910908305,0.6519194553092857,0.1621324062002027
DistalPhalanxOutlineAgeGroup,5,0.3,80,24,0.3,block,point,linear,dtw,minirocket,1,1,True,0.7167318557149066,0.7424598000869187,0.02572794437201209
DistalPhalanxOutlineAgeGroup,5,0.3,80,24,0.3,block,block,linear,dtw,stat_rf,1,1,True,0.48978704910908305,0.6519194553092857,0.1621324062002027
DistalPhalanxTW,1,0.05,80,4,0.05,point,point,linear,minirocket,minirocket,1,1,False,0.507085020242915,0.507085020242915,0.0
DistalPhalanxTW,1,0.05,80,4,0.05,point,block,linear,minirocket,minirocket,1,1,False,0.4940395861448493,0.4940395861448493,0.0
DistalPhalanxTW,1,0.05,80,4,0.05,block,point,linear,minirocket,minirocket,1,1,False,0.507085020242915,0.507085020242915,0.0
DistalPhalanxTW,1,0.05,80,4,0.05,block,block,linear,minirocket,minirocket,1,1,False,0.4940395861448493,0.4940395861448493,0.0
DistalPhalanxTW,1,0.1,80,8,0.1,point,point,linear,minirocket,minirocket,1,1,False,0.51207077522867,0.51207077522867,0.0
DistalPhalanxTW,1,0.1,80,8,0.1,point,block,linear,minirocket,minirocket,1,1,False,0.4646980699612279,0.4646980699612279,0.0
DistalPhalanxTW,1,0.1,80,8,0.1,block,point,linear,minirocket,minirocket,1,1,False,0.51207077522867,0.51207077522867,0.0
DistalPhalanxTW,1,0.1,80,8,0.1,block,block,linear,minirocket,minirocket,1,1,False,0.4646980699612279,0.4646980699612279,0.0
DistalPhalanxTW,1,0.15,80,12,0.15,point,point,linear,dtw,dtw,1,1,False,0.5229754407385986,0.5229754407385986,0.0
DistalPhalanxTW,1,0.15,80,12,0.15,point,block,linear,dtw,minirocket,1,1,True,0.3848028190133453,0.41260201786517575,0.027799198851830464
DistalPhalanxTW,1,0.15,80,12,0.15,block,point,linear,stat_rf,dtw,1,1,True,0.4411081121607438,0.5229754407385986,0.08186732857785478
DistalPhalanxTW,1,0.15,80,12,0.15,block,block,linear,stat_rf,minirocket,1,1,True,0.3872019793072425,0.41260201786517575,0.02540003855793327
DistalPhalanxTW,1,0.2,80,16,0.2,point,point,linear,minirocket,minirocket,1,1,False,0.4940020992652572,0.4940020992652572,0.0
DistalPhalanxTW,1,0.2,80,16,0.2,point,block,linear,minirocket,minirocket,1,1,False,0.40222350748666535,0.40222350748666535,0.0
DistalPhalanxTW,1,0.2,80,16,0.2,block,point,linear,stat_rf,minirocket,1,1,True,0.45981406507722294,0.4940020992652572,0.03418803418803423
DistalPhalanxTW,1,0.2,80,16,0.2,block,block,linear,stat_rf,minirocket,1,1,True,0.38648972859499175,0.40222350748666535,0.0157337788916736
DistalPhalanxTW,1,0.25,80,20,0.25,point,point,linear,minirocket,minirocket,1,1,False,0.5035237666816614,0.5035237666816614,0.0
DistalPhalanxTW,1,0.25,80,20,0.25,point,block,linear,minirocket,minirocket,1,1,False,0.39436331212647,0.39436331212647,0.0
DistalPhalanxTW,1,0.25,80,20,0.25,block,point,linear,stat_rf,minirocket,1,1,True,0.4847428400059979,0.5035237666816614,0.018780926675663556
DistalPhalanxTW,1,0.25,80,20,0.25,block,block,linear,stat_rf,minirocket,1,1,True,0.3746063877642825,0.39436331212647,0.01975692436218751
DistalPhalanxTW,1,0.3,80,24,0.3,point,point,linear,minirocket,minirocket,1,1,False,0.5002249212775528,0.5002249212775528,0.0
DistalPhalanxTW,1,0.3,80,24,0.3,point,block,linear,minirocket,stat_rf,1,1,True,0.3666712186449028,0.37531863847653324,0.00864741983163042
DistalPhalanxTW,1,0.3,80,24,0.3,block,point,linear,stat_rf,minirocket,1,1,True,0.4638626480731744,0.5002249212775528,0.036362273204378404
DistalPhalanxTW,1,0.3,80,24,0.3,block,block,linear,stat_rf,stat_rf,1,1,False,0.37531863847653324,0.37531863847653324,0.0
DistalPhalanxTW,2,0.05,80,4,0.05,point,point,linear,stat_rf,minirocket,1,1,True,0.42352676563202873,0.5798751686909581,0.15634840305892939
DistalPhalanxTW,2,0.05,80,4,0.05,point,block,linear,stat_rf,minirocket,1,1,True,0.40665766981556456,0.565892562603089,0.1592348927875244
DistalPhalanxTW,2,0.05,80,4,0.05,block,point,linear,stat_rf,minirocket,1,1,True,0.42352676563202873,0.5798751686909581,0.15634840305892939
DistalPhalanxTW,2,0.05,80,4,0.05,block,block,linear,stat_rf,minirocket,1,1,True,0.40665766981556456,0.565892562603089,0.1592348927875244
DistalPhalanxTW,2,0.1,80,8,0.1,point,point,linear,dtw,minirocket,1,1,True,0.5011246063877642,0.558057804768331,0.05693319838056676
DistalPhalanxTW,2,0.1,80,8,0.1,point,block,linear,dtw,minirocket,1,1,True,0.403096416254311,0.5554123021228284,0.15231588586851746
DistalPhalanxTW,2,0.1,80,8,0.1,block,point,linear,stat_rf,minirocket,1,1,True,0.4541535462588094,0.558057804768331,0.10390425850952162
DistalPhalanxTW,2,0.1,80,8,0.1,block,block,linear,stat_rf,minirocket,1,1,True,0.4462813015444594,0.5554123021228284,0.10913100057836905
DistalPhalanxTW,2,0.15,80,12,0.15,point,point,linear,stat_rf,minirocket,1,1,True,0.43679712100764734,0.5666048133153396,0.1298076923076923
DistalPhalanxTW,2,0.15,80,12,0.15,point,block,linear,stat_rf,minirocket,1,1,True,0.4014469935522567,0.5047447679026625,0.10329777435040582
DistalPhalanxTW,2,0.15,80,12,0.15,block,point,linear,stat_rf,minirocket,1,1,True,0.43679712100764734,0.5666048133153396,0.1298076923076923
DistalPhalanxTW,2,0.15,80,12,0.15,block,block,linear,stat_rf,minirocket,1,1,True,0.4014469935522567,0.5047447679026625,0.10329777435040582
DistalPhalanxTW,2,0.2,80,16,0.2,point,point,linear,dtw,minirocket,1,1,True,0.4579397210976159,0.5540467086519718,0.09610698755435593
DistalPhalanxTW,2,0.2,80,16,0.2,point,block,linear,dtw,minirocket,1,1,True,0.3292847503373819,0.4815082578240473,0.1522235074866654
DistalPhalanxTW,2,0.2,80,16,0.2,block,point,linear,stat_rf,minirocket,1,1,True,0.4230394361973309,0.5540467086519718,0.1310072724546409
DistalPhalanxTW,2,0.2,80,16,0.2,block,block,linear,stat_rf,minirocket,1,1,True,0.36939571150097467,0.4815082578240473,0.11211254632307266
DistalPhalanxTW,2,0.25,80,20,0.25,point,point,linear,dtw,minirocket,1,1,True,0.5216861598440546,0.5673170640275903,0.04563090418353566
DistalPhalanxTW,2,0.25,80,20,0.25,point,block,linear,dtw,minirocket,1,1,True,0.3380566801619433,0.40804468436047375,0.06998800419853046
DistalPhalanxTW,2,0.25,80,20,0.25,block,point,linear,stat_rf,minirocket,1,1,True,0.4553156395261659,0.5673170640275903,0.11200142450142442
DistalPhalanxTW,2,0.25,80,20,0.25,block,block,linear,stat_rf,minirocket,1,1,True,0.37887989203778677,0.40804468436047375,0.029164792322686983
DistalPhalanxTW,2,0.3,80,24,0.3,point,point,linear,stat_rf,minirocket,1,1,True,0.43728445044234515,0.5946075123706702,0.15732306192832507
DistalPhalanxTW,2,0.3,80,24,0.3,point,block,linear,stat_rf,minirocket,1,1,True,0.34851551956815113,0.35725531778163355,0.00873979821348242
DistalPhalanxTW,2,0.3,80,24,0.3,block,point,linear,stat_rf,minirocket,1,1,True,0.43728445044234515,0.5946075123706702,0.15732306192832507
DistalPhalanxTW,2,0.3,80,24,0.3,block,block,linear,stat_rf,minirocket,1,1,True,0.34851551956815113,0.35725531778163355,0.00873979821348242
DistalPhalanxTW,3,0.05,80,4,0.05,point,point,linear,minirocket,minirocket,1,1,False,0.519680611785875,0.519680611785875,0.0
DistalPhalanxTW,3,0.05,80,4,0.05,point,block,linear,minirocket,dtw,1,1,True,0.5360623781676414,0.541235567551357,0.005173189383715693
DistalPhalanxTW,3,0.05,80,4,0.05,block,point,linear,dtw,minirocket,1,1,True,0.47477133003448796,0.519680611785875,0.04490928175138703
DistalPhalanxTW,3,0.05,80,4,0.05,block,block,linear,dtw,dtw,1,1,False,0.541235567551357,0.541235567551357,0.0
DistalPhalanxTW,3,0.1,80,8,0.1,point,point,linear,minirocket,minirocket,1,1,False,0.5101964312490629,0.5101964312490629,0.0
DistalPhalanxTW,3,0.1,80,8,0.1,point,block,linear,minirocket,dtw,1,1,True,0.5196765953344901,0.5529408457040036,0.033264250369513526
DistalPhalanxTW,3,0.1,80,8,0.1,block,point,linear,dtw,minirocket,1,1,True,0.4790448343079922,0.5101964312490629,0.03115159694107067
DistalPhalanxTW,3,0.1,80,8,0.1,block,block,linear,dtw,dtw,1,1,False,0.5529408457040036,0.5529408457040036,0.0
DistalPhalanxTW,3,0.15,80,12,0.15,point,point,linear,stat_rf,minirocket,1,1,True,0.4562902983955615,0.5154071075123707,0.05911680911680922
DistalPhalanxTW,3,0.15,80,12,0.15,point,block,linear,stat_rf,minirocket,1,1,True,0.4135552556605188,0.45218280744596534,0.03862755178544652
DistalPhalanxTW,3,0.15,80,12,0.15,block,point,linear,minirocket,minirocket,1,1,False,0.5154071075123707,0.5154071075123707,0.0
DistalPhalanxTW,3,0.15,80,12,0.15,block,block,linear,minirocket,minirocket,1,1,False,0.45218280744596534,0.45218280744596534,0.0
DistalPhalanxTW,3,0.2,80,16,0.2,point,point,linear,stat_rf,minirocket,1,1,True,0.47409656620182933,0.5156320287899235,0.04153546258809421
DistalPhalanxTW,3,0.2,80,16,0.2,point,block,linear,stat_rf,dtw,1,1,True,0.41306792622582095,0.42183985605038227,0.00877192982456132
DistalPhalanxTW,3,0.2,80,16,0.2,block,point,linear,minirocket,minirocket,1,1,False,0.5156320287899235,0.5156320287899235,0.0
DistalPhalanxTW,3,0.2,80,16,0.2,block,block,linear,minirocket,dtw,1,1,True,0.3565591328749223,0.42183985605038227,0.06528072317545996
DistalPhalanxTW,3,0.25,80,20,0.25,point,point,linear,stat_rf,minirocket,1,1,True,0.44391962813015445,0.49310241415504574,0.04918278602489129
DistalPhalanxTW,3,0.25,80,20,0.25,point,block,linear,stat_rf,stat_rf,1,1,False,0.4064327485380117,0.4064327485380117,0.0
DistalPhalanxTW,3,0.25,80,20,0.25,block,point,linear,minirocket,minirocket,1,1,False,0.49310241415504574,0.49310241415504574,0.0
DistalPhalanxTW,3,0.25,80,20,0.25,block,block,linear,minirocket,stat_rf,1,1,True,0.32503802240644347,0.4064327485380117,0.08139472613156823
DistalPhalanxTW,3,0.3,80,24,0.3,point,point,linear,minirocket,minirocket,2,1,False,0.5412730544309492,0.5412730544309492,0.0
DistalPhalanxTW,3,0.3,80,24,0.3,point,block,linear,minirocket,stat_rf,2,1,True,0.3026315789473684,0.3874269005847953,0.08479532163742687
DistalPhalanxTW,3,0.3,80,24,0.3,block,point,linear,stat_rf,minirocket,1,1,True,0.445119208277103,0.5412730544309492,0.0961538461538462
DistalPhalanxTW,3,0.3,80,24,0.3,block,block,linear,stat_rf,stat_rf,1,1,False,0.3874269005847953,0.3874269005847953,0.0
DistalPhalanxTW,4,0.05,80,4,0.05,point,point,linear,minirocket,dtw,1,1,True,0.5027646573699205,0.5090905683010946,0.0063259109311740724
DistalPhalanxTW,4,0.05,80,4,0.05,point,block,linear,minirocket,minirocket,1,1,False,0.501565077222972,0.501565077222972,0.0
DistalPhalanxTW,4,0.05,80,4,0.05,block,point,linear,minirocket,dtw,1,1,True,0.5027646573699205,0.5090905683010946,0.0063259109311740724
DistalPhalanxTW,4,0.05,80,4,0.05,block,block,linear,minirocket,minirocket,1,1,False,0.501565077222972,0.501565077222972,0.0
DistalPhalanxTW,4,0.1,80,8,0.1,point,point,linear,minirocket,minirocket,1,1,False,0.5333914379967012,0.5333914379967012,0.0
DistalPhalanxTW,4,0.1,80,8,0.1,point,block,linear,minirocket,minirocket,1,1,False,0.46919114024377184,0.46919114024377184,0.0
DistalPhalanxTW,4,0.1,80,8,0.1,block,point,linear,stat_rf,minirocket,1,1,True,0.47218473534263006,0.5333914379967012,0.06120670265407113
DistalPhalanxTW,4,0.1,80,8,0.1,block,block,linear,stat_rf,minirocket,1,1,True,0.4142675063727695,0.46919114024377184,0.05492363387100235
DistalPhalanxTW,4,0.15,80,12,0.15,point,point,linear,minirocket,minirocket,1,1,False,0.5158100914679862,0.5158100914679862,0.0
DistalPhalanxTW,4,0.15,80,12,0.15,point,block,linear,minirocket,minirocket,1,1,False,0.4458314589893537,0.4458314589893537,0.0
DistalPhalanxTW,4,0.15,80,12,0.15,block,point,linear,minirocket,minirocket,1,1,False,0.5158100914679862,0.5158100914679862,0.0
DistalPhalanxTW,4,0.15,80,12,0.15,block,block,linear,minirocket,minirocket,1,1,False,0.4458314589893537,0.4458314589893537,0.0
DistalPhalanxTW,4,0.2,80,16,0.2,point,point,linear,minirocket,minirocket,1,1,False,0.5207958464537412,0.5207958464537412,0.0
DistalPhalanxTW,4,0.2,80,16,0.2,point,block,linear,minirocket,minirocket,1,1,False,0.4326467879099458,0.4326467879099458,0.0
DistalPhalanxTW,4,0.2,80,16,0.2,block,point,linear,minirocket,minirocket,1,1,False,0.5207958464537412,0.5207958464537412,0.0
DistalPhalanxTW,4,0.2,80,16,0.2,block,block,linear,minirocket,minirocket,1,1,False,0.4326467879099458,0.4326467879099458,0.0
DistalPhalanxTW,4,0.25,80,20,0.25,point,point,linear,stat_rf,dtw,1,1,True,0.46697405907932227,0.5155008247113511,0.04852676563202879
DistalPhalanxTW,4,0.25,80,20,0.25,point,block,linear,stat_rf,stat_rf,1,1,False,0.400472334682861,0.400472334682861,0.0
DistalPhalanxTW,4,0.25,80,20,0.25,block,point,linear,stat_rf,dtw,1,1,True,0.46697405907932227,0.5155008247113511,0.04852676563202879
DistalPhalanxTW,4,0.25,80,20,0.25,block,block,linear,stat_rf,stat_rf,1,1,False,0.400472334682861,0.400472334682861,0.0
DistalPhalanxTW,4,0.3,80,24,0.3,point,point,linear,minirocket,stat_rf,1,1,True,0.46033888139151297,0.4627005548058179,0.0023616734143049323
DistalPhalanxTW,4,0.3,80,24,0.3,point,block,linear,minirocket,minirocket,1,1,False,0.36121821648137437,0.36121821648137437,0.0
DistalPhalanxTW,4,0.3,80,24,0.3,block,point,linear,stat_rf,stat_rf,1,1,False,0.4627005548058179,0.4627005548058179,0.0
DistalPhalanxTW,4,0.3,80,24,0.3,block,block,linear,stat_rf,minirocket,1,1,True,0.3349827560353876,0.36121821648137437,0.02623546044598679
DistalPhalanxTW,5,0.05,80,4,0.05,point,point,linear,stat_rf,minirocket,1,1,True,0.450367371420003,0.5321918578497525,0.08182448642974954
DistalPhalanxTW,5,0.05,80,4,0.05,point,block,linear,stat_rf,minirocket,1,1,True,0.43754685859949016,0.5373650472334682,0.09981818863397807
DistalPhalanxTW,5,0.05,80,4,0.05,block,point,linear,stat_rf,minirocket,1,1,True,0.450367371420003,0.5321918578497525,0.08182448642974954
DistalPhalanxTW,5,0.05,80,4,0.05,block,block,linear,stat_rf,minirocket,1,1,True,0.43754685859949016,0.5373650472334682,0.09981818863397807
DistalPhalanxTW,5,0.1,80,8,0.1,point,point,linear,stat_rf,minirocket,1,1,True,0.4593642225221172,0.5193713450292398,0.060007122507122534
DistalPhalanxTW,5,0.1,80,8,0.1,point,block,linear,stat_rf,minirocket,1,1,True,0.41070625281151596,0.46363371034423667,0.05292745753272071
DistalPhalanxTW,5,0.1,80,8,0.1,block,point,linear,stat_rf,minirocket,1,1,True,0.4593642225221172,0.5193713450292398,0.060007122507122534
DistalPhalanxTW,5,0.1,80,8,0.1,block,block,linear,stat_rf,minirocket,1,1,True,0.41070625281151596,0.46363371034423667,0.05292745753272071
DistalPhalanxTW,5,0.15,80,12,0.15,point,point,linear,stat_rf,minirocket,1,1,True,0.42378917378917375,0.5364653621232569,0.11267618833408316
DistalPhalanxTW,5,0.15,80,12,0.15,point,block,linear,stat_rf,dtw,1,1,True,0.39694856800119954,0.4600389863547758,0.06309041835357626
DistalPhalanxTW,5,0.15,80,12,0.15,block,point,linear,stat_rf,minirocket,1,1,True,0.42378917378917375,0.5364653621232569,0.11267618833408316
DistalPhalanxTW,5,0.15,80,12,0.15,block,block,linear,stat_rf,dtw,1,1,True,0.39694856800119954,0.4600389863547758,0.06309041835357626
DistalPhalanxTW,5,0.2,80,16,0.2,point,point,linear,stat_rf,minirocket,1,1,True,0.4463187884240516,0.5371776128355076,0.09085882441145599
DistalPhalanxTW,5,0.2,80,16,0.2,point,block,linear,stat_rf,stat_rf,1,1,False,0.4187659319238266,0.4187659319238266,0.0
DistalPhalanxTW,5,0.2,80,16,0.2,block,point,linear,stat_rf,minirocket,1,1,True,0.4463187884240516,0.5371776128355076,0.09085882441145599
DistalPhalanxTW,5,0.2,80,16,0.2,block,block,linear,stat_rf,stat_rf,1,1,False,0.4187659319238266,0.4187659319238266,0.0
DistalPhalanxTW,5,0.25,80,20,0.25,point,point,linear,stat_rf,minirocket,1,1,True,0.4598515519568151,0.5191464237516868,0.05929487179487175
DistalPhalanxTW,5,0.25,80,20,0.25,point,block,linear,stat_rf,stat_rf,1,1,False,0.40976908082171243,0.40976908082171243,0.0
DistalPhalanxTW,5,0.25,80,20,0.25,block,point,linear,stat_rf,minirocket,1,1,True,0.4598515519568151,0.5191464237516868,0.05929487179487175
DistalPhalanxTW,5,0.25,80,20,0.25,block,block,linear,stat_rf,stat_rf,1,1,False,0.40976908082171243,0.40976908082171243,0.0
DistalPhalanxTW,5,0.3,80,24,0.3,point,point,linear,minirocket,dtw,1,1,True,0.5034769080821713,0.5658082171240066,0.06233130904183537
DistalPhalanxTW,5,0.3,80,24,0.3,point,block,linear,minirocket,stat_rf,1,1,True,0.3069639911745175,0.44204528415054734,0.13508129297602983
DistalPhalanxTW,5,0.3,80,24,0.3,block,point,linear,stat_rf,dtw,1,1,True,0.4548657969710601,0.5658082171240066,0.11094242015294653
DistalPhalanxTW,5,0.3,80,24,0.3,block,block,linear,stat_rf,stat_rf,1,1,False,0.44204528415054734,0.44204528415054734,0.0
Earthquakes,1,0.05,512,25,0.048828125,point,point,linear,minirocket,dtw,1,1,True,0.5428571428571428,0.5611263736263736,0.018269230769230815
Earthquakes,1,0.05,512,25,0.048828125,point,block,linear,minirocket,dtw,1,1,True,0.5046703296703297,0.5756868131868131,0.07101648351648349
Earthquakes,1,0.05,512,25,0.048828125,block,point,linear,minirocket,dtw,1,1,True,0.5428571428571428,0.5611263736263736,0.018269230769230815
Earthquakes,1,0.05,512,25,0.048828125,block,block,linear,minirocket,dtw,1,1,True,0.5046703296703297,0.5756868131868131,0.07101648351648349
Earthquakes,1,0.1,512,51,0.099609375,point,point,linear,dtw,stat_rf,1,1,True,0.5517857142857143,0.5663461538461538,0.014560439560439509
Earthquakes,1,0.1,512,51,0.099609375,point,block,linear,dtw,dtw,1,1,False,0.5803571428571428,0.5803571428571428,0.0
Earthquakes,1,0.1,512,51,0.099609375,block,point,linear,dtw,stat_rf,1,1,True,0.5517857142857143,0.5663461538461538,0.014560439560439509
Earthquakes,1,0.1,512,51,0.099609375,block,block,linear,dtw,dtw,1,1,False,0.5803571428571428,0.5803571428571428,0.0
Earthquakes,1,0.15,512,76,0.1484375,point,point,linear,minirocket,stat_rf,1,1,True,0.5428571428571428,0.5568681318681319,0.014010989010989072
Earthquakes,1,0.15,512,76,0.1484375,point,block,linear,minirocket,stat_rf,1,1,True,0.49986263736263736,0.5282967032967033,0.028434065934065944
Earthquakes,1,0.15,512,76,0.1484375,block,point,linear,dtw,stat_rf,1,1,True,0.5089285714285714,0.5568681318681319,0.04793956043956049
Earthquakes,1,0.15,512,76,0.1484375,block,block,linear,dtw,stat_rf,1,1,True,0.5087912087912088,0.5282967032967033,0.019505494505494547
Earthquakes,1,0.2,512,102,0.19921875,point,point,linear,minirocket,minirocket,1,1,False,0.5285714285714286,0.5285714285714286,0.0
Earthquakes,1,0.2,512,102,0.19921875,point,block,linear,minirocket,minirocket,1,1,False,0.5475274725274725,0.5475274725274725,0.0
Earthquakes,1,0.2,512,102,0.19921875,block,point,linear,stat_rf,minirocket,1,1,True,0.5284340659340659,0.5285714285714286,0.00013736263736263687
Earthquakes,1,0.2,512,102,0.19921875,block,block,linear,stat_rf,minirocket,1,1,True,0.49491758241758244,0.5475274725274725,0.052609890109890034
Earthquakes,1,0.25,512,128,0.25,point,point,linear,minirocket,stat_rf,1,1,True,0.5094780219780219,0.5427197802197802,0.033241758241758235
Earthquakes,1,0.25,512,128,0.25,point,block,linear,minirocket,dtw,1,1,True,0.4997252747252747,0.514010989010989,0.014285714285714235
Earthquakes,1,0.25,512,128,0.25,block,point,linear,minirocket,stat_rf,1,1,True,0.5094780219780219,0.5427197802197802,0.033241758241758235
Earthquakes,1,0.25,512,128,0.25,block,block,linear,minirocket,dtw,1,1,True,0.4997252747252747,0.514010989010989,0.014285714285714235
Earthquakes,1,0.3,512,153,0.298828125,point,point,linear,minirocket,stat_rf,1,1,True,0.5142857142857142,0.576098901098901,0.061813186813186816
Earthquakes,1,0.3,512,153,0.298828125,point,block,linear,minirocket,minirocket,1,1,False,0.5236263736263737,0.5236263736263737,0.0
Earthquakes,1,0.3,512,153,0.298828125,block,point,linear,dtw,stat_rf,2,1,True,0.49986263736263736,0.576098901098901,0.07623626373626369
Earthquakes,1,0.3,512,153,0.298828125,block,block,linear,dtw,minirocket,2,1,True,0.4807692307692308,0.5236263736263737,0.04285714285714287
Earthquakes,2,0.05,512,25,0.048828125,point,point,linear,dtw,dtw,1,1,False,0.5612637362637363,0.5612637362637363,0.0
Earthquakes,2,0.05,512,25,0.048828125,point,block,linear,dtw,stat_rf,1,1,True,0.5041208791208791,0.5285714285714286,0.024450549450549475
Earthquakes,2,0.05,512,25,0.048828125,block,point,linear,stat_rf,dtw,1,1,True,0.5332417582417582,0.5612637362637363,0.028021978021978033
Earthquakes,2,0.05,512,25,0.048828125,block,block,linear,stat_rf,stat_rf,1,1,False,0.5285714285714286,0.5285714285714286,0.0
Earthquakes,2,0.1,512,51,0.099609375,point,point,linear,dtw,minirocket,1,1,True,0.5326923076923077,0.5427197802197802,0.010027472527472492
Earthquakes,2,0.1,512,51,0.099609375,point,block,linear,dtw,stat_rf,1,1,True,0.528021978021978,0.5475274725274725,0.019505494505494436
Earthquakes,2,0.1,512,51,0.099609375,block,point,linear,stat_rf,minirocket,1,1,True,0.5379120879120879,0.5427197802197802,0.004807692307692291
Earthquakes,2,0.1,512,51,0.099609375,block,block,linear,stat_rf,stat_rf,1,1,False,0.5475274725274725,0.5475274725274725,0.0
Earthquakes,2,0.15,512,76,0.1484375,point,point,linear,dtw,dtw,1,1,False,0.5710164835164835,0.5710164835164835,0.0
Earthquakes,2,0.15,512,76,0.1484375,point,block,linear,dtw,stat_rf,1,1,True,0.514010989010989,0.5571428571428572,0.0431318681318682
Earthquakes,2,0.15,512,76,0.1484375,block,point,linear,stat_rf,dtw,1,1,True,0.5094780219780219,0.5710164835164835,0.06153846153846154
Earthquakes,2,0.15,512,76,0.1484375,block,block,linear,stat_rf,stat_rf,1,1,False,0.5571428571428572,0.5571428571428572,0.0
Earthquakes,2,0.2,512,102,0.19921875,point,point,linear,stat_rf,dtw,2,1,True,0.5380494505494505,0.5472527472527473,0.009203296703296782
Earthquakes,2,0.2,512,102,0.19921875,point,block,linear,stat_rf,dtw,2,1,True,0.5332417582417582,0.551923076923077,0.018681318681318726
Earthquakes,2,0.2,512,102,0.19921875,block,point,linear,stat_rf,dtw,1,1,True,0.5380494505494505,0.5472527472527473,0.009203296703296782
Earthquakes,2,0.2,512,102,0.19921875,block,block,linear,stat_rf,dtw,1,1,True,0.5332417582417582,0.551923076923077,0.018681318681318726
Earthquakes,2,0.25,512,128,0.25,point,point,linear,stat_rf,minirocket,1,1,True,0.5189560439560439,0.5475274725274725,0.02857142857142858
Earthquakes,2,0.25,512,128,0.25,point,block,linear,stat_rf,stat_rf,1,1,False,0.5380494505494505,0.5380494505494505,0.0
Earthquakes,2,0.25,512,128,0.25,block,point,linear,stat_rf,minirocket,1,1,True,0.5189560439560439,0.5475274725274725,0.02857142857142858
Earthquakes,2,0.25,512,128,0.25,block,block,linear,stat_rf,stat_rf,1,1,False,0.5380494505494505,0.5380494505494505,0.0
Earthquakes,2,0.3,512,153,0.298828125,point,point,linear,dtw,minirocket,2,1,True,0.4997252747252747,0.5618131868131868,0.06208791208791209
Earthquakes,2,0.3,512,153,0.298828125,point,block,linear,dtw,dtw,2,1,False,0.5712912087912088,0.5712912087912088,0.0
Earthquakes,2,0.3,512,153,0.298828125,block,point,linear,dtw,minirocket,1,1,True,0.4997252747252747,0.5618131868131868,0.06208791208791209
Earthquakes,2,0.3,512,153,0.298828125,block,block,linear,dtw,dtw,1,1,False,0.5712912087912088,0.5712912087912088,0.0
Earthquakes,3,0.05,512,25,0.048828125,point,point,linear,stat_rf,dtw,1,1,True,0.5663461538461538,0.5994505494505494,0.0331043956043956
Earthquakes,3,0.05,512,25,0.048828125,point,block,linear,stat_rf,dtw,1,1,True,0.5473901098901098,0.6377747252747252,0.0903846153846154
Earthquakes,3,0.05,512,25,0.048828125,block,point,linear,dtw,dtw,1,1,False,0.5994505494505494,0.5994505494505494,0.0
Earthquakes,3,0.05,512,25,0.048828125,block,block,linear,dtw,dtw,1,1,False,0.6377747252747252,0.6377747252747252,0.0
Earthquakes,3,0.1,512,51,0.099609375,point,point,linear,dtw,stat_rf,1,1,True,0.5994505494505494,0.5997252747252747,0.00027472527472527375
Earthquakes,3,0.1,512,51,0.099609375,point,block,linear,dtw,stat_rf,1,1,True,0.5373626373626373,0.5616758241758242,0.024313186813186838
Earthquakes,3,0.1,512,51,0.099609375,block,point,linear,stat_rf,stat_rf,1,1,False,0.5997252747252747,0.5997252747252747,0.0
Earthquakes,3,0.1,512,51,0.099609375,block,block,linear,stat_rf,stat_rf,1,1,False,0.5616758241758242,0.5616758241758242,0.0
Earthquakes,3,0.15,512,76,0.1484375,point,point,linear,dtw,minirocket,1,1,True,0.5851648351648351,0.623489010989011,0.03832417582417591
Earthquakes,3,0.15,512,76,0.1484375,point,block,linear,dtw,dtw,1,1,False,0.556456043956044,0.556456043956044,0.0
Earthquakes,3,0.15,512,76,0.1484375,block,point,linear,minirocket,minirocket,1,1,False,0.623489010989011,0.623489010989011,0.0
Earthquakes,3,0.15,512,76,0.1484375,block,block,linear,minirocket,dtw,1,1,True,0.5561813186813187,0.556456043956044,0.00027472527472527375
Earthquakes,3,0.2,512,102,0.19921875,point,point,linear,dtw,dtw,1,1,False,0.5949175824175824,0.5949175824175824,0.0
Earthquakes,3,0.2,512,102,0.19921875,point,block,linear,dtw,minirocket,1,1,True,0.5516483516483517,0.575,0.02335164835164827
Earthquakes,3,0.2,512,102,0.19921875,block,point,linear,stat_rf,dtw,1,1,True,0.5806318681318682,0.5949175824175824,0.014285714285714235
Earthquakes,3,0.2,512,102,0.19921875,block,block,linear,stat_rf,minirocket,1,1,True,0.5615384615384615,0.575,0.013461538461538414
Earthquakes,3,0.25,512,128,0.25,point,point,linear,minirocket,stat_rf,1,1,True,0.5701923076923077,0.5854395604395605,0.015247252747252804
Earthquakes,3,0.25,512,128,0.25,point,block,linear,minirocket,minirocket,1,1,False,0.5458791208791208,0.5458791208791208,0.0
Earthquakes,3,0.25,512,128,0.25,block,point,linear,dtw,stat_rf,1,1,True,0.5710164835164835,0.5854395604395605,0.014423076923076983
Earthquakes,3,0.25,512,128,0.25,block,block,linear,dtw,minirocket,1,1,True,0.5089285714285714,0.5458791208791208,0.03695054945054943
Earthquakes,3,0.3,512,153,0.298828125,point,point,linear,stat_rf,minirocket,1,1,True,0.5712912087912088,0.6317307692307692,0.06043956043956045
Earthquakes,3,0.3,512,153,0.298828125,point,block,linear,stat_rf,minirocket,1,1,True,0.5043956043956044,0.5739010989010989,0.06950549450549448
Earthquakes,3,0.3,512,153,0.298828125,block,point,linear,minirocket,minirocket,1,1,False,0.6317307692307692,0.6317307692307692,0.0
Earthquakes,3,0.3,512,153,0.298828125,block,block,linear,minirocket,minirocket,1,1,False,0.5739010989010989,0.5739010989010989,0.0
Earthquakes,4,0.05,512,25,0.048828125,point,point,linear,dtw,dtw,1,1,False,0.5851648351648351,0.5851648351648351,0.0
Earthquakes,4,0.05,512,25,0.048828125,point,block,linear,dtw,dtw,1,1,False,0.6089285714285715,0.6089285714285715,0.0
Earthquakes,4,0.05,512,25,0.048828125,block,point,linear,dtw,dtw,1,1,False,0.5851648351648351,0.5851648351648351,0.0
Earthquakes,4,0.05,512,25,0.048828125,block,block,linear,dtw,dtw,1,1,False,0.6089285714285715,0.6089285714285715,0.0
Earthquakes,4,0.1,512,51,0.099609375,point,point,linear,minirocket,stat_rf,2,1,True,0.4951923076923077,0.5712912087912088,0.07609890109890105
Earthquakes,4,0.1,512,51,0.099609375,point,block,linear,minirocket,stat_rf,2,1,True,0.48063186813186815,0.576098901098901,0.0954670329670329
Earthquakes,4,0.1,512,51,0.099609375,block,point,linear,stat_rf,stat_rf,1,1,False,0.5712912087912088,0.5712912087912088,0.0
Earthquakes,4,0.1,512,51,0.099609375,block,block,linear,stat_rf,stat_rf,1,1,False,0.576098901098901,0.576098901098901,0.0
Earthquakes,4,0.15,512,76,0.1484375,point,point,linear,minirocket,stat_rf,1,1,True,0.5046703296703297,0.5473901098901098,0.04271978021978018
Earthquakes,4,0.15,512,76,0.1484375,point,block,linear,minirocket,stat_rf,1,1,True,0.5092032967032967,0.5570054945054945,0.047802197802197854
Earthquakes,4,0.15,512,76,0.1484375,block,point,linear,stat_rf,stat_rf,1,1,False,0.5473901098901098,0.5473901098901098,0.0
Earthquakes,4,0.15,512,76,0.1484375,block,block,linear,stat_rf,stat_rf,1,1,False,0.5570054945054945,0.5570054945054945,0.0
Earthquakes,4,0.2,512,102,0.19921875,point,point,linear,dtw,minirocket,1,1,True,0.5233516483516484,0.5666208791208791,0.043269230769230727
Earthquakes,4,0.2,512,102,0.19921875,point,block,linear,dtw,dtw,1,1,False,0.5517857142857143,0.5517857142857143,0.0
Earthquakes,4,0.2,512,102,0.19921875,block,point,linear,minirocket,minirocket,1,1,False,0.5666208791208791,0.5666208791208791,0.0
Earthquakes,4,0.2,512,102,0.19921875,block,block,linear,minirocket,dtw,1,1,True,0.5328296703296703,0.5517857142857143,0.018956043956044
Earthquakes,4,0.25,512,128,0.25,point,point,linear,stat_rf,stat_rf,1,1,False,0.5473901098901098,0.5473901098901098,0.0
Earthquakes,4,0.25,512,128,0.25,point,block,linear,stat_rf,stat_rf,1,1,False,0.595054945054945,0.595054945054945,0.0
Earthquakes,4,0.25,512,128,0.25,block,point,linear,dtw,stat_rf,1,1,True,0.5328296703296703,0.5473901098901098,0.014560439560439509
Earthquakes,4,0.25,512,128,0.25,block,block,linear,dtw,stat_rf,1,1,True,0.5089285714285714,0.595054945054945,0.08612637362637365
Earthquakes,4,0.3,512,153,0.298828125,point,point,linear,dtw,dtw,1,1,False,0.5520604395604396,0.5520604395604396,0.0
Earthquakes,4,0.3,512,153,0.298828125,point,block,linear,dtw,stat_rf,1,1,True,0.5615384615384615,0.5664835164835165,0.0049450549450549275
Earthquakes,4,0.3,512,153,0.298828125,block,point,linear,dtw,dtw,1,1,False,0.5520604395604396,0.5520604395604396,0.0
Earthquakes,4,0.3,512,153,0.298828125,block,block,linear,dtw,stat_rf,1,1,True,0.5615384615384615,0.5664835164835165,0.0049450549450549275
Earthquakes,5,0.05,512,25,0.048828125,point,point,linear,dtw,stat_rf,1,1,True,0.4895604395604396,0.5854395604395605,0.09587912087912087
Earthquakes,5,0.05,512,25,0.048828125,point,block,linear,dtw,stat_rf,1,1,True,0.5423076923076923,0.5615384615384615,0.019230769230769273
Earthquakes,5,0.05,512,25,0.048828125,block,point,linear,stat_rf,stat_rf,1,1,False,0.5854395604395605,0.5854395604395605,0.0
Earthquakes,5,0.05,512,25,0.048828125,block,block,linear,stat_rf,stat_rf,1,1,False,0.5615384615384615,0.5615384615384615,0.0
Earthquakes,5,0.1,512,51,0.099609375,point,point,linear,dtw,dtw,1,1,False,0.6185439560439561,0.6185439560439561,0.0
Earthquakes,5,0.1,512,51,0.099609375,point,block,linear,dtw,stat_rf,1,1,True,0.556456043956044,0.5997252747252747,0.043269230769230727
Earthquakes,5,0.1,512,51,0.099609375,block,point,linear,stat_rf,dtw,1,1,True,0.5568681318681319,0.6185439560439561,0.06167582417582418
Earthquakes,5,0.1,512,51,0.099609375,block,block,linear,stat_rf,stat_rf,1,1,False,0.5997252747252747,0.5997252747252747,0.0
Earthquakes,5,0.15,512,76,0.1484375,point,point,linear,dtw,stat_rf,1,1,True,0.5756868131868131,0.6093406593406594,0.033653846153846256
Earthquakes,5,0.15,512,76,0.1484375,point,block,linear,dtw,dtw,1,1,False,0.614010989010989,0.614010989010989,0.0
Earthquakes,5,0.15,512,76,0.1484375,block,point,linear,minirocket,stat_rf,1,1,True,0.5093406593406593,0.6093406593406594,0.10000000000000009
Earthquakes,5,0.15,512,76,0.1484375,block,block,linear,minirocket,dtw,1,1,True,0.5379120879120879,0.614010989010989,0.07609890109890116
Earthquakes,5,0.2,512,102,0.19921875,point,point,linear,stat_rf,minirocket,1,1,True,0.514010989010989,0.5380494505494505,0.024038461538461564
Earthquakes,5,0.2,512,102,0.19921875,point,block,linear,stat_rf,stat_rf,1,1,False,0.6093406593406594,0.6093406593406594,0.0
Earthquakes,5,0.2,512,102,0.19921875,block,point,linear,minirocket,minirocket,1,1,False,0.5380494505494505,0.5380494505494505,0.0
Earthquakes,5,0.2,512,102,0.19921875,block,block,linear,minirocket,stat_rf,1,1,True,0.5185439560439561,0.6093406593406594,0.09079670329670331
Earthquakes,5,0.25,512,128,0.25,point,point,linear,dtw,minirocket,1,1,True,0.4997252747252747,0.5523351648351649,0.052609890109890145
Earthquakes,5,0.25,512,128,0.25,point,block,linear,dtw,stat_rf,1,1,True,0.5472527472527473,0.5807692307692308,0.03351648351648351
Earthquakes,5,0.25,512,128,0.25,block,point,linear,minirocket,minirocket,1,1,False,0.5523351648351649,0.5523351648351649,0.0
Earthquakes,5,0.25,512,128,0.25,block,block,linear,minirocket,stat_rf,1,1,True,0.551923076923077,0.5807692307692308,0.028846153846153855
Earthquakes,5,0.3,512,153,0.298828125,point,point,linear,stat_rf,dtw,1,1,True,0.5616758241758242,0.5901098901098901,0.028434065934065944
Earthquakes,5,0.3,512,153,0.298828125,point,block,linear,stat_rf,stat_rf,1,1,False,0.5616758241758242,0.5616758241758242,0.0
Earthquakes,5,0.3,512,153,0.298828125,block,point,linear,minirocket,dtw,1,1,True,0.5523351648351649,0.5901098901098901,0.03777472527472525
Earthquakes,5,0.3,512,153,0.298828125,block,block,linear,minirocket,stat_rf,1,1,True,0.551923076923077,0.5616758241758242,0.009752747252747218
ECG200,1,0.05,96,4,0.041666666666666664,point,point,linear,minirocket,minirocket,1,1,False,0.9131944444444444,0.9131944444444444,0.0
ECG200,1,0.05,96,4,0.041666666666666664,point,block,linear,minirocket,minirocket,1,1,False,0.9270833333333333,0.9270833333333333,0.0
ECG200,1,0.05,96,4,0.041666666666666664,block,point,linear,minirocket,minirocket,1,1,False,0.9131944444444444,0.9131944444444444,0.0
ECG200,1,0.05,96,4,0.041666666666666664,block,block,linear,minirocket,minirocket,1,1,False,0.9270833333333333,0.9270833333333333,0.0
ECG200,1,0.1,96,9,0.09375,point,point,linear,minirocket,minirocket,1,1,False,0.9210069444444444,0.9210069444444444,0.0
ECG200,1,0.1,96,9,0.09375,point,block,linear,minirocket,minirocket,1,1,False,0.9253472222222222,0.9253472222222222,0.0
ECG200,1,0.1,96,9,0.09375,block,point,linear,minirocket,minirocket,1,1,False,0.9210069444444444,0.9210069444444444,0.0
ECG200,1,0.1,96,9,0.09375,block,block,linear,minirocket,minirocket,1,1,False,0.9253472222222222,0.9253472222222222,0.0
ECG200,1,0.15,96,14,0.14583333333333334,point,point,linear,minirocket,minirocket,1,1,False,0.9131944444444444,0.9131944444444444,0.0
ECG200,1,0.15,96,14,0.14583333333333334,point,block,linear,minirocket,minirocket,1,1,False,0.8567708333333333,0.8567708333333333,0.0
ECG200,1,0.15,96,14,0.14583333333333334,block,point,linear,minirocket,minirocket,1,1,False,0.9131944444444444,0.9131944444444444,0.0
ECG200,1,0.15,96,14,0.14583333333333334,block,block,linear,minirocket,minirocket,1,1,False,0.8567708333333333,0.8567708333333333,0.0
ECG200,1,0.2,96,19,0.19791666666666666,point,point,linear,minirocket,minirocket,1,1,False,0.9131944444444444,0.9131944444444444,0.0
ECG200,1,0.2,96,19,0.19791666666666666,point,block,linear,minirocket,minirocket,1,1,False,0.7960069444444444,0.7960069444444444,0.0
ECG200,1,0.2,96,19,0.19791666666666666,block,point,linear,minirocket,minirocket,1,1,False,0.9131944444444444,0.9131944444444444,0.0
ECG200,1,0.2,96,19,0.19791666666666666,block,block,linear,minirocket,minirocket,1,1,False,0.7960069444444444,0.7960069444444444,0.0
ECG200,1,0.25,96,24,0.25,point,point,linear,minirocket,minirocket,1,1,False,0.8758680555555556,0.8758680555555556,0.0
ECG200,1,0.25,96,24,0.25,point,block,linear,minirocket,dtw,1,1,True,0.7829861111111112,0.7916666666666667,0.00868055555555558
ECG200,1,0.25,96,24,0.25,block,point,linear,stat_rf,minirocket,1,1,True,0.7473958333333333,0.8758680555555556,0.12847222222222232
ECG200,1,0.25,96,24,0.25,block,block,linear,stat_rf,dtw,1,1,True,0.7439236111111112,0.7916666666666667,0.04774305555555558
ECG200,1,0.3,96,28,0.2916666666666667,point,point,linear,minirocket,minirocket,1,1,False,0.8914930555555556,0.8914930555555556,0.0
ECG200,1,0.3,96,28,0.2916666666666667,point,block,linear,minirocket,minirocket,1,1,False,0.7282986111111112,0.7282986111111112,0.0
ECG200,1,0.3,96,28,0.2916666666666667,block,point,linear,stat_rf,minirocket,1,1,True,0.7256944444444444,0.8914930555555556,0.16579861111111116
ECG200,1,0.3,96,28,0.2916666666666667,block,block,linear,stat_rf,minirocket,1,1,True,0.7109375,0.7282986111111112,0.01736111111111116
ECG200,2,0.05,96,4,0.041666666666666664,point,point,linear,minirocket,minirocket,1,1,False,0.9071180555555556,0.9071180555555556,0.0
ECG200,2,0.05,96,4,0.041666666666666664,point,block,linear,minirocket,minirocket,1,1,False,0.9071180555555556,0.9071180555555556,0.0
ECG200,2,0.05,96,4,0.041666666666666664,block,point,linear,minirocket,minirocket,1,1,False,0.9071180555555556,0.9071180555555556,0.0
ECG200,2,0.05,96,4,0.041666666666666664,block,block,linear,minirocket,minirocket,1,1,False,0.9071180555555556,0.9071180555555556,0.0
ECG200,2,0.1,96,9,0.09375,point,point,linear,minirocket,minirocket,1,1,False,0.9071180555555556,0.9071180555555556,0.0
ECG200,2,0.1,96,9,0.09375,point,block,linear,minirocket,minirocket,1,1,False,0.9053819444444444,0.9053819444444444,0.0
ECG200,2,0.1,96,9,0.09375,block,point,linear,minirocket,minirocket,1,1,False,0.9071180555555556,0.9071180555555556,0.0
ECG200,2,0.1,96,9,0.09375,block,block,linear,minirocket,minirocket,1,1,False,0.9053819444444444,0.9053819444444444,0.0
ECG200,2,0.15,96,14,0.14583333333333334,point,point,linear,minirocket,minirocket,1,1,False,0.9210069444444444,0.9210069444444444,0.0
ECG200,2,0.15,96,14,0.14583333333333334,point,block,linear,minirocket,minirocket,1,1,False,0.8680555555555556,0.8680555555555556,0.0
ECG200,2,0.15,96,14,0.14583333333333334,block,point,linear,minirocket,minirocket,1,1,False,0.9210069444444444,0.9210069444444444,0.0
ECG200,2,0.15,96,14,0.14583333333333334,block,block,linear,minirocket,minirocket,1,1,False,0.8680555555555556,0.8680555555555556,0.0
ECG200,2,0.2,96,19,0.19791666666666666,point,point,linear,minirocket,minirocket,1,1,False,0.8993055555555556,0.8993055555555556,0.0
ECG200,2,0.2,96,19,0.19791666666666666,point,block,linear,minirocket,minirocket,1,1,False,0.8289930555555556,0.8289930555555556,0.0
ECG200,2,0.2,96,19,0.19791666666666666,block,point,linear,minirocket,minirocket,1,1,False,0.8993055555555556,0.8993055555555556,0.0
ECG200,2,0.2,96,19,0.19791666666666666,block,block,linear,minirocket,minirocket,1,1,False,0.8289930555555556,0.8289930555555556,0.0
ECG200,2,0.25,96,24,0.25,point,point,linear,minirocket,minirocket,1,1,False,0.9210069444444444,0.9210069444444444,0.0
ECG200,2,0.25,96,24,0.25,point,block,linear,minirocket,minirocket,1,1,False,0.8133680555555556,0.8133680555555556,0.0
ECG200,2,0.25,96,24,0.25,block,point,linear,minirocket,minirocket,1,1,False,0.9210069444444444,0.9210069444444444,0.0
ECG200,2,0.25,96,24,0.25,block,block,linear,minirocket,minirocket,1,1,False,0.8133680555555556,0.8133680555555556,0.0
ECG200,2,0.3,96,28,0.2916666666666667,point,point,linear,minirocket,minirocket,1,1,False,0.8776041666666667,0.8776041666666667,0.0
ECG200,2,0.3,96,28,0.2916666666666667,point,block,linear,minirocket,minirocket,1,1,False,0.8237847222222222,0.8237847222222222,0.0
ECG200,2,0.3,96,28,0.2916666666666667,block,point,linear,minirocket,minirocket,1,1,False,0.8776041666666667,0.8776041666666667,0.0
ECG200,2,0.3,96,28,0.2916666666666667,block,block,linear,minirocket,minirocket,1,1,False,0.8237847222222222,0.8237847222222222,0.0
ECG200,3,0.05,96,4,0.041666666666666664,point,point,linear,minirocket,minirocket,1,1,False,0.8932291666666667,0.8932291666666667,0.0
ECG200,3,0.05,96,4,0.041666666666666664,point,block,linear,minirocket,minirocket,1,1,False,0.8854166666666667,0.8854166666666667,0.0
ECG200,3,0.05,96,4,0.041666666666666664,block,point,linear,minirocket,minirocket,1,1,False,0.8932291666666667,0.8932291666666667,0.0
ECG200,3,0.05,96,4,0.041666666666666664,block,block,linear,minirocket,minirocket,1,1,False,0.8854166666666667,0.8854166666666667,0.0
ECG200,3,0.1,96,9,0.09375,point,point,linear,minirocket,minirocket,1,1,False,0.8932291666666667,0.8932291666666667,0.0
ECG200,3,0.1,96,9,0.09375,point,block,linear,minirocket,minirocket,1,1,False,0.9053819444444444,0.9053819444444444,0.0
ECG200,3,0.1,96,9,0.09375,block,point,linear,minirocket,minirocket,1,1,False,0.8932291666666667,0.8932291666666667,0.0
ECG200,3,0.1,96,9,0.09375,block,block,linear,minirocket,minirocket,1,1,False,0.9053819444444444,0.9053819444444444,0.0
ECG200,3,0.15,96,14,0.14583333333333334,point,point,linear,minirocket,minirocket,1,1,False,0.8914930555555556,0.8914930555555556,0.0
ECG200,3,0.15,96,14,0.14583333333333334,point,block,linear,minirocket,minirocket,1,1,False,0.8602430555555556,0.8602430555555556,0.0
ECG200,3,0.15,96,14,0.14583333333333334,block,point,linear,minirocket,minirocket,1,1,False,0.8914930555555556,0.8914930555555556,0.0
ECG200,3,0.15,96,14,0.14583333333333334,block,block,linear,minirocket,minirocket,1,1,False,0.8602430555555556,0.8602430555555556,0.0
ECG200,3,0.2,96,19,0.19791666666666666,point,point,linear,minirocket,minirocket,1,1,False,0.8776041666666667,0.8776041666666667,0.0
ECG200,3,0.2,96,19,0.19791666666666666,point,block,linear,minirocket,minirocket,1,1,False,0.7916666666666667,0.7916666666666667,0.0
ECG200,3,0.2,96,19,0.19791666666666666,block,point,linear,minirocket,minirocket,1,1,False,0.8776041666666667,0.8776041666666667,0.0
ECG200,3,0.2,96,19,0.19791666666666666,block,block,linear,minirocket,minirocket,1,1,False,0.7916666666666667,0.7916666666666667,0.0
ECG200,3,0.25,96,24,0.25,point,point,linear,minirocket,minirocket,1,1,False,0.8914930555555556,0.8914930555555556,0.0
ECG200,3,0.25,96,24,0.25,point,block,linear,minirocket,minirocket,1,1,False,0.7743055555555556,0.7743055555555556,0.0
ECG200,3,0.25,96,24,0.25,block,point,linear,minirocket,minirocket,1,1,False,0.8914930555555556,0.8914930555555556,0.0
ECG200,3,0.25,96,24,0.25,block,block,linear,minirocket,minirocket,1,1,False,0.7743055555555556,0.7743055555555556,0.0
ECG200,3,0.3,96,28,0.2916666666666667,point,point,linear,minirocket,minirocket,1,1,False,0.8914930555555556,0.8914930555555556,0.0
ECG200,3,0.3,96,28,0.2916666666666667,point,block,linear,minirocket,dtw,1,1,True,0.6979166666666667,0.7048611111111112,0.00694444444444442
ECG200,3,0.3,96,28,0.2916666666666667,block,point,linear,minirocket,minirocket,1,1,False,0.8914930555555556,0.8914930555555556,0.0
ECG200,3,0.3,96,28,0.2916666666666667,block,block,linear,minirocket,dtw,1,1,True,0.6979166666666667,0.7048611111111112,0.00694444444444442
ECG200,4,0.05,96,4,0.041666666666666664,point,point,linear,minirocket,minirocket,1,1,False,0.9210069444444444,0.9210069444444444,0.0
ECG200,4,0.05,96,4,0.041666666666666664,point,block,linear,minirocket,minirocket,1,1,False,0.8914930555555556,0.8914930555555556,0.0
ECG200,4,0.05,96,4,0.041666666666666664,block,point,linear,minirocket,minirocket,1,1,False,0.9210069444444444,0.9210069444444444,0.0
ECG200,4,0.05,96,4,0.041666666666666664,block,block,linear,minirocket,minirocket,1,1,False,0.8914930555555556,0.8914930555555556,0.0
ECG200,4,0.1,96,9,0.09375,point,point,linear,minirocket,minirocket,1,1,False,0.9210069444444444,0.9210069444444444,0.0
ECG200,4,0.1,96,9,0.09375,point,block,linear,minirocket,minirocket,1,1,False,0.9053819444444444,0.9053819444444444,0.0
ECG200,4,0.1,96,9,0.09375,block,point,linear,minirocket,minirocket,1,1,False,0.9210069444444444,0.9210069444444444,0.0
ECG200,4,0.1,96,9,0.09375,block,block,linear,minirocket,minirocket,1,1,False,0.9053819444444444,0.9053819444444444,0.0
ECG200,4,0.15,96,14,0.14583333333333334,point,point,linear,minirocket,minirocket,1,1,False,0.9210069444444444,0.9210069444444444,0.0
ECG200,4,0.15,96,14,0.14583333333333334,point,block,linear,minirocket,minirocket,1,1,False,0.8897569444444444,0.8897569444444444,0.0
ECG200,4,0.15,96,14,0.14583333333333334,block,point,linear,minirocket,minirocket,1,1,False,0.9210069444444444,0.9210069444444444,0.0
ECG200,4,0.15,96,14,0.14583333333333334,block,block,linear,minirocket,minirocket,1,1,False,0.8897569444444444,0.8897569444444444,0.0
ECG200,4,0.2,96,19,0.19791666666666666,point,point,linear,minirocket,minirocket,1,1,False,0.9348958333333333,0.9348958333333333,0.0
ECG200,4,0.2,96,19,0.19791666666666666,point,block,linear,minirocket,minirocket,1,1,False,0.8272569444444444,0.8272569444444444,0.0
ECG200,4,0.2,96,19,0.19791666666666666,block,point,linear,minirocket,minirocket,1,1,False,0.9348958333333333,0.9348958333333333,0.0
ECG200,4,0.2,96,19,0.19791666666666666,block,block,linear,minirocket,minirocket,1,1,False,0.8272569444444444,0.8272569444444444,0.0
ECG200,4,0.25,96,24,0.25,point,point,linear,minirocket,minirocket,1,1,False,0.9210069444444444,0.9210069444444444,0.0
ECG200,4,0.25,96,24,0.25,point,block,linear,minirocket,minirocket,1,1,False,0.7647569444444444,0.7647569444444444,0.0
ECG200,4,0.25,96,24,0.25,block,point,linear,minirocket,minirocket,1,1,False,0.9210069444444444,0.9210069444444444,0.0
ECG200,4,0.25,96,24,0.25,block,block,linear,minirocket,minirocket,1,1,False,0.7647569444444444,0.7647569444444444,0.0
ECG200,4,0.3,96,28,0.2916666666666667,point,point,linear,minirocket,minirocket,1,1,False,0.9131944444444444,0.9131944444444444,0.0
ECG200,4,0.3,96,28,0.2916666666666667,point,block,linear,minirocket,minirocket,1,1,False,0.7335069444444444,0.7335069444444444,0.0
ECG200,4,0.3,96,28,0.2916666666666667,block,point,linear,minirocket,minirocket,1,1,False,0.9131944444444444,0.9131944444444444,0.0
ECG200,4,0.3,96,28,0.2916666666666667,block,block,linear,minirocket,minirocket,1,1,False,0.7335069444444444,0.7335069444444444,0.0
ECG200,5,0.05,96,4,0.041666666666666664,point,point,linear,minirocket,minirocket,1,1,False,0.8697916666666667,0.8697916666666667,0.0
ECG200,5,0.05,96,4,0.041666666666666664,point,block,linear,minirocket,minirocket,1,1,False,0.8619791666666667,0.8619791666666667,0.0
ECG200,5,0.05,96,4,0.041666666666666664,block,point,linear,minirocket,minirocket,1,1,False,0.8697916666666667,0.8697916666666667,0.0
ECG200,5,0.05,96,4,0.041666666666666664,block,block,linear,minirocket,minirocket,1,1,False,0.8619791666666667,0.8619791666666667,0.0
ECG200,5,0.1,96,9,0.09375,point,point,linear,minirocket,minirocket,1,1,False,0.8836805555555556,0.8836805555555556,0.0
ECG200,5,0.1,96,9,0.09375,point,block,linear,minirocket,minirocket,1,1,False,0.8480902777777778,0.8480902777777778,0.0
ECG200,5,0.1,96,9,0.09375,block,point,linear,minirocket,minirocket,1,1,False,0.8836805555555556,0.8836805555555556,0.0
ECG200,5,0.1,96,9,0.09375,block,block,linear,minirocket,minirocket,1,1,False,0.8480902777777778,0.8480902777777778,0.0
ECG200,5,0.15,96,14,0.14583333333333334,point,point,linear,minirocket,minirocket,1,1,False,0.8697916666666667,0.8697916666666667,0.0
ECG200,5,0.15,96,14,0.14583333333333334,point,block,linear,minirocket,stat_rf,1,1,True,0.8107638888888888,0.8385416666666667,0.0277777777777779
ECG200,5,0.15,96,14,0.14583333333333334,block,point,linear,minirocket,minirocket,1,1,False,0.8697916666666667,0.8697916666666667,0.0
ECG200,5,0.15,96,14,0.14583333333333334,block,block,linear,minirocket,stat_rf,1,1,True,0.8107638888888888,0.8385416666666667,0.0277777777777779
ECG200,5,0.2,96,19,0.19791666666666666,point,point,linear,minirocket,minirocket,1,1,False,0.8975694444444444,0.8975694444444444,0.0
ECG200,5,0.2,96,19,0.19791666666666666,point,block,linear,minirocket,stat_rf,1,1,True,0.765625,0.7873263888888888,0.02170138888888884
ECG200,5,0.2,96,19,0.19791666666666666,block,point,linear,minirocket,minirocket,1,1,False,0.8975694444444444,0.8975694444444444,0.0
ECG200,5,0.2,96,19,0.19791666666666666,block,block,linear,minirocket,stat_rf,1,1,True,0.765625,0.7873263888888888,0.02170138888888884
ECG200,5,0.25,96,24,0.25,point,point,linear,minirocket,minirocket,1,1,False,0.8914930555555556,0.8914930555555556,0.0
ECG200,5,0.25,96,24,0.25,point,block,linear,minirocket,dtw,1,1,True,0.7421875,0.7534722222222222,0.01128472222222221
ECG200,5,0.25,96,24,0.25,block,point,linear,minirocket,minirocket,1,1,False,0.8914930555555556,0.8914930555555556,0.0
ECG200,5,0.25,96,24,0.25,block,block,linear,minirocket,dtw,1,1,True,0.7421875,0.7534722222222222,0.01128472222222221
ECG200,5,0.3,96,28,0.2916666666666667,point,point,linear,minirocket,minirocket,1,1,False,0.8697916666666667,0.8697916666666667,0.0
ECG200,5,0.3,96,28,0.2916666666666667,point,block,linear,minirocket,minirocket,1,1,False,0.7621527777777778,0.7621527777777778,0.0
ECG200,5,0.3,96,28,0.2916666666666667,block,point,linear,minirocket,minirocket,1,1,False,0.8697916666666667,0.8697916666666667,0.0
ECG200,5,0.3,96,28,0.2916666666666667,block,block,linear,minirocket,minirocket,1,1,False,0.7621527777777778,0.7621527777777778,0.0
ECG5000,1,0.05,140,7,0.05,point,point,linear,dtw,minirocket,1,1,True,0.5243908492420256,0.539256285554872,0.014865436312846425
ECG5000,1,0.05,140,7,0.05,point,block,linear,dtw,minirocket,1,1,True,0.526402686370525,0.5404390098073637,0.014036323436838694
ECG5000,1,0.05,140,7,0.05,block,point,linear,dtw,minirocket,1,1,True,0.5243908492420256,0.539256285554872,0.014865436312846425
ECG5000,1,0.05,140,7,0.05,block,block,linear,dtw,minirocket,1,1,True,0.526402686370525,0.5404390098073637,0.014036323436838694
ECG5000,1,0.1,140,14,0.1,point,point,linear,dtw,minirocket,1,1,True,0.5257842836241566,0.541707653113743,0.015923369489586392
ECG5000,1,0.1,140,14,0.1,point,block,linear,dtw,minirocket,1,1,True,0.49465303921345305,0.5317254293353275,0.037072390121874466
ECG5000,1,0.1,140,14,0.1,block,point,linear,dtw,minirocket,1,1,True,0.5257842836241566,0.541707653113743,0.015923369489586392
ECG5000,1,0.1,140,14,0.1,block,block,linear,dtw,minirocket,1,1,True,0.49465303921345305,0.5317254293353275,0.037072390121874466
ECG5000,1,0.15,140,21,0.15,point,point,linear,dtw,minirocket,1,1,True,0.5238347470329869,0.5391304993913502,0.015295752358363224
ECG5000,1,0.15,140,21,0.15,point,block,linear,dtw,minirocket,1,1,True,0.47645649363024783,0.5337798209499289,0.057323327319681094
ECG5000,1,0.15,140,21,0.15,block,point,linear,minirocket,minirocket,1,1,False,0.5391304993913502,0.5391304993913502,0.0
ECG5000,1,0.15,140,21,0.15,block,block,linear,minirocket,minirocket,1,1,False,0.5337798209499289,0.5337798209499289,0.0
ECG5000,1,0.2,140,28,0.2,point,point,linear,dtw,minirocket,1,1,True,0.5116370752033539,0.541707653113743,0.03007057791038914
ECG5000,1,0.2,140,28,0.2,point,block,linear,dtw,minirocket,1,1,True,0.44994376640851186,0.5153046212982557,0.06536085488974386
ECG5000,1,0.2,140,28,0.2,block,point,linear,stat_rf,minirocket,1,1,True,0.468949699302671,0.541707653113743,0.07275795381107203
ECG5000,1,0.2,140,28,0.2,block,block,linear,stat_rf,minirocket,1,1,True,0.4372870337068126,0.5153046212982557,0.07801758759144312
ECG5000,1,0.25,140,35,0.25,point,point,linear,dtw,minirocket,1,1,True,0.5201983464474673,0.5450503054884269,0.024851959040959604
ECG5000,1,0.25,140,35,0.25,point,block,linear,dtw,minirocket,1,1,True,0.4224492384805346,0.5108954771393572,0.08844623865882262
ECG5000,1,0.25,140,35,0.25,block,point,linear,stat_rf,minirocket,1,1,True,0.47706987283010865,0.5450503054884269,0.06798043265831827
ECG5000,1,0.25,140,35,0.25,block,block,linear,stat_rf,minirocket,1,1,True,0.42682749832804523,0.5108954771393572,0.084067978811312
ECG5000,1,0.3,140,42,0.3,point,point,linear,dtw,minirocket,1,1,True,0.5224030571144513,0.5369705712691577,0.014567514154706362
ECG5000,1,0.3,140,42,0.3,point,block,linear,dtw,minirocket,1,1,True,0.40358245179245245,0.48327800170328084,0.07969554991082839
ECG5000,1,0.3,140,42,0.3,block,point,linear,stat_rf,minirocket,1,1,True,0.47527982538925073,0.5369705712691577,0.06169074587990697
ECG5000,1,0.3,140,42,0.3,block,block,linear,stat_rf,minirocket,1,1,True,0.4119249272023716,0.48327800170328084,0.07135307450090922
ECG5000,2,0.05,140,7,0.05,point,point,linear,minirocket,minirocket,1,1,False,0.5360870529894997,0.5360870529894997,0.0
ECG5000,2,0.05,140,7,0.05,point,block,linear,minirocket,minirocket,1,1,False,0.5396316239982044,0.5396316239982044,0.0
ECG5000,2,0.05,140,7,0.05,block,point,linear,minirocket,minirocket,1,1,False,0.5360870529894997,0.5360870529894997,0.0
ECG5000,2,0.05,140,7,0.05,block,block,linear,minirocket,minirocket,1,1,False,0.5396316239982044,0.5396316239982044,0.0
ECG5000,2,0.1,140,14,0.1,point,point,linear,minirocket,minirocket,1,1,False,0.5359612668259777,0.5359612668259777,0.0
ECG5000,2,0.1,140,14,0.1,point,block,linear,minirocket,minirocket,1,1,False,0.5354169557911006,0.5354169557911006,0.0
ECG5000,2,0.1,140,14,0.1,block,point,linear,minirocket,minirocket,1,1,False,0.5359612668259777,0.5359612668259777,0.0
ECG5000,2,0.1,140,14,0.1,block,block,linear,minirocket,minirocket,1,1,False,0.5354169557911006,0.5354169557911006,0.0
ECG5000,2,0.15,140,21,0.15,point,point,linear,dtw,minirocket,1,1,True,0.5267424865256135,0.5385746859092346,0.011832199383621123
ECG5000,2,0.15,140,21,0.15,point,block,linear,dtw,minirocket,1,1,True,0.4749155847398838,0.5276322184703548,0.052716633730470974
ECG5000,2,0.15,140,21,0.15,block,point,linear,minirocket,minirocket,1,1,False,0.5385746859092346,0.5385746859092346,0.0
ECG5000,2,0.15,140,21,0.15,block,block,linear,minirocket,minirocket,1,1,False,0.5276322184703548,0.5276322184703548,0.0
ECG5000,2,0.2,140,28,0.2,point,point,linear,minirocket,minirocket,1,1,False,0.5340032573378061,0.5340032573378061,0.0
ECG5000,2,0.2,140,28,0.2,point,block,linear,minirocket,minirocket,1,1,False,0.4997090750517569,0.4997090750517569,0.0
ECG5000,2,0.2,140,28,0.2,block,point,linear,minirocket,minirocket,1,1,False,0.5340032573378061,0.5340032573378061,0.0
ECG5000,2,0.2,140,28,0.2,block,block,linear,minirocket,minirocket,1,1,False,0.4997090750517569,0.4997090750517569,0.0
ECG5000,2,0.25,140,35,0.25,point,point,linear,minirocket,minirocket,1,1,False,0.5363121465390683,0.5363121465390683,0.0
ECG5000,2,0.25,140,35,0.25,point,block,linear,minirocket,minirocket,1,1,False,0.5004601252854193,0.5004601252854193,0.0
ECG5000,2,0.25,140,35,0.25,block,point,linear,dtw,minirocket,1,1,True,0.526050513682821,0.5363121465390683,0.010261632856247371
ECG5000,2,0.25,140,35,0.25,block,block,linear,dtw,minirocket,1,1,True,0.42946859492641243,0.5004601252854193,0.07099153035900685
ECG5000,2,0.3,140,42,0.3,point,point,linear,dtw,minirocket,1,1,True,0.5208550254420138,0.5376569223159462,0.01680189687393241
ECG5000,2,0.3,140,42,0.3,point,block,linear,dtw,minirocket,1,1,True,0.4117186275033119,0.4871695636095638,0.07545093610625192
ECG5000,2,0.3,140,42,0.3,block,point,linear,minirocket,minirocket,1,1,False,0.5376569223159462,0.5376569223159462,0.0
ECG5000,2,0.3,140,42,0.3,block,block,linear,minirocket,minirocket,1,1,False,0.4871695636095638,0.4871695636095638,0.0
ECG5000,3,0.05,140,7,0.05,point,point,linear,stat_rf,minirocket,1,1,True,0.46874778066865036,0.5509184378452466,0.08217065717659627
ECG5000,3,0.05,140,7,0.05,point,block,linear,stat_rf,minirocket,1,1,True,0.46313928506187285,0.5350164378414476,0.07187715277957474
ECG5000,3,0.05,140,7,0.05,block,point,linear,dtw,minirocket,2,1,True,0.5424236775143091,0.5509184378452466,0.008494760330937545
ECG5000,3,0.05,140,7,0.05,block,block,linear,dtw,minirocket,2,1,True,0.5296434102829297,0.5350164378414476,0.005373027558517873
ECG5000,3,0.1,140,14,0.1,point,point,linear,stat_rf,dtw,1,1,True,0.4648258511693796,0.5466733118111224,0.08184746064174286
ECG5000,3,0.1,140,14,0.1,point,block,linear,stat_rf,minirocket,1,1,True,0.45113896579513446,0.5246352922301479,0.07349632643501347
ECG5000,3,0.1,140,14,0.1,block,point,linear,minirocket,dtw,1,1,True,0.5354045780031726,0.5466733118111224,0.011268733807949793
ECG5000,3,0.1,140,14,0.1,block,block,linear,minirocket,minirocket,1,1,False,0.5246352922301479,0.5246352922301479,0.0
ECG5000,3,0.15,140,21,0.15,point,point,linear,minirocket,dtw,1,1,True,0.5419931820274941,0.5524905066602253,0.01049732463273112
ECG5000,3,0.15,140,21,0.15,point,block,linear,minirocket,minirocket,1,1,False,0.5249603696549169,0.5249603696549169,0.0
ECG5000,3,0.15,140,21,0.15,block,point,linear,minirocket,dtw,1,1,True,0.5419931820274941,0.5524905066602253,0.01049732463273112
ECG5000,3,0.15,140,21,0.15,block,block,linear,minirocket,minirocket,1,1,False,0.5249603696549169,0.5249603696549169,0.0
ECG5000,3,0.2,140,28,0.2,point,point,linear,dtw,minirocket,1,1,True,0.529986826602021,0.5431360391703512,0.013149212568330237
ECG5000,3,0.2,140,28,0.2,point,block,linear,dtw,minirocket,1,1,True,0.4549059453977969,0.5212931263435252,0.06638718094572832
ECG5000,3,0.2,140,28,0.2,block,point,linear,minirocket,minirocket,1,1,False,0.5431360391703512,0.5431360391703512,0.0
ECG5000,3,0.2,140,28,0.2,block,block,linear,minirocket,minirocket,1,1,False,0.5212931263435252,0.5212931263435252,0.0
ECG5000,3,0.25,140,35,0.25,point,point,linear,minirocket,minirocket,1,1,False,0.5433016924435077,0.5433016924435077,0.0
ECG5000,3,0.25,140,35,0.25,point,block,linear,minirocket,minirocket,1,1,False,0.5124370468021068,0.5124370468021068,0.0
ECG5000,3,0.25,140,35,0.25,block,point,linear,minirocket,minirocket,1,1,False,0.5433016924435077,0.5433016924435077,0.0
ECG5000,3,0.25,140,35,0.25,block,block,linear,minirocket,minirocket,1,1,False,0.5124370468021068,0.5124370468021068,0.0
ECG5000,3,0.3,140,42,0.3,point,point,linear,minirocket,minirocket,1,1,False,0.5384388244354006,0.5384388244354006,0.0
ECG5000,3,0.3,140,42,0.3,point,block,linear,minirocket,minirocket,1,1,False,0.4918028153901807,0.4918028153901807,0.0
ECG5000,3,0.3,140,42,0.3,block,point,linear,minirocket,minirocket,1,1,False,0.5384388244354006,0.5384388244354006,0.0
ECG5000,3,0.3,140,42,0.3,block,block,linear,minirocket,minirocket,1,1,False,0.4918028153901807,0.4918028153901807,0.0
ECG5000,4,0.05,140,7,0.05,point,point,linear,minirocket,minirocket,1,1,False,0.5760116494137717,0.5760116494137717,0.0
ECG5000,4,0.05,140,7,0.05,point,block,linear,minirocket,minirocket,1,1,False,0.5772802927201507,0.5772802927201507,0.0
ECG5000,4,0.05,140,7,0.05,block,point,linear,stat_rf,minirocket,1,1,True,0.4753798299762244,0.5760116494137717,0.10063181943754729
ECG5000,4,0.05,140,7,0.05,block,block,linear,stat_rf,minirocket,1,1,True,0.47276641089296756,0.5772802927201507,0.10451388182718313
ECG5000,4,0.1,140,14,0.1,point,point,linear,minirocket,minirocket,1,1,False,0.5780457913724418,0.5780457913724418,0.0
ECG5000,4,0.1,140,14,0.1,point,block,linear,minirocket,minirocket,1,1,False,0.5727800811840635,0.5727800811840635,0.0
ECG5000,4,0.1,140,14,0.1,block,point,linear,stat_rf,minirocket,1,1,True,0.48210889231092063,0.5780457913724418,0.0959368990615212
ECG5000,4,0.1,140,14,0.1,block,block,linear,stat_rf,minirocket,1,1,True,0.46560374666119086,0.5727800811840635,0.10717633452287267
ECG5000,4,0.15,140,21,0.15,point,point,linear,minirocket,minirocket,1,1,False,0.5731829233643347,0.5731829233643347,0.0
ECG5000,4,0.15,140,21,0.15,point,block,linear,minirocket,minirocket,1,1,False,0.5442001065982426,0.5442001065982426,0.0
ECG5000,4,0.15,140,21,0.15,block,point,linear,stat_rf,minirocket,1,1,True,0.4725511039267876,0.5731829233643347,0.10063181943754712
ECG5000,4,0.15,140,21,0.15,block,block,linear,stat_rf,minirocket,1,1,True,0.45755600961850307,0.5442001065982426,0.08664409697973952
ECG5000,4,0.2,140,28,0.2,point,point,linear,stat_rf,minirocket,1,1,True,0.46368299402652247,0.5735106281618775,0.10982763413535501
ECG5000,4,0.2,140,28,0.2,point,block,linear,stat_rf,minirocket,1,1,True,0.4481337141595348,0.5319921602972855,0.08385844613775068
ECG5000,4,0.2,140,28,0.2,block,point,linear,minirocket,minirocket,1,1,False,0.5735106281618775,0.5735106281618775,0.0
ECG5000,4,0.2,140,28,0.2,block,block,linear,minirocket,minirocket,1,1,False,0.5319921602972855,0.5319921602972855,0.0
ECG5000,4,0.25,140,35,0.25,point,point,linear,minirocket,minirocket,1,1,False,0.5771545065566287,0.5771545065566287,0.0
ECG5000,4,0.25,140,35,0.25,point,block,linear,minirocket,minirocket,1,1,False,0.5213650198680203,0.5213650198680203,0.0
ECG5000,4,0.25,140,35,0.25,block,point,linear,minirocket,minirocket,1,1,False,0.5771545065566287,0.5771545065566287,0.0
ECG5000,4,0.25,140,35,0.25,block,block,linear,minirocket,minirocket,1,1,False,0.5213650198680203,0.5213650198680203,0.0
ECG5000,4,0.3,140,42,0.3,point,point,linear,minirocket,minirocket,1,1,False,0.5716022723667292,0.5716022723667292,0.0
ECG5000,4,0.3,140,42,0.3,point,block,linear,minirocket,minirocket,1,1,False,0.5042285397561309,0.5042285397561309,0.0
ECG5000,4,0.3,140,42,0.3,block,point,linear,minirocket,minirocket,1,1,False,0.5716022723667292,0.5716022723667292,0.0
ECG5000,4,0.3,140,42,0.3,block,block,linear,minirocket,minirocket,1,1,False,0.5042285397561309,0.5042285397561309,0.0
ECG5000,5,0.05,140,7,0.05,point,point,linear,dtw,minirocket,1,1,True,0.5456287669665418,0.5559240676825731,0.010295300716031242
ECG5000,5,0.05,140,7,0.05,point,block,linear,dtw,minirocket,1,1,True,0.5396977355972962,0.5544701979362598,0.014772462338963677
ECG5000,5,0.05,140,7,0.05,block,point,linear,dtw,minirocket,1,1,True,0.5456287669665418,0.5559240676825731,0.010295300716031242
ECG5000,5,0.05,140,7,0.05,block,block,linear,dtw,minirocket,1,1,True,0.5396977355972962,0.5544701979362598,0.014772462338963677
ECG5000,5,0.1,140,14,0.1,point,point,linear,dtw,minirocket,1,1,True,0.5428738646134466,0.5595447711617764,0.01667090654832981
ECG5000,5,0.1,140,14,0.1,point,block,linear,dtw,minirocket,1,1,True,0.5184628103263531,0.550422482273467,0.03195967194711391
ECG5000,5,0.1,140,14,0.1,block,point,linear,dtw,minirocket,1,1,True,0.5428738646134466,0.5595447711617764,0.01667090654832981
ECG5000,5,0.1,140,14,0.1,block,block,linear,dtw,minirocket,1,1,True,0.5184628103263531,0.550422482273467,0.03195967194711391
ECG5000,5,0.15,140,21,0.15,point,point,linear,dtw,minirocket,1,1,True,0.535176085721284,0.5522801892878217,0.0171041035665378
ECG5000,5,0.15,140,21,0.15,point,block,linear,dtw,minirocket,1,1,True,0.4775261264455809,0.5345387561652912,0.05701262971971033
ECG5000,5,0.15,140,21,0.15,block,point,linear,dtw,minirocket,1,1,True,0.535176085721284,0.5522801892878217,0.0171041035665378
ECG5000,5,0.15,140,21,0.15,block,block,linear,dtw,minirocket,1,1,True,0.4775261264455809,0.5345387561652912,0.05701262971971033
ECG5000,5,0.2,140,28,0.2,point,point,linear,dtw,minirocket,1,1,True,0.5375320219545695,0.5478708122407793,0.010338790286209765
ECG5000,5,0.2,140,28,0.2,point,block,linear,dtw,minirocket,1,1,True,0.448197811501781,0.5242038953863883,0.07600608388460733
ECG5000,5,0.2,140,28,0.2,block,point,linear,dtw,minirocket,1,1,True,0.5375320219545695,0.5478708122407793,0.010338790286209765
ECG5000,5,0.2,140,28,0.2,block,block,linear,dtw,minirocket,1,1,True,0.448197811501781,0.5242038953863883,0.07600608388460733
ECG5000,5,0.25,140,35,0.25,point,point,linear,dtw,minirocket,1,1,True,0.5406387991085257,0.5535984862872242,0.012959687178698442
ECG5000,5,0.25,140,35,0.25,point,block,linear,dtw,minirocket,1,1,True,0.4307228963983779,0.5168484140246897,0.08612551762631182
ECG5000,5,0.25,140,35,0.25,block,point,linear,dtw,minirocket,1,1,True,0.5406387991085257,0.5535984862872242,0.012959687178698442
ECG5000,5,0.25,140,35,0.25,block,block,linear,dtw,minirocket,1,1,True,0.4307228963983779,0.5168484140246897,0.08612551762631182
ECG5000,5,0.3,140,42,0.3,point,point,linear,dtw,minirocket,1,1,True,0.5289651380743718,0.5583257815484205,0.029360643474048653
ECG5000,5,0.3,140,42,0.3,point,block,linear,dtw,minirocket,1,1,True,0.4124637487958688,0.499926540082922,0.0874627912870532
ECG5000,5,0.3,140,42,0.3,block,point,linear,dtw,minirocket,1,1,True,0.5289651380743718,0.5583257815484205,0.029360643474048653
ECG5000,5,0.3,140,42,0.3,block,block,linear,dtw,minirocket,1,1,True,0.4124637487958688,0.499926540082922,0.0874627912870532
ECGFiveDays,1,0.05,136,6,0.04411764705882353,point,point,linear,minirocket,minirocket,1,1,False,1.0,1.0,0.0
ECGFiveDays,1,0.05,136,6,0.04411764705882353,point,block,linear,minirocket,minirocket,1,1,False,0.9941588785046729,0.9941588785046729,0.0
ECGFiveDays,1,0.05,136,6,0.04411764705882353,block,point,linear,minirocket,minirocket,1,1,False,1.0,1.0,0.0
ECGFiveDays,1,0.05,136,6,0.04411764705882353,block,block,linear,minirocket,minirocket,1,1,False,0.9941588785046729,0.9941588785046729,0.0
ECGFiveDays,1,0.1,136,13,0.09558823529411764,point,point,linear,minirocket,minirocket,1,1,False,0.9988317757009346,0.9988317757009346,0.0
ECGFiveDays,1,0.1,136,13,0.09558823529411764,point,block,linear,minirocket,minirocket,1,1,False,0.9754672897196262,0.9754672897196262,0.0
ECGFiveDays,1,0.1,136,13,0.09558823529411764,block,point,linear,minirocket,minirocket,1,1,False,0.9988317757009346,0.9988317757009346,0.0
ECGFiveDays,1,0.1,136,13,0.09558823529411764,block,block,linear,minirocket,minirocket,1,1,False,0.9754672897196262,0.9754672897196262,0.0
ECGFiveDays,1,0.15,136,20,0.14705882352941177,point,point,linear,minirocket,minirocket,1,1,False,0.9964953271028038,0.9964953271028038,0.0
ECGFiveDays,1,0.15,136,20,0.14705882352941177,point,block,linear,minirocket,minirocket,1,1,False,0.947470376205996,0.947470376205996,0.0
ECGFiveDays,1,0.15,136,20,0.14705882352941177,block,point,linear,minirocket,minirocket,1,1,False,0.9964953271028038,0.9964953271028038,0.0
ECGFiveDays,1,0.15,136,20,0.14705882352941177,block,block,linear,minirocket,minirocket,1,1,False,0.947470376205996,0.947470376205996,0.0
ECGFiveDays,1,0.2,136,27,0.19852941176470587,point,point,linear,minirocket,minirocket,1,1,False,0.9964953271028038,0.9964953271028038,0.0
ECGFiveDays,1,0.2,136,27,0.19852941176470587,point,block,linear,minirocket,minirocket,1,1,False,0.9277454620016835,0.9277454620016835,0.0
ECGFiveDays,1,0.2,136,27,0.19852941176470587,block,point,linear,minirocket,minirocket,1,1,False,0.9964953271028038,0.9964953271028038,0.0
ECGFiveDays,1,0.2,136,27,0.19852941176470587,block,block,linear,minirocket,minirocket,1,1,False,0.9277454620016835,0.9277454620016835,0.0
ECGFiveDays,1,0.25,136,34,0.25,point,point,linear,minirocket,minirocket,1,1,False,0.9929906542056075,0.9929906542056075,0.0
ECGFiveDays,1,0.25,136,34,0.25,point,block,linear,minirocket,minirocket,1,1,False,0.9137807299648184,0.9137807299648184,0.0
ECGFiveDays,1,0.25,136,34,0.25,block,point,linear,minirocket,minirocket,2,1,False,0.9929906542056075,0.9929906542056075,0.0
ECGFiveDays,1,0.25,136,34,0.25,block,block,linear,minirocket,minirocket,2,1,False,0.9137807299648184,0.9137807299648184,0.0
ECGFiveDays,1,0.3,136,40,0.29411764705882354,point,point,linear,minirocket,minirocket,1,1,False,0.9906542056074766,0.9906542056074766,0.0
ECGFiveDays,1,0.3,136,40,0.29411764705882354,point,block,linear,minirocket,minirocket,1,1,False,0.8670787377781615,0.8670787377781615,0.0
ECGFiveDays,1,0.3,136,40,0.29411764705882354,block,point,linear,stat_rf,minirocket,1,1,True,0.638576223263042,0.9906542056074766,0.35207798234443466
ECGFiveDays,1,0.3,136,40,0.29411764705882354,block,block,linear,stat_rf,minirocket,1,1,True,0.6638454814271222,0.8670787377781615,0.20323325635103928
ECGFiveDays,2,0.05,136,6,0.04411764705882353,point,point,linear,dtw,minirocket,2,1,True,0.7476743433122531,1.0,0.25232565668774687
ECGFiveDays,2,0.05,136,6,0.04411764705882353,point,block,linear,dtw,minirocket,2,1,True,0.7546701992186657,0.9907216550473765,0.2360514558287108
ECGFiveDays,2,0.05,136,6,0.04411764705882353,block,point,linear,dtw,minirocket,2,1,True,0.7476743433122531,1.0,0.25232565668774687
ECGFiveDays,2,0.05,136,6,0.04411764705882353,block,block,linear,dtw,minirocket,2,1,True,0.7546701992186657,0.9907216550473765,0.2360514558287108
ECGFiveDays,2,0.1,136,13,0.09558823529411764,point,point,linear,minirocket,minirocket,2,1,False,0.9988452655889146,0.9988452655889146,0.0
ECGFiveDays,2,0.1,136,13,0.09558823529411764,point,block,linear,minirocket,minirocket,2,1,False,0.9640143748246315,0.9640143748246315,0.0
ECGFiveDays,2,0.1,136,13,0.09558823529411764,block,point,linear,minirocket,minirocket,2,1,False,0.9988452655889146,0.9988452655889146,0.0
ECGFiveDays,2,0.1,136,13,0.09558823529411764,block,block,linear,minirocket,minirocket,2,1,False,0.9640143748246315,0.9640143748246315,0.0
ECGFiveDays,2,0.15,136,20,0.14705882352941177,point,point,linear,minirocket,minirocket,1,1,False,0.9988317757009346,0.9988317757009346,0.0
ECGFiveDays,2,0.15,136,20,0.14705882352941177,point,block,linear,minirocket,minirocket,1,1,False,0.9327016468455246,0.9327016468455246,0.0
ECGFiveDays,2,0.15,136,20,0.14705882352941177,block,point,linear,minirocket,minirocket,2,1,False,0.9988317757009346,0.9988317757009346,0.0
ECGFiveDays,2,0.15,136,20,0.14705882352941177,block,block,linear,minirocket,minirocket,2,1,False,0.9327016468455246,0.9327016468455246,0.0
ECGFiveDays,2,0.2,136,27,0.19852941176470587,point,point,linear,minirocket,minirocket,1,1,False,0.9941858582806329,0.9941858582806329,0.0
ECGFiveDays,2,0.2,136,27,0.19852941176470587,point,block,linear,minirocket,minirocket,1,1,False,0.9095260192959358,0.9095260192959358,0.0
ECGFiveDays,2,0.2,136,27,0.19852941176470587,block,point,linear,minirocket,minirocket,1,1,False,0.9941858582806329,0.9941858582806329,0.0
ECGFiveDays,2,0.2,136,27,0.19852941176470587,block,block,linear,minirocket,minirocket,1,1,False,0.9095260192959358,0.9095260192959358,0.0
ECGFiveDays,2,0.25,136,34,0.25,point,point,linear,minirocket,minirocket,1,1,False,0.9941588785046729,0.9941588785046729,0.0
ECGFiveDays,2,0.25,136,34,0.25,point,block,linear,minirocket,minirocket,1,1,False,0.8748030476354924,0.8748030476354924,0.0
ECGFiveDays,2,0.25,136,34,0.25,block,point,linear,dtw,minirocket,2,1,True,0.7129243918758499,0.9941588785046729,0.281234486628823
ECGFiveDays,2,0.25,136,34,0.25,block,block,linear,dtw,minirocket,2,1,True,0.6628930953357364,0.8748030476354924,0.21190995229975607
ECGFiveDays,2,0.3,136,40,0.29411764705882354,point,point,linear,minirocket,minirocket,1,1,False,0.9918494096825019,0.9918494096825019,0.0
ECGFiveDays,2,0.3,136,40,0.29411764705882354,point,block,linear,minirocket,minirocket,1,1,False,0.8642755390559237,0.8642755390559237,0.0
ECGFiveDays,2,0.3,136,40,0.29411764705882354,block,point,linear,minirocket,minirocket,2,1,False,0.9918494096825019,0.9918494096825019,0.0
ECGFiveDays,2,0.3,136,40,0.29411764705882354,block,block,linear,minirocket,minirocket,2,1,False,0.8642755390559237,0.8642755390559237,0.0
ECGFiveDays,3,0.05,136,6,0.04411764705882353,point,point,linear,minirocket,minirocket,1,1,False,0.9988317757009346,0.9988317757009346,0.0
ECGFiveDays,3,0.05,136,6,0.04411764705882353,point,block,linear,minirocket,minirocket,1,1,False,0.9918628995704819,0.9918628995704819,0.0
ECGFiveDays,3,0.05,136,6,0.04411764705882353,block,point,linear,minirocket,minirocket,1,1,False,0.9988317757009346,0.9988317757009346,0.0
ECGFiveDays,3,0.05,136,6,0.04411764705882353,block,block,linear,minirocket,minirocket,1,1,False,0.9918628995704819,0.9918628995704819,0.0
ECGFiveDays,3,0.1,136,13,0.09558823529411764,point,point,linear,minirocket,minirocket,1,1,False,0.9988317757009346,0.9988317757009346,0.0
ECGFiveDays,3,0.1,136,13,0.09558823529411764,point,block,linear,minirocket,minirocket,1,1,False,0.9639334354967517,0.9639334354967517,0.0
ECGFiveDays,3,0.1,136,13,0.09558823529411764,block,point,linear,minirocket,minirocket,1,1,False,0.9988317757009346,0.9988317757009346,0.0
ECGFiveDays,3,0.1,136,13,0.09558823529411764,block,block,linear,minirocket,minirocket,1,1,False,0.9639334354967517,0.9639334354967517,0.0
ECGFiveDays,3,0.15,136,20,0.14705882352941177,point,point,linear,minirocket,minirocket,1,1,False,0.9964953271028038,0.9964953271028038,0.0
ECGFiveDays,3,0.15,136,20,0.14705882352941177,point,block,linear,minirocket,minirocket,1,1,False,0.9359500118711015,0.9359500118711015,0.0
ECGFiveDays,3,0.15,136,20,0.14705882352941177,block,point,linear,minirocket,minirocket,1,1,False,0.9964953271028038,0.9964953271028038,0.0
ECGFiveDays,3,0.15,136,20,0.14705882352941177,block,block,linear,minirocket,minirocket,1,1,False,0.9359500118711015,0.9359500118711015,0.0
ECGFiveDays,3,0.2,136,27,0.19852941176470587,point,point,linear,minirocket,minirocket,1,1,False,0.9906676954954566,0.9906676954954566,0.0
ECGFiveDays,3,0.2,136,27,0.19852941176470587,point,block,linear,minirocket,minirocket,1,1,False,0.9067578942824459,0.9067578942824459,0.0
ECGFiveDays,3,0.2,136,27,0.19852941176470587,block,point,linear,minirocket,minirocket,1,1,False,0.9906676954954566,0.9906676954954566,0.0
ECGFiveDays,3,0.2,136,27,0.19852941176470587,block,block,linear,minirocket,minirocket,1,1,False,0.9067578942824459,0.9067578942824459,0.0
ECGFiveDays,3,0.25,136,34,0.25,point,point,linear,minirocket,minirocket,1,1,False,0.9918224299065421,0.9918224299065421,0.0
ECGFiveDays,3,0.25,136,34,0.25,point,block,linear,minirocket,minirocket,1,1,False,0.8776332261336902,0.8776332261336902,0.0
ECGFiveDays,3,0.25,136,34,0.25,block,point,linear,minirocket,minirocket,1,1,False,0.9918224299065421,0.9918224299065421,0.0
ECGFiveDays,3,0.25,136,34,0.25,block,block,linear,minirocket,minirocket,1,1,False,0.8776332261336902,0.8776332261336902,0.0
ECGFiveDays,3,0.3,136,40,0.29411764705882354,point,point,linear,minirocket,minirocket,1,1,False,0.9825171051779586,0.9825171051779586,0.0
ECGFiveDays,3,0.3,136,40,0.29411764705882354,point,block,linear,minirocket,minirocket,1,1,False,0.8332407027692043,0.8332407027692043,0.0
ECGFiveDays,3,0.3,136,40,0.29411764705882354,block,point,linear,minirocket,minirocket,1,1,False,0.9825171051779586,0.9825171051779586,0.0
ECGFiveDays,3,0.3,136,40,0.29411764705882354,block,block,linear,minirocket,minirocket,1,1,False,0.8332407027692043,0.8332407027692043,0.0
ECGFiveDays,4,0.05,136,6,0.04411764705882353,point,point,linear,minirocket,minirocket,1,1,False,0.9976635514018692,0.9976635514018692,0.0
ECGFiveDays,4,0.05,136,6,0.04411764705882353,point,block,linear,minirocket,minirocket,1,1,False,0.9930446137575274,0.9930446137575274,0.0
ECGFiveDays,4,0.05,136,6,0.04411764705882353,block,point,linear,minirocket,minirocket,1,1,False,0.9976635514018692,0.9976635514018692,0.0
ECGFiveDays,4,0.05,136,6,0.04411764705882353,block,block,linear,minirocket,minirocket,1,1,False,0.9930446137575274,0.9930446137575274,0.0
ECGFiveDays,4,0.1,136,13,0.09558823529411764,point,point,linear,minirocket,minirocket,1,1,False,0.9988317757009346,0.9988317757009346,0.0
ECGFiveDays,4,0.1,136,13,0.09558823529411764,point,block,linear,minirocket,minirocket,1,1,False,0.9593414776283697,0.9593414776283697,0.0
ECGFiveDays,4,0.1,136,13,0.09558823529411764,block,point,linear,minirocket,minirocket,1,1,False,0.9988317757009346,0.9988317757009346,0.0
ECGFiveDays,4,0.1,136,13,0.09558823529411764,block,block,linear,minirocket,minirocket,1,1,False,0.9593414776283697,0.9593414776283697,0.0
ECGFiveDays,4,0.15,136,20,0.14705882352941177,point,point,linear,minirocket,minirocket,1,1,False,0.9988317757009346,0.9988317757009346,0.0
ECGFiveDays,4,0.15,136,20,0.14705882352941177,point,block,linear,minirocket,minirocket,1,1,False,0.9327960760613844,0.9327960760613844,0.0
ECGFiveDays,4,0.15,136,20,0.14705882352941177,block,point,linear,minirocket,minirocket,1,1,False,0.9988317757009346,0.9988317757009346,0.0
ECGFiveDays,4,0.15,136,20,0.14705882352941177,block,block,linear,minirocket,minirocket,1,1,False,0.9327960760613844,0.9327960760613844,0.0
ECGFiveDays,4,0.2,136,27,0.19852941176470587,point,point,linear,minirocket,minirocket,1,1,False,0.9964953271028038,0.9964953271028038,0.0
ECGFiveDays,4,0.2,136,27,0.19852941176470587,point,block,linear,minirocket,minirocket,1,1,False,0.891306576590188,0.891306576590188,0.0
ECGFiveDays,4,0.2,136,27,0.19852941176470587,block,point,linear,minirocket,minirocket,1,1,False,0.9964953271028038,0.9964953271028038,0.0
ECGFiveDays,4,0.2,136,27,0.19852941176470587,block,block,linear,minirocket,minirocket,1,1,False,0.891306576590188,0.891306576590188,0.0
ECGFiveDays,4,0.25,136,34,0.25,point,point,linear,minirocket,minirocket,1,1,False,0.9941723683926529,0.9941723683926529,0.0
ECGFiveDays,4,0.25,136,34,0.25,point,block,linear,minirocket,minirocket,1,1,False,0.8647611750232027,0.8647611750232027,0.0
ECGFiveDays,4,0.25,136,34,0.25,block,point,linear,minirocket,minirocket,1,1,False,0.9941723683926529,0.9941723683926529,0.0
ECGFiveDays,4,0.25,136,34,0.25,block,block,linear,minirocket,minirocket,1,1,False,0.8647611750232027,0.8647611750232027,0.0
ECGFiveDays,4,0.3,136,40,0.29411764705882354,point,point,linear,minirocket,minirocket,1,1,False,0.9953271028037383,0.9953271028037383,0.0
ECGFiveDays,4,0.3,136,40,0.29411764705882354,point,block,linear,minirocket,minirocket,1,1,False,0.8253922859424576,0.8253922859424576,0.0
ECGFiveDays,4,0.3,136,40,0.29411764705882354,block,point,linear,minirocket,minirocket,1,1,False,0.9953271028037383,0.9953271028037383,0.0
ECGFiveDays,4,0.3,136,40,0.29411764705882354,block,block,linear,minirocket,minirocket,1,1,False,0.8253922859424576,0.8253922859424576,0.0
ECGFiveDays,5,0.05,136,6,0.04411764705882353,point,point,linear,minirocket,minirocket,1,1,False,0.9918494096825019,0.9918494096825019,0.0
ECGFiveDays,5,0.05,136,6,0.04411764705882353,point,block,linear,minirocket,minirocket,1,1,False,0.9906811853834365,0.9906811853834365,0.0
ECGFiveDays,5,0.05,136,6,0.04411764705882353,block,point,linear,minirocket,minirocket,1,1,False,0.9918494096825019,0.9918494096825019,0.0
ECGFiveDays,5,0.05,136,6,0.04411764705882353,block,block,linear,minirocket,minirocket,1,1,False,0.9906811853834365,0.9906811853834365,0.0
ECGFiveDays,5,0.1,136,13,0.09558823529411764,point,point,linear,minirocket,minirocket,1,1,False,0.9918359197945221,0.9918359197945221,0.0
ECGFiveDays,5,0.1,136,13,0.09558823529411764,point,block,linear,minirocket,minirocket,1,1,False,0.9661889447670027,0.9661889447670027,0.0
ECGFiveDays,5,0.1,136,13,0.09558823529411764,block,point,linear,minirocket,minirocket,2,1,False,0.9918359197945221,0.9918359197945221,0.0
ECGFiveDays,5,0.1,136,13,0.09558823529411764,block,block,linear,minirocket,minirocket,2,1,False,0.9661889447670027,0.9661889447670027,0.0
ECGFiveDays,5,0.15,136,20,0.14705882352941177,point,point,linear,minirocket,minirocket,1,1,False,0.9941723683926529,0.9941723683926529,0.0
ECGFiveDays,5,0.15,136,20,0.14705882352941177,point,block,linear,minirocket,minirocket,1,1,False,0.9369968271783471,0.9369968271783471,0.0
ECGFiveDays,5,0.15,136,20,0.14705882352941177,block,point,linear,stat_rf,minirocket,1,1,True,0.6720635211845201,0.9941723683926529,0.3221088472081328
ECGFiveDays,5,0.15,136,20,0.14705882352941177,block,block,linear,stat_rf,minirocket,1,1,True,0.6651351147180073,0.9369968271783471,0.27186171246033974
ECGFiveDays,5,0.2,136,27,0.19852941176470587,point,point,linear,minirocket,minirocket,1,1,False,0.9918359197945221,0.9918359197945221,0.0
ECGFiveDays,5,0.2,136,27,0.19852941176470587,point,block,linear,minirocket,minirocket,1,1,False,0.8950082018518919,0.8950082018518919,0.0
ECGFiveDays,5,0.2,136,27,0.19852941176470587,block,point,linear,stat_rf,minirocket,1,1,True,0.6687611966070234,0.9918359197945221,0.32307472318749875
ECGFiveDays,5,0.2,136,27,0.19852941176470587,block,block,linear,stat_rf,minirocket,1,1,True,0.6478680581036454,0.8950082018518919,0.24714014374824644
ECGFiveDays,5,0.25,136,34,0.25,point,point,linear,minirocket,minirocket,1,1,False,0.9883582266732858,0.9883582266732858,0.0
ECGFiveDays,5,0.25,136,34,0.25,point,block,linear,minirocket,minirocket,1,1,False,0.8659374932550561,0.8659374932550561,0.0
ECGFiveDays,5,0.25,136,34,0.25,block,point,linear,stat_rf,minirocket,1,1,True,0.6271098184800673,0.9883582266732858,0.36124840819321846
ECGFiveDays,5,0.25,136,34,0.25,block,block,linear,stat_rf,minirocket,1,1,True,0.6282240832272129,0.8659374932550561,0.23771341002784319
ECGFiveDays,5,0.3,136,40,0.29411764705882354,point,point,linear,minirocket,minirocket,1,1,False,0.9883447367853058,0.9883447367853058,0.0
ECGFiveDays,5,0.3,136,40,0.29411764705882354,point,block,linear,minirocket,minirocket,1,1,False,0.8402635384515766,0.8402635384515766,0.0
ECGFiveDays,5,0.3,136,40,0.29411764705882354,block,point,linear,stat_rf,minirocket,1,1,True,0.6469156720122596,0.9883447367853058,0.34142906477304613
ECGFiveDays,5,0.3,136,40,0.29411764705882354,block,block,linear,stat_rf,minirocket,1,1,True,0.613226025771082,0.8402635384515766,0.22703751268049466
FaceFour,1,0.05,350,17,0.04857142857142857,point,point,linear,minirocket,minirocket,2,1,False,0.9790209790209791,0.9790209790209791,0.0
FaceFour,1,0.05,350,17,0.04857142857142857,point,block,linear,minirocket,minirocket,2,1,False,0.9597902097902098,0.9597902097902098,0.0
FaceFour,1,0.05,350,17,0.04857142857142857,block,point,linear,minirocket,minirocket,2,1,False,0.9790209790209791,0.9790209790209791,0.0
FaceFour,1,0.05,350,17,0.04857142857142857,block,block,linear,minirocket,minirocket,2,1,False,0.9597902097902098,0.9597902097902098,0.0
FaceFour,1,0.1,350,35,0.1,point,point,linear,dtw,minirocket,2,1,True,0.826048951048951,0.9790209790209791,0.15297202797202802
FaceFour,1,0.1,350,35,0.1,point,block,linear,dtw,minirocket,2,1,True,0.7146603396603396,0.951923076923077,0.2372627372627374
FaceFour,1,0.1,350,35,0.1,block,point,linear,minirocket,minirocket,1,1,False,0.9790209790209791,0.9790209790209791,0.0
FaceFour,1,0.1,350,35,0.1,block,block,linear,minirocket,minirocket,1,1,False,0.951923076923077,0.951923076923077,0.0
FaceFour,1,0.15,350,52,0.14857142857142858,point,point,linear,minirocket,minirocket,1,1,False,0.9790209790209791,0.9790209790209791,0.0
FaceFour,1,0.15,350,52,0.14857142857142858,point,block,linear,minirocket,minirocket,1,1,False,0.8824925074925075,0.8824925074925075,0.0
FaceFour,1,0.15,350,52,0.14857142857142858,block,point,linear,dtw,minirocket,2,1,True,0.826048951048951,0.9790209790209791,0.15297202797202802
FaceFour,1,0.15,350,52,0.14857142857142858,block,block,linear,dtw,minirocket,2,1,True,0.6534715284715286,0.8824925074925075,0.22902097902097895
FaceFour,1,0.2,350,70,0.2,point,point,linear,minirocket,minirocket,2,1,False,0.9790209790209791,0.9790209790209791,0.0
FaceFour,1,0.2,350,70,0.2,point,block,linear,minirocket,minirocket,2,1,False,0.7265234765234766,0.7265234765234766,0.0
FaceFour,1,0.2,350,70,0.2,block,point,linear,minirocket,minirocket,1,1,False,0.9790209790209791,0.9790209790209791,0.0
FaceFour,1,0.2,350,70,0.2,block,block,linear,minirocket,minirocket,1,1,False,0.7265234765234766,0.7265234765234766,0.0
FaceFour,1,0.25,350,87,0.24857142857142858,point,point,linear,dtw,minirocket,2,1,True,0.8452797202797202,0.9790209790209791,0.13374125874125886
FaceFour,1,0.25,350,87,0.24857142857142858,point,block,linear,dtw,minirocket,2,1,True,0.4686563436563437,0.6592157842157842,0.19055944055944052
FaceFour,1,0.25,350,87,0.24857142857142858,block,point,linear,minirocket,minirocket,1,1,False,0.9790209790209791,0.9790209790209791,0.0
FaceFour,1,0.25,350,87,0.24857142857142858,block,block,linear,minirocket,minirocket,1,1,False,0.6592157842157842,0.6592157842157842,0.0
FaceFour,1,0.3,350,105,0.3,point,point,linear,dtw,minirocket,2,1,True,0.8566433566433567,0.9790209790209791,0.1223776223776224
FaceFour,1,0.3,350,105,0.3,point,block,linear,dtw,minirocket,2,1,True,0.38274225774225773,0.5658091908091908,0.18306693306693306
FaceFour,1,0.3,350,105,0.3,block,point,linear,minirocket,minirocket,3,1,False,0.9790209790209791,0.9790209790209791,0.0
FaceFour,1,0.3,350,105,0.3,block,block,linear,minirocket,minirocket,3,1,False,0.5658091908091908,0.5658091908091908,0.0
FaceFour,2,0.05,350,17,0.04857142857142857,point,point,linear,minirocket,minirocket,2,1,False,0.9117132867132868,0.9117132867132868,0.0
FaceFour,2,0.05,350,17,0.04857142857142857,point,block,linear,minirocket,minirocket,2,1,False,0.9020979020979021,0.9020979020979021,0.0
FaceFour,2,0.05,350,17,0.04857142857142857,block,point,linear,minirocket,minirocket,2,1,False,0.9117132867132868,0.9117132867132868,0.0
FaceFour,2,0.05,350,17,0.04857142857142857,block,block,linear,minirocket,minirocket,2,1,False,0.9020979020979021,0.9020979020979021,0.0
FaceFour,2,0.1,350,35,0.1,point,point,linear,minirocket,minirocket,2,1,False,0.9213286713286714,0.9213286713286714,0.0
FaceFour,2,0.1,350,35,0.1,point,block,linear,minirocket,minirocket,2,1,False,0.9020979020979022,0.9020979020979022,0.0
FaceFour,2,0.1,350,35,0.1,block,point,linear,minirocket,minirocket,1,1,False,0.9213286713286714,0.9213286713286714,0.0
FaceFour,2,0.1,350,35,0.1,block,block,linear,minirocket,minirocket,1,1,False,0.9020979020979022,0.9020979020979022,0.0
FaceFour,2,0.15,350,52,0.14857142857142858,point,point,linear,dtw,minirocket,2,1,True,0.8583916083916084,0.9117132867132868,0.053321678321678334
FaceFour,2,0.15,350,52,0.14857142857142858,point,block,linear,dtw,minirocket,2,1,True,0.6487262737262737,0.8903596403596404,0.24163336663336676
FaceFour,2,0.15,350,52,0.14857142857142858,block,point,linear,minirocket,minirocket,1,1,False,0.9117132867132868,0.9117132867132868,0.0
FaceFour,2,0.15,350,52,0.14857142857142858,block,block,linear,minirocket,minirocket,1,1,False,0.8903596403596404,0.8903596403596404,0.0
FaceFour,2,0.2,350,70,0.2,point,point,linear,dtw,minirocket,2,1,True,0.8583916083916084,0.9117132867132868,0.053321678321678334
FaceFour,2,0.2,350,70,0.2,point,block,linear,dtw,minirocket,2,1,True,0.5621878121878121,0.744005994005994,0.18181818181818188
FaceFour,2,0.2,350,70,0.2,block,point,linear,dtw,minirocket,2,1,True,0.8583916083916084,0.9117132867132868,0.053321678321678334
FaceFour,2,0.2,350,70,0.2,block,block,linear,dtw,minirocket,2,1,True,0.5621878121878121,0.744005994005994,0.18181818181818188
FaceFour,2,0.25,350,87,0.24857142857142858,point,point,linear,dtw,minirocket,2,1,True,0.868006993006993,0.9117132867132868,0.04370629370629375
FaceFour,2,0.25,350,87,0.24857142857142858,point,block,linear,dtw,minirocket,2,1,True,0.4721528471528471,0.6855644355644355,0.21341158841158836
FaceFour,2,0.25,350,87,0.24857142857142858,block,point,linear,dtw,minirocket,1,1,True,0.868006993006993,0.9117132867132868,0.04370629370629375
FaceFour,2,0.25,350,87,0.24857142857142858,block,block,linear,dtw,minirocket,1,1,True,0.4721528471528471,0.6855644355644355,0.21341158841158836
FaceFour,2,0.3,350,105,0.3,point,point,linear,minirocket,minirocket,2,1,False,0.9230769230769231,0.9230769230769231,0.0
FaceFour,2,0.3,350,105,0.3,point,block,linear,minirocket,minirocket,2,1,False,0.5711788211788211,0.5711788211788211,0.0
FaceFour,2,0.3,350,105,0.3,block,point,linear,stat_rf,minirocket,2,1,True,0.5579420579420579,0.9230769230769231,0.36513486513486526
FaceFour,2,0.3,350,105,0.3,block,block,linear,stat_rf,minirocket,2,1,True,0.3201798201798202,0.5711788211788211,0.2509990009990009
FaceFour,3,0.05,350,17,0.04857142857142857,point,point,linear,minirocket,minirocket,2,1,False,0.9790209790209791,0.9790209790209791,0.0
FaceFour,3,0.05,350,17,0.04857142857142857,point,block,linear,minirocket,minirocket,2,1,False,0.9694055944055945,0.9694055944055945,0.0
FaceFour,3,0.05,350,17,0.04857142857142857,block,point,linear,dtw,minirocket,2,1,True,0.8566433566433567,0.9790209790209791,0.1223776223776224
FaceFour,3,0.05,350,17,0.04857142857142857,block,block,linear,dtw,minirocket,2,1,True,0.7954545454545454,0.9694055944055945,0.17395104895104907
FaceFour,3,0.1,350,35,0.1,point,point,linear,minirocket,minirocket,2,1,False,0.9790209790209791,0.9790209790209791,0.0
FaceFour,3,0.1,350,35,0.1,point,block,linear,minirocket,minirocket,2,1,False,0.9711538461538461,0.9711538461538461,0.0
FaceFour,3,0.1,350,35,0.1,block,point,linear,minirocket,minirocket,1,1,False,0.9790209790209791,0.9790209790209791,0.0
FaceFour,3,0.1,350,35,0.1,block,block,linear,minirocket,minirocket,1,1,False,0.9711538461538461,0.9711538461538461,0.0
FaceFour,3,0.15,350,52,0.14857142857142858,point,point,linear,dtw,minirocket,2,1,True,0.8487762237762239,0.9790209790209791,0.1302447552447552
FaceFour,3,0.15,350,52,0.14857142857142858,point,block,linear,dtw,minirocket,2,1,True,0.6377372627372627,0.9195804195804196,0.28184315684315686
FaceFour,3,0.15,350,52,0.14857142857142858,block,point,linear,minirocket,minirocket,1,1,False,0.9790209790209791,0.9790209790209791,0.0
FaceFour,3,0.15,350,52,0.14857142857142858,block,block,linear,minirocket,minirocket,1,1,False,0.9195804195804196,0.9195804195804196,0.0
FaceFour,3,0.2,350,70,0.2,point,point,linear,dtw,minirocket,2,1,True,0.8435314685314685,0.9790209790209791,0.13548951048951052
FaceFour,3,0.2,350,70,0.2,point,block,linear,dtw,minirocket,2,1,True,0.5425824175824175,0.8422827172827173,0.29970029970029977
FaceFour,3,0.2,350,70,0.2,block,point,linear,minirocket,minirocket,1,1,False,0.9790209790209791,0.9790209790209791,0.0
FaceFour,3,0.2,350,70,0.2,block,block,linear,minirocket,minirocket,1,1,False,0.8422827172827173,0.8422827172827173,0.0
FaceFour,3,0.25,350,87,0.24857142857142858,point,point,linear,dtw,minirocket,2,1,True,0.8662587412587412,0.9790209790209791,0.11276223776223782
FaceFour,3,0.25,350,87,0.24857142857142858,point,block,linear,dtw,minirocket,2,1,True,0.4714035964035964,0.7732267732267732,0.30182317682317683
FaceFour,3,0.25,350,87,0.24857142857142858,block,point,linear,minirocket,minirocket,1,1,False,0.9790209790209791,0.9790209790209791,0.0
FaceFour,3,0.25,350,87,0.24857142857142858,block,block,linear,minirocket,minirocket,1,1,False,0.7732267732267732,0.7732267732267732,0.0
FaceFour,3,0.3,350,105,0.3,point,point,linear,minirocket,minirocket,2,1,False,0.9903846153846154,0.9903846153846154,0.0
FaceFour,3,0.3,350,105,0.3,point,block,linear,minirocket,minirocket,2,1,False,0.7347652347652348,0.7347652347652348,0.0
FaceFour,3,0.3,350,105,0.3,block,point,linear,minirocket,minirocket,1,1,False,0.9903846153846154,0.9903846153846154,0.0
FaceFour,3,0.3,350,105,0.3,block,block,linear,minirocket,minirocket,1,1,False,0.7347652347652348,0.7347652347652348,0.0
FaceFour,4,0.05,350,17,0.04857142857142857,point,point,linear,minirocket,minirocket,1,1,False,0.9790209790209791,0.9790209790209791,0.0
FaceFour,4,0.05,350,17,0.04857142857142857,point,block,linear,minirocket,minirocket,1,1,False,0.9501748251748252,0.9501748251748252,0.0
FaceFour,4,0.05,350,17,0.04857142857142857,block,point,linear,minirocket,minirocket,1,1,False,0.9790209790209791,0.9790209790209791,0.0
FaceFour,4,0.05,350,17,0.04857142857142857,block,block,linear,minirocket,minirocket,1,1,False,0.9501748251748252,0.9501748251748252,0.0
FaceFour,4,0.1,350,35,0.1,point,point,linear,minirocket,minirocket,1,1,False,0.9790209790209791,0.9790209790209791,0.0
FaceFour,4,0.1,350,35,0.1,point,block,linear,minirocket,minirocket,1,1,False,0.9694055944055945,0.9694055944055945,0.0
FaceFour,4,0.1,350,35,0.1,block,point,linear,minirocket,minirocket,1,1,False,0.9790209790209791,0.9790209790209791,0.0
FaceFour,4,0.1,350,35,0.1,block,block,linear,minirocket,minirocket,1,1,False,0.9694055944055945,0.9694055944055945,0.0
FaceFour,4,0.15,350,52,0.14857142857142858,point,point,linear,minirocket,minirocket,1,1,False,0.9694055944055945,0.9694055944055945,0.0
FaceFour,4,0.15,350,52,0.14857142857142858,point,block,linear,minirocket,minirocket,1,1,False,0.9227022977022977,0.9227022977022977,0.0
FaceFour,4,0.15,350,52,0.14857142857142858,block,point,linear,minirocket,minirocket,1,1,False,0.9694055944055945,0.9694055944055945,0.0
FaceFour,4,0.15,350,52,0.14857142857142858,block,block,linear,minirocket,minirocket,1,1,False,0.9227022977022977,0.9227022977022977,0.0
FaceFour,4,0.2,350,70,0.2,point,point,linear,minirocket,minirocket,1,1,False,0.9694055944055945,0.9694055944055945,0.0
FaceFour,4,0.2,350,70,0.2,point,block,linear,minirocket,minirocket,1,1,False,0.7671078921078922,0.7671078921078922,0.0
FaceFour,4,0.2,350,70,0.2,block,point,linear,minirocket,minirocket,1,1,False,0.9694055944055945,0.9694055944055945,0.0
FaceFour,4,0.2,350,70,0.2,block,block,linear,minirocket,minirocket,1,1,False,0.7671078921078922,0.7671078921078922,0.0
FaceFour,4,0.25,350,87,0.24857142857142858,point,point,linear,minirocket,minirocket,1,1,False,0.9790209790209791,0.9790209790209791,0.0
FaceFour,4,0.25,350,87,0.24857142857142858,point,block,linear,minirocket,minirocket,1,1,False,0.7636113886113887,0.7636113886113887,0.0
FaceFour,4,0.25,350,87,0.24857142857142858,block,point,linear,minirocket,minirocket,1,1,False,0.9790209790209791,0.9790209790209791,0.0
FaceFour,4,0.25,350,87,0.24857142857142858,block,block,linear,minirocket,minirocket,1,1,False,0.7636113886113887,0.7636113886113887,0.0
FaceFour,4,0.3,350,105,0.3,point,point,linear,minirocket,minirocket,1,1,False,0.9790209790209791,0.9790209790209791,0.0
FaceFour,4,0.3,350,105,0.3,point,block,linear,minirocket,minirocket,1,1,False,0.5929070929070929,0.5929070929070929,0.0
FaceFour,4,0.3,350,105,0.3,block,point,linear,minirocket,minirocket,1,1,False,0.9790209790209791,0.9790209790209791,0.0
FaceFour,4,0.3,350,105,0.3,block,block,linear,minirocket,minirocket,1,1,False,0.5929070929070929,0.5929070929070929,0.0
FaceFour,5,0.05,350,17,0.04857142857142857,point,point,linear,minirocket,minirocket,1,1,False,0.9772727272727273,0.9772727272727273,0.0
FaceFour,5,0.05,350,17,0.04857142857142857,point,block,linear,minirocket,minirocket,1,1,False,0.9676573426573427,0.9676573426573427,0.0
FaceFour,5,0.05,350,17,0.04857142857142857,block,point,linear,minirocket,minirocket,1,1,False,0.9772727272727273,0.9772727272727273,0.0
FaceFour,5,0.05,350,17,0.04857142857142857,block,block,linear,minirocket,minirocket,1,1,False,0.9676573426573427,0.9676573426573427,0.0
FaceFour,5,0.1,350,35,0.1,point,point,linear,minirocket,minirocket,1,1,False,0.9772727272727273,0.9772727272727273,0.0
FaceFour,5,0.1,350,35,0.1,point,block,linear,minirocket,minirocket,1,1,False,0.9484265734265734,0.9484265734265734,0.0
FaceFour,5,0.1,350,35,0.1,block,point,linear,minirocket,minirocket,1,1,False,0.9772727272727273,0.9772727272727273,0.0
FaceFour,5,0.1,350,35,0.1,block,block,linear,minirocket,minirocket,1,1,False,0.9484265734265734,0.9484265734265734,0.0
FaceFour,5,0.15,350,52,0.14857142857142858,point,point,linear,minirocket,minirocket,1,1,False,0.9772727272727273,0.9772727272727273,0.0
FaceFour,5,0.15,350,52,0.14857142857142858,point,block,linear,minirocket,minirocket,1,1,False,0.8597652347652348,0.8597652347652348,0.0
FaceFour,5,0.15,350,52,0.14857142857142858,block,point,linear,minirocket,minirocket,1,1,False,0.9772727272727273,0.9772727272727273,0.0
FaceFour,5,0.15,350,52,0.14857142857142858,block,block,linear,minirocket,minirocket,1,1,False,0.8597652347652348,0.8597652347652348,0.0
FaceFour,5,0.2,350,70,0.2,point,point,linear,minirocket,minirocket,1,1,False,0.9772727272727273,0.9772727272727273,0.0
FaceFour,5,0.2,350,70,0.2,point,block,linear,minirocket,minirocket,1,1,False,0.7388861138861139,0.7388861138861139,0.0
FaceFour,5,0.2,350,70,0.2,block,point,linear,minirocket,minirocket,1,1,False,0.9772727272727273,0.9772727272727273,0.0
FaceFour,5,0.2,350,70,0.2,block,block,linear,minirocket,minirocket,1,1,False,0.7388861138861139,0.7388861138861139,0.0
FaceFour,5,0.25,350,87,0.24857142857142858,point,point,linear,minirocket,minirocket,1,1,False,0.9772727272727273,0.9772727272727273,0.0
FaceFour,5,0.25,350,87,0.24857142857142858,point,block,linear,minirocket,minirocket,1,1,False,0.6928071928071928,0.6928071928071928,0.0
FaceFour,5,0.25,350,87,0.24857142857142858,block,point,linear,dtw,minirocket,3,1,True,0.6949300699300699,0.9772727272727273,0.2823426573426574
FaceFour,5,0.25,350,87,0.24857142857142858,block,block,linear,dtw,minirocket,3,1,True,0.4102147852147852,0.6928071928071928,0.2825924075924076
FaceFour,5,0.3,350,105,0.3,point,point,linear,minirocket,minirocket,1,1,False,0.9772727272727273,0.9772727272727273,0.0
FaceFour,5,0.3,350,105,0.3,point,block,linear,minirocket,minirocket,1,1,False,0.5925324675324675,0.5925324675324675,0.0
FaceFour,5,0.3,350,105,0.3,block,point,linear,minirocket,minirocket,1,1,False,0.9772727272727273,0.9772727272727273,0.0
FaceFour,5,0.3,350,105,0.3,block,block,linear,minirocket,minirocket,1,1,False,0.5925324675324675,0.5925324675324675,0.0
FacesUCR,1,0.05,131,6,0.04580152671755725,point,point,linear,minirocket,minirocket,1,1,False,0.9376895106399489,0.9376895106399489,0.0
FacesUCR,1,0.05,131,6,0.04580152671755725,point,block,linear,minirocket,minirocket,1,1,False,0.9284959305922564,0.9284959305922564,0.0
FacesUCR,1,0.05,131,6,0.04580152671755725,block,point,linear,minirocket,minirocket,1,1,False,0.9376895106399489,0.9376895106399489,0.0
FacesUCR,1,0.05,131,6,0.04580152671755725,block,block,linear,minirocket,minirocket,1,1,False,0.9284959305922564,0.9284959305922564,0.0
FacesUCR,1,0.1,131,13,0.09923664122137404,point,point,linear,minirocket,minirocket,1,1,False,0.937158379830463,0.937158379830463,0.0
FacesUCR,1,0.1,131,13,0.09923664122137404,point,block,linear,minirocket,minirocket,1,1,False,0.8823306778307677,0.8823306778307677,0.0
FacesUCR,1,0.1,131,13,0.09923664122137404,block,point,linear,minirocket,minirocket,1,1,False,0.937158379830463,0.937158379830463,0.0
FacesUCR,1,0.1,131,13,0.09923664122137404,block,block,linear,minirocket,minirocket,1,1,False,0.8823306778307677,0.8823306778307677,0.0
FacesUCR,1,0.15,131,19,0.1450381679389313,point,point,linear,minirocket,minirocket,1,1,False,0.9378814358250477,0.9378814358250477,0.0
FacesUCR,1,0.15,131,19,0.1450381679389313,point,block,linear,minirocket,minirocket,1,1,False,0.814300799367737,0.814300799367737,0.0
FacesUCR,1,0.15,131,19,0.1450381679389313,block,point,linear,minirocket,minirocket,1,1,False,0.9378814358250477,0.9378814358250477,0.0
FacesUCR,1,0.15,131,19,0.1450381679389313,block,block,linear,minirocket,minirocket,1,1,False,0.814300799367737,0.814300799367737,0.0
FacesUCR,1,0.2,131,26,0.1984732824427481,point,point,linear,minirocket,minirocket,1,1,False,0.9354107865378307,0.9354107865378307,0.0
FacesUCR,1,0.2,131,26,0.1984732824427481,point,block,linear,minirocket,minirocket,1,1,False,0.7179924497939073,0.7179924497939073,0.0
FacesUCR,1,0.2,131,26,0.1984732824427481,block,point,linear,minirocket,minirocket,1,1,False,0.9354107865378307,0.9354107865378307,0.0
FacesUCR,1,0.2,131,26,0.1984732824427481,block,block,linear,minirocket,minirocket,1,1,False,0.7179924497939073,0.7179924497939073,0.0
FacesUCR,1,0.25,131,32,0.24427480916030533,point,point,linear,minirocket,minirocket,1,1,False,0.9404769167285821,0.9404769167285821,0.0
FacesUCR,1,0.25,131,32,0.24427480916030533,point,block,linear,minirocket,minirocket,1,1,False,0.604519173981046,0.604519173981046,0.0
FacesUCR,1,0.25,131,32,0.24427480916030533,block,point,linear,minirocket,minirocket,1,1,False,0.9404769167285821,0.9404769167285821,0.0
FacesUCR,1,0.25,131,32,0.24427480916030533,block,block,linear,minirocket,minirocket,1,1,False,0.604519173981046,0.604519173981046,0.0
FacesUCR,1,0.3,131,39,0.29770992366412213,point,point,linear,minirocket,minirocket,1,1,False,0.9318009636410259,0.9318009636410259,0.0
FacesUCR,1,0.3,131,39,0.29770992366412213,point,block,linear,minirocket,minirocket,1,1,False,0.49211020798081656,0.49211020798081656,0.0
FacesUCR,1,0.3,131,39,0.29770992366412213,block,point,linear,minirocket,minirocket,1,1,False,0.9318009636410259,0.9318009636410259,0.0
FacesUCR,1,0.3,131,39,0.29770992366412213,block,block,linear,minirocket,minirocket,1,1,False,0.49211020798081656,0.49211020798081656,0.0
FacesUCR,2,0.05,131,6,0.04580152671755725,point,point,linear,minirocket,minirocket,1,1,False,0.9323534153160881,0.9323534153160881,0.0
FacesUCR,2,0.05,131,6,0.04580152671755725,point,block,linear,minirocket,minirocket,1,1,False,0.9233714026928432,0.9233714026928432,0.0
FacesUCR,2,0.05,131,6,0.04580152671755725,block,point,linear,minirocket,minirocket,1,1,False,0.9323534153160881,0.9323534153160881,0.0
FacesUCR,2,0.05,131,6,0.04580152671755725,block,block,linear,minirocket,minirocket,1,1,False,0.9233714026928432,0.9233714026928432,0.0
FacesUCR,2,0.1,131,13,0.09923664122137404,point,point,linear,minirocket,minirocket,1,1,False,0.9298123739910693,0.9298123739910693,0.0
FacesUCR,2,0.1,131,13,0.09923664122137404,point,block,linear,minirocket,minirocket,1,1,False,0.8801689138072467,0.8801689138072467,0.0
FacesUCR,2,0.1,131,13,0.09923664122137404,block,point,linear,minirocket,minirocket,1,1,False,0.9298123739910693,0.9298123739910693,0.0
FacesUCR,2,0.1,131,13,0.09923664122137404,block,block,linear,minirocket,minirocket,1,1,False,0.8801689138072467,0.8801689138072467,0.0
FacesUCR,2,0.15,131,19,0.1450381679389313,point,point,linear,minirocket,minirocket,1,1,False,0.9352675690082802,0.9352675690082802,0.0
FacesUCR,2,0.15,131,19,0.1450381679389313,point,block,linear,minirocket,minirocket,1,1,False,0.830632590689829,0.830632590689829,0.0
FacesUCR,2,0.15,131,19,0.1450381679389313,block,point,linear,minirocket,minirocket,1,1,False,0.9352675690082802,0.9352675690082802,0.0
FacesUCR,2,0.15,131,19,0.1450381679389313,block,block,linear,minirocket,minirocket,1,1,False,0.830632590689829,0.830632590689829,0.0
FacesUCR,2,0.2,131,26,0.1984732824427481,point,point,linear,minirocket,minirocket,1,1,False,0.9391887570835842,0.9391887570835842,0.0
FacesUCR,2,0.2,131,26,0.1984732824427481,point,block,linear,minirocket,minirocket,1,1,False,0.7159571113585576,0.7159571113585576,0.0
FacesUCR,2,0.2,131,26,0.1984732824427481,block,point,linear,minirocket,minirocket,1,1,False,0.9391887570835842,0.9391887570835842,0.0
FacesUCR,2,0.2,131,26,0.1984732824427481,block,block,linear,minirocket,minirocket,1,1,False,0.7159571113585576,0.7159571113585576,0.0
FacesUCR,2,0.25,131,32,0.24427480916030533,point,point,linear,minirocket,minirocket,1,1,False,0.9311120635892254,0.9311120635892254,0.0
FacesUCR,2,0.25,131,32,0.24427480916030533,point,block,linear,minirocket,minirocket,1,1,False,0.5920084091507497,0.5920084091507497,0.0
FacesUCR,2,0.25,131,32,0.24427480916030533,block,point,linear,minirocket,minirocket,1,1,False,0.9311120635892254,0.9311120635892254,0.0
FacesUCR,2,0.25,131,32,0.24427480916030533,block,block,linear,minirocket,minirocket,1,1,False,0.5920084091507497,0.5920084091507497,0.0
FacesUCR,2,0.3,131,39,0.29770992366412213,point,point,linear,minirocket,minirocket,1,1,False,0.9314972221735136,0.9314972221735136,0.0
FacesUCR,2,0.3,131,39,0.29770992366412213,point,block,linear,minirocket,minirocket,1,1,False,0.44342944912764853,0.44342944912764853,0.0
FacesUCR,2,0.3,131,39,0.29770992366412213,block,point,linear,minirocket,minirocket,1,1,False,0.9314972221735136,0.9314972221735136,0.0
FacesUCR,2,0.3,131,39,0.29770992366412213,block,block,linear,minirocket,minirocket,1,1,False,0.44342944912764853,0.44342944912764853,0.0
FacesUCR,3,0.05,131,6,0.04580152671755725,point,point,linear,minirocket,minirocket,1,1,False,0.9302277702252499,0.9302277702252499,0.0
FacesUCR,3,0.05,131,6,0.04580152671755725,point,block,linear,minirocket,minirocket,1,1,False,0.9174033764499321,0.9174033764499321,0.0
FacesUCR,3,0.05,131,6,0.04580152671755725,block,point,linear,minirocket,minirocket,1,1,False,0.9302277702252499,0.9302277702252499,0.0
FacesUCR,3,0.05,131,6,0.04580152671755725,block,block,linear,minirocket,minirocket,1,1,False,0.9174033764499321,0.9174033764499321,0.0
FacesUCR,3,0.1,131,13,0.09923664122137404,point,point,linear,minirocket,minirocket,1,1,False,0.9343918169332548,0.9343918169332548,0.0
FacesUCR,3,0.1,131,13,0.09923664122137404,point,block,linear,minirocket,minirocket,1,1,False,0.8671861991784595,0.8671861991784595,0.0
FacesUCR,3,0.1,131,13,0.09923664122137404,block,point,linear,minirocket,minirocket,1,1,False,0.9343918169332548,0.9343918169332548,0.0
FacesUCR,3,0.1,131,13,0.09923664122137404,block,block,linear,minirocket,minirocket,1,1,False,0.8671861991784595,0.8671861991784595,0.0
FacesUCR,3,0.15,131,19,0.1450381679389313,point,point,linear,minirocket,minirocket,1,1,False,0.9351457780032336,0.9351457780032336,0.0
FacesUCR,3,0.15,131,19,0.1450381679389313,point,block,linear,minirocket,minirocket,1,1,False,0.8016987193419144,0.8016987193419144,0.0
FacesUCR,3,0.15,131,19,0.1450381679389313,block,point,linear,minirocket,minirocket,1,1,False,0.9351457780032336,0.9351457780032336,0.0
FacesUCR,3,0.15,131,19,0.1450381679389313,block,block,linear,minirocket,minirocket,1,1,False,0.8016987193419144,0.8016987193419144,0.0
FacesUCR,3,0.2,131,26,0.1984732824427481,point,point,linear,minirocket,minirocket,1,1,False,0.9351273495150867,0.9351273495150867,0.0
FacesUCR,3,0.2,131,26,0.1984732824427481,point,block,linear,minirocket,minirocket,1,1,False,0.7048269969702223,0.7048269969702223,0.0
FacesUCR,3,0.2,131,26,0.1984732824427481,block,point,linear,minirocket,minirocket,1,1,False,0.9351273495150867,0.9351273495150867,0.0
FacesUCR,3,0.2,131,26,0.1984732824427481,block,block,linear,minirocket,minirocket,1,1,False,0.7048269969702223,0.7048269969702223,0.0
FacesUCR,3,0.25,131,32,0.24427480916030533,point,point,linear,minirocket,minirocket,1,1,False,0.9357818975123983,0.9357818975123983,0.0
FacesUCR,3,0.25,131,32,0.24427480916030533,point,block,linear,minirocket,minirocket,1,1,False,0.5913754716369579,0.5913754716369579,0.0
FacesUCR,3,0.25,131,32,0.24427480916030533,block,point,linear,minirocket,minirocket,1,1,False,0.9357818975123983,0.9357818975123983,0.0
FacesUCR,3,0.25,131,32,0.24427480916030533,block,block,linear,minirocket,minirocket,1,1,False,0.5913754716369579,0.5913754716369579,0.0
FacesUCR,3,0.3,131,39,0.29770992366412213,point,point,linear,minirocket,minirocket,1,1,False,0.9279325550418518,0.9279325550418518,0.0
FacesUCR,3,0.3,131,39,0.29770992366412213,point,block,linear,minirocket,minirocket,1,1,False,0.4714721707583883,0.4714721707583883,0.0
FacesUCR,3,0.3,131,39,0.29770992366412213,block,point,linear,minirocket,minirocket,1,1,False,0.9279325550418518,0.9279325550418518,0.0
FacesUCR,3,0.3,131,39,0.29770992366412213,block,block,linear,minirocket,minirocket,1,1,False,0.4714721707583883,0.4714721707583883,0.0
FacesUCR,4,0.05,131,6,0.04580152671755725,point,point,linear,minirocket,minirocket,1,1,False,0.9314296318803773,0.9314296318803773,0.0
FacesUCR,4,0.05,131,6,0.04580152671755725,point,block,linear,minirocket,minirocket,1,1,False,0.9206414325091216,0.9206414325091216,0.0
FacesUCR,4,0.05,131,6,0.04580152671755725,block,point,linear,minirocket,minirocket,1,1,False,0.9314296318803773,0.9314296318803773,0.0
FacesUCR,4,0.05,131,6,0.04580152671755725,block,block,linear,minirocket,minirocket,1,1,False,0.9206414325091216,0.9206414325091216,0.0
FacesUCR,4,0.1,131,13,0.09923664122137404,point,point,linear,minirocket,minirocket,1,1,False,0.9339663222404525,0.9339663222404525,0.0
FacesUCR,4,0.1,131,13,0.09923664122137404,point,block,linear,minirocket,minirocket,1,1,False,0.864299883453547,0.864299883453547,0.0
FacesUCR,4,0.1,131,13,0.09923664122137404,block,point,linear,minirocket,minirocket,1,1,False,0.9339663222404525,0.9339663222404525,0.0
FacesUCR,4,0.1,131,13,0.09923664122137404,block,block,linear,minirocket,minirocket,1,1,False,0.864299883453547,0.864299883453547,0.0
FacesUCR,4,0.15,131,19,0.1450381679389313,point,point,linear,minirocket,minirocket,1,1,False,0.9307004312378554,0.9307004312378554,0.0
FacesUCR,4,0.15,131,19,0.1450381679389313,point,block,linear,minirocket,minirocket,1,1,False,0.7863896439860024,0.7863896439860024,0.0
FacesUCR,4,0.15,131,19,0.1450381679389313,block,point,linear,minirocket,minirocket,1,1,False,0.9307004312378554,0.9307004312378554,0.0
FacesUCR,4,0.15,131,19,0.1450381679389313,block,block,linear,minirocket,minirocket,1,1,False,0.7863896439860024,0.7863896439860024,0.0
FacesUCR,4,0.2,131,26,0.1984732824427481,point,point,linear,minirocket,minirocket,1,1,False,0.9294265801850768,0.9294265801850768,0.0
FacesUCR,4,0.2,131,26,0.1984732824427481,point,block,linear,minirocket,minirocket,1,1,False,0.6682862608751501,0.6682862608751501,0.0
FacesUCR,4,0.2,131,26,0.1984732824427481,block,point,linear,minirocket,minirocket,1,1,False,0.9294265801850768,0.9294265801850768,0.0
FacesUCR,4,0.2,131,26,0.1984732824427481,block,block,linear,minirocket,minirocket,1,1,False,0.6682862608751501,0.6682862608751501,0.0
FacesUCR,4,0.25,131,32,0.24427480916030533,point,point,linear,minirocket,minirocket,1,1,False,0.936194938911913,0.936194938911913,0.0
FacesUCR,4,0.25,131,32,0.24427480916030533,point,block,linear,minirocket,minirocket,1,1,False,0.5742640307244077,0.5742640307244077,0.0
FacesUCR,4,0.25,131,32,0.24427480916030533,block,point,linear,minirocket,minirocket,1,1,False,0.936194938911913,0.936194938911913,0.0
FacesUCR,4,0.25,131,32,0.24427480916030533,block,block,linear,minirocket,minirocket,1,1,False,0.5742640307244077,0.5742640307244077,0.0
FacesUCR,4,0.3,131,39,0.29770992366412213,point,point,linear,minirocket,minirocket,1,1,False,0.9295660336657449,0.9295660336657449,0.0
FacesUCR,4,0.3,131,39,0.29770992366412213,point,block,linear,minirocket,minirocket,1,1,False,0.44947144315192267,0.44947144315192267,0.0
FacesUCR,4,0.3,131,39,0.29770992366412213,block,point,linear,dtw,minirocket,1,1,True,0.8088779249590633,0.9295660336657449,0.12068810870668156
FacesUCR,4,0.3,131,39,0.29770992366412213,block,block,linear,dtw,minirocket,1,1,True,0.4236228312673646,0.44947144315192267,0.02584861188455806
FacesUCR,5,0.05,131,6,0.04580152671755725,point,point,linear,minirocket,minirocket,1,1,False,0.9293953365946624,0.9293953365946624,0.0
FacesUCR,5,0.05,131,6,0.04580152671755725,point,block,linear,minirocket,minirocket,1,1,False,0.9284437335753204,0.9284437335753204,0.0
FacesUCR,5,0.05,131,6,0.04580152671755725,block,point,linear,minirocket,minirocket,1,1,False,0.9293953365946624,0.9293953365946624,0.0
FacesUCR,5,0.05,131,6,0.04580152671755725,block,block,linear,minirocket,minirocket,1,1,False,0.9284437335753204,0.9284437335753204,0.0
FacesUCR,5,0.1,131,13,0.09923664122137404,point,point,linear,minirocket,minirocket,1,1,False,0.938540382576979,0.938540382576979,0.0
FacesUCR,5,0.1,131,13,0.09923664122137404,point,block,linear,minirocket,minirocket,1,1,False,0.876805357983774,0.876805357983774,0.0
FacesUCR,5,0.1,131,13,0.09923664122137404,block,point,linear,minirocket,minirocket,1,1,False,0.938540382576979,0.938540382576979,0.0
FacesUCR,5,0.1,131,13,0.09923664122137404,block,block,linear,minirocket,minirocket,1,1,False,0.876805357983774,0.876805357983774,0.0
FacesUCR,5,0.15,131,19,0.1450381679389313,point,point,linear,minirocket,minirocket,1,1,False,0.9354042454854684,0.9354042454854684,0.0
FacesUCR,5,0.15,131,19,0.1450381679389313,point,block,linear,minirocket,minirocket,1,1,False,0.8011080944589454,0.8011080944589454,0.0
FacesUCR,5,0.15,131,19,0.1450381679389313,block,point,linear,minirocket,minirocket,1,1,False,0.9354042454854684,0.9354042454854684,0.0
FacesUCR,5,0.15,131,19,0.1450381679389313,block,block,linear,minirocket,minirocket,1,1,False,0.8011080944589454,0.8011080944589454,0.0
FacesUCR,5,0.2,131,26,0.1984732824427481,point,point,linear,minirocket,minirocket,1,1,False,0.9324324753743556,0.9324324753743556,0.0
FacesUCR,5,0.2,131,26,0.1984732824427481,point,block,linear,minirocket,minirocket,1,1,False,0.6974228629037365,0.6974228629037365,0.0
FacesUCR,5,0.2,131,26,0.1984732824427481,block,point,linear,minirocket,minirocket,1,1,False,0.9324324753743556,0.9324324753743556,0.0
FacesUCR,5,0.2,131,26,0.1984732824427481,block,block,linear,minirocket,minirocket,1,1,False,0.6974228629037365,0.6974228629037365,0.0
FacesUCR,5,0.25,131,32,0.24427480916030533,point,point,linear,minirocket,minirocket,1,1,False,0.9306828677472148,0.9306828677472148,0.0
FacesUCR,5,0.25,131,32,0.24427480916030533,point,block,linear,minirocket,minirocket,1,1,False,0.5919726566255418,0.5919726566255418,0.0
FacesUCR,5,0.25,131,32,0.24427480916030533,block,point,linear,minirocket,minirocket,1,1,False,0.9306828677472148,0.9306828677472148,0.0
FacesUCR,5,0.25,131,32,0.24427480916030533,block,block,linear,minirocket,minirocket,1,1,False,0.5919726566255418,0.5919726566255418,0.0
FacesUCR,5,0.3,131,39,0.29770992366412213,point,point,linear,minirocket,minirocket,1,1,False,0.9256527409589619,0.9256527409589619,0.0
FacesUCR,5,0.3,131,39,0.29770992366412213,point,block,linear,minirocket,minirocket,1,1,False,0.4753505804314209,0.4753505804314209,0.0
FacesUCR,5,0.3,131,39,0.29770992366412213,block,point,linear,dtw,minirocket,1,1,True,0.7756384933376665,0.9256527409589619,0.15001424762129534
FacesUCR,5,0.3,131,39,0.29770992366412213,block,block,linear,dtw,minirocket,1,1,True,0.38964310787868545,0.4753505804314209,0.08570747255273548
Fish,1,0.05,463,23,0.04967602591792657,point,point,linear,minirocket,minirocket,1,1,False,0.9670126671358199,0.9670126671358199,0.0
Fish,1,0.05,463,23,0.04967602591792657,point,block,linear,minirocket,minirocket,1,1,False,0.9605191606423134,0.9605191606423134,0.0
Fish,1,0.05,463,23,0.04967602591792657,block,point,linear,minirocket,minirocket,1,1,False,0.9670126671358199,0.9670126671358199,0.0
Fish,1,0.05,463,23,0.04967602591792657,block,block,linear,minirocket,minirocket,1,1,False,0.9605191606423134,0.9605191606423134,0.0
Fish,1,0.1,463,46,0.09935205183585313,point,point,linear,minirocket,minirocket,1,1,False,0.9729650480882007,0.9729650480882007,0.0
Fish,1,0.1,463,46,0.09935205183585313,point,block,linear,minirocket,minirocket,1,1,False,0.9142906190689442,0.9142906190689442,0.0
Fish,1,0.1,463,46,0.09935205183585313,block,point,linear,minirocket,minirocket,1,1,False,0.9729650480882007,0.9729650480882007,0.0
Fish,1,0.1,463,46,0.09935205183585313,block,block,linear,minirocket,minirocket,1,1,False,0.9142906190689442,0.9142906190689442,0.0
Fish,1,0.15,463,69,0.1490280777537797,point,point,linear,minirocket,minirocket,1,1,False,0.9670126671358199,0.9670126671358199,0.0
Fish,1,0.15,463,69,0.1490280777537797,point,block,linear,minirocket,minirocket,1,1,False,0.7997806708890451,0.7997806708890451,0.0
Fish,1,0.15,463,69,0.1490280777537797,block,point,linear,minirocket,minirocket,1,1,False,0.9670126671358199,0.9670126671358199,0.0
Fish,1,0.15,463,69,0.1490280777537797,block,block,linear,minirocket,minirocket,1,1,False,0.7997806708890451,0.7997806708890451,0.0
Fish,1,0.2,463,92,0.19870410367170627,point,point,linear,minirocket,minirocket,1,1,False,0.9670126671358199,0.9670126671358199,0.0
Fish,1,0.2,463,92,0.19870410367170627,point,block,linear,minirocket,minirocket,1,1,False,0.6389469643656837,0.6389469643656837,0.0
Fish,1,0.2,463,92,0.19870410367170627,block,point,linear,dtw,minirocket,1,1,True,0.7789226537009787,0.9670126671358199,0.18809001343484122
Fish,1,0.2,463,92,0.19870410367170627,block,block,linear,dtw,minirocket,1,1,True,0.29607244151579126,0.6389469643656837,0.3428745228498924
Fish,1,0.25,463,115,0.24838012958963282,point,point,linear,minirocket,minirocket,1,1,False,0.9729650480882007,0.9729650480882007,0.0
Fish,1,0.25,463,115,0.24838012958963282,point,block,linear,minirocket,minirocket,1,1,False,0.47805269443200477,0.47805269443200477,0.0
Fish,1,0.25,463,115,0.24838012958963282,block,point,linear,minirocket,minirocket,1,1,False,0.9729650480882007,0.9729650480882007,0.0
Fish,1,0.25,463,115,0.24838012958963282,block,block,linear,minirocket,minirocket,1,1,False,0.47805269443200477,0.47805269443200477,0.0
Fish,1,0.3,463,138,0.2980561555075594,point,point,linear,minirocket,minirocket,1,1,False,0.9729650480882007,0.9729650480882007,0.0
Fish,1,0.3,463,138,0.2980561555075594,point,block,linear,minirocket,minirocket,1,1,False,0.36778549037169733,0.36778549037169733,0.0
Fish,1,0.3,463,138,0.2980561555075594,block,point,linear,minirocket,minirocket,1,1,False,0.9729650480882007,0.9729650480882007,0.0
Fish,1,0.3,463,138,0.2980561555075594,block,block,linear,minirocket,minirocket,1,1,False,0.36778549037169733,0.36778549037169733,0.0
Fish,2,0.05,463,23,0.04967602591792657,point,point,linear,minirocket,minirocket,1,1,False,0.9829931972789115,0.9829931972789115,0.0
Fish,2,0.05,463,23,0.04967602591792657,point,block,linear,minirocket,minirocket,1,1,False,0.9770408163265306,0.9770408163265306,0.0
Fish,2,0.05,463,23,0.04967602591792657,block,point,linear,minirocket,minirocket,1,1,False,0.9829931972789115,0.9829931972789115,0.0
Fish,2,0.05,463,23,0.04967602591792657,block,block,linear,minirocket,minirocket,1,1,False,0.9770408163265306,0.9770408163265306,0.0
Fish,2,0.1,463,46,0.09935205183585313,point,point,linear,minirocket,minirocket,1,1,False,0.9829931972789115,0.9829931972789115,0.0
Fish,2,0.1,463,46,0.09935205183585313,point,block,linear,minirocket,minirocket,1,1,False,0.9146468556074466,0.9146468556074466,0.0
Fish,2,0.1,463,46,0.09935205183585313,block,point,linear,minirocket,minirocket,1,1,False,0.9829931972789115,0.9829931972789115,0.0
Fish,2,0.1,463,46,0.09935205183585313,block,block,linear,minirocket,minirocket,1,1,False,0.9146468556074466,0.9146468556074466,0.0
Fish,2,0.15,463,69,0.1490280777537797,point,point,linear,minirocket,minirocket,1,1,False,0.9829931972789115,0.9829931972789115,0.0
Fish,2,0.15,463,69,0.1490280777537797,point,block,linear,minirocket,minirocket,1,1,False,0.7991220438018469,0.7991220438018469,0.0
Fish,2,0.15,463,69,0.1490280777537797,block,point,linear,minirocket,minirocket,1,1,False,0.9829931972789115,0.9829931972789115,0.0
Fish,2,0.15,463,69,0.1490280777537797,block,block,linear,minirocket,minirocket,1,1,False,0.7991220438018469,0.7991220438018469,0.0
Fish,2,0.2,463,92,0.19870410367170627,point,point,linear,minirocket,minirocket,1,1,False,0.9829931972789115,0.9829931972789115,0.0
Fish,2,0.2,463,92,0.19870410367170627,point,block,linear,minirocket,minirocket,1,1,False,0.650583989081526,0.650583989081526,0.0
Fish,2,0.2,463,92,0.19870410367170627,block,point,linear,minirocket,minirocket,1,1,False,0.9829931972789115,0.9829931972789115,0.0
Fish,2,0.2,463,92,0.19870410367170627,block,block,linear,minirocket,minirocket,1,1,False,0.650583989081526,0.650583989081526,0.0
Fish,2,0.25,463,115,0.24838012958963282,point,point,linear,minirocket,minirocket,1,1,False,0.9829931972789115,0.9829931972789115,0.0
Fish,2,0.25,463,115,0.24838012958963282,point,block,linear,minirocket,minirocket,1,1,False,0.5216182585887019,0.5216182585887019,0.0
Fish,2,0.25,463,115,0.24838012958963282,block,point,linear,minirocket,minirocket,1,1,False,0.9829931972789115,0.9829931972789115,0.0
Fish,2,0.25,463,115,0.24838012958963282,block,block,linear,minirocket,minirocket,1,1,False,0.5216182585887019,0.5216182585887019,0.0
Fish,2,0.3,463,138,0.2980561555075594,point,point,linear,minirocket,minirocket,1,1,False,0.9829931972789115,0.9829931972789115,0.0
Fish,2,0.3,463,138,0.2980561555075594,point,block,linear,minirocket,minirocket,1,1,False,0.3861961273537628,0.3861961273537628,0.0
Fish,2,0.3,463,138,0.2980561555075594,block,point,linear,stat_rf,minirocket,1,1,True,0.44689036743223937,0.9829931972789115,0.5361028298466721
Fish,2,0.3,463,138,0.2980561555075594,block,block,linear,stat_rf,minirocket,1,1,True,0.3097137099353849,0.3861961273537628,0.07648241741837791
Fish,3,0.05,463,23,0.04967602591792657,point,point,linear,minirocket,minirocket,1,1,False,0.9899718508092893,0.9899718508092893,0.0
Fish,3,0.05,463,23,0.04967602591792657,point,block,linear,minirocket,minirocket,1,1,False,0.9840194698569082,0.9840194698569082,0.0
Fish,3,0.05,463,23,0.04967602591792657,block,point,linear,minirocket,minirocket,1,1,False,0.9899718508092893,0.9899718508092893,0.0
Fish,3,0.05,463,23,0.04967602591792657,block,block,linear,minirocket,minirocket,1,1,False,0.9840194698569082,0.9840194698569082,0.0
Fish,3,0.1,463,46,0.09935205183585313,point,point,linear,minirocket,minirocket,1,1,False,0.9899718508092893,0.9899718508092893,0.0
Fish,3,0.1,463,46,0.09935205183585313,point,block,linear,minirocket,minirocket,1,1,False,0.9238141087155866,0.9238141087155866,0.0
Fish,3,0.1,463,46,0.09935205183585313,block,point,linear,minirocket,minirocket,1,1,False,0.9899718508092893,0.9899718508092893,0.0
Fish,3,0.1,463,46,0.09935205183585313,block,block,linear,minirocket,minirocket,1,1,False,0.9238141087155866,0.9238141087155866,0.0
Fish,3,0.15,463,69,0.1490280777537797,point,point,linear,minirocket,minirocket,1,1,False,0.9899718508092893,0.9899718508092893,0.0
Fish,3,0.15,463,69,0.1490280777537797,point,block,linear,minirocket,minirocket,1,1,False,0.7935926470901841,0.7935926470901841,0.0
Fish,3,0.15,463,69,0.1490280777537797,block,point,linear,minirocket,minirocket,1,1,False,0.9899718508092893,0.9899718508092893,0.0
Fish,3,0.15,463,69,0.1490280777537797,block,block,linear,minirocket,minirocket,1,1,False,0.7935926470901841,0.7935926470901841,0.0
Fish,3,0.2,463,92,0.19870410367170627,point,point,linear,minirocket,minirocket,1,1,False,0.9899718508092893,0.9899718508092893,0.0
Fish,3,0.2,463,92,0.19870410367170627,point,block,linear,minirocket,minirocket,1,1,False,0.5986439340626533,0.5986439340626533,0.0
Fish,3,0.2,463,92,0.19870410367170627,block,point,linear,minirocket,minirocket,1,1,False,0.9899718508092893,0.9899718508092893,0.0
Fish,3,0.2,463,92,0.19870410367170627,block,block,linear,minirocket,minirocket,1,1,False,0.5986439340626533,0.5986439340626533,0.0
Fish,3,0.25,463,115,0.24838012958963282,point,point,linear,minirocket,minirocket,1,1,False,0.9899718508092893,0.9899718508092893,0.0
Fish,3,0.25,463,115,0.24838012958963282,point,block,linear,minirocket,minirocket,1,1,False,0.49560062269421873,0.49560062269421873,0.0
Fish,3,0.25,463,115,0.24838012958963282,block,point,linear,minirocket,minirocket,1,1,False,0.9899718508092893,0.9899718508092893,0.0
Fish,3,0.25,463,115,0.24838012958963282,block,block,linear,minirocket,minirocket,1,1,False,0.49560062269421873,0.49560062269421873,0.0
Fish,3,0.3,463,138,0.2980561555075594,point,point,linear,minirocket,minirocket,1,1,False,0.9899718508092893,0.9899718508092893,0.0
Fish,3,0.3,463,138,0.2980561555075594,point,block,linear,minirocket,minirocket,1,1,False,0.391808372251722,0.391808372251722,0.0
Fish,3,0.3,463,138,0.2980561555075594,block,point,linear,minirocket,minirocket,1,1,False,0.9899718508092893,0.9899718508092893,0.0
Fish,3,0.3,463,138,0.2980561555075594,block,block,linear,minirocket,minirocket,1,1,False,0.391808372251722,0.391808372251722,0.0
Fish,4,0.05,463,23,0.04967602591792657,point,point,linear,minirocket,minirocket,1,1,False,0.977891156462585,0.977891156462585,0.0
Fish,4,0.05,463,23,0.04967602591792657,point,block,linear,minirocket,minirocket,1,1,False,0.9780670889045273,0.9780670889045273,0.0
Fish,4,0.05,463,23,0.04967602591792657,block,point,linear,minirocket,minirocket,1,1,False,0.977891156462585,0.977891156462585,0.0
Fish,4,0.05,463,23,0.04967602591792657,block,block,linear,minirocket,minirocket,1,1,False,0.9780670889045273,0.9780670889045273,0.0
Fish,4,0.1,463,46,0.09935205183585313,point,point,linear,minirocket,minirocket,1,1,False,0.977891156462585,0.977891156462585,0.0
Fish,4,0.1,463,46,0.09935205183585313,point,block,linear,minirocket,minirocket,1,1,False,0.9424442880600515,0.9424442880600515,0.0
Fish,4,0.1,463,46,0.09935205183585313,block,point,linear,minirocket,minirocket,1,1,False,0.977891156462585,0.977891156462585,0.0
Fish,4,0.1,463,46,0.09935205183585313,block,block,linear,minirocket,minirocket,1,1,False,0.9424442880600515,0.9424442880600515,0.0
Fish,4,0.15,463,69,0.1490280777537797,point,point,linear,minirocket,minirocket,1,1,False,0.977891156462585,0.977891156462585,0.0
Fish,4,0.15,463,69,0.1490280777537797,point,block,linear,minirocket,minirocket,1,1,False,0.8261483590301325,0.8261483590301325,0.0
Fish,4,0.15,463,69,0.1490280777537797,block,point,linear,minirocket,minirocket,1,1,False,0.977891156462585,0.977891156462585,0.0
Fish,4,0.15,463,69,0.1490280777537797,block,block,linear,minirocket,minirocket,1,1,False,0.8261483590301325,0.8261483590301325,0.0
Fish,4,0.2,463,92,0.19870410367170627,point,point,linear,minirocket,minirocket,1,1,False,0.9729650480882007,0.9729650480882007,0.0
Fish,4,0.2,463,92,0.19870410367170627,point,block,linear,minirocket,minirocket,1,1,False,0.6576897404729917,0.6576897404729917,0.0
Fish,4,0.2,463,92,0.19870410367170627,block,point,linear,minirocket,minirocket,1,1,False,0.9729650480882007,0.9729650480882007,0.0
Fish,4,0.2,463,92,0.19870410367170627,block,block,linear,minirocket,minirocket,1,1,False,0.6576897404729917,0.6576897404729917,0.0
Fish,4,0.25,463,115,0.24838012958963282,point,point,linear,minirocket,minirocket,1,1,False,0.977891156462585,0.977891156462585,0.0
Fish,4,0.25,463,115,0.24838012958963282,point,block,linear,minirocket,minirocket,1,1,False,0.5050031987716717,0.5050031987716717,0.0
Fish,4,0.25,463,115,0.24838012958963282,block,point,linear,minirocket,minirocket,1,1,False,0.977891156462585,0.977891156462585,0.0
Fish,4,0.25,463,115,0.24838012958963282,block,block,linear,minirocket,minirocket,1,1,False,0.5050031987716717,0.5050031987716717,0.0
Fish,4,0.3,463,138,0.2980561555075594,point,point,linear,minirocket,minirocket,1,1,False,0.983843537414966,0.983843537414966,0.0
Fish,4,0.3,463,138,0.2980561555075594,point,block,linear,minirocket,minirocket,1,1,False,0.4250585375215917,0.4250585375215917,0.0
Fish,4,0.3,463,138,0.2980561555075594,block,point,linear,minirocket,minirocket,1,1,False,0.983843537414966,0.983843537414966,0.0
Fish,4,0.3,463,138,0.2980561555075594,block,block,linear,minirocket,minirocket,1,1,False,0.4250585375215917,0.4250585375215917,0.0
Fish,5,0.05,463,23,0.04967602591792657,point,point,linear,minirocket,minirocket,1,1,False,0.9721147079521464,0.9721147079521464,0.0
Fish,5,0.05,463,23,0.04967602591792657,point,block,linear,minirocket,minirocket,1,1,False,0.9610602861834389,0.9610602861834389,0.0
Fish,5,0.05,463,23,0.04967602591792657,block,point,linear,minirocket,minirocket,1,1,False,0.9721147079521464,0.9721147079521464,0.0
Fish,5,0.05,463,23,0.04967602591792657,block,block,linear,minirocket,minirocket,1,1,False,0.9610602861834389,0.9610602861834389,0.0
Fish,5,0.1,463,46,0.09935205183585313,point,point,linear,minirocket,minirocket,1,1,False,0.9661623269997655,0.9661623269997655,0.0
Fish,5,0.1,463,46,0.09935205183585313,point,block,linear,minirocket,minirocket,1,1,False,0.9390624400230312,0.9390624400230312,0.0
Fish,5,0.1,463,46,0.09935205183585313,block,point,linear,minirocket,minirocket,1,1,False,0.9661623269997655,0.9661623269997655,0.0
Fish,5,0.1,463,46,0.09935205183585313,block,block,linear,minirocket,minirocket,1,1,False,0.9390624400230312,0.9390624400230312,0.0
Fish,5,0.15,463,69,0.1490280777537797,point,point,linear,minirocket,minirocket,1,1,False,0.9721147079521464,0.9721147079521464,0.0
Fish,5,0.15,463,69,0.1490280777537797,point,block,linear,minirocket,minirocket,1,1,False,0.8021938242381592,0.8021938242381592,0.0
Fish,5,0.15,463,69,0.1490280777537797,block,point,linear,minirocket,minirocket,1,1,False,0.9721147079521464,0.9721147079521464,0.0
Fish,5,0.15,463,69,0.1490280777537797,block,block,linear,minirocket,minirocket,1,1,False,0.8021938242381592,0.8021938242381592,0.0
Fish,5,0.2,463,92,0.19870410367170627,point,point,linear,minirocket,minirocket,1,1,False,0.9721147079521464,0.9721147079521464,0.0
Fish,5,0.2,463,92,0.19870410367170627,point,block,linear,minirocket,minirocket,1,1,False,0.6498965730492824,0.6498965730492824,0.0
Fish,5,0.2,463,92,0.19870410367170627,block,point,linear,minirocket,minirocket,1,1,False,0.9721147079521464,0.9721147079521464,0.0
Fish,5,0.2,463,92,0.19870410367170627,block,block,linear,minirocket,minirocket,1,1,False,0.6498965730492824,0.6498965730492824,0.0
Fish,5,0.25,463,115,0.24838012958963282,point,point,linear,minirocket,minirocket,1,1,False,0.9661623269997655,0.9661623269997655,0.0
Fish,5,0.25,463,115,0.24838012958963282,point,block,linear,minirocket,minirocket,1,1,False,0.515726441046638,0.515726441046638,0.0
Fish,5,0.25,463,115,0.24838012958963282,block,point,linear,minirocket,minirocket,1,1,False,0.9661623269997655,0.9661623269997655,0.0
Fish,5,0.25,463,115,0.24838012958963282,block,block,linear,minirocket,minirocket,1,1,False,0.515726441046638,0.515726441046638,0.0
Fish,5,0.3,463,138,0.2980561555075594,point,point,linear,minirocket,minirocket,1,1,False,0.9670126671358199,0.9670126671358199,0.0
Fish,5,0.3,463,138,0.2980561555075594,point,block,linear,minirocket,minirocket,1,1,False,0.4182187106817649,0.4182187106817649,0.0
Fish,5,0.3,463,138,0.2980561555075594,block,point,linear,minirocket,minirocket,1,1,False,0.9670126671358199,0.9670126671358199,0.0
Fish,5,0.3,463,138,0.2980561555075594,block,block,linear,minirocket,minirocket,1,1,False,0.4182187106817649,0.4182187106817649,0.0
GunPoint,1,0.05,150,7,0.04666666666666667,point,point,linear,minirocket,minirocket,1,1,False,0.9596372688477952,0.9596372688477952,0.0
GunPoint,1,0.05,150,7,0.04666666666666667,point,block,linear,minirocket,minirocket,1,1,False,0.9596372688477952,0.9596372688477952,0.0
GunPoint,1,0.05,150,7,0.04666666666666667,block,point,linear,minirocket,minirocket,1,1,False,0.9596372688477952,0.9596372688477952,0.0
GunPoint,1,0.05,150,7,0.04666666666666667,block,block,linear,minirocket,minirocket,1,1,False,0.9596372688477952,0.9596372688477952,0.0
GunPoint,1,0.1,150,15,0.1,point,point,linear,minirocket,minirocket,1,1,False,0.9596372688477952,0.9596372688477952,0.0
GunPoint,1,0.1,150,15,0.1,point,block,linear,minirocket,minirocket,1,1,False,0.9596372688477952,0.9596372688477952,0.0
GunPoint,1,0.1,150,15,0.1,block,point,linear,minirocket,minirocket,1,1,False,0.9596372688477952,0.9596372688477952,0.0
GunPoint,1,0.1,150,15,0.1,block,block,linear,minirocket,minirocket,1,1,False,0.9596372688477952,0.9596372688477952,0.0
GunPoint,1,0.15,150,22,0.14666666666666667,point,point,linear,minirocket,minirocket,1,1,False,0.9596372688477952,0.9596372688477952,0.0
GunPoint,1,0.15,150,22,0.14666666666666667,point,block,linear,minirocket,minirocket,1,1,False,0.9391891891891893,0.9391891891891893,0.0
GunPoint,1,0.15,150,22,0.14666666666666667,block,point,linear,minirocket,minirocket,1,1,False,0.9596372688477952,0.9596372688477952,0.0
GunPoint,1,0.15,150,22,0.14666666666666667,block,block,linear,minirocket,minirocket,1,1,False,0.9391891891891893,0.9391891891891893,0.0
GunPoint,1,0.2,150,30,0.2,point,point,linear,minirocket,minirocket,1,1,False,0.9596372688477952,0.9596372688477952,0.0
GunPoint,1,0.2,150,30,0.2,point,block,linear,minirocket,minirocket,1,1,False,0.8851351351351351,0.8851351351351351,0.0
GunPoint,1,0.2,150,30,0.2,block,point,linear,minirocket,minirocket,1,1,False,0.9596372688477952,0.9596372688477952,0.0
GunPoint,1,0.2,150,30,0.2,block,block,linear,minirocket,minirocket,1,1,False,0.8851351351351351,0.8851351351351351,0.0
GunPoint,1,0.25,150,37,0.24666666666666667,point,point,linear,minirocket,minirocket,1,1,False,0.9596372688477952,0.9596372688477952,0.0
GunPoint,1,0.25,150,37,0.24666666666666667,point,block,linear,minirocket,dtw,1,1,True,0.7907183499288762,0.8547297297297297,0.06401137980085347
GunPoint,1,0.25,150,37,0.24666666666666667,block,point,linear,stat_rf,minirocket,1,1,True,0.8744665718349929,0.9596372688477952,0.08517069701280233
GunPoint,1,0.25,150,37,0.24666666666666667,block,block,linear,stat_rf,dtw,1,1,True,0.8136557610241821,0.8547297297297297,0.04107396870554758
GunPoint,1,0.3,150,45,0.3,point,point,linear,minirocket,minirocket,1,1,False,0.9596372688477952,0.9596372688477952,0.0
GunPoint,1,0.3,150,45,0.3,point,block,linear,minirocket,dtw,1,1,True,0.736842105263158,0.8086770981507824,0.0718349928876244
GunPoint,1,0.3,150,45,0.3,block,point,linear,minirocket,minirocket,1,1,False,0.9596372688477952,0.9596372688477952,0.0
GunPoint,1,0.3,150,45,0.3,block,block,linear,minirocket,dtw,1,1,True,0.736842105263158,0.8086770981507824,0.0718349928876244
GunPoint,2,0.05,150,7,0.04666666666666667,point,point,linear,minirocket,minirocket,1,1,False,1.0,1.0,0.0
GunPoint,2,0.05,150,7,0.04666666666666667,point,block,linear,minirocket,minirocket,1,1,False,1.0,1.0,0.0
GunPoint,2,0.05,150,7,0.04666666666666667,block,point,linear,minirocket,minirocket,1,1,False,1.0,1.0,0.0
GunPoint,2,0.05,150,7,0.04666666666666667,block,block,linear,minirocket,minirocket,1,1,False,1.0,1.0,0.0
GunPoint,2,0.1,150,15,0.1,point,point,linear,minirocket,minirocket,1,1,False,1.0,1.0,0.0
GunPoint,2,0.1,150,15,0.1,point,block,linear,minirocket,minirocket,1,1,False,1.0,1.0,0.0
GunPoint,2,0.1,150,15,0.1,block,point,linear,minirocket,minirocket,1,1,False,1.0,1.0,0.0
GunPoint,2,0.1,150,15,0.1,block,block,linear,minirocket,minirocket,1,1,False,1.0,1.0,0.0
GunPoint,2,0.15,150,22,0.14666666666666667,point,point,linear,minirocket,minirocket,1,1,False,1.0,1.0,0.0
GunPoint,2,0.15,150,22,0.14666666666666667,point,block,linear,minirocket,minirocket,1,1,False,0.9459459459459459,0.9459459459459459,0.0
GunPoint,2,0.15,150,22,0.14666666666666667,block,point,linear,minirocket,minirocket,1,1,False,1.0,1.0,0.0
GunPoint,2,0.15,150,22,0.14666666666666667,block,block,linear,minirocket,minirocket,1,1,False,0.9459459459459459,0.9459459459459459,0.0
GunPoint,2,0.2,150,30,0.2,point,point,linear,minirocket,minirocket,1,1,False,1.0,1.0,0.0
GunPoint,2,0.2,150,30,0.2,point,block,linear,minirocket,minirocket,1,1,False,0.8447724039829303,0.8447724039829303,0.0
GunPoint,2,0.2,150,30,0.2,block,point,linear,dtw,minirocket,2,1,True,0.8940256045519204,1.0,0.10597439544807963
GunPoint,2,0.2,150,30,0.2,block,block,linear,dtw,minirocket,2,1,True,0.8211237553342816,0.8447724039829303,0.023648648648648685
GunPoint,2,0.25,150,37,0.24666666666666667,point,point,linear,minirocket,minirocket,1,1,False,1.0,1.0,0.0
GunPoint,2,0.25,150,37,0.24666666666666667,point,block,linear,minirocket,dtw,1,1,True,0.7569345661450924,0.8077880512091038,0.05085348506401144
GunPoint,2,0.25,150,37,0.24666666666666667,block,point,linear,stat_rf,minirocket,2,1,True,0.7825391180654339,1.0,0.21746088193456614
GunPoint,2,0.25,150,37,0.24666666666666667,block,block,linear,stat_rf,dtw,2,1,True,0.7946301564722618,0.8077880512091038,0.013157894736842035
GunPoint,2,0.3,150,45,0.3,point,point,linear,minirocket,minirocket,1,1,False,1.0,1.0,0.0
GunPoint,2,0.3,150,45,0.3,point,block,linear,minirocket,stat_rf,1,1,True,0.7299075391180654,0.7480440967283073,0.01813655761024191
GunPoint,2,0.3,150,45,0.3,block,point,linear,dtw,minirocket,1,1,True,0.8806899004267426,1.0,0.11931009957325744
GunPoint,2,0.3,150,45,0.3,block,block,linear,dtw,stat_rf,1,1,True,0.741642958748222,0.7480440967283073,0.006401137980085347
GunPoint,3,0.05,150,7,0.04666666666666667,point,point,linear,minirocket,minirocket,1,1,False,1.0,1.0,0.0
GunPoint,3,0.05,150,7,0.04666666666666667,point,block,linear,minirocket,minirocket,1,1,False,1.0,1.0,0.0
GunPoint,3,0.05,150,7,0.04666666666666667,block,point,linear,minirocket,minirocket,1,1,False,1.0,1.0,0.0
GunPoint,3,0.05,150,7,0.04666666666666667,block,block,linear,minirocket,minirocket,1,1,False,1.0,1.0,0.0
GunPoint,3,0.1,150,15,0.1,point,point,linear,minirocket,minirocket,1,1,False,1.0,1.0,0.0
GunPoint,3,0.1,150,15,0.1,point,block,linear,minirocket,minirocket,1,1,False,0.9866642958748222,0.9866642958748222,0.0
GunPoint,3,0.1,150,15,0.1,block,point,linear,minirocket,minirocket,1,1,False,1.0,1.0,0.0
GunPoint,3,0.1,150,15,0.1,block,block,linear,minirocket,minirocket,1,1,False,0.9866642958748222,0.9866642958748222,0.0
GunPoint,3,0.15,150,22,0.14666666666666667,point,point,linear,minirocket,minirocket,1,1,False,1.0,1.0,0.0
GunPoint,3,0.15,150,22,0.14666666666666667,point,block,linear,minirocket,dtw,1,1,True,0.905583214793741,0.9070056899004267,0.0014224751066856944
GunPoint,3,0.15,150,22,0.14666666666666667,block,point,linear,minirocket,minirocket,1,1,False,1.0,1.0,0.0
GunPoint,3,0.15,150,22,0.14666666666666667,block,block,linear,minirocket,dtw,1,1,True,0.905583214793741,0.9070056899004267,0.0014224751066856944
GunPoint,3,0.2,150,30,0.2,point,point,linear,minirocket,minirocket,1,1,False,1.0,1.0,0.0
GunPoint,3,0.2,150,30,0.2,point,block,linear,minirocket,dtw,1,1,True,0.817923186344239,0.8872688477951636,0.06934566145092458
GunPoint,3,0.2,150,30,0.2,block,point,linear,minirocket,minirocket,1,1,False,1.0,1.0,0.0
GunPoint,3,0.2,150,30,0.2,block,block,linear,minirocket,dtw,1,1,True,0.817923186344239,0.8872688477951636,0.06934566145092458
GunPoint,3,0.25,150,37,0.24666666666666667,point,point,linear,minirocket,minirocket,1,1,False,1.0,1.0,0.0
GunPoint,3,0.25,150,37,0.24666666666666667,point,block,linear,minirocket,dtw,1,1,True,0.7167496443812233,0.8611308677098151,0.1443812233285917
GunPoint,3,0.25,150,37,0.24666666666666667,block,point,linear,stat_rf,minirocket,1,1,True,0.8282361308677098,1.0,0.17176386913229025
GunPoint,3,0.25,150,37,0.24666666666666667,block,block,linear,stat_rf,dtw,1,1,True,0.8068990042674253,0.8611308677098151,0.05423186344238973
GunPoint,3,0.3,150,45,0.3,point,point,linear,minirocket,minirocket,1,1,False,1.0,1.0,0.0
GunPoint,3,0.3,150,45,0.3,point,block,linear,minirocket,dtw,1,1,True,0.669452347083926,0.8084992887624467,0.13904694167852072
GunPoint,3,0.3,150,45,0.3,block,point,linear,stat_rf,minirocket,1,1,True,0.847972972972973,1.0,0.15202702702702697
GunPoint,3,0.3,150,45,0.3,block,block,linear,stat_rf,dtw,1,1,True,0.7661806543385491,0.8084992887624467,0.042318634423897605
GunPoint,4,0.05,150,7,0.04666666666666667,point,point,linear,minirocket,minirocket,1,1,False,1.0,1.0,0.0
GunPoint,4,0.05,150,7,0.04666666666666667,point,block,linear,minirocket,minirocket,1,1,False,0.993421052631579,0.993421052631579,0.0
GunPoint,4,0.05,150,7,0.04666666666666667,block,point,linear,minirocket,minirocket,1,1,False,1.0,1.0,0.0
GunPoint,4,0.05,150,7,0.04666666666666667,block,block,linear,minirocket,minirocket,1,1,False,0.993421052631579,0.993421052631579,0.0
GunPoint,4,0.1,150,15,0.1,point,point,linear,minirocket,minirocket,1,1,False,0.993421052631579,0.993421052631579,0.0
GunPoint,4,0.1,150,15,0.1,point,block,linear,minirocket,minirocket,1,1,False,0.9866642958748222,0.9866642958748222,0.0
GunPoint,4,0.1,150,15,0.1,block,point,linear,minirocket,minirocket,1,1,False,0.993421052631579,0.993421052631579,0.0
GunPoint,4,0.1,150,15,0.1,block,block,linear,minirocket,minirocket,1,1,False,0.9866642958748222,0.9866642958748222,0.0
GunPoint,4,0.15,150,22,0.14666666666666667,point,point,linear,minirocket,minirocket,1,1,False,1.0,1.0,0.0
GunPoint,4,0.15,150,22,0.14666666666666667,point,block,linear,minirocket,minirocket,1,1,False,0.9395448079658606,0.9395448079658606,0.0
GunPoint,4,0.15,150,22,0.14666666666666667,block,point,linear,minirocket,minirocket,1,1,False,1.0,1.0,0.0
GunPoint,4,0.15,150,22,0.14666666666666667,block,block,linear,minirocket,minirocket,1,1,False,0.9395448079658606,0.9395448079658606,0.0
GunPoint,4,0.2,150,30,0.2,point,point,linear,minirocket,minirocket,1,1,False,0.993421052631579,0.993421052631579,0.0
GunPoint,4,0.2,150,30,0.2,point,block,linear,minirocket,dtw,1,1,True,0.8381934566145093,0.8531294452347085,0.014935988620199181
GunPoint,4,0.2,150,30,0.2,block,point,linear,minirocket,minirocket,1,1,False,0.993421052631579,0.993421052631579,0.0
GunPoint,4,0.2,150,30,0.2,block,block,linear,minirocket,dtw,1,1,True,0.8381934566145093,0.8531294452347085,0.014935988620199181
GunPoint,4,0.25,150,37,0.24666666666666667,point,point,linear,minirocket,minirocket,1,1,False,0.993421052631579,0.993421052631579,0.0
GunPoint,4,0.25,150,37,0.24666666666666667,point,block,linear,minirocket,dtw,1,1,True,0.736842105263158,0.8332147937411095,0.09637268847795155
GunPoint,4,0.25,150,37,0.24666666666666667,block,point,linear,stat_rf,minirocket,1,1,True,0.8149004267425319,0.993421052631579,0.17852062588904705
GunPoint,4,0.25,150,37,0.24666666666666667,block,block,linear,stat_rf,dtw,1,1,True,0.7864509246088194,0.8332147937411095,0.04676386913229014
GunPoint,4,0.3,150,45,0.3,point,point,linear,minirocket,minirocket,1,1,False,1.0,1.0,0.0
GunPoint,4,0.3,150,45,0.3,point,block,linear,minirocket,dtw,1,1,True,0.7098150782361309,0.780583214793741,0.07076813655761016
GunPoint,4,0.3,150,45,0.3,block,point,linear,stat_rf,minirocket,1,1,True,0.8214793741109531,1.0,0.17852062588904694
GunPoint,4,0.3,150,45,0.3,block,block,linear,stat_rf,dtw,1,1,True,0.7064366998577525,0.780583214793741,0.07414651493598856
GunPoint,5,0.05,150,7,0.04666666666666667,point,point,linear,minirocket,minirocket,1,1,False,0.993421052631579,0.993421052631579,0.0
GunPoint,5,0.05,150,7,0.04666666666666667,point,block,linear,minirocket,minirocket,1,1,False,1.0,1.0,0.0
GunPoint,5,0.05,150,7,0.04666666666666667,block,point,linear,minirocket,minirocket,1,1,False,0.993421052631579,0.993421052631579,0.0
GunPoint,5,0.05,150,7,0.04666666666666667,block,block,linear,minirocket,minirocket,1,1,False,1.0,1.0,0.0
GunPoint,5,0.1,150,15,0.1,point,point,linear,minirocket,minirocket,1,1,False,0.993421052631579,0.993421052631579,0.0
GunPoint,5,0.1,150,15,0.1,point,block,linear,minirocket,minirocket,1,1,False,0.9866642958748222,0.9866642958748222,0.0
GunPoint,5,0.1,150,15,0.1,block,point,linear,minirocket,minirocket,1,1,False,0.993421052631579,0.993421052631579,0.0
GunPoint,5,0.1,150,15,0.1,block,block,linear,minirocket,minirocket,1,1,False,0.9866642958748222,0.9866642958748222,0.0
GunPoint,5,0.15,150,22,0.14666666666666667,point,point,linear,minirocket,minirocket,1,1,False,0.993421052631579,0.993421052631579,0.0
GunPoint,5,0.15,150,22,0.14666666666666667,point,block,linear,minirocket,minirocket,1,1,False,0.9393669985775248,0.9393669985775248,0.0
GunPoint,5,0.15,150,22,0.14666666666666667,block,point,linear,minirocket,minirocket,1,1,False,0.993421052631579,0.993421052631579,0.0
GunPoint,5,0.15,150,22,0.14666666666666667,block,block,linear,minirocket,minirocket,1,1,False,0.9393669985775248,0.9393669985775248,0.0
GunPoint,5,0.2,150,30,0.2,point,point,linear,minirocket,minirocket,1,1,False,0.993421052631579,0.993421052631579,0.0
GunPoint,5,0.2,150,30,0.2,point,block,linear,minirocket,minirocket,1,1,False,0.8648648648648649,0.8648648648648649,0.0
GunPoint,5,0.2,150,30,0.2,block,point,linear,minirocket,minirocket,1,1,False,0.993421052631579,0.993421052631579,0.0
GunPoint,5,0.2,150,30,0.2,block,block,linear,minirocket,minirocket,1,1,False,0.8648648648648649,0.8648648648648649,0.0
GunPoint,5,0.25,150,37,0.24666666666666667,point,point,linear,minirocket,minirocket,1,1,False,0.993421052631579,0.993421052631579,0.0
GunPoint,5,0.25,150,37,0.24666666666666667,point,block,linear,minirocket,stat_rf,1,1,True,0.7702702702702703,0.8333926031294452,0.0631223328591749
GunPoint,5,0.25,150,37,0.24666666666666667,block,point,linear,dtw,minirocket,1,1,True,0.9071834992887624,0.993421052631579,0.08623755334281658
GunPoint,5,0.25,150,37,0.24666666666666667,block,block,linear,dtw,stat_rf,1,1,True,0.780583214793741,0.8333926031294452,0.052809388335704144
GunPoint,5,0.3,150,45,0.3,point,point,linear,minirocket,minirocket,1,1,False,0.993421052631579,0.993421052631579,0.0
GunPoint,5,0.3,150,45,0.3,point,block,linear,minirocket,stat_rf,1,1,True,0.7028805120910384,0.7658250355618776,0.06294452347083923
GunPoint,5,0.3,150,45,0.3,block,point,linear,stat_rf,minirocket,1,1,True,0.8607752489331437,0.993421052631579,0.13264580369843526
GunPoint,5,0.3,150,45,0.3,block,block,linear,stat_rf,stat_rf,1,1,False,0.7658250355618776,0.7658250355618776,0.0
Ham,1,0.05,431,21,0.048723897911832945,point,point,linear,dtw,minirocket,1,1,True,0.5038126361655774,0.684640522875817,0.18082788671023964
Ham,1,0.05,431,21,0.048723897911832945,point,block,linear,dtw,minirocket,1,1,True,0.46568627450980393,0.6748366013071896,0.20915032679738566
Ham,1,0.05,431,21,0.048723897911832945,block,point,linear,minirocket,minirocket,1,1,False,0.684640522875817,0.684640522875817,0.0
Ham,1,0.05,431,21,0.048723897911832945,block,block,linear,minirocket,minirocket,1,1,False,0.6748366013071896,0.6748366013071896,0.0
Ham,1,0.1,431,43,0.09976798143851508,point,point,linear,dtw,minirocket,1,1,True,0.5032679738562091,0.684640522875817,0.18137254901960786
Ham,1,0.1,431,43,0.09976798143851508,point,block,linear,dtw,minirocket,1,1,True,0.5212418300653595,0.7037037037037037,0.1824618736383442
Ham,1,0.1,431,43,0.09976798143851508,block,point,linear,minirocket,minirocket,1,1,False,0.684640522875817,0.684640522875817,0.0
Ham,1,0.1,431,43,0.09976798143851508,block,block,linear,minirocket,minirocket,1,1,False,0.7037037037037037,0.7037037037037037,0.0
Ham,1,0.15,431,64,0.14849187935034802,point,point,linear,minirocket,minirocket,1,1,False,0.6748366013071896,0.6748366013071896,0.0
Ham,1,0.15,431,64,0.14849187935034802,point,block,linear,minirocket,minirocket,1,1,False,0.6274509803921569,0.6274509803921569,0.0
Ham,1,0.15,431,64,0.14849187935034802,block,point,linear,minirocket,minirocket,1,1,False,0.6748366013071896,0.6748366013071896,0.0
Ham,1,0.15,431,64,0.14849187935034802,block,block,linear,minirocket,minirocket,1,1,False,0.6274509803921569,0.6274509803921569,0.0
Ham,1,0.2,431,86,0.19953596287703015,point,point,linear,minirocket,minirocket,1,1,False,0.6748366013071896,0.6748366013071896,0.0
Ham,1,0.2,431,86,0.19953596287703015,point,block,linear,minirocket,minirocket,1,1,False,0.6492374727668846,0.6492374727668846,0.0
Ham,1,0.2,431,86,0.19953596287703015,block,point,linear,dtw,minirocket,1,1,True,0.5038126361655774,0.6748366013071896,0.17102396514161222
Ham,1,0.2,431,86,0.19953596287703015,block,block,linear,dtw,minirocket,1,1,True,0.5305010893246187,0.6492374727668846,0.11873638344226589
Ham,1,0.25,431,107,0.2482598607888631,point,point,linear,minirocket,minirocket,1,1,False,0.6938997821350763,0.6938997821350763,0.0
Ham,1,0.25,431,107,0.2482598607888631,point,block,linear,minirocket,minirocket,1,1,False,0.6056644880174292,0.6056644880174292,0.0
Ham,1,0.25,431,107,0.2482598607888631,block,point,linear,minirocket,minirocket,1,1,False,0.6938997821350763,0.6938997821350763,0.0
Ham,1,0.25,431,107,0.2482598607888631,block,block,linear,minirocket,minirocket,1,1,False,0.6056644880174292,0.6056644880174292,0.0
Ham,1,0.3,431,129,0.29930394431554525,point,point,linear,minirocket,minirocket,1,1,False,0.6661220043572985,0.6661220043572985,0.0
Ham,1,0.3,431,129,0.29930394431554525,point,block,linear,minirocket,minirocket,1,1,False,0.576797385620915,0.576797385620915,0.0
Ham,1,0.3,431,129,0.29930394431554525,block,point,linear,dtw,minirocket,1,1,True,0.49400871459694995,0.6661220043572985,0.17211328976034856
Ham,1,0.3,431,129,0.29930394431554525,block,block,linear,dtw,minirocket,1,1,True,0.5501089324618736,0.576797385620915,0.026688453159041337
Ham,2,0.05,431,21,0.048723897911832945,point,point,linear,minirocket,minirocket,1,1,False,0.7015250544662309,0.7015250544662309,0.0
Ham,2,0.05,431,21,0.048723897911832945,point,block,linear,minirocket,minirocket,1,1,False,0.6824618736383442,0.6824618736383442,0.0
Ham,2,0.05,431,21,0.048723897911832945,block,point,linear,minirocket,minirocket,1,1,False,0.7015250544662309,0.7015250544662309,0.0
Ham,2,0.05,431,21,0.048723897911832945,block,block,linear,minirocket,minirocket,1,1,False,0.6824618736383442,0.6824618736383442,0.0
Ham,2,0.1,431,43,0.09976798143851508,point,point,linear,minirocket,minirocket,1,1,False,0.7015250544662309,0.7015250544662309,0.0
Ham,2,0.1,431,43,0.09976798143851508,point,block,linear,minirocket,minirocket,1,1,False,0.6258169934640523,0.6258169934640523,0.0
Ham,2,0.1,431,43,0.09976798143851508,block,point,linear,dtw,minirocket,1,1,True,0.44989106753812635,0.7015250544662309,0.25163398692810457
Ham,2,0.1,431,43,0.09976798143851508,block,block,linear,dtw,minirocket,1,1,True,0.43845315904139437,0.6258169934640523,0.18736383442265792
Ham,2,0.15,431,64,0.14849187935034802,point,point,linear,minirocket,minirocket,1,1,False,0.6922657952069717,0.6922657952069717,0.0
Ham,2,0.15,431,64,0.14849187935034802,point,block,linear,minirocket,minirocket,1,1,False,0.6840958605664488,0.6840958605664488,0.0
Ham,2,0.15,431,64,0.14849187935034802,block,point,linear,dtw,minirocket,1,1,True,0.46840958605664484,0.6922657952069717,0.2238562091503269
Ham,2,0.15,431,64,0.14849187935034802,block,block,linear,dtw,minirocket,1,1,True,0.4482570806100218,0.6840958605664488,0.235838779956427
Ham,2,0.2,431,86,0.19953596287703015,point,point,linear,minirocket,minirocket,1,1,False,0.681917211328976,0.681917211328976,0.0
Ham,2,0.2,431,86,0.19953596287703015,point,block,linear,minirocket,minirocket,1,1,False,0.6367102396514162,0.6367102396514162,0.0
Ham,2,0.2,431,86,0.19953596287703015,block,point,linear,minirocket,minirocket,1,1,False,0.681917211328976,0.681917211328976,0.0
Ham,2,0.2,431,86,0.19953596287703015,block,block,linear,minirocket,minirocket,1,1,False,0.6367102396514162,0.6367102396514162,0.0
Ham,2,0.25,431,107,0.2482598607888631,point,point,linear,minirocket,minirocket,1,1,False,0.6928104575163399,0.6928104575163399,0.0
Ham,2,0.25,431,107,0.2482598607888631,point,block,linear,minirocket,minirocket,1,1,False,0.6759259259259259,0.6759259259259259,0.0
Ham,2,0.25,431,107,0.2482598607888631,block,point,linear,dtw,minirocket,1,1,True,0.45915032679738566,0.6928104575163399,0.2336601307189542
Ham,2,0.25,431,107,0.2482598607888631,block,block,linear,dtw,minirocket,1,1,True,0.579520697167756,0.6759259259259259,0.09640522875816993
Ham,2,0.3,431,129,0.29930394431554525,point,point,linear,minirocket,minirocket,1,1,False,0.7107843137254902,0.7107843137254902,0.0
Ham,2,0.3,431,129,0.29930394431554525,point,block,linear,minirocket,minirocket,1,1,False,0.6781045751633987,0.6781045751633987,0.0
Ham,2,0.3,431,129,0.29930394431554525,block,point,linear,dtw,minirocket,1,1,True,0.47766884531590414,0.7107843137254902,0.23311546840958608
Ham,2,0.3,431,129,0.29930394431554525,block,block,linear,dtw,minirocket,1,1,True,0.4929193899782135,0.6781045751633987,0.18518518518518523
Ham,3,0.05,431,21,0.048723897911832945,point,point,linear,minirocket,minirocket,1,1,False,0.6835511982570806,0.6835511982570806,0.0
Ham,3,0.05,431,21,0.048723897911832945,point,block,linear,minirocket,minirocket,1,1,False,0.6263616557734205,0.6263616557734205,0.0
Ham,3,0.05,431,21,0.048723897911832945,block,point,linear,minirocket,minirocket,1,1,False,0.6835511982570806,0.6835511982570806,0.0
Ham,3,0.05,431,21,0.048723897911832945,block,block,linear,minirocket,minirocket,1,1,False,0.6263616557734205,0.6263616557734205,0.0
Ham,3,0.1,431,43,0.09976798143851508,point,point,linear,minirocket,minirocket,1,1,False,0.6830065359477124,0.6830065359477124,0.0
Ham,3,0.1,431,43,0.09976798143851508,point,block,linear,minirocket,minirocket,1,1,False,0.7314814814814814,0.7314814814814814,0.0
Ham,3,0.1,431,43,0.09976798143851508,block,point,linear,minirocket,minirocket,1,1,False,0.6830065359477124,0.6830065359477124,0.0
Ham,3,0.1,431,43,0.09976798143851508,block,block,linear,minirocket,minirocket,1,1,False,0.7314814814814814,0.7314814814814814,0.0
Ham,3,0.15,431,64,0.14849187935034802,point,point,linear,minirocket,minirocket,1,1,False,0.6835511982570806,0.6835511982570806,0.0
Ham,3,0.15,431,64,0.14849187935034802,point,block,linear,minirocket,minirocket,1,1,False,0.6203703703703703,0.6203703703703703,0.0
Ham,3,0.15,431,64,0.14849187935034802,block,point,linear,minirocket,minirocket,1,1,False,0.6835511982570806,0.6835511982570806,0.0
Ham,3,0.15,431,64,0.14849187935034802,block,block,linear,minirocket,minirocket,1,1,False,0.6203703703703703,0.6203703703703703,0.0
Ham,3,0.2,431,86,0.19953596287703015,point,point,linear,minirocket,minirocket,1,1,False,0.6650326797385621,0.6650326797385621,0.0
Ham,3,0.2,431,86,0.19953596287703015,point,block,linear,minirocket,minirocket,1,1,False,0.6601307189542484,0.6601307189542484,0.0
Ham,3,0.2,431,86,0.19953596287703015,block,point,linear,stat_rf,minirocket,1,1,True,0.5152505446623094,0.6650326797385621,0.1497821350762527
Ham,3,0.2,431,86,0.19953596287703015,block,block,linear,stat_rf,minirocket,1,1,True,0.49945533769063183,0.6601307189542484,0.16067538126361652
Ham,3,0.25,431,107,0.2482598607888631,point,point,linear,minirocket,minirocket,1,1,False,0.6742919389978212,0.6742919389978212,0.0
Ham,3,0.25,431,107,0.2482598607888631,point,block,linear,minirocket,dtw,1,1,True,0.5294117647058824,0.5315904139433552,0.002178649237472796
Ham,3,0.25,431,107,0.2482598607888631,block,point,linear,dtw,minirocket,1,1,True,0.4760348583877996,0.6742919389978212,0.19825708061002167
Ham,3,0.25,431,107,0.2482598607888631,block,block,linear,dtw,dtw,1,1,False,0.5315904139433552,0.5315904139433552,0.0
Ham,3,0.3,431,129,0.29930394431554525,point,point,linear,minirocket,minirocket,1,1,False,0.6835511982570806,0.6835511982570806,0.0
Ham,3,0.3,431,129,0.29930394431554525,point,block,linear,minirocket,minirocket,1,1,False,0.5495642701525054,0.5495642701525054,0.0
Ham,3,0.3,431,129,0.29930394431554525,block,point,linear,dtw,minirocket,1,1,True,0.4760348583877996,0.6835511982570806,0.20751633986928097
Ham,3,0.3,431,129,0.29930394431554525,block,block,linear,dtw,minirocket,1,1,True,0.5032679738562091,0.5495642701525054,0.04629629629629628
Ham,4,0.05,431,21,0.048723897911832945,point,point,linear,minirocket,minirocket,1,1,False,0.6933551198257081,0.6933551198257081,0.0
Ham,4,0.05,431,21,0.048723897911832945,point,block,linear,minirocket,minirocket,1,1,False,0.6933551198257081,0.6933551198257081,0.0
Ham,4,0.05,431,21,0.048723897911832945,block,point,linear,minirocket,minirocket,1,1,False,0.6933551198257081,0.6933551198257081,0.0
Ham,4,0.05,431,21,0.048723897911832945,block,block,linear,minirocket,minirocket,1,1,False,0.6933551198257081,0.6933551198257081,0.0
Ham,4,0.1,431,43,0.09976798143851508,point,point,linear,minirocket,minirocket,1,1,False,0.6840958605664488,0.6840958605664488,0.0
Ham,4,0.1,431,43,0.09976798143851508,point,block,linear,minirocket,dtw,1,1,True,0.5631808278867102,0.6181917211328976,0.05501089324618735
Ham,4,0.1,431,43,0.09976798143851508,block,point,linear,minirocket,minirocket,1,1,False,0.6840958605664488,0.6840958605664488,0.0
Ham,4,0.1,431,43,0.09976798143851508,block,block,linear,minirocket,dtw,1,1,True,0.5631808278867102,0.6181917211328976,0.05501089324618735
Ham,4,0.15,431,64,0.14849187935034802,point,point,linear,minirocket,minirocket,1,1,False,0.7026143790849673,0.7026143790849673,0.0
Ham,4,0.15,431,64,0.14849187935034802,point,block,linear,minirocket,minirocket,1,1,False,0.6410675381263617,0.6410675381263617,0.0
Ham,4,0.15,431,64,0.14849187935034802,block,point,linear,minirocket,minirocket,1,1,False,0.7026143790849673,0.7026143790849673,0.0
Ham,4,0.15,431,64,0.14849187935034802,block,block,linear,minirocket,minirocket,1,1,False,0.6410675381263617,0.6410675381263617,0.0
Ham,4,0.2,431,86,0.19953596287703015,point,point,linear,minirocket,minirocket,1,1,False,0.6835511982570806,0.6835511982570806,0.0
Ham,4,0.2,431,86,0.19953596287703015,point,block,linear,minirocket,dtw,1,1,True,0.5664488017429193,0.6568627450980392,0.09041394335511987
Ham,4,0.2,431,86,0.19953596287703015,block,point,linear,minirocket,minirocket,1,1,False,0.6835511982570806,0.6835511982570806,0.0
Ham,4,0.2,431,86,0.19953596287703015,block,block,linear,minirocket,dtw,1,1,True,0.5664488017429193,0.6568627450980392,0.09041394335511987
Ham,4,0.25,431,107,0.2482598607888631,point,point,linear,minirocket,minirocket,1,1,False,0.7031590413943356,0.7031590413943356,0.0
Ham,4,0.25,431,107,0.2482598607888631,point,block,linear,minirocket,dtw,1,1,True,0.5588235294117647,0.6187363834422658,0.05991285403050106
Ham,4,0.25,431,107,0.2482598607888631,block,point,linear,minirocket,minirocket,1,1,False,0.7031590413943356,0.7031590413943356,0.0
Ham,4,0.25,431,107,0.2482598607888631,block,block,linear,minirocket,dtw,1,1,True,0.5588235294117647,0.6187363834422658,0.05991285403050106
Ham,4,0.3,431,129,0.29930394431554525,point,point,linear,minirocket,minirocket,1,1,False,0.7135076252723311,0.7135076252723311,0.0
Ham,4,0.3,431,129,0.29930394431554525,point,block,linear,minirocket,dtw,1,1,True,0.5016339869281046,0.6100217864923747,0.10838779956427014
Ham,4,0.3,431,129,0.29930394431554525,block,point,linear,dtw,minirocket,1,1,True,0.5125272331154684,0.7135076252723311,0.2009803921568627
Ham,4,0.3,431,129,0.29930394431554525,block,block,linear,dtw,dtw,1,1,False,0.6100217864923747,0.6100217864923747,0.0
Ham,5,0.05,431,21,0.048723897911832945,point,point,linear,minirocket,minirocket,1,1,False,0.6639433551198257,0.6639433551198257,0.0
Ham,5,0.05,431,21,0.048723897911832945,point,block,linear,minirocket,minirocket,1,1,False,0.6546840958605664,0.6546840958605664,0.0
Ham,5,0.05,431,21,0.048723897911832945,block,point,linear,minirocket,minirocket,1,1,False,0.6639433551198257,0.6639433551198257,0.0
Ham,5,0.05,431,21,0.048723897911832945,block,block,linear,minirocket,minirocket,1,1,False,0.6546840958605664,0.6546840958605664,0.0
Ham,5,0.1,431,43,0.09976798143851508,point,point,linear,minirocket,minirocket,1,1,False,0.6639433551198257,0.6639433551198257,0.0
Ham,5,0.1,431,43,0.09976798143851508,point,block,linear,minirocket,minirocket,1,1,False,0.6955337690631809,0.6955337690631809,0.0
Ham,5,0.1,431,43,0.09976798143851508,block,point,linear,minirocket,minirocket,1,1,False,0.6639433551198257,0.6639433551198257,0.0
Ham,5,0.1,431,43,0.09976798143851508,block,block,linear,minirocket,minirocket,1,1,False,0.6955337690631809,0.6955337690631809,0.0
Ham,5,0.15,431,64,0.14849187935034802,point,point,linear,minirocket,minirocket,1,1,False,0.6639433551198257,0.6639433551198257,0.0
Ham,5,0.15,431,64,0.14849187935034802,point,block,linear,minirocket,minirocket,1,1,False,0.6029411764705883,0.6029411764705883,0.0
Ham,5,0.15,431,64,0.14849187935034802,block,point,linear,minirocket,minirocket,1,1,False,0.6639433551198257,0.6639433551198257,0.0
Ham,5,0.15,431,64,0.14849187935034802,block,block,linear,minirocket,minirocket,1,1,False,0.6029411764705883,0.6029411764705883,0.0
Ham,5,0.2,431,86,0.19953596287703015,point,point,linear,minirocket,minirocket,1,1,False,0.673202614379085,0.673202614379085,0.0
Ham,5,0.2,431,86,0.19953596287703015,point,block,linear,minirocket,minirocket,1,1,False,0.6149237472766884,0.6149237472766884,0.0
Ham,5,0.2,431,86,0.19953596287703015,block,point,linear,minirocket,minirocket,1,1,False,0.673202614379085,0.673202614379085,0.0
Ham,5,0.2,431,86,0.19953596287703015,block,block,linear,minirocket,minirocket,1,1,False,0.6149237472766884,0.6149237472766884,0.0
Ham,5,0.25,431,107,0.2482598607888631,point,point,linear,minirocket,minirocket,1,1,False,0.6546840958605664,0.6546840958605664,0.0
Ham,5,0.25,431,107,0.2482598607888631,point,block,linear,minirocket,minirocket,1,1,False,0.616557734204793,0.616557734204793,0.0
Ham,5,0.25,431,107,0.2482598607888631,block,point,linear,dtw,minirocket,1,1,True,0.5321350762527233,0.6546840958605664,0.12254901960784315
Ham,5,0.25,431,107,0.2482598607888631,block,block,linear,dtw,minirocket,1,1,True,0.568082788671024,0.616557734204793,0.048474945533768965
Ham,5,0.3,431,129,0.29930394431554525,point,point,linear,minirocket,minirocket,1,1,False,0.6644880174291938,0.6644880174291938,0.0
Ham,5,0.3,431,129,0.29930394431554525,point,block,linear,minirocket,minirocket,1,1,False,0.5969498910675382,0.5969498910675382,0.0
Ham,5,0.3,431,129,0.29930394431554525,block,point,linear,dtw,minirocket,1,1,True,0.5326797385620915,0.6644880174291938,0.13180827886710234
Ham,5,0.3,431,129,0.29930394431554525,block,block,linear,dtw,minirocket,1,1,True,0.5294117647058824,0.5969498910675382,0.06753812636165579
Haptics,1,0.05,1092,54,0.04945054945054945,point,point,linear,stat_rf,minirocket,1,1,True,0.4008206501827508,0.5123598547298575,0.11153920454710664
Haptics,1,0.05,1092,54,0.04945054945054945,point,block,linear,stat_rf,minirocket,1,1,True,0.3996114928717023,0.4925366737324482,0.09292518086074592
Haptics,1,0.05,1092,54,0.04945054945054945,block,point,linear,minirocket,minirocket,1,1,False,0.5123598547298575,0.5123598547298575,0.0
Haptics,1,0.05,1092,54,0.04945054945054945,block,block,linear,minirocket,minirocket,1,1,False,0.4925366737324482,0.4925366737324482,0.0
Haptics,1,0.1,1092,109,0.09981684981684982,point,point,linear,minirocket,minirocket,1,1,False,0.5095581305919265,0.5095581305919265,0.0
Haptics,1,0.1,1092,109,0.09981684981684982,point,block,linear,minirocket,minirocket,1,1,False,0.45220376601795226,0.45220376601795226,0.0
Haptics,1,0.1,1092,109,0.09981684981684982,block,point,linear,minirocket,minirocket,1,1,False,0.5095581305919265,0.5095581305919265,0.0
Haptics,1,0.1,1092,109,0.09981684981684982,block,block,linear,minirocket,minirocket,1,1,False,0.45220376601795226,0.45220376601795226,0.0
Haptics,1,0.15,1092,163,0.14926739926739926,point,point,linear,minirocket,minirocket,1,1,False,0.5092348547298575,0.5092348547298575,0.0
Haptics,1,0.15,1092,163,0.14926739926739926,point,block,linear,minirocket,minirocket,1,1,False,0.4097023448653867,0.4097023448653867,0.0
Haptics,1,0.15,1092,163,0.14926739926739926,block,point,linear,minirocket,minirocket,1,1,False,0.5092348547298575,0.5092348547298575,0.0
Haptics,1,0.15,1092,163,0.14926739926739926,block,block,linear,minirocket,minirocket,1,1,False,0.4097023448653867,0.4097023448653867,0.0
Haptics,1,0.2,1092,218,0.19963369963369965,point,point,linear,minirocket,minirocket,1,1,False,0.5092913519049987,0.5092913519049987,0.0
Haptics,1,0.2,1092,218,0.19963369963369965,point,block,linear,minirocket,minirocket,1,1,False,0.42701884172067767,0.42701884172067767,0.0
Haptics,1,0.2,1092,218,0.19963369963369965,block,point,linear,stat_rf,minirocket,1,1,True,0.39245043230661425,0.5092913519049987,0.1168409195983845
Haptics,1,0.2,1092,218,0.19963369963369965,block,block,linear,stat_rf,minirocket,1,1,True,0.33135126893295064,0.42701884172067767,0.09566757278772703
Haptics,1,0.25,1092,273,0.25,point,point,linear,minirocket,minirocket,1,1,False,0.4994681709075895,0.4994681709075895,0.0
Haptics,1,0.25,1092,273,0.25,point,block,linear,minirocket,minirocket,1,1,False,0.3939936204424982,0.3939936204424982,0.0
Haptics,1,0.25,1092,273,0.25,block,point,linear,minirocket,minirocket,2,1,False,0.4994681709075895,0.4994681709075895,0.0
Haptics,1,0.25,1092,273,0.25,block,block,linear,minirocket,minirocket,2,1,False,0.3939936204424982,0.3939936204424982,0.0
Haptics,1,0.3,1092,327,0.29945054945054944,point,point,linear,minirocket,minirocket,1,1,False,0.4997080185716653,0.4997080185716653,0.0
Haptics,1,0.3,1092,327,0.29945054945054944,point,block,linear,minirocket,minirocket,1,1,False,0.32525716682513794,0.32525716682513794,0.0
Haptics,1,0.3,1092,327,0.29945054945054944,block,point,linear,stat_rf,minirocket,1,1,True,0.3328974084138047,0.4997080185716653,0.16681061015786058
Haptics,1,0.3,1092,327,0.29945054945054944,block,block,linear,stat_rf,minirocket,1,1,True,0.24444555967968457,0.32525716682513794,0.08081160714545338
Haptics,2,0.05,1092,54,0.04945054945054945,point,point,linear,minirocket,minirocket,1,1,False,0.5043040495942264,0.5043040495942264,0.0
Haptics,2,0.05,1092,54,0.04945054945054945,point,block,linear,minirocket,minirocket,1,1,False,0.5094173656120333,0.5094173656120333,0.0
Haptics,2,0.05,1092,54,0.04945054945054945,block,point,linear,minirocket,minirocket,1,1,False,0.5043040495942264,0.5043040495942264,0.0
Haptics,2,0.05,1092,54,0.04945054945054945,block,block,linear,minirocket,minirocket,1,1,False,0.5094173656120333,0.5094173656120333,0.0
Haptics,2,0.1,1092,109,0.09981684981684982,point,point,linear,minirocket,minirocket,1,1,False,0.4943974403988241,0.4943974403988241,0.0
Haptics,2,0.1,1092,109,0.09981684981684982,point,block,linear,minirocket,minirocket,1,1,False,0.44585105594179897,0.44585105594179897,0.0
Haptics,2,0.1,1092,109,0.09981684981684982,block,point,linear,minirocket,minirocket,1,1,False,0.4943974403988241,0.4943974403988241,0.0
Haptics,2,0.1,1092,109,0.09981684981684982,block,block,linear,minirocket,minirocket,1,1,False,0.44585105594179897,0.44585105594179897,0.0
Haptics,2,0.15,1092,163,0.14926739926739926,point,point,linear,minirocket,minirocket,1,1,False,0.5033776471238198,0.5033776471238198,0.0
Haptics,2,0.15,1092,163,0.14926739926739926,point,block,linear,minirocket,minirocket,1,1,False,0.3945865191139568,0.3945865191139568,0.0
Haptics,2,0.15,1092,163,0.14926739926739926,block,point,linear,minirocket,minirocket,1,1,False,0.5033776471238198,0.5033776471238198,0.0
Haptics,2,0.15,1092,163,0.14926739926739926,block,block,linear,minirocket,minirocket,1,1,False,0.3945865191139568,0.3945865191139568,0.0
Haptics,2,0.2,1092,218,0.19963369963369965,point,point,linear,minirocket,minirocket,1,1,False,0.5068159603792842,0.5068159603792842,0.0
Haptics,2,0.2,1092,218,0.19963369963369965,point,block,linear,minirocket,minirocket,1,1,False,0.3656197061158265,0.3656197061158265,0.0
Haptics,2,0.2,1092,218,0.19963369963369965,block,point,linear,minirocket,minirocket,1,1,False,0.5068159603792842,0.5068159603792842,0.0
Haptics,2,0.2,1092,218,0.19963369963369965,block,block,linear,minirocket,minirocket,1,1,False,0.3656197061158265,0.3656197061158265,0.0
Haptics,2,0.25,1092,273,0.25,point,point,linear,minirocket,minirocket,1,1,False,0.5060959430637577,0.5060959430637577,0.0
Haptics,2,0.25,1092,273,0.25,point,block,linear,minirocket,minirocket,1,1,False,0.304751801701603,0.304751801701603,0.0
Haptics,2,0.25,1092,273,0.25,block,point,linear,minirocket,minirocket,1,1,False,0.5060959430637577,0.5060959430637577,0.0
Haptics,2,0.25,1092,273,0.25,block,block,linear,minirocket,minirocket,1,1,False,0.304751801701603,0.304751801701603,0.0
Haptics,2,0.3,1092,327,0.29945054945054944,point,point,linear,minirocket,minirocket,1,1,False,0.509345848199098,0.509345848199098,0.0
Haptics,2,0.3,1092,327,0.29945054945054944,point,block,linear,minirocket,minirocket,1,1,False,0.31300999023003045,0.31300999023003045,0.0
Haptics,2,0.3,1092,327,0.29945054945054944,block,point,linear,minirocket,minirocket,1,1,False,0.509345848199098,0.509345848199098,0.0
Haptics,2,0.3,1092,327,0.29945054945054944,block,block,linear,minirocket,minirocket,1,1,False,0.31300999023003045,0.31300999023003045,0.0
Haptics,3,0.05,1092,54,0.04945054945054945,point,point,linear,stat_rf,minirocket,1,1,True,0.3574421052975915,0.4901992594014149,0.13275715410382338
Haptics,3,0.05,1092,54,0.04945054945054945,point,block,linear,stat_rf,minirocket,1,1,True,0.38030685809700765,0.49418568503188326,0.11387882693487561
Haptics,3,0.05,1092,54,0.04945054945054945,block,point,linear,stat_rf,minirocket,1,1,True,0.3574421052975915,0.4901992594014149,0.13275715410382338
Haptics,3,0.05,1092,54,0.04945054945054945,block,block,linear,stat_rf,minirocket,1,1,True,0.38030685809700765,0.49418568503188326,0.11387882693487561
Haptics,3,0.1,1092,109,0.09981684981684982,point,point,linear,stat_rf,minirocket,1,1,True,0.35130051633998327,0.47711115303087137,0.1258106366908881
Haptics,3,0.1,1092,109,0.09981684981684982,point,block,linear,stat_rf,minirocket,1,1,True,0.3805221972399836,0.44645353921508757,0.06593134197510397
Haptics,3,0.1,1092,109,0.09981684981684982,block,point,linear,stat_rf,minirocket,1,1,True,0.35130051633998327,0.47711115303087137,0.1258106366908881
Haptics,3,0.1,1092,109,0.09981684981684982,block,block,linear,stat_rf,minirocket,1,1,True,0.3805221972399836,0.44645353921508757,0.06593134197510397
Haptics,3,0.15,1092,163,0.14926739926739926,point,point,linear,minirocket,minirocket,1,1,False,0.4906139778896284,0.4906139778896284,0.0
Haptics,3,0.15,1092,163,0.14926739926739926,point,block,linear,minirocket,minirocket,1,1,False,0.38342716574927815,0.38342716574927815,0.0
Haptics,3,0.15,1092,163,0.14926739926739926,block,point,linear,stat_rf,minirocket,2,1,True,0.3560433785921358,0.4906139778896284,0.1345705992974926
Haptics,3,0.15,1092,163,0.14926739926739926,block,block,linear,stat_rf,minirocket,2,1,True,0.36788375480865687,0.38342716574927815,0.015543410940621283
Haptics,3,0.2,1092,218,0.19963369963369965,point,point,linear,minirocket,minirocket,1,1,False,0.4835425553413528,0.4835425553413528,0.0
Haptics,3,0.2,1092,218,0.19963369963369965,point,block,linear,minirocket,stat_rf,1,1,True,0.33957840473261974,0.36406160314732594,0.024483198414706198
Haptics,3,0.2,1092,218,0.19963369963369965,block,point,linear,minirocket,minirocket,1,1,False,0.4835425553413528,0.4835425553413528,0.0
Haptics,3,0.2,1092,218,0.19963369963369965,block,block,linear,minirocket,stat_rf,1,1,True,0.33957840473261974,0.36406160314732594,0.024483198414706198
Haptics,3,0.25,1092,273,0.25,point,point,linear,stat_rf,minirocket,1,1,True,0.35590377488652586,0.493922328378563,0.13801855349203712
Haptics,3,0.25,1092,273,0.25,point,block,linear,stat_rf,stat_rf,1,1,False,0.33927452887520315,0.33927452887520315,0.0
Haptics,3,0.25,1092,273,0.25,block,point,linear,dtw,minirocket,1,1,True,0.34854495240047567,0.493922328378563,0.1453773759780873
Haptics,3,0.25,1092,273,0.25,block,block,linear,dtw,stat_rf,1,1,True,0.312209316145747,0.33927452887520315,0.027065212729456167
Haptics,3,0.3,1092,327,0.29945054945054944,point,point,linear,stat_rf,minirocket,1,1,True,0.2994550388763372,0.4745873314607558,0.17513229258441865
Haptics,3,0.3,1092,327,0.29945054945054944,point,block,linear,stat_rf,minirocket,1,1,True,0.3104634483921712,0.32315459522957973,0.012691146837408518
Haptics,3,0.3,1092,327,0.29945054945054944,block,point,linear,dtw,minirocket,1,1,True,0.3213555396599702,0.4745873314607558,0.1532317918007856
Haptics,3,0.3,1092,327,0.29945054945054944,block,block,linear,dtw,minirocket,1,1,True,0.274264887936123,0.32315459522957973,0.04888970729345671
Haptics,4,0.05,1092,54,0.04945054945054945,point,point,linear,minirocket,minirocket,1,1,False,0.5296792829394815,0.5296792829394815,0.0
Haptics,4,0.05,1092,54,0.04945054945054945,point,block,linear,minirocket,minirocket,1,1,False,0.5047664639252598,0.5047664639252598,0.0
Haptics,4,0.05,1092,54,0.04945054945054945,block,point,linear,minirocket,minirocket,1,1,False,0.5296792829394815,0.5296792829394815,0.0
Haptics,4,0.05,1092,54,0.04945054945054945,block,block,linear,minirocket,minirocket,1,1,False,0.5047664639252598,0.5047664639252598,0.0
Haptics,4,0.1,1092,109,0.09981684981684982,point,point,linear,minirocket,minirocket,1,1,False,0.5258012683514048,0.5258012683514048,0.0
Haptics,4,0.1,1092,109,0.09981684981684982,point,block,linear,minirocket,minirocket,1,1,False,0.46761051369394985,0.46761051369394985,0.0
Haptics,4,0.1,1092,109,0.09981684981684982,block,point,linear,minirocket,minirocket,1,1,False,0.5258012683514048,0.5258012683514048,0.0
Haptics,4,0.1,1092,109,0.09981684981684982,block,block,linear,minirocket,minirocket,1,1,False,0.46761051369394985,0.46761051369394985,0.0
Haptics,4,0.15,1092,163,0.14926739926739926,point,point,linear,minirocket,minirocket,1,1,False,0.528198236607727,0.528198236607727,0.0
Haptics,4,0.15,1092,163,0.14926739926739926,point,block,linear,minirocket,minirocket,1,1,False,0.44599951368231905,0.44599951368231905,0.0
Haptics,4,0.15,1092,163,0.14926739926739926,block,point,linear,minirocket,minirocket,1,1,False,0.528198236607727,0.528198236607727,0.0
Haptics,4,0.15,1092,163,0.14926739926739926,block,block,linear,minirocket,minirocket,1,1,False,0.44599951368231905,0.44599951368231905,0.0
Haptics,4,0.2,1092,218,0.19963369963369965,point,point,linear,minirocket,minirocket,1,1,False,0.5282547337828682,0.5282547337828682,0.0
Haptics,4,0.2,1092,218,0.19963369963369965,point,block,linear,minirocket,minirocket,1,1,False,0.4291013354472524,0.4291013354472524,0.0
Haptics,4,0.2,1092,218,0.19963369963369965,block,point,linear,stat_rf,minirocket,1,1,True,0.36098603272358254,0.5282547337828682,0.1672687010592857
Haptics,4,0.2,1092,218,0.19963369963369965,block,block,linear,stat_rf,minirocket,1,1,True,0.29483365063926426,0.4291013354472524,0.13426768480798812
Haptics,4,0.25,1092,273,0.25,point,point,linear,minirocket,minirocket,1,1,False,0.5215100182169224,0.5215100182169224,0.0
Haptics,4,0.25,1092,273,0.25,point,block,linear,minirocket,minirocket,1,1,False,0.35692378987586904,0.35692378987586904,0.0
Haptics,4,0.25,1092,273,0.25,block,point,linear,minirocket,minirocket,1,1,False,0.5215100182169224,0.5215100182169224,0.0
Haptics,4,0.25,1092,273,0.25,block,block,linear,minirocket,minirocket,1,1,False,0.35692378987586904,0.35692378987586904,0.0
Haptics,4,0.3,1092,327,0.29945054945054944,point,point,linear,minirocket,minirocket,1,1,False,0.5253846016847381,0.5253846016847381,0.0
Haptics,4,0.3,1092,327,0.29945054945054944,point,block,linear,minirocket,minirocket,1,1,False,0.3525545344580429,0.3525545344580429,0.0
Haptics,4,0.3,1092,327,0.29945054945054944,block,point,linear,stat_rf,minirocket,1,1,True,0.35390697011726874,0.5253846016847381,0.17147763156746937
Haptics,4,0.3,1092,327,0.29945054945054944,block,block,linear,stat_rf,minirocket,1,1,True,0.23477763687407496,0.3525545344580429,0.11777689758396795
Haptics,5,0.05,1092,54,0.04945054945054945,point,point,linear,minirocket,minirocket,1,1,False,0.5020996075292736,0.5020996075292736,0.0
Haptics,5,0.05,1092,54,0.04945054945054945,point,block,linear,minirocket,minirocket,1,1,False,0.4666829499492601,0.4666829499492601,0.0
Haptics,5,0.05,1092,54,0.04945054945054945,block,point,linear,minirocket,minirocket,1,1,False,0.5020996075292736,0.5020996075292736,0.0
Haptics,5,0.05,1092,54,0.04945054945054945,block,block,linear,minirocket,minirocket,1,1,False,0.4666829499492601,0.4666829499492601,0.0
Haptics,5,0.1,1092,109,0.09981684981684982,point,point,linear,minirocket,minirocket,1,1,False,0.5046799262745303,0.5046799262745303,0.0
Haptics,5,0.1,1092,109,0.09981684981684982,point,block,linear,minirocket,minirocket,1,1,False,0.4553353502068849,0.4553353502068849,0.0
Haptics,5,0.1,1092,109,0.09981684981684982,block,point,linear,minirocket,minirocket,1,1,False,0.5046799262745303,0.5046799262745303,0.0
Haptics,5,0.1,1092,109,0.09981684981684982,block,block,linear,minirocket,minirocket,1,1,False,0.4553353502068849,0.4553353502068849,0.0
Haptics,5,0.15,1092,163,0.14926739926739926,point,point,linear,minirocket,minirocket,1,1,False,0.5080132596078636,0.5080132596078636,0.0
Haptics,5,0.15,1092,163,0.14926739926739926,point,block,linear,minirocket,minirocket,1,1,False,0.46483525534222514,0.46483525534222514,0.0
Haptics,5,0.15,1092,163,0.14926739926739926,block,point,linear,stat_rf,minirocket,1,1,True,0.36105495862301584,0.5080132596078636,0.14695830098484775
Haptics,5,0.15,1092,163,0.14926739926739926,block,block,linear,stat_rf,minirocket,1,1,True,0.37651700767058915,0.46483525534222514,0.08831824767163599
Haptics,5,0.2,1092,218,0.19963369963369965,point,point,linear,minirocket,minirocket,1,1,False,0.5008268945308525,0.5008268945308525,0.0
Haptics,5,0.2,1092,218,0.19963369963369965,point,block,linear,minirocket,minirocket,1,1,False,0.3861659048416596,0.3861659048416596,0.0
Haptics,5,0.2,1092,218,0.19963369963369965,block,point,linear,minirocket,minirocket,1,1,False,0.5008268945308525,0.5008268945308525,0.0
Haptics,5,0.2,1092,218,0.19963369963369965,block,block,linear,minirocket,minirocket,1,1,False,0.3861659048416596,0.3861659048416596,0.0
Haptics,5,0.25,1092,273,0.25,point,point,linear,minirocket,minirocket,1,1,False,0.5072017996661927,0.5072017996661927,0.0
Haptics,5,0.25,1092,273,0.25,point,block,linear,minirocket,minirocket,1,1,False,0.35388226168979764,0.35388226168979764,0.0
Haptics,5,0.25,1092,273,0.25,block,point,linear,minirocket,minirocket,1,1,False,0.5072017996661927,0.5072017996661927,0.0
Haptics,5,0.25,1092,273,0.25,block,block,linear,minirocket,minirocket,1,1,False,0.35388226168979764,0.35388226168979764,0.0
Haptics,5,0.3,1092,327,0.29945054945054944,point,point,linear,minirocket,minirocket,1,1,False,0.5141233342347293,0.5141233342347293,0.0
Haptics,5,0.3,1092,327,0.29945054945054944,point,block,linear,minirocket,minirocket,1,1,False,0.37373042553160557,0.37373042553160557,0.0
Haptics,5,0.3,1092,327,0.29945054945054944,block,point,linear,minirocket,minirocket,1,1,False,0.5141233342347293,0.5141233342347293,0.0
Haptics,5,0.3,1092,327,0.29945054945054944,block,block,linear,minirocket,minirocket,1,1,False,0.37373042553160557,0.37373042553160557,0.0
CinCECGTorso,1,0.05,1639,81,0.04942037827943868,point,point,linear,minirocket,minirocket,1,1,False,0.8228806970101978,0.8228806970101978,0.0
CinCECGTorso,1,0.05,1639,81,0.04942037827943868,point,block,linear,minirocket,minirocket,1,1,False,0.8038816947722753,0.8038816947722753,0.0
CinCECGTorso,1,0.05,1639,81,0.04942037827943868,block,point,linear,dtw,minirocket,1,1,True,0.6359807793663396,0.8228806970101978,0.18689991764385827
CinCECGTorso,1,0.05,1639,81,0.04942037827943868,block,block,linear,dtw,minirocket,1,1,True,0.6367178631286884,0.8038816947722753,0.16716383164358695
CinCECGTorso,1,0.1,1639,163,0.09945088468578402,point,point,linear,minirocket,minirocket,1,1,False,0.8250651918171649,0.8250651918171649,0.0
CinCECGTorso,1,0.1,1639,163,0.09945088468578402,point,block,linear,minirocket,minirocket,1,1,False,0.7652180510430171,0.7652180510430171,0.0
CinCECGTorso,1,0.1,1639,163,0.09945088468578402,block,point,linear,dtw,minirocket,1,1,True,0.633808767704532,0.8250651918171649,0.19125642411263288
CinCECGTorso,1,0.1,1639,163,0.09945088468578402,block,block,linear,dtw,minirocket,1,1,True,0.5926033547340697,0.7652180510430171,0.17261469630894744
CinCECGTorso,1,0.15,1639,245,0.14948139109212935,point,point,linear,minirocket,minirocket,1,1,False,0.8228953113336432,0.8228953113336432,0.0
CinCECGTorso,1,0.15,1639,245,0.14948139109212935,point,block,linear,minirocket,minirocket,1,1,False,0.7230166254144679,0.7230166254144679,0.0
CinCECGTorso,1,0.15,1639,245,0.14948139109212935,block,point,linear,dtw,minirocket,1,1,True,0.633808767704532,0.8228953113336432,0.18908654362911126
CinCECGTorso,1,0.15,1639,245,0.14948139109212935,block,block,linear,dtw,minirocket,1,1,True,0.5593033826803033,0.7230166254144679,0.16371324273416454
CinCECGTorso,1,0.2,1639,327,0.19951189749847467,point,point,linear,minirocket,minirocket,1,1,False,0.8193260139405004,0.8193260139405004,0.0
CinCECGTorso,1,0.2,1639,327,0.19951189749847467,point,block,linear,minirocket,minirocket,1,1,False,0.6684890835488604,0.6684890835488604,0.0
CinCECGTorso,1,0.2,1639,327,0.19951189749847467,block,point,linear,stat_rf,minirocket,2,1,True,0.5888116883453829,0.8193260139405004,0.23051432559511753
CinCECGTorso,1,0.2,1639,327,0.19951189749847467,block,block,linear,stat_rf,minirocket,2,1,True,0.544279576492251,0.6684890835488604,0.12420950705660938
CinCECGTorso,1,0.25,1639,409,0.24954240390482002,point,point,linear,minirocket,minirocket,1,1,False,0.8186242113713743,0.8186242113713743,0.0
CinCECGTorso,1,0.25,1639,409,0.24954240390482002,point,block,linear,minirocket,minirocket,1,1,False,0.6082871405072872,0.6082871405072872,0.0
CinCECGTorso,1,0.25,1639,409,0.24954240390482002,block,point,linear,stat_rf,minirocket,1,1,True,0.5867374922073002,0.8186242113713743,0.2318867191640741
CinCECGTorso,1,0.25,1639,409,0.24954240390482002,block,block,linear,stat_rf,minirocket,1,1,True,0.5187268971007821,0.6082871405072872,0.08956024340650504
CinCECGTorso,1,0.3,1639,491,0.29957291031116534,point,point,linear,minirocket,minirocket,1,1,False,0.8179120568353745,0.8179120568353745,0.0
CinCECGTorso,1,0.3,1639,491,0.29957291031116534,point,block,linear,minirocket,minirocket,1,1,False,0.5523577466292173,0.5523577466292173,0.0
CinCECGTorso,1,0.3,1639,491,0.29957291031116534,block,point,linear,stat_rf,minirocket,1,1,True,0.5736990287015973,0.8179120568353745,0.2442130281337772
CinCECGTorso,1,0.3,1639,491,0.29957291031116534,block,block,linear,stat_rf,minirocket,1,1,True,0.5099881914190979,0.5523577466292173,0.042369555210119425
CinCECGTorso,2,0.05,1639,81,0.04942037827943868,point,point,linear,minirocket,minirocket,1,1,False,0.7419237052999254,0.7419237052999254,0.0
CinCECGTorso,2,0.05,1639,81,0.04942037827943868,point,block,linear,minirocket,minirocket,1,1,False,0.7287464298130715,0.7287464298130715,0.0
CinCECGTorso,2,0.05,1639,81,0.04942037827943868,block,point,linear,minirocket,minirocket,1,1,False,0.7419237052999254,0.7419237052999254,0.0
CinCECGTorso,2,0.05,1639,81,0.04942037827943868,block,block,linear,minirocket,minirocket,1,1,False,0.7287464298130715,0.7287464298130715,0.0
CinCECGTorso,2,0.1,1639,163,0.09945088468578402,point,point,linear,minirocket,minirocket,1,1,False,0.7390830410839284,0.7390830410839284,0.0
CinCECGTorso,2,0.1,1639,163,0.09945088468578402,point,block,linear,minirocket,minirocket,1,1,False,0.7025319880594713,0.7025319880594713,0.0
CinCECGTorso,2,0.1,1639,163,0.09945088468578402,block,point,linear,minirocket,minirocket,1,1,False,0.7390830410839284,0.7390830410839284,0.0
CinCECGTorso,2,0.1,1639,163,0.09945088468578402,block,block,linear,minirocket,minirocket,1,1,False,0.7025319880594713,0.7025319880594713,0.0
CinCECGTorso,2,0.15,1639,245,0.14948139109212935,point,point,linear,minirocket,minirocket,1,1,False,0.7362198086164835,0.7362198086164835,0.0
CinCECGTorso,2,0.15,1639,245,0.14948139109212935,point,block,linear,minirocket,minirocket,1,1,False,0.6835350799358645,0.6835350799358645,0.0
CinCECGTorso,2,0.15,1639,245,0.14948139109212935,block,point,linear,dtw,minirocket,1,1,True,0.5567258800654401,0.7362198086164835,0.1794939285510434
CinCECGTorso,2,0.15,1639,245,0.14948139109212935,block,block,linear,dtw,minirocket,1,1,True,0.49077855463859293,0.6835350799358645,0.19275652529727155
CinCECGTorso,2,0.2,1639,327,0.19951189749847467,point,point,linear,minirocket,minirocket,1,1,False,0.7362593521662778,0.7362593521662778,0.0
CinCECGTorso,2,0.2,1639,327,0.19951189749847467,point,block,linear,minirocket,minirocket,1,1,False,0.6355924675634665,0.6355924675634665,0.0
CinCECGTorso,2,0.2,1639,327,0.19951189749847467,block,point,linear,minirocket,minirocket,1,1,False,0.7362593521662778,0.7362593521662778,0.0
CinCECGTorso,2,0.2,1639,327,0.19951189749847467,block,block,linear,minirocket,minirocket,1,1,False,0.6355924675634665,0.6355924675634665,0.0
CinCECGTorso,2,0.25,1639,409,0.24954240390482002,point,point,linear,minirocket,minirocket,1,1,False,0.7269256808095365,0.7269256808095365,0.0
CinCECGTorso,2,0.25,1639,409,0.24954240390482002,point,block,linear,minirocket,minirocket,1,1,False,0.601573450781642,0.601573450781642,0.0
CinCECGTorso,2,0.25,1639,409,0.24954240390482002,block,point,linear,minirocket,minirocket,2,1,False,0.7269256808095365,0.7269256808095365,0.0
CinCECGTorso,2,0.25,1639,409,0.24954240390482002,block,block,linear,minirocket,minirocket,2,1,False,0.601573450781642,0.601573450781642,0.0
CinCECGTorso,2,0.3,1639,491,0.29957291031116534,point,point,linear,minirocket,minirocket,1,1,False,0.7233396749786326,0.7233396749786326,0.0
CinCECGTorso,2,0.3,1639,491,0.29957291031116534,point,block,linear,minirocket,minirocket,1,1,False,0.592638387598692,0.592638387598692,0.0
CinCECGTorso,2,0.3,1639,491,0.29957291031116534,block,point,linear,dtw,minirocket,1,1,True,0.5545933748894567,0.7233396749786326,0.1687463000891759
CinCECGTorso,2,0.3,1639,491,0.29957291031116534,block,block,linear,dtw,minirocket,1,1,True,0.4057679469303249,0.592638387598692,0.1868704406683671
CinCECGTorso,3,0.05,1639,81,0.04942037827943868,point,point,linear,minirocket,minirocket,1,1,False,0.8625067067254056,0.8625067067254056,0.0
CinCECGTorso,3,0.05,1639,81,0.04942037827943868,point,block,linear,minirocket,minirocket,1,1,False,0.8479956731521202,0.8479956731521202,0.0
CinCECGTorso,3,0.05,1639,81,0.04942037827943868,block,point,linear,minirocket,minirocket,1,1,False,0.8625067067254056,0.8625067067254056,0.0
CinCECGTorso,3,0.05,1639,81,0.04942037827943868,block,block,linear,minirocket,minirocket,1,1,False,0.8479956731521202,0.8479956731521202,0.0
CinCECGTorso,3,0.1,1639,163,0.09945088468578402,point,point,linear,minirocket,minirocket,1,1,False,0.8574921294659305,0.8574921294659305,0.0
CinCECGTorso,3,0.1,1639,163,0.09945088468578402,point,block,linear,minirocket,minirocket,1,1,False,0.8129864664619253,0.8129864664619253,0.0
CinCECGTorso,3,0.1,1639,163,0.09945088468578402,block,point,linear,minirocket,minirocket,1,1,False,0.8574921294659305,0.8574921294659305,0.0
CinCECGTorso,3,0.1,1639,163,0.09945088468578402,block,block,linear,minirocket,minirocket,1,1,False,0.8129864664619253,0.8129864664619253,0.0
CinCECGTorso,3,0.15,1639,245,0.14948139109212935,point,point,linear,minirocket,minirocket,1,1,False,0.8567945521894058,0.8567945521894058,0.0
CinCECGTorso,3,0.15,1639,245,0.14948139109212935,point,block,linear,minirocket,minirocket,1,1,False,0.7737670225549085,0.7737670225549085,0.0
CinCECGTorso,3,0.15,1639,245,0.14948139109212935,block,point,linear,minirocket,minirocket,1,1,False,0.8567945521894058,0.8567945521894058,0.0
CinCECGTorso,3,0.15,1639,245,0.14948139109212935,block,block,linear,minirocket,minirocket,1,1,False,0.7737670225549085,0.7737670225549085,0.0
CinCECGTorso,3,0.2,1639,327,0.19951189749847467,point,point,linear,minirocket,minirocket,1,1,False,0.852496391822502,0.852496391822502,0.0
CinCECGTorso,3,0.2,1639,327,0.19951189749847467,point,block,linear,minirocket,minirocket,1,1,False,0.7381270723392332,0.7381270723392332,0.0
CinCECGTorso,3,0.2,1639,327,0.19951189749847467,block,point,linear,minirocket,minirocket,1,1,False,0.852496391822502,0.852496391822502,0.0
CinCECGTorso,3,0.2,1639,327,0.19951189749847467,block,block,linear,minirocket,minirocket,1,1,False,0.7381270723392332,0.7381270723392332,0.0
CinCECGTorso,3,0.25,1639,409,0.24954240390482002,point,point,linear,minirocket,minirocket,1,1,False,0.8488936775538373,0.8488936775538373,0.0
CinCECGTorso,3,0.25,1639,409,0.24954240390482002,point,block,linear,minirocket,minirocket,1,1,False,0.6922439565343408,0.6922439565343408,0.0
CinCECGTorso,3,0.25,1639,409,0.24954240390482002,block,point,linear,minirocket,minirocket,1,1,False,0.8488936775538373,0.8488936775538373,0.0
CinCECGTorso,3,0.25,1639,409,0.24954240390482002,block,block,linear,minirocket,minirocket,1,1,False,0.6922439565343408,0.6922439565343408,0.0
CinCECGTorso,3,0.3,1639,491,0.29957291031116534,point,point,linear,minirocket,minirocket,1,1,False,0.8511054996260244,0.8511054996260244,0.0
CinCECGTorso,3,0.3,1639,491,0.29957291031116534,point,block,linear,minirocket,minirocket,1,1,False,0.6588306354469433,0.6588306354469433,0.0
CinCECGTorso,3,0.3,1639,491,0.29957291031116534,block,point,linear,minirocket,minirocket,1,1,False,0.8511054996260244,0.8511054996260244,0.0
CinCECGTorso,3,0.3,1639,491,0.29957291031116534,block,block,linear,minirocket,minirocket,1,1,False,0.6588306354469433,0.6588306354469433,0.0
CinCECGTorso,4,0.05,1639,81,0.04942037827943868,point,point,linear,dtw,minirocket,1,1,True,0.6357800853805617,0.8419423447705332,0.20616225938997146
CinCECGTorso,4,0.05,1639,81,0.04942037827943868,point,block,linear,dtw,minirocket,1,1,True,0.615432102883651,0.8337930859387451,0.2183609830550941
CinCECGTorso,4,0.05,1639,81,0.04942037827943868,block,point,linear,dtw,minirocket,2,1,True,0.6357800853805617,0.8419423447705332,0.20616225938997146
CinCECGTorso,4,0.05,1639,81,0.04942037827943868,block,block,linear,dtw,minirocket,2,1,True,0.615432102883651,0.8337930859387451,0.2183609830550941
CinCECGTorso,4,0.1,1639,163,0.09945088468578402,point,point,linear,minirocket,minirocket,2,1,False,0.8383688220847889,0.8383688220847889,0.0
CinCECGTorso,4,0.1,1639,163,0.09945088468578402,point,block,linear,minirocket,minirocket,2,1,False,0.803288860275504,0.803288860275504,0.0
CinCECGTorso,4,0.1,1639,163,0.09945088468578402,block,point,linear,dtw,minirocket,2,1,True,0.6336268762708308,0.8383688220847889,0.2047419458139581
CinCECGTorso,4,0.1,1639,163,0.09945088468578402,block,block,linear,dtw,minirocket,2,1,True,0.5929753695092508,0.803288860275504,0.21031349076625316
CinCECGTorso,4,0.15,1639,245,0.14948139109212935,point,point,linear,dtw,minirocket,1,1,True,0.6350700249588775,0.8376524422561876,0.20258241729731008
CinCECGTorso,4,0.15,1639,245,0.14948139109212935,point,block,linear,dtw,minirocket,1,1,True,0.5479427309771027,0.767716737125274,0.21977400614817133
CinCECGTorso,4,0.15,1639,245,0.14948139109212935,block,point,linear,minirocket,minirocket,2,1,False,0.8376524422561876,0.8376524422561876,0.0
CinCECGTorso,4,0.15,1639,245,0.14948139109212935,block,block,linear,minirocket,minirocket,2,1,False,0.767716737125274,0.767716737125274,0.0
CinCECGTorso,4,0.2,1639,327,0.19951189749847467,point,point,linear,dtw,minirocket,2,1,True,0.6343536080663059,0.8340728299601414,0.1997192218938355
CinCECGTorso,4,0.2,1639,327,0.19951189749847467,point,block,linear,dtw,minirocket,2,1,True,0.5125420435145835,0.7392824823075138,0.22674043879293027
CinCECGTorso,4,0.2,1639,327,0.19951189749847467,block,point,linear,dtw,minirocket,2,1,True,0.6343536080663059,0.8340728299601414,0.1997192218938355
CinCECGTorso,4,0.2,1639,327,0.19951189749847467,block,block,linear,dtw,minirocket,2,1,True,0.5125420435145835,0.7392824823075138,0.22674043879293027
CinCECGTorso,4,0.25,1639,409,0.24954240390482002,point,point,linear,dtw,minirocket,1,1,True,0.6329022385896714,0.8275920391039711,0.19468980051429963
CinCECGTorso,4,0.25,1639,409,0.24954240390482002,point,block,linear,dtw,minirocket,1,1,True,0.46750928637773076,0.6919145430864948,0.22440525670876404
CinCECGTorso,4,0.25,1639,409,0.24954240390482002,block,point,linear,dtw,minirocket,2,1,True,0.6329022385896714,0.8275920391039711,0.19468980051429963
CinCECGTorso,4,0.25,1639,409,0.24954240390482002,block,block,linear,dtw,minirocket,2,1,True,0.46750928637773076,0.6919145430864948,0.22440525670876404
CinCECGTorso,4,0.3,1639,491,0.29957291031116534,point,point,linear,dtw,minirocket,1,1,True,0.6314381561712622,0.8254825988366361,0.1940444426653739
CinCECGTorso,4,0.3,1639,491,0.29957291031116534,point,block,linear,dtw,minirocket,1,1,True,0.43045017898191207,0.6578524023753557,0.22740222339344363
CinCECGTorso,4,0.3,1639,491,0.29957291031116534,block,point,linear,minirocket,minirocket,1,1,False,0.8254825988366361,0.8254825988366361,0.0
CinCECGTorso,4,0.3,1639,491,0.29957291031116534,block,block,linear,minirocket,minirocket,1,1,False,0.6578524023753557,0.6578524023753557,0.0
CinCECGTorso,5,0.05,1639,81,0.04942037827943868,point,point,linear,minirocket,minirocket,1,1,False,0.8595886640588457,0.8595886640588457,0.0
CinCECGTorso,5,0.05,1639,81,0.04942037827943868,point,block,linear,minirocket,minirocket,1,1,False,0.8486219986523541,0.8486219986523541,0.0
CinCECGTorso,5,0.05,1639,81,0.04942037827943868,block,point,linear,minirocket,minirocket,1,1,False,0.8595886640588457,0.8595886640588457,0.0
CinCECGTorso,5,0.05,1639,81,0.04942037827943868,block,block,linear,minirocket,minirocket,1,1,False,0.8486219986523541,0.8486219986523541,0.0
CinCECGTorso,5,0.1,1639,163,0.09945088468578402,point,point,linear,minirocket,minirocket,1,1,False,0.8552883725136562,0.8552883725136562,0.0
CinCECGTorso,5,0.1,1639,163,0.09945088468578402,point,block,linear,minirocket,minirocket,1,1,False,0.8108273604745375,0.8108273604745375,0.0
CinCECGTorso,5,0.1,1639,163,0.09945088468578402,block,point,linear,minirocket,minirocket,1,1,False,0.8552883725136562,0.8552883725136562,0.0
CinCECGTorso,5,0.1,1639,163,0.09945088468578402,block,block,linear,minirocket,minirocket,1,1,False,0.8108273604745375,0.8108273604745375,0.0
CinCECGTorso,5,0.15,1639,245,0.14948139109212935,point,point,linear,minirocket,minirocket,1,1,False,0.8531476465490848,0.8531476465490848,0.0
CinCECGTorso,5,0.15,1639,245,0.14948139109212935,point,block,linear,minirocket,minirocket,1,1,False,0.7607128439258454,0.7607128439258454,0.0
CinCECGTorso,5,0.15,1639,245,0.14948139109212935,block,point,linear,minirocket,minirocket,1,1,False,0.8531476465490848,0.8531476465490848,0.0
CinCECGTorso,5,0.15,1639,245,0.14948139109212935,block,block,linear,minirocket,minirocket,1,1,False,0.7607128439258454,0.7607128439258454,0.0
CinCECGTorso,5,0.2,1639,327,0.19951189749847467,point,point,linear,minirocket,minirocket,1,1,False,0.8561047731722088,0.8561047731722088,0.0
CinCECGTorso,5,0.2,1639,327,0.19951189749847467,point,block,linear,minirocket,minirocket,1,1,False,0.7004148384863371,0.7004148384863371,0.0
CinCECGTorso,5,0.2,1639,327,0.19951189749847467,block,point,linear,minirocket,minirocket,1,1,False,0.8561047731722088,0.8561047731722088,0.0
CinCECGTorso,5,0.2,1639,327,0.19951189749847467,block,block,linear,minirocket,minirocket,1,1,False,0.7004148384863371,0.7004148384863371,0.0
CinCECGTorso,5,0.25,1639,409,0.24954240390482002,point,point,linear,minirocket,minirocket,1,1,False,0.8517899414315143,0.8517899414315143,0.0
CinCECGTorso,5,0.25,1639,409,0.24954240390482002,point,block,linear,minirocket,minirocket,1,1,False,0.6566970368838393,0.6566970368838393,0.0
CinCECGTorso,5,0.25,1639,409,0.24954240390482002,block,point,linear,stat_rf,minirocket,2,1,True,0.57174411924517,0.8517899414315143,0.28004582218634433
CinCECGTorso,5,0.25,1639,409,0.24954240390482002,block,block,linear,stat_rf,minirocket,2,1,True,0.5075342304296677,0.6566970368838393,0.14916280645417157
CinCECGTorso,5,0.3,1639,491,0.29957291031116534,point,point,linear,minirocket,minirocket,1,1,False,0.8482519297356079,0.8482519297356079,0.0
CinCECGTorso,5,0.3,1639,491,0.29957291031116534,point,block,linear,minirocket,minirocket,1,1,False,0.5926672974954392,0.5926672974954392,0.0
CinCECGTorso,5,0.3,1639,491,0.29957291031116534,block,point,linear,minirocket,minirocket,2,1,False,0.8482519297356079,0.8482519297356079,0.0
CinCECGTorso,5,0.3,1639,491,0.29957291031116534,block,block,linear,minirocket,minirocket,2,1,False,0.5926672974954392,0.5926672974954392,0.0
