dataset,seed,missing_rate,n_timepoints,n_missing_per_series,realized_missing_rate,source_pattern,target_pattern,imputer,selected_classifier,oracle_classifier,n_validation_ties,n_oracle_ties,selection_error,selected_test_balanced_accuracy,oracle_test_balanced_accuracy,regret
Adiac,1,0.05,176,8,0.045454545454545456,point,linear_block,linear,minirocket,minirocket,1,1,False,0.777034902034902,0.777034902034902,0.0
Adiac,1,0.05,176,8,0.045454545454545456,linear_block,point,linear,minirocket,minirocket,1,1,False,0.7961103086103085,0.7961103086103085,0.0
Adiac,1,0.05,176,8,0.045454545454545456,linear_block,linear_block,linear,minirocket,minirocket,1,1,False,0.777034902034902,0.777034902034902,0.0
Adiac,1,0.1,176,17,0.09659090909090909,point,linear_block,linear,minirocket,minirocket,1,1,False,0.7067392817392817,0.7067392817392817,0.0
Adiac,1,0.1,176,17,0.09659090909090909,linear_block,point,linear,minirocket,minirocket,1,1,False,0.7818531693531693,0.7818531693531693,0.0
Adiac,1,0.1,176,17,0.09659090909090909,linear_block,linear_block,linear,minirocket,minirocket,1,1,False,0.7067392817392817,0.7067392817392817,0.0
Adiac,1,0.15,176,26,0.14772727272727273,point,linear_block,linear,minirocket,minirocket,1,1,False,0.5966782091782091,0.5966782091782091,0.0
Adiac,1,0.15,176,26,0.14772727272727273,linear_block,point,linear,minirocket,minirocket,1,1,False,0.7813419688419689,0.7813419688419689,0.0
Adiac,1,0.15,176,26,0.14772727272727273,linear_block,linear_block,linear,minirocket,minirocket,1,1,False,0.5966782091782091,0.5966782091782091,0.0
Adiac,1,0.2,176,35,0.19886363636363635,point,linear_block,linear,minirocket,minirocket,1,1,False,0.38293737043737036,0.38293737043737036,0.0
Adiac,1,0.2,176,35,0.19886363636363635,linear_block,point,linear,minirocket,minirocket,1,1,False,0.8048443673443674,0.8048443673443674,0.0
Adiac,1,0.2,176,35,0.19886363636363635,linear_block,linear_block,linear,minirocket,minirocket,1,1,False,0.38293737043737036,0.38293737043737036,0.0
Adiac,1,0.25,176,44,0.25,point,linear_block,linear,minirocket,stat_rf,1,1,True,0.21001554751554746,0.27030484530484533,0.06028929778929787
Adiac,1,0.25,176,44,0.25,linear_block,point,linear,stat_rf,minirocket,1,1,True,0.6204769329769328,0.7921813546813548,0.1717044217044219
Adiac,1,0.25,176,44,0.25,linear_block,linear_block,linear,stat_rf,stat_rf,1,1,False,0.27030484530484533,0.27030484530484533,0.0
Adiac,1,0.3,176,52,0.29545454545454547,point,linear_block,linear,minirocket,stat_rf,1,1,True,0.12296937296937295,0.23867581367581367,0.11570644070644072
Adiac,1,0.3,176,52,0.29545454545454547,linear_block,point,linear,stat_rf,minirocket,1,1,True,0.6083527958527959,0.7729179604179603,0.16456516456516446
Adiac,1,0.3,176,52,0.29545454545454547,linear_block,linear_block,linear,stat_rf,stat_rf,1,1,False,0.23867581367581367,0.23867581367581367,0.0
Adiac,2,0.05,176,8,0.045454545454545456,point,linear_block,linear,minirocket,minirocket,1,1,False,0.7688798063798064,0.7688798063798064,0.0
Adiac,2,0.05,176,8,0.045454545454545456,linear_block,point,linear,minirocket,minirocket,1,1,False,0.7792723417723418,0.7792723417723418,0.0
Adiac,2,0.05,176,8,0.045454545454545456,linear_block,linear_block,linear,minirocket,minirocket,1,1,False,0.7688798063798064,0.7688798063798064,0.0
Adiac,2,0.1,176,17,0.09659090909090909,point,linear_block,linear,minirocket,minirocket,1,1,False,0.7021387396387396,0.7021387396387396,0.0
Adiac,2,0.1,176,17,0.09659090909090909,linear_block,point,linear,minirocket,minirocket,1,1,False,0.7674194424194424,0.7674194424194424,0.0
Adiac,2,0.1,176,17,0.09659090909090909,linear_block,linear_block,linear,minirocket,minirocket,1,1,False,0.7021387396387396,0.7021387396387396,0.0
Adiac,2,0.15,176,26,0.14772727272727273,point,linear_block,linear,minirocket,minirocket,1,1,False,0.5686031311031311,0.5686031311031311,0.0
Adiac,2,0.15,176,26,0.14772727272727273,linear_block,point,linear,minirocket,minirocket,1,1,False,0.774522137022137,0.774522137022137,0.0
Adiac,2,0.15,176,26,0.14772727272727273,linear_block,linear_block,linear,minirocket,minirocket,1,1,False,0.5686031311031311,0.5686031311031311,0.0
Adiac,2,0.2,176,35,0.19886363636363635,point,linear_block,linear,minirocket,minirocket,1,1,False,0.35047032547032547,0.35047032547032547,0.0
Adiac,2,0.2,176,35,0.19886363636363635,linear_block,point,linear,minirocket,minirocket,1,1,False,0.7706054456054456,0.7706054456054456,0.0
Adiac,2,0.2,176,35,0.19886363636363635,linear_block,linear_block,linear,minirocket,minirocket,1,1,False,0.35047032547032547,0.35047032547032547,0.0
Adiac,2,0.25,176,44,0.25,point,linear_block,linear,minirocket,stat_rf,1,1,True,0.15858480858480856,0.2596110346110346,0.10102622602622602
Adiac,2,0.25,176,44,0.25,linear_block,point,linear,stat_rf,minirocket,1,1,True,0.5952467577467577,0.7722573972573973,0.17701063951063956
Adiac,2,0.25,176,44,0.25,linear_block,linear_block,linear,stat_rf,stat_rf,1,1,False,0.2596110346110346,0.2596110346110346,0.0
Adiac,2,0.3,176,52,0.29545454545454547,point,linear_block,linear,minirocket,stat_rf,1,1,True,0.09945643695643695,0.20165480165480162,0.10219836469836467
Adiac,2,0.3,176,52,0.29545454545454547,linear_block,point,linear,stat_rf,minirocket,1,1,True,0.6207503457503457,0.768996693996694,0.1482463482463483
Adiac,2,0.3,176,52,0.29545454545454547,linear_block,linear_block,linear,stat_rf,stat_rf,1,1,False,0.20165480165480162,0.20165480165480162,0.0
Adiac,3,0.05,176,8,0.045454545454545456,point,linear_block,linear,minirocket,minirocket,1,1,False,0.7729251604251604,0.7729251604251604,0.0
Adiac,3,0.05,176,8,0.045454545454545456,linear_block,point,linear,minirocket,minirocket,1,1,False,0.7759614259614259,0.7759614259614259,0.0
Adiac,3,0.05,176,8,0.045454545454545456,linear_block,linear_block,linear,minirocket,minirocket,1,1,False,0.7729251604251604,0.7729251604251604,0.0
Adiac,3,0.1,176,17,0.09659090909090909,point,linear_block,linear,minirocket,minirocket,1,1,False,0.744599432099432,0.744599432099432,0.0
Adiac,3,0.1,176,17,0.09659090909090909,linear_block,point,linear,minirocket,minirocket,1,1,False,0.7772169272169271,0.7772169272169271,0.0
Adiac,3,0.1,176,17,0.09659090909090909,linear_block,linear_block,linear,minirocket,minirocket,1,1,False,0.744599432099432,0.744599432099432,0.0
Adiac,3,0.15,176,26,0.14772727272727273,point,linear_block,linear,minirocket,minirocket,1,1,False,0.6077329577329578,0.6077329577329578,0.0
Adiac,3,0.15,176,26,0.14772727272727273,linear_block,point,linear,minirocket,minirocket,1,1,False,0.7847093222093221,0.7847093222093221,0.0
Adiac,3,0.15,176,26,0.14772727272727273,linear_block,linear_block,linear,minirocket,minirocket,1,1,False,0.6077329577329578,0.6077329577329578,0.0
Adiac,3,0.2,176,35,0.19886363636363635,point,linear_block,linear,minirocket,minirocket,1,1,False,0.3920903795903796,0.3920903795903796,0.0
Adiac,3,0.2,176,35,0.19886363636363635,linear_block,point,linear,minirocket,minirocket,1,1,False,0.7813631188631188,0.7813631188631188,0.0
Adiac,3,0.2,176,35,0.19886363636363635,linear_block,linear_block,linear,minirocket,minirocket,1,1,False,0.3920903795903796,0.3920903795903796,0.0
Adiac,3,0.25,176,44,0.25,point,linear_block,linear,minirocket,stat_rf,1,1,True,0.1987004737004737,0.24977634977634977,0.051075876075876075
Adiac,3,0.25,176,44,0.25,linear_block,point,linear,minirocket,minirocket,1,1,False,0.7700894825894824,0.7700894825894824,0.0
Adiac,3,0.25,176,44,0.25,linear_block,linear_block,linear,minirocket,stat_rf,1,1,True,0.1987004737004737,0.24977634977634977,0.051075876075876075
Adiac,3,0.3,176,52,0.29545454545454547,point,linear_block,linear,minirocket,stat_rf,1,1,True,0.12133283383283383,0.21420021420021423,0.0928673803673804
Adiac,3,0.3,176,52,0.29545454545454547,linear_block,point,linear,stat_rf,minirocket,1,1,True,0.6277622527622527,0.7732316107316106,0.1454693579693579
Adiac,3,0.3,176,52,0.29545454545454547,linear_block,linear_block,linear,stat_rf,stat_rf,1,1,False,0.21420021420021423,0.21420021420021423,0.0
Adiac,4,0.05,176,8,0.045454545454545456,point,linear_block,linear,minirocket,minirocket,1,1,False,0.7908636408636408,0.7908636408636408,0.0
Adiac,4,0.05,176,8,0.045454545454545456,linear_block,point,linear,minirocket,minirocket,1,1,False,0.7981761481761481,0.7981761481761481,0.0
Adiac,4,0.05,176,8,0.045454545454545456,linear_block,linear_block,linear,minirocket,minirocket,1,1,False,0.7908636408636408,0.7908636408636408,0.0
Adiac,4,0.1,176,17,0.09659090909090909,point,linear_block,linear,minirocket,minirocket,1,1,False,0.7086012336012336,0.7086012336012336,0.0
Adiac,4,0.1,176,17,0.09659090909090909,linear_block,point,linear,minirocket,minirocket,1,1,False,0.7889703764703764,0.7889703764703764,0.0
Adiac,4,0.1,176,17,0.09659090909090909,linear_block,linear_block,linear,minirocket,minirocket,1,1,False,0.7086012336012336,0.7086012336012336,0.0
Adiac,4,0.15,176,26,0.14772727272727273,point,linear_block,linear,minirocket,minirocket,1,1,False,0.546485158985159,0.546485158985159,0.0
Adiac,4,0.15,176,26,0.14772727272727273,linear_block,point,linear,minirocket,minirocket,1,1,False,0.7982931482931482,0.7982931482931482,0.0
Adiac,4,0.15,176,26,0.14772727272727273,linear_block,linear_block,linear,minirocket,minirocket,1,1,False,0.546485158985159,0.546485158985159,0.0
Adiac,4,0.2,176,35,0.19886363636363635,point,linear_block,linear,minirocket,minirocket,1,1,False,0.38015618015618013,0.38015618015618013,0.0
Adiac,4,0.2,176,35,0.19886363636363635,linear_block,point,linear,minirocket,minirocket,1,1,False,0.7873616248616248,0.7873616248616248,0.0
Adiac,4,0.2,176,35,0.19886363636363635,linear_block,linear_block,linear,minirocket,minirocket,1,1,False,0.38015618015618013,0.38015618015618013,0.0
Adiac,4,0.25,176,44,0.25,point,linear_block,linear,minirocket,stat_rf,1,1,True,0.21275646275646276,0.24913959913959913,0.036383136383136366
Adiac,4,0.25,176,44,0.25,linear_block,point,linear,minirocket,minirocket,1,1,False,0.7907159282159282,0.7907159282159282,0.0
Adiac,4,0.25,176,44,0.25,linear_block,linear_block,linear,minirocket,stat_rf,1,1,True,0.21275646275646276,0.24913959913959913,0.036383136383136366
Adiac,4,0.3,176,52,0.29545454545454547,point,linear_block,linear,minirocket,stat_rf,1,1,True,0.13347988347988346,0.22554780054780052,0.09206791706791706
Adiac,4,0.3,176,52,0.29545454545454547,linear_block,point,linear,stat_rf,minirocket,1,1,True,0.5933026433026433,0.7700244575244575,0.1767218142218142
Adiac,4,0.3,176,52,0.29545454545454547,linear_block,linear_block,linear,stat_rf,stat_rf,1,1,False,0.22554780054780052,0.22554780054780052,0.0
Adiac,5,0.05,176,8,0.045454545454545456,point,linear_block,linear,minirocket,minirocket,1,1,False,0.7585908085908085,0.7585908085908085,0.0
Adiac,5,0.05,176,8,0.045454545454545456,linear_block,point,linear,minirocket,minirocket,1,1,False,0.779097029097029,0.779097029097029,0.0
Adiac,5,0.05,176,8,0.045454545454545456,linear_block,linear_block,linear,minirocket,minirocket,1,1,False,0.7585908085908085,0.7585908085908085,0.0
Adiac,5,0.1,176,17,0.09659090909090909,point,linear_block,linear,minirocket,minirocket,1,1,False,0.7156020406020406,0.7156020406020406,0.0
Adiac,5,0.1,176,17,0.09659090909090909,linear_block,point,linear,minirocket,minirocket,1,1,False,0.7741420741420741,0.7741420741420741,0.0
Adiac,5,0.1,176,17,0.09659090909090909,linear_block,linear_block,linear,minirocket,minirocket,1,1,False,0.7156020406020406,0.7156020406020406,0.0
Adiac,5,0.15,176,26,0.14772727272727273,point,linear_block,linear,minirocket,minirocket,1,1,False,0.575565163065163,0.575565163065163,0.0
Adiac,5,0.15,176,26,0.14772727272727273,linear_block,point,linear,minirocket,minirocket,1,1,False,0.7719307719307719,0.7719307719307719,0.0
Adiac,5,0.15,176,26,0.14772727272727273,linear_block,linear_block,linear,minirocket,minirocket,1,1,False,0.575565163065163,0.575565163065163,0.0
Adiac,5,0.2,176,35,0.19886363636363635,point,linear_block,linear,minirocket,minirocket,1,1,False,0.3907124407124407,0.3907124407124407,0.0
Adiac,5,0.2,176,35,0.19886363636363635,linear_block,point,linear,minirocket,minirocket,1,1,False,0.7733913233913233,0.7733913233913233,0.0
Adiac,5,0.2,176,35,0.19886363636363635,linear_block,linear_block,linear,minirocket,minirocket,1,1,False,0.3907124407124407,0.3907124407124407,0.0
Adiac,5,0.25,176,44,0.25,point,linear_block,linear,minirocket,stat_rf,1,1,True,0.24448329448329445,0.2591308466308466,0.014647552147552173
Adiac,5,0.25,176,44,0.25,linear_block,point,linear,stat_rf,minirocket,1,1,True,0.6384023259023258,0.7667907542907543,0.12838842838842845
Adiac,5,0.25,176,44,0.25,linear_block,linear_block,linear,stat_rf,stat_rf,1,1,False,0.2591308466308466,0.2591308466308466,0.0
Adiac,5,0.3,176,52,0.29545454545454547,point,linear_block,linear,minirocket,stat_rf,1,1,True,0.16235056235056236,0.24957651207651205,0.08722594972594969
Adiac,5,0.3,176,52,0.29545454545454547,linear_block,point,linear,stat_rf,minirocket,1,1,True,0.6494506244506244,0.7710905085905086,0.12163988413988425
Adiac,5,0.3,176,52,0.29545454545454547,linear_block,linear_block,linear,stat_rf,stat_rf,1,1,False,0.24957651207651205,0.24957651207651205,0.0
ArrowHead,1,0.05,251,12,0.04780876494023904,point,linear_block,linear,minirocket,minirocket,1,1,False,0.8318293683347006,0.8318293683347006,0.0
ArrowHead,1,0.05,251,12,0.04780876494023904,linear_block,point,linear,minirocket,minirocket,1,1,False,0.8303709780329962,0.8303709780329962,0.0
ArrowHead,1,0.05,251,12,0.04780876494023904,linear_block,linear_block,linear,minirocket,minirocket,1,1,False,0.8318293683347006,0.8318293683347006,0.0
ArrowHead,1,0.1,251,25,0.099601593625498,point,linear_block,linear,minirocket,minirocket,1,1,False,0.8081305259320025,0.8081305259320025,0.0
ArrowHead,1,0.1,251,25,0.099601593625498,linear_block,point,linear,minirocket,minirocket,1,1,False,0.8414912040834928,0.8414912040834928,0.0
ArrowHead,1,0.1,251,25,0.099601593625498,linear_block,linear_block,linear,minirocket,minirocket,1,1,False,0.8081305259320025,0.8081305259320025,0.0
ArrowHead,1,0.15,251,37,0.14741035856573706,point,linear_block,linear,minirocket,minirocket,1,1,False,0.717710327226324,0.717710327226324,0.0
ArrowHead,1,0.15,251,37,0.14741035856573706,linear_block,point,linear,minirocket,minirocket,1,1,False,0.8429495943851973,0.8429495943851973,0.0
ArrowHead,1,0.15,251,37,0.14741035856573706,linear_block,linear_block,linear,minirocket,minirocket,1,1,False,0.717710327226324,0.717710327226324,0.0
ArrowHead,1,0.2,251,50,0.199203187250996,point,linear_block,linear,minirocket,minirocket,1,1,False,0.5813508340169538,0.5813508340169538,0.0
ArrowHead,1,0.2,251,50,0.199203187250996,linear_block,point,linear,dtw,minirocket,2,1,True,0.6924619451280649,0.849238902561298,0.15677695743323306
ArrowHead,1,0.2,251,50,0.199203187250996,linear_block,linear_block,linear,dtw,minirocket,2,1,True,0.5213745328593564,0.5813508340169538,0.059976301157597334
ArrowHead,1,0.25,251,62,0.24701195219123506,point,linear_block,linear,minirocket,stat_rf,1,1,True,0.48755810773858355,0.49266247379454925,0.005104366055965703
ArrowHead,1,0.25,251,62,0.24701195219123506,linear_block,point,linear,minirocket,minirocket,2,1,False,0.8303709780329962,0.8303709780329962,0.0
ArrowHead,1,0.25,251,62,0.24701195219123506,linear_block,linear_block,linear,minirocket,stat_rf,2,1,True,0.48755810773858355,0.49266247379454925,0.005104366055965703
ArrowHead,1,0.3,251,75,0.29880478087649404,point,linear_block,linear,minirocket,stat_rf,1,1,True,0.4527390392853888,0.46896363139185127,0.016224592106462488
ArrowHead,1,0.3,251,75,0.29880478087649404,linear_block,point,linear,minirocket,minirocket,1,1,False,0.8207091422842039,0.8207091422842039,0.0
ArrowHead,1,0.3,251,75,0.29880478087649404,linear_block,linear_block,linear,minirocket,stat_rf,1,1,True,0.4527390392853888,0.46896363139185127,0.016224592106462488
ArrowHead,2,0.05,251,12,0.04780876494023904,point,linear_block,linear,minirocket,minirocket,1,1,False,0.8482362592288761,0.8482362592288761,0.0
ArrowHead,2,0.05,251,12,0.04780876494023904,linear_block,point,linear,minirocket,minirocket,1,1,False,0.84340534135448,0.84340534135448,0.0
ArrowHead,2,0.05,251,12,0.04780876494023904,linear_block,linear_block,linear,minirocket,minirocket,1,1,False,0.8482362592288761,0.8482362592288761,0.0
ArrowHead,2,0.1,251,25,0.099601593625498,point,linear_block,linear,minirocket,minirocket,1,1,False,0.7984686901832103,0.7984686901832103,0.0
ArrowHead,2,0.1,251,25,0.099601593625498,linear_block,point,linear,minirocket,minirocket,1,1,False,0.8322851153039833,0.8322851153039833,0.0
ArrowHead,2,0.1,251,25,0.099601593625498,linear_block,linear_block,linear,minirocket,minirocket,1,1,False,0.7984686901832103,0.7984686901832103,0.0
ArrowHead,2,0.15,251,37,0.14741035856573706,point,linear_block,linear,minirocket,minirocket,1,1,False,0.6645702306079665,0.6645702306079665,0.0
ArrowHead,2,0.15,251,37,0.14741035856573706,linear_block,point,linear,dtw,minirocket,3,1,True,0.6687631027253668,0.8337435056056878,0.164980402880321
ArrowHead,2,0.15,251,37,0.14741035856573706,linear_block,linear_block,linear,dtw,minirocket,3,1,True,0.5730562391760095,0.6645702306079665,0.09151399143195704
ArrowHead,2,0.2,251,50,0.199203187250996,point,linear_block,linear,minirocket,minirocket,1,1,False,0.534500045574697,0.534500045574697,0.0
ArrowHead,2,0.2,251,50,0.199203187250996,linear_block,point,linear,minirocket,minirocket,3,1,False,0.8400328137817884,0.8400328137817884,0.0
ArrowHead,2,0.2,251,50,0.199203187250996,linear_block,linear_block,linear,minirocket,minirocket,3,1,False,0.534500045574697,0.534500045574697,0.0
ArrowHead,2,0.25,251,62,0.24701195219123506,point,linear_block,linear,minirocket,minirocket,1,1,False,0.46294777139732024,0.46294777139732024,0.0
ArrowHead,2,0.25,251,62,0.24701195219123506,linear_block,point,linear,dtw,minirocket,1,1,True,0.6591012669765745,0.8448637316561843,0.18576246467960988
ArrowHead,2,0.25,251,62,0.24701195219123506,linear_block,linear_block,linear,dtw,minirocket,1,1,True,0.41737307446905475,0.46294777139732024,0.04557469692826549
ArrowHead,2,0.3,251,75,0.29880478087649404,point,linear_block,linear,minirocket,stat_rf,1,1,True,0.40926077841582353,0.44325950232430955,0.03399872390848602
ArrowHead,2,0.3,251,75,0.29880478087649404,linear_block,point,linear,minirocket,minirocket,2,1,False,0.8352018959073922,0.8352018959073922,0.0
ArrowHead,2,0.3,251,75,0.29880478087649404,linear_block,linear_block,linear,minirocket,stat_rf,2,1,True,0.40926077841582353,0.44325950232430955,0.03399872390848602
ArrowHead,3,0.05,251,12,0.04780876494023904,point,linear_block,linear,minirocket,minirocket,2,1,False,0.8279099443988698,0.8279099443988698,0.0
ArrowHead,3,0.05,251,12,0.04780876494023904,linear_block,point,linear,dtw,minirocket,2,1,True,0.6803390757451462,0.8167897183483731,0.13645064260322692
ArrowHead,3,0.05,251,12,0.04780876494023904,linear_block,linear_block,linear,dtw,minirocket,2,1,True,0.670677239996354,0.8279099443988698,0.1572327044025158
ArrowHead,3,0.1,251,25,0.099601593625498,point,linear_block,linear,minirocket,minirocket,2,1,False,0.775225594749795,0.775225594749795,0.0
ArrowHead,3,0.1,251,25,0.099601593625498,linear_block,point,linear,minirocket,minirocket,1,1,False,0.8167897183483731,0.8167897183483731,0.0
ArrowHead,3,0.1,251,25,0.099601593625498,linear_block,linear_block,linear,minirocket,minirocket,1,1,False,0.775225594749795,0.775225594749795,0.0
ArrowHead,3,0.15,251,37,0.14741035856573706,point,linear_block,linear,dtw,minirocket,2,1,True,0.5623917600947954,0.6466138000182299,0.08422203992343447
ArrowHead,3,0.15,251,37,0.14741035856573706,linear_block,point,linear,dtw,minirocket,2,1,True,0.6803390757451462,0.8230790265244736,0.14273995077932744
ArrowHead,3,0.15,251,37,0.14741035856573706,linear_block,linear_block,linear,dtw,minirocket,2,1,True,0.5623917600947954,0.6466138000182299,0.08422203992343447
ArrowHead,3,0.2,251,50,0.199203187250996,point,linear_block,linear,minirocket,dtw,2,1,True,0.5054233889344636,0.5097074104457205,0.004284021511256952
ArrowHead,3,0.2,251,50,0.199203187250996,linear_block,point,linear,dtw,minirocket,2,1,True,0.6803390757451462,0.8167897183483731,0.13645064260322692
ArrowHead,3,0.2,251,50,0.199203187250996,linear_block,linear_block,linear,dtw,dtw,2,1,False,0.5097074104457205,0.5097074104457205,0.0
ArrowHead,3,0.25,251,62,0.24701195219123506,point,linear_block,linear,dtw,dtw,2,1,False,0.46814328684714246,0.46814328684714246,0.0
ArrowHead,3,0.25,251,62,0.24701195219123506,linear_block,point,linear,stat_rf,minirocket,2,1,True,0.5052410901467504,0.8230790265244736,0.3178379363777232
ArrowHead,3,0.25,251,62,0.24701195219123506,linear_block,linear_block,linear,stat_rf,dtw,2,1,True,0.4384285844499134,0.46814328684714246,0.029714702397229065
ArrowHead,3,0.3,251,75,0.29880478087649404,point,linear_block,linear,minirocket,stat_rf,2,1,True,0.37298331966092424,0.45729650897821533,0.08431318931729109
ArrowHead,3,0.3,251,75,0.29880478087649404,linear_block,point,linear,stat_rf,minirocket,1,1,True,0.503782699845046,0.8167897183483731,0.31300701850332713
ArrowHead,3,0.3,251,75,0.29880478087649404,linear_block,linear_block,linear,stat_rf,stat_rf,1,1,False,0.45729650897821533,0.45729650897821533,0.0
ArrowHead,4,0.05,251,12,0.04780876494023904,point,linear_block,linear,minirocket,minirocket,1,1,False,0.8105004101722724,0.8105004101722724,0.0
ArrowHead,4,0.05,251,12,0.04780876494023904,linear_block,point,linear,minirocket,minirocket,1,1,False,0.8312824719715614,0.8312824719715614,0.0
ArrowHead,4,0.05,251,12,0.04780876494023904,linear_block,linear_block,linear,minirocket,minirocket,1,1,False,0.8105004101722724,0.8105004101722724,0.0
ArrowHead,4,0.1,251,25,0.099601593625498,point,linear_block,linear,minirocket,minirocket,1,1,False,0.7331145747880777,0.7331145747880777,0.0
ArrowHead,4,0.1,251,25,0.099601593625498,linear_block,point,linear,minirocket,minirocket,1,1,False,0.8249931637954608,0.8249931637954608,0.0
ArrowHead,4,0.1,251,25,0.099601593625498,linear_block,linear_block,linear,minirocket,minirocket,1,1,False,0.7331145747880777,0.7331145747880777,0.0
ArrowHead,4,0.15,251,37,0.14741035856573706,point,linear_block,linear,minirocket,minirocket,1,1,False,0.6282016224592107,0.6282016224592107,0.0
ArrowHead,4,0.15,251,37,0.14741035856573706,linear_block,point,linear,dtw,minirocket,2,1,True,0.6358581715431592,0.8312824719715614,0.1954243004284022
ArrowHead,4,0.15,251,37,0.14741035856573706,linear_block,linear_block,linear,dtw,minirocket,2,1,True,0.5623917600947954,0.6282016224592107,0.06580986236441533
ArrowHead,4,0.2,251,50,0.199203187250996,point,linear_block,linear,minirocket,minirocket,1,1,False,0.5677695743323307,0.5677695743323307,0.0
ArrowHead,4,0.2,251,50,0.199203187250996,linear_block,point,linear,stat_rf,minirocket,3,1,True,0.5327682070914229,0.8201622459210647,0.28739403882964176
ArrowHead,4,0.2,251,50,0.199203187250996,linear_block,linear_block,linear,stat_rf,minirocket,3,1,True,0.4829094886519005,0.5677695743323307,0.08486008568043019
ArrowHead,4,0.25,251,62,0.24701195219123506,point,linear_block,linear,minirocket,minirocket,1,1,False,0.512168444079847,0.512168444079847,0.0
ArrowHead,4,0.25,251,62,0.24701195219123506,linear_block,point,linear,minirocket,minirocket,1,1,False,0.8201622459210647,0.8201622459210647,0.0
ArrowHead,4,0.25,251,62,0.24701195219123506,linear_block,linear_block,linear,minirocket,minirocket,1,1,False,0.512168444079847,0.512168444079847,0.0
ArrowHead,4,0.3,251,75,0.29880478087649404,point,linear_block,linear,minirocket,minirocket,1,1,False,0.5000455746969282,0.5000455746969282,0.0
ArrowHead,4,0.3,251,75,0.29880478087649404,linear_block,point,linear,stat_rf,minirocket,2,1,True,0.5264788989153222,0.8105004101722724,0.2840215112569502
ArrowHead,4,0.3,251,75,0.29880478087649404,linear_block,linear_block,linear,stat_rf,minirocket,2,1,True,0.4113572144745237,0.5000455746969282,0.0886883602224045
ArrowHead,5,0.05,251,12,0.04780876494023904,point,linear_block,linear,dtw,minirocket,1,1,True,0.6759639048400329,0.8665572873940389,0.19059338255400604
ArrowHead,5,0.05,251,12,0.04780876494023904,linear_block,point,linear,dtw,minirocket,2,1,True,0.6745055145383283,0.8602679792179382,0.18576246467960988
ArrowHead,5,0.05,251,12,0.04780876494023904,linear_block,linear_block,linear,dtw,minirocket,2,1,True,0.6759639048400329,0.8665572873940389,0.19059338255400604
ArrowHead,5,0.1,251,25,0.099601593625498,point,linear_block,linear,dtw,minirocket,1,1,True,0.6551818430407437,0.8269073010664479,0.17172545802570427
ArrowHead,5,0.1,251,25,0.099601593625498,linear_block,point,linear,minirocket,minirocket,1,1,False,0.8713882052684351,0.8713882052684351,0.0
ArrowHead,5,0.1,251,25,0.099601593625498,linear_block,linear_block,linear,minirocket,minirocket,1,1,False,0.8269073010664479,0.8269073010664479,0.0
ArrowHead,5,0.15,251,37,0.14741035856573706,point,linear_block,linear,dtw,minirocket,1,1,True,0.6373165618448637,0.6838027527116944,0.0464861908668307
ArrowHead,5,0.15,251,37,0.14741035856573706,linear_block,point,linear,minirocket,minirocket,2,1,False,0.8602679792179382,0.8602679792179382,0.0
ArrowHead,5,0.15,251,37,0.14741035856573706,linear_block,linear_block,linear,minirocket,minirocket,2,1,False,0.6838027527116944,0.6838027527116944,0.0
ArrowHead,5,0.2,251,50,0.199203187250996,point,linear_block,linear,minirocket,dtw,2,1,True,0.5102543068088597,0.5231975207364871,0.012943213927627317
ArrowHead,5,0.2,251,50,0.199203187250996,linear_block,point,linear,dtw,minirocket,1,1,True,0.664843678789536,0.87913590374624,0.21429222495670397
ArrowHead,5,0.2,251,50,0.199203187250996,linear_block,linear_block,linear,dtw,dtw,1,1,False,0.5231975207364871,0.5231975207364871,0.0
ArrowHead,5,0.25,251,62,0.24701195219123506,point,linear_block,linear,dtw,dtw,1,1,False,0.45018685625740584,0.45018685625740584,0.0
ArrowHead,5,0.25,251,62,0.24701195219123506,linear_block,point,linear,dtw,minirocket,1,1,True,0.680794822714429,0.8728465955701395,0.1920517728557105
ArrowHead,5,0.25,251,62,0.24701195219123506,linear_block,linear_block,linear,dtw,dtw,1,1,False,0.45018685625740584,0.45018685625740584,0.0
ArrowHead,5,0.3,251,75,0.29880478087649404,point,linear_block,linear,minirocket,dtw,2,1,True,0.3966821620636223,0.4144562938656458,0.01777413180202353
ArrowHead,5,0.3,251,75,0.29880478087649404,linear_block,point,linear,dtw,minirocket,1,1,True,0.6745055145383283,0.8680156776957434,0.1935101631574151
ArrowHead,5,0.3,251,75,0.29880478087649404,linear_block,linear_block,linear,dtw,dtw,1,1,False,0.4144562938656458,0.4144562938656458,0.0
Beef,1,0.05,470,23,0.04893617021276596,point,linear_block,linear,minirocket,dtw,3,1,True,0.6,0.6333333333333334,0.03333333333333344
Beef,1,0.05,470,23,0.04893617021276596,linear_block,point,linear,minirocket,minirocket,1,1,False,0.6666666666666666,0.6666666666666666,0.0
Beef,1,0.05,470,23,0.04893617021276596,linear_block,linear_block,linear,minirocket,dtw,1,1,True,0.6,0.6333333333333334,0.03333333333333344
Beef,1,0.1,470,47,0.1,point,linear_block,linear,minirocket,dtw,3,1,True,0.5,0.5333333333333333,0.033333333333333326
Beef,1,0.1,470,47,0.1,linear_block,point,linear,minirocket,minirocket,1,1,False,0.6666666666666666,0.6666666666666666,0.0
Beef,1,0.1,470,47,0.1,linear_block,linear_block,linear,minirocket,dtw,1,1,True,0.5,0.5333333333333333,0.033333333333333326
Beef,1,0.15,470,70,0.14893617021276595,point,linear_block,linear,dtw,dtw,3,1,False,0.4999999999999999,0.4999999999999999,0.0
Beef,1,0.15,470,70,0.14893617021276595,linear_block,point,linear,dtw,minirocket,1,1,True,0.5666666666666667,0.6666666666666666,0.09999999999999998
Beef,1,0.15,470,70,0.14893617021276595,linear_block,linear_block,linear,dtw,dtw,1,1,False,0.4999999999999999,0.4999999999999999,0.0
Beef,1,0.2,470,94,0.2,point,linear_block,linear,stat_rf,dtw,3,1,True,0.4333333333333333,0.5333333333333333,0.10000000000000003
Beef,1,0.2,470,94,0.2,linear_block,point,linear,dtw,minirocket,1,1,True,0.5666666666666667,0.6666666666666666,0.09999999999999998
Beef,1,0.2,470,94,0.2,linear_block,linear_block,linear,dtw,dtw,1,1,False,0.5333333333333333,0.5333333333333333,0.0
Beef,1,0.25,470,117,0.24893617021276596,point,linear_block,linear,dtw,dtw,3,1,False,0.4999999999999999,0.4999999999999999,0.0
Beef,1,0.25,470,117,0.24893617021276596,linear_block,point,linear,dtw,minirocket,1,1,True,0.5666666666666667,0.6666666666666666,0.09999999999999998
Beef,1,0.25,470,117,0.24893617021276596,linear_block,linear_block,linear,dtw,dtw,1,1,False,0.4999999999999999,0.4999999999999999,0.0
Beef,1,0.3,470,141,0.3,point,linear_block,linear,minirocket,dtw,3,1,True,0.26666666666666666,0.4666666666666666,0.19999999999999996
Beef,1,0.3,470,141,0.3,linear_block,point,linear,dtw,minirocket,1,1,True,0.6,0.6666666666666666,0.06666666666666665
Beef,1,0.3,470,141,0.3,linear_block,linear_block,linear,dtw,dtw,1,1,False,0.4666666666666666,0.4666666666666666,0.0
Beef,2,0.05,470,23,0.04893617021276596,point,linear_block,linear,minirocket,minirocket,2,1,False,0.7333333333333333,0.7333333333333333,0.0
Beef,2,0.05,470,23,0.04893617021276596,linear_block,point,linear,minirocket,minirocket,1,1,False,0.7333333333333334,0.7333333333333334,0.0
Beef,2,0.05,470,23,0.04893617021276596,linear_block,linear_block,linear,minirocket,minirocket,1,1,False,0.7333333333333333,0.7333333333333333,0.0
Beef,2,0.1,470,47,0.1,point,linear_block,linear,dtw,dtw,2,1,False,0.6333333333333334,0.6333333333333334,0.0
Beef,2,0.1,470,47,0.1,linear_block,point,linear,dtw,minirocket,1,1,True,0.5666666666666667,0.7333333333333334,0.16666666666666674
Beef,2,0.1,470,47,0.1,linear_block,linear_block,linear,dtw,dtw,1,1,False,0.6333333333333334,0.6333333333333334,0.0
Beef,2,0.15,470,70,0.14893617021276595,point,linear_block,linear,dtw,dtw,2,1,False,0.6333333333333334,0.6333333333333334,0.0
Beef,2,0.15,470,70,0.14893617021276595,linear_block,point,linear,stat_rf,minirocket,2,1,True,0.4999999999999999,0.7333333333333334,0.2333333333333335
Beef,2,0.15,470,70,0.14893617021276595,linear_block,linear_block,linear,stat_rf,dtw,2,1,True,0.5333333333333333,0.6333333333333334,0.10000000000000009
Beef,2,0.2,470,94,0.2,point,linear_block,linear,dtw,stat_rf,2,1,True,0.5,0.5333333333333334,0.03333333333333344
Beef,2,0.2,470,94,0.2,linear_block,point,linear,stat_rf,minirocket,2,1,True,0.5,0.7666666666666667,0.2666666666666667
Beef,2,0.2,470,94,0.2,linear_block,linear_block,linear,stat_rf,stat_rf,2,1,False,0.5333333333333334,0.5333333333333334,0.0
Beef,2,0.25,470,117,0.24893617021276596,point,linear_block,linear,minirocket,dtw,2,1,True,0.23333333333333334,0.5,0.26666666666666666
Beef,2,0.25,470,117,0.24893617021276596,linear_block,point,linear,dtw,minirocket,1,1,True,0.5666666666666667,0.7666666666666667,0.20000000000000007
Beef,2,0.25,470,117,0.24893617021276596,linear_block,linear_block,linear,dtw,dtw,1,1,False,0.5,0.5,0.0
Beef,2,0.3,470,141,0.3,point,linear_block,linear,dtw,stat_rf,2,1,True,0.36666666666666664,0.5,0.13333333333333336
Beef,2,0.3,470,141,0.3,linear_block,point,linear,stat_rf,minirocket,2,1,True,0.5333333333333333,0.7333333333333334,0.20000000000000007
Beef,2,0.3,470,141,0.3,linear_block,linear_block,linear,stat_rf,stat_rf,2,1,False,0.5,0.5,0.0
Beef,3,0.05,470,23,0.04893617021276596,point,linear_block,linear,minirocket,minirocket,1,1,False,0.8333333333333333,0.8333333333333333,0.0
Beef,3,0.05,470,23,0.04893617021276596,linear_block,point,linear,minirocket,minirocket,1,1,False,0.7333333333333334,0.7333333333333334,0.0
Beef,3,0.05,470,23,0.04893617021276596,linear_block,linear_block,linear,minirocket,minirocket,1,1,False,0.8333333333333333,0.8333333333333333,0.0
Beef,3,0.1,470,47,0.1,point,linear_block,linear,minirocket,dtw,1,1,True,0.6,0.6666666666666666,0.06666666666666665
Beef,3,0.1,470,47,0.1,linear_block,point,linear,minirocket,minirocket,2,1,False,0.7666666666666667,0.7666666666666667,0.0
Beef,3,0.1,470,47,0.1,linear_block,linear_block,linear,minirocket,dtw,2,1,True,0.6,0.6666666666666666,0.06666666666666665
Beef,3,0.15,470,70,0.14893617021276595,point,linear_block,linear,minirocket,dtw|stat_rf,1,2,True,0.4333333333333333,0.5666666666666667,0.13333333333333336
Beef,3,0.15,470,70,0.14893617021276595,linear_block,point,linear,stat_rf,minirocket,1,1,True,0.6333333333333333,0.8,0.16666666666666674
Beef,3,0.15,470,70,0.14893617021276595,linear_block,linear_block,linear,stat_rf,dtw|stat_rf,1,2,False,0.5666666666666667,0.5666666666666667,0.0
Beef,3,0.2,470,94,0.2,point,linear_block,linear,minirocket,stat_rf,1,1,True,0.4,0.5333333333333333,0.1333333333333333
Beef,3,0.2,470,94,0.2,linear_block,point,linear,stat_rf,minirocket,1,1,True,0.6666666666666666,0.7666666666666666,0.09999999999999998
Beef,3,0.2,470,94,0.2,linear_block,linear_block,linear,stat_rf,stat_rf,1,1,False,0.5333333333333333,0.5333333333333333,0.0
Beef,3,0.25,470,117,0.24893617021276596,point,linear_block,linear,minirocket,stat_rf,1,1,True,0.3333333333333333,0.4666666666666667,0.13333333333333336
Beef,3,0.25,470,117,0.24893617021276596,linear_block,point,linear,stat_rf,minirocket,1,1,True,0.6,0.7666666666666666,0.16666666666666663
Beef,3,0.25,470,117,0.24893617021276596,linear_block,linear_block,linear,stat_rf,stat_rf,1,1,False,0.4666666666666667,0.4666666666666667,0.0
Beef,3,0.3,470,141,0.3,point,linear_block,linear,minirocket,dtw|stat_rf,1,2,True,0.3333333333333333,0.4666666666666667,0.13333333333333336
Beef,3,0.3,470,141,0.3,linear_block,point,linear,stat_rf,minirocket,1,1,True,0.6333333333333333,0.7,0.06666666666666665
Beef,3,0.3,470,141,0.3,linear_block,linear_block,linear,stat_rf,dtw|stat_rf,1,2,False,0.4666666666666667,0.4666666666666667,0.0
Beef,4,0.05,470,23,0.04893617021276596,point,linear_block,linear,minirocket,minirocket,1,1,False,0.7,0.7,0.0
Beef,4,0.05,470,23,0.04893617021276596,linear_block,point,linear,minirocket,minirocket,1,1,False,0.7,0.7,0.0
Beef,4,0.05,470,23,0.04893617021276596,linear_block,linear_block,linear,minirocket,minirocket,1,1,False,0.7,0.7,0.0
Beef,4,0.1,470,47,0.1,point,linear_block,linear,minirocket,minirocket,1,1,False,0.5666666666666667,0.5666666666666667,0.0
Beef,4,0.1,470,47,0.1,linear_block,point,linear,minirocket,minirocket,2,1,False,0.7,0.7,0.0
Beef,4,0.1,470,47,0.1,linear_block,linear_block,linear,minirocket,minirocket,2,1,False,0.5666666666666667,0.5666666666666667,0.0
Beef,4,0.15,470,70,0.14893617021276595,point,linear_block,linear,minirocket,minirocket,1,1,False,0.6333333333333334,0.6333333333333334,0.0
Beef,4,0.15,470,70,0.14893617021276595,linear_block,point,linear,dtw,minirocket,1,1,True,0.5333333333333334,0.7,0.16666666666666652
Beef,4,0.15,470,70,0.14893617021276595,linear_block,linear_block,linear,dtw,minirocket,1,1,True,0.5666666666666667,0.6333333333333334,0.06666666666666676
Beef,4,0.2,470,94,0.2,point,linear_block,linear,minirocket,dtw|stat_rf,1,2,True,0.36666666666666664,0.4,0.03333333333333338
Beef,4,0.2,470,94,0.2,linear_block,point,linear,dtw,minirocket,1,1,True,0.6,0.7,0.09999999999999998
Beef,4,0.2,470,94,0.2,linear_block,linear_block,linear,dtw,dtw|stat_rf,1,2,False,0.4,0.4,0.0
Beef,4,0.25,470,117,0.24893617021276596,point,linear_block,linear,minirocket,dtw,1,1,True,0.13333333333333333,0.4333333333333333,0.29999999999999993
Beef,4,0.25,470,117,0.24893617021276596,linear_block,point,linear,dtw,minirocket,1,1,True,0.5333333333333334,0.6666666666666667,0.1333333333333333
Beef,4,0.25,470,117,0.24893617021276596,linear_block,linear_block,linear,dtw,dtw,1,1,False,0.4333333333333333,0.4333333333333333,0.0
Beef,4,0.3,470,141,0.3,point,linear_block,linear,minirocket,stat_rf,1,1,True,0.16666666666666666,0.4666666666666667,0.30000000000000004
Beef,4,0.3,470,141,0.3,linear_block,point,linear,minirocket,minirocket,1,1,False,0.7,0.7,0.0
Beef,4,0.3,470,141,0.3,linear_block,linear_block,linear,minirocket,stat_rf,1,1,True,0.16666666666666666,0.4666666666666667,0.30000000000000004
Beef,5,0.05,470,23,0.04893617021276596,point,linear_block,linear,minirocket,minirocket,1,1,False,0.7333333333333334,0.7333333333333334,0.0
Beef,5,0.05,470,23,0.04893617021276596,linear_block,point,linear,minirocket,minirocket,1,1,False,0.7000000000000001,0.7000000000000001,0.0
Beef,5,0.05,470,23,0.04893617021276596,linear_block,linear_block,linear,minirocket,minirocket,1,1,False,0.7333333333333334,0.7333333333333334,0.0
Beef,5,0.1,470,47,0.1,point,linear_block,linear,minirocket,stat_rf,1,1,True,0.5,0.6000000000000001,0.10000000000000009
Beef,5,0.1,470,47,0.1,linear_block,point,linear,minirocket,minirocket,1,1,False,0.6666666666666667,0.6666666666666667,0.0
Beef,5,0.1,470,47,0.1,linear_block,linear_block,linear,minirocket,stat_rf,1,1,True,0.5,0.6000000000000001,0.10000000000000009
Beef,5,0.15,470,70,0.14893617021276595,point,linear_block,linear,minirocket,stat_rf,1,1,True,0.4333333333333333,0.5666666666666667,0.13333333333333336
Beef,5,0.15,470,70,0.14893617021276595,linear_block,point,linear,minirocket,minirocket,1,1,False,0.6666666666666667,0.6666666666666667,0.0
Beef,5,0.15,470,70,0.14893617021276595,linear_block,linear_block,linear,minirocket,stat_rf,1,1,True,0.4333333333333333,0.5666666666666667,0.13333333333333336
Beef,5,0.2,470,94,0.2,point,linear_block,linear,minirocket,stat_rf,1,1,True,0.2333333333333333,0.5333333333333334,0.30000000000000016
Beef,5,0.2,470,94,0.2,linear_block,point,linear,dtw,minirocket,1,1,True,0.5333333333333333,0.6666666666666667,0.13333333333333341
Beef,5,0.2,470,94,0.2,linear_block,linear_block,linear,dtw,stat_rf,1,1,True,0.4333333333333334,0.5333333333333334,0.10000000000000003
Beef,5,0.25,470,117,0.24893617021276596,point,linear_block,linear,minirocket,dtw|stat_rf,1,2,True,0.26666666666666666,0.4333333333333334,0.16666666666666674
Beef,5,0.25,470,117,0.24893617021276596,linear_block,point,linear,dtw,minirocket,1,1,True,0.5,0.7000000000000001,0.20000000000000007
Beef,5,0.25,470,117,0.24893617021276596,linear_block,linear_block,linear,dtw,dtw|stat_rf,1,2,False,0.4333333333333334,0.4333333333333334,0.0
Beef,5,0.3,470,141,0.3,point,linear_block,linear,minirocket,dtw|stat_rf,1,2,True,0.2333333333333333,0.4333333333333333,0.19999999999999998
Beef,5,0.3,470,141,0.3,linear_block,point,linear,dtw,minirocket,1,1,True,0.5,0.6666666666666667,0.16666666666666674
Beef,5,0.3,470,141,0.3,linear_block,linear_block,linear,dtw,dtw|stat_rf,1,2,False,0.4333333333333333,0.4333333333333333,0.0
BeetleFly,1,0.05,512,25,0.048828125,point,linear_block,linear,stat_rf,stat_rf,1,1,False,0.85,0.85,0.0
BeetleFly,1,0.05,512,25,0.048828125,linear_block,point,linear,minirocket,stat_rf,2,1,True,0.75,0.85,0.09999999999999998
BeetleFly,1,0.05,512,25,0.048828125,linear_block,linear_block,linear,minirocket,stat_rf,2,1,True,0.7,0.85,0.15000000000000002
BeetleFly,1,0.1,512,51,0.099609375,point,linear_block,linear,stat_rf,stat_rf,1,1,False,0.8500000000000001,0.8500000000000001,0.0
BeetleFly,1,0.1,512,51,0.099609375,linear_block,point,linear,stat_rf,stat_rf,1,1,False,0.85,0.85,0.0
BeetleFly,1,0.1,512,51,0.099609375,linear_block,linear_block,linear,stat_rf,stat_rf,1,1,False,0.8500000000000001,0.8500000000000001,0.0
BeetleFly,1,0.15,512,76,0.1484375,point,linear_block,linear,stat_rf,stat_rf,1,1,False,0.75,0.75,0.0
BeetleFly,1,0.15,512,76,0.1484375,linear_block,point,linear,stat_rf,stat_rf,1,1,False,0.85,0.85,0.0
BeetleFly,1,0.15,512,76,0.1484375,linear_block,linear_block,linear,stat_rf,stat_rf,1,1,False,0.75,0.75,0.0
BeetleFly,1,0.2,512,102,0.19921875,point,linear_block,linear,stat_rf,stat_rf,1,1,False,0.8,0.8,0.0
BeetleFly,1,0.2,512,102,0.19921875,linear_block,point,linear,stat_rf,stat_rf,1,1,False,0.85,0.85,0.0
BeetleFly,1,0.2,512,102,0.19921875,linear_block,linear_block,linear,stat_rf,stat_rf,1,1,False,0.8,0.8,0.0
BeetleFly,1,0.25,512,128,0.25,point,linear_block,linear,stat_rf,stat_rf,1,1,False,0.9,0.9,0.0
BeetleFly,1,0.25,512,128,0.25,linear_block,point,linear,minirocket,stat_rf,1,1,True,0.7,0.8,0.10000000000000009
BeetleFly,1,0.25,512,128,0.25,linear_block,linear_block,linear,minirocket,stat_rf,1,1,True,0.65,0.9,0.25
BeetleFly,1,0.3,512,153,0.298828125,point,linear_block,linear,stat_rf,stat_rf,1,1,False,0.8500000000000001,0.8500000000000001,0.0
BeetleFly,1,0.3,512,153,0.298828125,linear_block,point,linear,minirocket,stat_rf,1,1,True,0.7,0.8,0.10000000000000009
BeetleFly,1,0.3,512,153,0.298828125,linear_block,linear_block,linear,minirocket,stat_rf,1,1,True,0.6000000000000001,0.8500000000000001,0.25
BeetleFly,2,0.05,512,25,0.048828125,point,linear_block,linear,minirocket,minirocket,1,1,False,0.9,0.9,0.0
BeetleFly,2,0.05,512,25,0.048828125,linear_block,point,linear,minirocket,minirocket,1,1,False,0.9,0.9,0.0
BeetleFly,2,0.05,512,25,0.048828125,linear_block,linear_block,linear,minirocket,minirocket,1,1,False,0.9,0.9,0.0
BeetleFly,2,0.1,512,51,0.099609375,point,linear_block,linear,minirocket,stat_rf,1,1,True,0.8,0.8500000000000001,0.050000000000000044
BeetleFly,2,0.1,512,51,0.099609375,linear_block,point,linear,minirocket,minirocket,1,1,False,0.9,0.9,0.0
BeetleFly,2,0.1,512,51,0.099609375,linear_block,linear_block,linear,minirocket,stat_rf,1,1,True,0.8,0.8500000000000001,0.050000000000000044
BeetleFly,2,0.15,512,76,0.1484375,point,linear_block,linear,minirocket,minirocket,1,1,False,0.9,0.9,0.0
BeetleFly,2,0.15,512,76,0.1484375,linear_block,point,linear,minirocket,minirocket,1,1,False,0.9,0.9,0.0
BeetleFly,2,0.15,512,76,0.1484375,linear_block,linear_block,linear,minirocket,minirocket,1,1,False,0.9,0.9,0.0
BeetleFly,2,0.2,512,102,0.19921875,point,linear_block,linear,minirocket,stat_rf,1,1,True,0.85,0.9,0.050000000000000044
BeetleFly,2,0.2,512,102,0.19921875,linear_block,point,linear,minirocket,minirocket,1,1,False,0.9,0.9,0.0
BeetleFly,2,0.2,512,102,0.19921875,linear_block,linear_block,linear,minirocket,stat_rf,1,1,True,0.85,0.9,0.050000000000000044
BeetleFly,2,0.25,512,128,0.25,point,linear_block,linear,minirocket,stat_rf,1,1,True,0.75,0.8,0.050000000000000044
BeetleFly,2,0.25,512,128,0.25,linear_block,point,linear,minirocket,minirocket,1,1,False,0.9,0.9,0.0
BeetleFly,2,0.25,512,128,0.25,linear_block,linear_block,linear,minirocket,stat_rf,1,1,True,0.75,0.8,0.050000000000000044
BeetleFly,2,0.3,512,153,0.298828125,point,linear_block,linear,minirocket,stat_rf,1,1,True,0.8,0.9,0.09999999999999998
BeetleFly,2,0.3,512,153,0.298828125,linear_block,point,linear,minirocket,minirocket,1,1,False,0.9,0.9,0.0
BeetleFly,2,0.3,512,153,0.298828125,linear_block,linear_block,linear,minirocket,stat_rf,1,1,True,0.8,0.9,0.09999999999999998
BeetleFly,3,0.05,512,25,0.048828125,point,linear_block,linear,minirocket,minirocket,3,1,False,0.9,0.9,0.0
BeetleFly,3,0.05,512,25,0.048828125,linear_block,point,linear,dtw,minirocket,3,1,True,0.75,0.95,0.19999999999999996
BeetleFly,3,0.05,512,25,0.048828125,linear_block,linear_block,linear,dtw,minirocket,3,1,True,0.7,0.9,0.20000000000000007
BeetleFly,3,0.1,512,51,0.099609375,point,linear_block,linear,minirocket,minirocket,3,1,False,0.9,0.9,0.0
BeetleFly,3,0.1,512,51,0.099609375,linear_block,point,linear,minirocket,minirocket,2,1,False,0.95,0.95,0.0
BeetleFly,3,0.1,512,51,0.099609375,linear_block,linear_block,linear,minirocket,minirocket,2,1,False,0.9,0.9,0.0
BeetleFly,3,0.15,512,76,0.1484375,point,linear_block,linear,stat_rf,minirocket|stat_rf,3,2,False,0.8,0.8,0.0
BeetleFly,3,0.15,512,76,0.1484375,linear_block,point,linear,stat_rf,minirocket,1,1,True,0.8,0.95,0.1499999999999999
BeetleFly,3,0.15,512,76,0.1484375,linear_block,linear_block,linear,stat_rf,minirocket|stat_rf,1,2,False,0.8,0.8,0.0
BeetleFly,3,0.2,512,102,0.19921875,point,linear_block,linear,dtw,minirocket|stat_rf,3,2,True,0.35,0.75,0.4
BeetleFly,3,0.2,512,102,0.19921875,linear_block,point,linear,stat_rf,minirocket,1,1,True,0.75,0.95,0.19999999999999996
BeetleFly,3,0.2,512,102,0.19921875,linear_block,linear_block,linear,stat_rf,minirocket|stat_rf,1,2,False,0.75,0.75,0.0
BeetleFly,3,0.25,512,128,0.25,point,linear_block,linear,minirocket,stat_rf,3,1,True,0.8,0.85,0.04999999999999993
BeetleFly,3,0.25,512,128,0.25,linear_block,point,linear,stat_rf,minirocket,1,1,True,0.8,0.95,0.1499999999999999
BeetleFly,3,0.25,512,128,0.25,linear_block,linear_block,linear,stat_rf,stat_rf,1,1,False,0.85,0.85,0.0
BeetleFly,3,0.3,512,153,0.298828125,point,linear_block,linear,minirocket,minirocket,3,1,False,0.8,0.8,0.0
BeetleFly,3,0.3,512,153,0.298828125,linear_block,point,linear,stat_rf,minirocket,1,1,True,0.8,0.95,0.1499999999999999
BeetleFly,3,0.3,512,153,0.298828125,linear_block,linear_block,linear,stat_rf,minirocket,1,1,True,0.7,0.8,0.10000000000000009
BeetleFly,4,0.05,512,25,0.048828125,point,linear_block,linear,minirocket,minirocket,3,1,False,0.9,0.9,0.0
BeetleFly,4,0.05,512,25,0.048828125,linear_block,point,linear,minirocket,minirocket,3,1,False,0.85,0.85,0.0
BeetleFly,4,0.05,512,25,0.048828125,linear_block,linear_block,linear,minirocket,minirocket,3,1,False,0.9,0.9,0.0
BeetleFly,4,0.1,512,51,0.099609375,point,linear_block,linear,stat_rf,minirocket,3,1,True,0.55,0.9,0.35
BeetleFly,4,0.1,512,51,0.099609375,linear_block,point,linear,minirocket,minirocket,3,1,False,0.85,0.85,0.0
BeetleFly,4,0.1,512,51,0.099609375,linear_block,linear_block,linear,minirocket,minirocket,3,1,False,0.9,0.9,0.0
BeetleFly,4,0.15,512,76,0.1484375,point,linear_block,linear,minirocket,minirocket,2,1,False,0.95,0.95,0.0
BeetleFly,4,0.15,512,76,0.1484375,linear_block,point,linear,minirocket,minirocket,1,1,False,0.85,0.85,0.0
BeetleFly,4,0.15,512,76,0.1484375,linear_block,linear_block,linear,minirocket,minirocket,1,1,False,0.95,0.95,0.0
BeetleFly,4,0.2,512,102,0.19921875,point,linear_block,linear,minirocket,minirocket,2,1,False,0.95,0.95,0.0
BeetleFly,4,0.2,512,102,0.19921875,linear_block,point,linear,minirocket,minirocket,1,1,False,0.85,0.85,0.0
BeetleFly,4,0.2,512,102,0.19921875,linear_block,linear_block,linear,minirocket,minirocket,1,1,False,0.95,0.95,0.0
BeetleFly,4,0.25,512,128,0.25,point,linear_block,linear,dtw,minirocket,2,1,True,0.35,0.65,0.30000000000000004
BeetleFly,4,0.25,512,128,0.25,linear_block,point,linear,minirocket,minirocket,1,1,False,0.85,0.85,0.0
BeetleFly,4,0.25,512,128,0.25,linear_block,linear_block,linear,minirocket,minirocket,1,1,False,0.65,0.65,0.0
BeetleFly,4,0.3,512,153,0.298828125,point,linear_block,linear,dtw,stat_rf,3,1,True,0.4,0.8,0.4
BeetleFly,4,0.3,512,153,0.298828125,linear_block,point,linear,minirocket,minirocket,2,1,False,0.85,0.85,0.0
BeetleFly,4,0.3,512,153,0.298828125,linear_block,linear_block,linear,minirocket,stat_rf,2,1,True,0.55,0.8,0.25
BeetleFly,5,0.05,512,25,0.048828125,point,linear_block,linear,minirocket,stat_rf,1,1,True,0.8,0.85,0.04999999999999993
BeetleFly,5,0.05,512,25,0.048828125,linear_block,point,linear,minirocket,stat_rf,1,1,True,0.8,0.85,0.04999999999999993
BeetleFly,5,0.05,512,25,0.048828125,linear_block,linear_block,linear,minirocket,stat_rf,1,1,True,0.8,0.85,0.04999999999999993
BeetleFly,5,0.1,512,51,0.099609375,point,linear_block,linear,minirocket,stat_rf,1,1,True,0.75,0.8,0.050000000000000044
BeetleFly,5,0.1,512,51,0.099609375,linear_block,point,linear,minirocket,stat_rf,1,1,True,0.8,0.85,0.04999999999999993
BeetleFly,5,0.1,512,51,0.099609375,linear_block,linear_block,linear,minirocket,stat_rf,1,1,True,0.75,0.8,0.050000000000000044
BeetleFly,5,0.15,512,76,0.1484375,point,linear_block,linear,minirocket,stat_rf,1,1,True,0.65,0.8500000000000001,0.20000000000000007
BeetleFly,5,0.15,512,76,0.1484375,linear_block,point,linear,dtw,stat_rf,2,1,True,0.55,0.85,0.29999999999999993
BeetleFly,5,0.15,512,76,0.1484375,linear_block,linear_block,linear,dtw,stat_rf,2,1,True,0.5,0.8500000000000001,0.3500000000000001
BeetleFly,5,0.2,512,102,0.19921875,point,linear_block,linear,minirocket,stat_rf,1,1,True,0.6,0.8500000000000001,0.2500000000000001
BeetleFly,5,0.2,512,102,0.19921875,linear_block,point,linear,stat_rf,stat_rf,1,1,False,0.85,0.85,0.0
BeetleFly,5,0.2,512,102,0.19921875,linear_block,linear_block,linear,stat_rf,stat_rf,1,1,False,0.8500000000000001,0.8500000000000001,0.0
BeetleFly,5,0.25,512,128,0.25,point,linear_block,linear,minirocket,stat_rf,1,1,True,0.7,0.9,0.20000000000000007
BeetleFly,5,0.25,512,128,0.25,linear_block,point,linear,stat_rf,stat_rf,1,1,False,0.85,0.85,0.0
BeetleFly,5,0.25,512,128,0.25,linear_block,linear_block,linear,stat_rf,stat_rf,1,1,False,0.9,0.9,0.0
BeetleFly,5,0.3,512,153,0.298828125,point,linear_block,linear,minirocket,stat_rf,1,1,True,0.55,0.9,0.35
BeetleFly,5,0.3,512,153,0.298828125,linear_block,point,linear,stat_rf,stat_rf,1,1,False,0.85,0.85,0.0
BeetleFly,5,0.3,512,153,0.298828125,linear_block,linear_block,linear,stat_rf,stat_rf,1,1,False,0.9,0.9,0.0
BirdChicken,1,0.05,512,25,0.048828125,point,linear_block,linear,minirocket,minirocket,1,1,False,0.8,0.8,0.0
BirdChicken,1,0.05,512,25,0.048828125,linear_block,point,linear,minirocket,minirocket,1,1,False,0.8,0.8,0.0
BirdChicken,1,0.05,512,25,0.048828125,linear_block,linear_block,linear,minirocket,minirocket,1,1,False,0.8,0.8,0.0
BirdChicken,1,0.1,512,51,0.099609375,point,linear_block,linear,minirocket,minirocket,1,1,False,0.75,0.75,0.0
BirdChicken,1,0.1,512,51,0.099609375,linear_block,point,linear,minirocket,minirocket|stat_rf,1,2,False,0.75,0.75,0.0
BirdChicken,1,0.1,512,51,0.099609375,linear_block,linear_block,linear,minirocket,minirocket,1,1,False,0.75,0.75,0.0
BirdChicken,1,0.15,512,76,0.1484375,point,linear_block,linear,minirocket,minirocket,1,1,False,0.8,0.8,0.0
BirdChicken,1,0.15,512,76,0.1484375,linear_block,point,linear,stat_rf,minirocket,2,1,True,0.75,0.8,0.050000000000000044
BirdChicken,1,0.15,512,76,0.1484375,linear_block,linear_block,linear,stat_rf,minirocket,2,1,True,0.6000000000000001,0.8,0.19999999999999996
BirdChicken,1,0.2,512,102,0.19921875,point,linear_block,linear,minirocket,minirocket,1,1,False,0.8500000000000001,0.8500000000000001,0.0
BirdChicken,1,0.2,512,102,0.19921875,linear_block,point,linear,minirocket,minirocket|stat_rf,1,2,False,0.75,0.75,0.0
BirdChicken,1,0.2,512,102,0.19921875,linear_block,linear_block,linear,minirocket,minirocket,1,1,False,0.8500000000000001,0.8500000000000001,0.0
BirdChicken,1,0.25,512,128,0.25,point,linear_block,linear,minirocket,minirocket,1,1,False,0.85,0.85,0.0
BirdChicken,1,0.25,512,128,0.25,linear_block,point,linear,minirocket,minirocket|stat_rf,1,2,False,0.75,0.75,0.0
BirdChicken,1,0.25,512,128,0.25,linear_block,linear_block,linear,minirocket,minirocket,1,1,False,0.85,0.85,0.0
BirdChicken,1,0.3,512,153,0.298828125,point,linear_block,linear,minirocket,minirocket,1,1,False,0.75,0.75,0.0
BirdChicken,1,0.3,512,153,0.298828125,linear_block,point,linear,minirocket,minirocket|stat_rf,1,2,False,0.75,0.75,0.0
BirdChicken,1,0.3,512,153,0.298828125,linear_block,linear_block,linear,minirocket,minirocket,1,1,False,0.75,0.75,0.0
BirdChicken,2,0.05,512,25,0.048828125,point,linear_block,linear,dtw,minirocket,3,1,True,0.75,0.9,0.15000000000000002
BirdChicken,2,0.05,512,25,0.048828125,linear_block,point,linear,stat_rf,minirocket,3,1,True,0.7,0.9,0.20000000000000007
BirdChicken,2,0.05,512,25,0.048828125,linear_block,linear_block,linear,stat_rf,minirocket,3,1,True,0.7,0.9,0.20000000000000007
BirdChicken,2,0.1,512,51,0.099609375,point,linear_block,linear,dtw,minirocket,3,1,True,0.75,0.9,0.15000000000000002
BirdChicken,2,0.1,512,51,0.099609375,linear_block,point,linear,dtw,minirocket,3,1,True,0.75,0.9,0.15000000000000002
BirdChicken,2,0.1,512,51,0.099609375,linear_block,linear_block,linear,dtw,minirocket,3,1,True,0.75,0.9,0.15000000000000002
BirdChicken,2,0.15,512,76,0.1484375,point,linear_block,linear,dtw,minirocket,3,1,True,0.7,0.8,0.10000000000000009
BirdChicken,2,0.15,512,76,0.1484375,linear_block,point,linear,stat_rf,minirocket,3,1,True,0.7,0.9,0.20000000000000007
BirdChicken,2,0.15,512,76,0.1484375,linear_block,linear_block,linear,stat_rf,minirocket,3,1,True,0.55,0.8,0.25
BirdChicken,2,0.2,512,102,0.19921875,point,linear_block,linear,stat_rf,minirocket,3,1,True,0.35,0.75,0.4
BirdChicken,2,0.2,512,102,0.19921875,linear_block,point,linear,stat_rf,minirocket,3,1,True,0.7,0.9,0.20000000000000007
BirdChicken,2,0.2,512,102,0.19921875,linear_block,linear_block,linear,stat_rf,minirocket,3,1,True,0.35,0.75,0.4
BirdChicken,2,0.25,512,128,0.25,point,linear_block,linear,stat_rf,minirocket,3,1,True,0.4,0.8,0.4
BirdChicken,2,0.25,512,128,0.25,linear_block,point,linear,minirocket,minirocket,2,1,False,0.9,0.9,0.0
BirdChicken,2,0.25,512,128,0.25,linear_block,linear_block,linear,minirocket,minirocket,2,1,False,0.8,0.8,0.0
BirdChicken,2,0.3,512,153,0.298828125,point,linear_block,linear,minirocket,minirocket,3,1,False,0.65,0.65,0.0
BirdChicken,2,0.3,512,153,0.298828125,linear_block,point,linear,minirocket,minirocket,2,1,False,0.9,0.9,0.0
BirdChicken,2,0.3,512,153,0.298828125,linear_block,linear_block,linear,minirocket,minirocket,2,1,False,0.65,0.65,0.0
BirdChicken,3,0.05,512,25,0.048828125,point,linear_block,linear,minirocket,minirocket,2,1,False,0.9,0.9,0.0
BirdChicken,3,0.05,512,25,0.048828125,linear_block,point,linear,minirocket,minirocket,1,1,False,0.9,0.9,0.0
BirdChicken,3,0.05,512,25,0.048828125,linear_block,linear_block,linear,minirocket,minirocket,1,1,False,0.9,0.9,0.0
BirdChicken,3,0.1,512,51,0.099609375,point,linear_block,linear,stat_rf,minirocket,1,1,True,0.65,0.9,0.25
BirdChicken,3,0.1,512,51,0.099609375,linear_block,point,linear,minirocket,minirocket,1,1,False,0.9,0.9,0.0
BirdChicken,3,0.1,512,51,0.099609375,linear_block,linear_block,linear,minirocket,minirocket,1,1,False,0.9,0.9,0.0
BirdChicken,3,0.15,512,76,0.1484375,point,linear_block,linear,stat_rf,minirocket,1,1,True,0.7,0.9,0.20000000000000007
BirdChicken,3,0.15,512,76,0.1484375,linear_block,point,linear,minirocket,minirocket,1,1,False,0.9,0.9,0.0
BirdChicken,3,0.15,512,76,0.1484375,linear_block,linear_block,linear,minirocket,minirocket,1,1,False,0.9,0.9,0.0
BirdChicken,3,0.2,512,102,0.19921875,point,linear_block,linear,minirocket,minirocket,2,1,False,0.85,0.85,0.0
BirdChicken,3,0.2,512,102,0.19921875,linear_block,point,linear,minirocket,minirocket,1,1,False,0.9,0.9,0.0
BirdChicken,3,0.2,512,102,0.19921875,linear_block,linear_block,linear,minirocket,minirocket,1,1,False,0.85,0.85,0.0
BirdChicken,3,0.25,512,128,0.25,point,linear_block,linear,stat_rf,minirocket,1,1,True,0.45,0.75,0.3
BirdChicken,3,0.25,512,128,0.25,linear_block,point,linear,minirocket,minirocket,1,1,False,0.9,0.9,0.0
BirdChicken,3,0.25,512,128,0.25,linear_block,linear_block,linear,minirocket,minirocket,1,1,False,0.75,0.75,0.0
BirdChicken,3,0.3,512,153,0.298828125,point,linear_block,linear,minirocket,minirocket,1,1,False,0.8,0.8,0.0
BirdChicken,3,0.3,512,153,0.298828125,linear_block,point,linear,minirocket,minirocket,1,1,False,0.9,0.9,0.0
BirdChicken,3,0.3,512,153,0.298828125,linear_block,linear_block,linear,minirocket,minirocket,1,1,False,0.8,0.8,0.0
BirdChicken,4,0.05,512,25,0.048828125,point,linear_block,linear,stat_rf,minirocket,2,1,True,0.6499999999999999,0.8500000000000001,0.20000000000000018
BirdChicken,4,0.05,512,25,0.048828125,linear_block,point,linear,stat_rf,minirocket,2,1,True,0.6499999999999999,0.9,0.2500000000000001
BirdChicken,4,0.05,512,25,0.048828125,linear_block,linear_block,linear,stat_rf,minirocket,2,1,True,0.6499999999999999,0.8500000000000001,0.20000000000000018
BirdChicken,4,0.1,512,51,0.099609375,point,linear_block,linear,stat_rf,minirocket,2,1,True,0.6,0.8500000000000001,0.2500000000000001
BirdChicken,4,0.1,512,51,0.099609375,linear_block,point,linear,stat_rf,minirocket,2,1,True,0.6499999999999999,0.9,0.2500000000000001
BirdChicken,4,0.1,512,51,0.099609375,linear_block,linear_block,linear,stat_rf,minirocket,2,1,True,0.6,0.8500000000000001,0.2500000000000001
BirdChicken,4,0.15,512,76,0.1484375,point,linear_block,linear,stat_rf,minirocket,2,1,True,0.65,0.8500000000000001,0.20000000000000007
BirdChicken,4,0.15,512,76,0.1484375,linear_block,point,linear,minirocket,minirocket,1,1,False,0.8500000000000001,0.8500000000000001,0.0
BirdChicken,4,0.15,512,76,0.1484375,linear_block,linear_block,linear,minirocket,minirocket,1,1,False,0.8500000000000001,0.8500000000000001,0.0
BirdChicken,4,0.2,512,102,0.19921875,point,linear_block,linear,minirocket,minirocket,2,1,False,0.9,0.9,0.0
BirdChicken,4,0.2,512,102,0.19921875,linear_block,point,linear,dtw,minirocket,2,1,True,0.6499999999999999,0.8500000000000001,0.20000000000000018
BirdChicken,4,0.2,512,102,0.19921875,linear_block,linear_block,linear,dtw,minirocket,2,1,True,0.6,0.9,0.30000000000000004
BirdChicken,4,0.25,512,128,0.25,point,linear_block,linear,minirocket,minirocket,2,1,False,0.95,0.95,0.0
BirdChicken,4,0.25,512,128,0.25,linear_block,point,linear,minirocket,minirocket,1,1,False,0.8500000000000001,0.8500000000000001,0.0
BirdChicken,4,0.25,512,128,0.25,linear_block,linear_block,linear,minirocket,minirocket,1,1,False,0.95,0.95,0.0
BirdChicken,4,0.3,512,153,0.298828125,point,linear_block,linear,minirocket,minirocket,2,1,False,0.95,0.95,0.0
BirdChicken,4,0.3,512,153,0.298828125,linear_block,point,linear,minirocket,minirocket,1,1,False,0.8500000000000001,0.8500000000000001,0.0
BirdChicken,4,0.3,512,153,0.298828125,linear_block,linear_block,linear,minirocket,minirocket,1,1,False,0.95,0.95,0.0
BirdChicken,5,0.05,512,25,0.048828125,point,linear_block,linear,minirocket,minirocket,1,1,False,0.9,0.9,0.0
BirdChicken,5,0.05,512,25,0.048828125,linear_block,point,linear,minirocket,minirocket,1,1,False,0.9,0.9,0.0
BirdChicken,5,0.05,512,25,0.048828125,linear_block,linear_block,linear,minirocket,minirocket,1,1,False,0.9,0.9,0.0
BirdChicken,5,0.1,512,51,0.099609375,point,linear_block,linear,minirocket,minirocket,1,1,False,0.9,0.9,0.0
BirdChicken,5,0.1,512,51,0.099609375,linear_block,point,linear,minirocket,minirocket,1,1,False,0.9,0.9,0.0
BirdChicken,5,0.1,512,51,0.099609375,linear_block,linear_block,linear,minirocket,minirocket,1,1,False,0.9,0.9,0.0
BirdChicken,5,0.15,512,76,0.1484375,point,linear_block,linear,minirocket,minirocket,1,1,False,0.8500000000000001,0.8500000000000001,0.0
BirdChicken,5,0.15,512,76,0.1484375,linear_block,point,linear,minirocket,minirocket,1,1,False,0.9,0.9,0.0
BirdChicken,5,0.15,512,76,0.1484375,linear_block,linear_block,linear,minirocket,minirocket,1,1,False,0.8500000000000001,0.8500000000000001,0.0
BirdChicken,5,0.2,512,102,0.19921875,point,linear_block,linear,minirocket,minirocket,1,1,False,0.8,0.8,0.0
BirdChicken,5,0.2,512,102,0.19921875,linear_block,point,linear,minirocket,minirocket,1,1,False,0.8500000000000001,0.8500000000000001,0.0
BirdChicken,5,0.2,512,102,0.19921875,linear_block,linear_block,linear,minirocket,minirocket,1,1,False,0.8,0.8,0.0
BirdChicken,5,0.25,512,128,0.25,point,linear_block,linear,minirocket,minirocket,1,1,False,0.8,0.8,0.0
BirdChicken,5,0.25,512,128,0.25,linear_block,point,linear,minirocket,minirocket,1,1,False,0.8500000000000001,0.8500000000000001,0.0
BirdChicken,5,0.25,512,128,0.25,linear_block,linear_block,linear,minirocket,minirocket,1,1,False,0.8,0.8,0.0
BirdChicken,5,0.3,512,153,0.298828125,point,linear_block,linear,minirocket,minirocket,1,1,False,0.8500000000000001,0.8500000000000001,0.0
BirdChicken,5,0.3,512,153,0.298828125,linear_block,point,linear,stat_rf,minirocket,2,1,True,0.7,0.8500000000000001,0.15000000000000013
BirdChicken,5,0.3,512,153,0.298828125,linear_block,linear_block,linear,stat_rf,minirocket,2,1,True,0.75,0.8500000000000001,0.10000000000000009
Car,1,0.05,577,28,0.04852686308492201,point,linear_block,linear,minirocket,minirocket,1,1,False,0.9220647773279352,0.9220647773279352,0.0
Car,1,0.05,577,28,0.04852686308492201,linear_block,point,linear,minirocket,minirocket,1,1,False,0.9544534412955465,0.9544534412955465,0.0
Car,1,0.05,577,28,0.04852686308492201,linear_block,linear_block,linear,minirocket,minirocket,1,1,False,0.9220647773279352,0.9220647773279352,0.0
Car,1,0.1,577,57,0.09878682842287695,point,linear_block,linear,minirocket,minirocket,1,1,False,0.8374783111625218,0.8374783111625218,0.0
Car,1,0.1,577,57,0.09878682842287695,linear_block,point,linear,minirocket,minirocket,1,1,False,0.9544534412955465,0.9544534412955465,0.0
Car,1,0.1,577,57,0.09878682842287695,linear_block,linear_block,linear,minirocket,minirocket,1,1,False,0.8374783111625218,0.8374783111625218,0.0
Car,1,0.15,577,86,0.14904679376083188,point,linear_block,linear,minirocket,minirocket,1,1,False,0.7120445344129555,0.7120445344129555,0.0
Car,1,0.15,577,86,0.14904679376083188,linear_block,point,linear,minirocket,minirocket,1,1,False,0.9544534412955465,0.9544534412955465,0.0
Car,1,0.15,577,86,0.14904679376083188,linear_block,linear_block,linear,minirocket,minirocket,1,1,False,0.7120445344129555,0.7120445344129555,0.0
Car,1,0.2,577,115,0.19930675909878684,point,linear_block,linear,minirocket,minirocket,1,1,False,0.5687536148062464,0.5687536148062464,0.0
Car,1,0.2,577,115,0.19930675909878684,linear_block,point,linear,minirocket,minirocket,1,1,False,0.9544534412955465,0.9544534412955465,0.0
Car,1,0.2,577,115,0.19930675909878684,linear_block,linear_block,linear,minirocket,minirocket,1,1,False,0.5687536148062464,0.5687536148062464,0.0
Car,1,0.25,577,144,0.24956672443674177,point,linear_block,linear,minirocket,stat_rf,1,1,True,0.41273857721226137,0.45850202429149794,0.045763447079236574
Car,1,0.25,577,144,0.24956672443674177,linear_block,point,linear,stat_rf,minirocket,1,1,True,0.6260844418739155,0.9544534412955465,0.328368999421631
Car,1,0.25,577,144,0.24956672443674177,linear_block,linear_block,linear,stat_rf,stat_rf,1,1,False,0.45850202429149794,0.45850202429149794,0.0
Car,1,0.3,577,173,0.29982668977469673,point,linear_block,linear,minirocket,stat_rf,1,1,True,0.2610613071139387,0.40630422209369577,0.14524291497975705
Car,1,0.3,577,173,0.29982668977469673,linear_block,point,linear,stat_rf,minirocket,1,1,True,0.5903701561596297,0.9544534412955465,0.3640832851359168
Car,1,0.3,577,173,0.29982668977469673,linear_block,linear_block,linear,stat_rf,stat_rf,1,1,False,0.40630422209369577,0.40630422209369577,0.0
Car,2,0.05,577,28,0.04852686308492201,point,linear_block,linear,minirocket,minirocket,1,1,False,0.9159919028340081,0.9159919028340081,0.0
Car,2,0.05,577,28,0.04852686308492201,linear_block,point,linear,minirocket,minirocket,1,1,False,0.9159919028340081,0.9159919028340081,0.0
Car,2,0.05,577,28,0.04852686308492201,linear_block,linear_block,linear,minirocket,minirocket,1,1,False,0.9159919028340081,0.9159919028340081,0.0
Car,2,0.1,577,57,0.09878682842287695,point,linear_block,linear,minirocket,minirocket,1,1,False,0.8624204742625795,0.8624204742625795,0.0
Car,2,0.1,577,57,0.09878682842287695,linear_block,point,linear,minirocket,minirocket,1,1,False,0.9159919028340081,0.9159919028340081,0.0
Car,2,0.1,577,57,0.09878682842287695,linear_block,linear_block,linear,minirocket,minirocket,1,1,False,0.8624204742625795,0.8624204742625795,0.0
Car,2,0.15,577,86,0.14904679376083188,point,linear_block,linear,minirocket,minirocket,1,1,False,0.7350347021399654,0.7350347021399654,0.0
Car,2,0.15,577,86,0.14904679376083188,linear_block,point,linear,minirocket,minirocket,1,1,False,0.9159919028340081,0.9159919028340081,0.0
Car,2,0.15,577,86,0.14904679376083188,linear_block,linear_block,linear,minirocket,minirocket,1,1,False,0.7350347021399654,0.7350347021399654,0.0
Car,2,0.2,577,115,0.19930675909878684,point,linear_block,linear,minirocket,minirocket,1,1,False,0.5738866396761133,0.5738866396761133,0.0
Car,2,0.2,577,115,0.19930675909878684,linear_block,point,linear,stat_rf,minirocket,1,1,True,0.5579814921920185,0.9159919028340081,0.3580104106419896
Car,2,0.2,577,115,0.19930675909878684,linear_block,linear_block,linear,stat_rf,minirocket,1,1,True,0.47910641989589364,0.5738866396761133,0.09478021978021967
Car,2,0.25,577,144,0.24956672443674177,point,linear_block,linear,minirocket,minirocket,1,1,False,0.423582995951417,0.423582995951417,0.0
Car,2,0.25,577,144,0.24956672443674177,linear_block,point,linear,stat_rf,minirocket,1,1,True,0.5566078658183922,0.9159919028340081,0.35938403701561594
Car,2,0.25,577,144,0.24956672443674177,linear_block,linear_block,linear,stat_rf,minirocket,1,1,True,0.41946211683053786,0.423582995951417,0.004120879120879162
Car,2,0.3,577,173,0.29982668977469673,point,linear_block,linear,minirocket,stat_rf,1,1,True,0.34608155002891844,0.4697079236552921,0.12362637362637369
Car,2,0.3,577,173,0.29982668977469673,linear_block,point,linear,stat_rf,minirocket,1,1,True,0.5181463273568537,0.9159919028340081,0.3978455754771544
Car,2,0.3,577,173,0.29982668977469673,linear_block,linear_block,linear,stat_rf,stat_rf,1,1,False,0.4697079236552921,0.4697079236552921,0.0
Car,3,0.05,577,28,0.04852686308492201,point,linear_block,linear,minirocket,minirocket,1,1,False,0.8967611336032388,0.8967611336032388,0.0
Car,3,0.05,577,28,0.04852686308492201,linear_block,point,linear,minirocket,minirocket,1,1,False,0.8967611336032388,0.8967611336032388,0.0
Car,3,0.05,577,28,0.04852686308492201,linear_block,linear_block,linear,minirocket,minirocket,1,1,False,0.8967611336032388,0.8967611336032388,0.0
Car,3,0.1,577,57,0.09878682842287695,point,linear_block,linear,minirocket,minirocket,1,1,False,0.865746096009254,0.865746096009254,0.0
Car,3,0.1,577,57,0.09878682842287695,linear_block,point,linear,minirocket,minirocket,1,1,False,0.8967611336032388,0.8967611336032388,0.0
Car,3,0.1,577,57,0.09878682842287695,linear_block,linear_block,linear,minirocket,minirocket,1,1,False,0.865746096009254,0.865746096009254,0.0
Car,3,0.15,577,86,0.14904679376083188,point,linear_block,linear,minirocket,minirocket,1,1,False,0.8168739155581262,0.8168739155581262,0.0
Car,3,0.15,577,86,0.14904679376083188,linear_block,point,linear,minirocket,minirocket,1,1,False,0.8967611336032388,0.8967611336032388,0.0
Car,3,0.15,577,86,0.14904679376083188,linear_block,linear_block,linear,minirocket,minirocket,1,1,False,0.8168739155581262,0.8168739155581262,0.0
Car,3,0.2,577,115,0.19930675909878684,point,linear_block,linear,minirocket,minirocket,1,1,False,0.5208935801041064,0.5208935801041064,0.0
Car,3,0.2,577,115,0.19930675909878684,linear_block,point,linear,stat_rf,minirocket,1,1,True,0.5499566223250434,0.8967611336032388,0.34680451127819545
Car,3,0.2,577,115,0.19930675909878684,linear_block,linear_block,linear,stat_rf,minirocket,1,1,True,0.3583718912666281,0.5208935801041064,0.16252168883747825
Car,3,0.25,577,144,0.24956672443674177,point,linear_block,linear,minirocket,dtw,1,1,True,0.30147484094852517,0.3705176402544824,0.06904279930595725
Car,3,0.25,577,144,0.24956672443674177,linear_block,point,linear,minirocket,minirocket,1,1,False,0.8967611336032388,0.8967611336032388,0.0
Car,3,0.25,577,144,0.24956672443674177,linear_block,linear_block,linear,minirocket,dtw,1,1,True,0.30147484094852517,0.3705176402544824,0.06904279930595725
Car,3,0.3,577,173,0.29982668977469673,point,linear_block,linear,minirocket,dtw,1,1,True,0.2816657027183343,0.3348033545401966,0.05313765182186231
Car,3,0.3,577,173,0.29982668977469673,linear_block,point,linear,stat_rf,minirocket,2,1,True,0.49363794100636205,0.8967611336032388,0.4031231925968768
Car,3,0.3,577,173,0.29982668977469673,linear_block,linear_block,linear,stat_rf,dtw,2,1,True,0.32699537304800463,0.3348033545401966,0.007807981492191973
Car,4,0.05,577,28,0.04852686308492201,point,linear_block,linear,minirocket,minirocket,1,1,False,0.902834008097166,0.902834008097166,0.0
Car,4,0.05,577,28,0.04852686308492201,linear_block,point,linear,minirocket,minirocket,1,1,False,0.8896761133603239,0.8896761133603239,0.0
Car,4,0.05,577,28,0.04852686308492201,linear_block,linear_block,linear,minirocket,minirocket,1,1,False,0.902834008097166,0.902834008097166,0.0
Car,4,0.1,577,57,0.09878682842287695,point,linear_block,linear,minirocket,minirocket,1,1,False,0.8731925968768074,0.8731925968768074,0.0
Car,4,0.1,577,57,0.09878682842287695,linear_block,point,linear,minirocket,minirocket,1,1,False,0.8896761133603239,0.8896761133603239,0.0
Car,4,0.1,577,57,0.09878682842287695,linear_block,linear_block,linear,minirocket,minirocket,1,1,False,0.8731925968768074,0.8731925968768074,0.0
Car,4,0.15,577,86,0.14904679376083188,point,linear_block,linear,minirocket,minirocket,1,1,False,0.6227588201272412,0.6227588201272412,0.0
Car,4,0.15,577,86,0.14904679376083188,linear_block,point,linear,minirocket,minirocket,1,1,False,0.902834008097166,0.902834008097166,0.0
Car,4,0.15,577,86,0.14904679376083188,linear_block,linear_block,linear,minirocket,minirocket,1,1,False,0.6227588201272412,0.6227588201272412,0.0
Car,4,0.2,577,115,0.19930675909878684,point,linear_block,linear,minirocket,minirocket,1,1,False,0.4963851937536148,0.4963851937536148,0.0
Car,4,0.2,577,115,0.19930675909878684,linear_block,point,linear,minirocket,minirocket,1,1,False,0.8896761133603239,0.8896761133603239,0.0
Car,4,0.2,577,115,0.19930675909878684,linear_block,linear_block,linear,minirocket,minirocket,1,1,False,0.4963851937536148,0.4963851937536148,0.0
Car,4,0.25,577,144,0.24956672443674177,point,linear_block,linear,minirocket,minirocket,1,1,False,0.3972672064777328,0.3972672064777328,0.0
Car,4,0.25,577,144,0.24956672443674177,linear_block,point,linear,minirocket,minirocket,1,1,False,0.902834008097166,0.902834008097166,0.0
Car,4,0.25,577,144,0.24956672443674177,linear_block,linear_block,linear,minirocket,minirocket,1,1,False,0.3972672064777328,0.3972672064777328,0.0
Car,4,0.3,577,173,0.29982668977469673,point,linear_block,linear,minirocket,minirocket,1,1,False,0.39864083285135915,0.39864083285135915,0.0
Car,4,0.3,577,173,0.29982668977469673,linear_block,point,linear,dtw,minirocket,1,1,True,0.6534123770965876,0.8896761133603239,0.2362637362637363
Car,4,0.3,577,173,0.29982668977469673,linear_block,linear_block,linear,dtw,minirocket,1,1,True,0.2549884326200116,0.39864083285135915,0.14365240023134757
Car,5,0.05,577,28,0.04852686308492201,point,linear_block,linear,minirocket,minirocket,1,1,False,0.8188259109311741,0.8188259109311741,0.0
Car,5,0.05,577,28,0.04852686308492201,linear_block,point,linear,minirocket,minirocket,1,1,False,0.8380566801619433,0.8380566801619433,0.0
Car,5,0.05,577,28,0.04852686308492201,linear_block,linear_block,linear,minirocket,minirocket,1,1,False,0.8188259109311741,0.8188259109311741,0.0
Car,5,0.1,577,57,0.09878682842287695,point,linear_block,linear,minirocket,minirocket,1,1,False,0.8215731636784269,0.8215731636784269,0.0
Car,5,0.1,577,57,0.09878682842287695,linear_block,point,linear,minirocket,minirocket,1,1,False,0.8572874493927125,0.8572874493927125,0.0
Car,5,0.1,577,57,0.09878682842287695,linear_block,linear_block,linear,minirocket,minirocket,1,1,False,0.8215731636784269,0.8215731636784269,0.0
Car,5,0.15,577,86,0.14904679376083188,point,linear_block,linear,minirocket,minirocket,1,1,False,0.6853672643146327,0.6853672643146327,0.0
Car,5,0.15,577,86,0.14904679376083188,linear_block,point,linear,minirocket,minirocket,1,1,False,0.8380566801619433,0.8380566801619433,0.0
Car,5,0.15,577,86,0.14904679376083188,linear_block,linear_block,linear,minirocket,minirocket,1,1,False,0.6853672643146327,0.6853672643146327,0.0
Car,5,0.2,577,115,0.19930675909878684,point,linear_block,linear,minirocket,minirocket,1,1,False,0.5481492192018508,0.5481492192018508,0.0
Car,5,0.2,577,115,0.19930675909878684,linear_block,point,linear,minirocket,minirocket,1,1,False,0.8380566801619433,0.8380566801619433,0.0
Car,5,0.2,577,115,0.19930675909878684,linear_block,linear_block,linear,minirocket,minirocket,1,1,False,0.5481492192018508,0.5481492192018508,0.0
Car,5,0.25,577,144,0.24956672443674177,point,linear_block,linear,minirocket,minirocket,1,1,False,0.3860613071139387,0.3860613071139387,0.0
Car,5,0.25,577,144,0.24956672443674177,linear_block,point,linear,stat_rf,minirocket,1,1,True,0.4716599190283401,0.8380566801619433,0.36639676113360325
Car,5,0.25,577,144,0.24956672443674177,linear_block,linear_block,linear,stat_rf,minirocket,1,1,True,0.24949392712550605,0.3860613071139387,0.13656737998843266
Car,5,0.3,577,173,0.29982668977469673,point,linear_block,linear,minirocket,minirocket,1,1,False,0.28361769809138226,0.28361769809138226,0.0
Car,5,0.3,577,173,0.29982668977469673,linear_block,point,linear,minirocket,minirocket,1,1,False,0.8380566801619433,0.8380566801619433,0.0
Car,5,0.3,577,173,0.29982668977469673,linear_block,linear_block,linear,minirocket,minirocket,1,1,False,0.28361769809138226,0.28361769809138226,0.0
CBF,1,0.05,128,6,0.046875,point,linear_block,linear,dtw,dtw,2,1,False,0.9900292358672731,0.9900292358672731,0.0
CBF,1,0.05,128,6,0.046875,linear_block,point,linear,minirocket,minirocket,2,1,False,0.9911111111111112,0.9911111111111112,0.0
CBF,1,0.05,128,6,0.046875,linear_block,linear_block,linear,minirocket,dtw,2,1,True,0.9877777777777778,0.9900292358672731,0.0022514580894953395
CBF,1,0.1,128,12,0.09375,point,linear_block,linear,minirocket,minirocket,2,1,False,0.986703260885669,0.986703260885669,0.0
CBF,1,0.1,128,12,0.09375,linear_block,point,linear,dtw,minirocket,1,1,True,0.980006666962976,0.9911110123412893,0.011104345378313285
CBF,1,0.1,128,12,0.09375,linear_block,linear_block,linear,dtw,minirocket,1,1,True,0.9700506195337075,0.986703260885669,0.016652641351961428
CBF,1,0.15,128,19,0.1484375,point,linear_block,linear,minirocket,dtw,2,1,True,0.923544848906865,0.9256856354109565,0.002140786504091552
CBF,1,0.15,128,19,0.1484375,linear_block,point,linear,dtw,minirocket,1,1,True,0.9755322952625054,0.9955629139072847,0.020030618644779286
CBF,1,0.15,128,19,0.1484375,linear_block,linear_block,linear,dtw,dtw,1,1,False,0.9256856354109565,0.9256856354109565,0.0
CBF,1,0.2,128,25,0.1953125,point,linear_block,linear,dtw,dtw,1,1,False,0.8912915141907541,0.8912915141907541,0.0
CBF,1,0.2,128,25,0.1953125,linear_block,point,linear,stat_rf,minirocket,1,1,True,0.8074587018682312,0.9856068664780162,0.178148164609785
CBF,1,0.2,128,25,0.1953125,linear_block,linear_block,linear,stat_rf,dtw,1,1,True,0.782850990908238,0.8912915141907541,0.10844052328251619
CBF,1,0.25,128,32,0.25,point,linear_block,linear,dtw,dtw,2,1,False,0.8388966917048165,0.8388966917048165,0.0
CBF,1,0.25,128,32,0.25,linear_block,point,linear,dtw,minirocket,2,1,True,0.9355009852289732,0.9733766932851337,0.03787570805616047
CBF,1,0.25,128,32,0.25,linear_block,linear_block,linear,dtw,dtw,2,1,False,0.8388966917048165,0.8388966917048165,0.0
CBF,1,0.3,128,38,0.296875,point,linear_block,linear,minirocket,dtw,2,1,True,0.511133828170141,0.7909316957296868,0.27979786755954583
CBF,1,0.3,128,38,0.296875,linear_block,point,linear,minirocket,minirocket,2,1,False,0.9455976314996716,0.9455976314996716,0.0
CBF,1,0.3,128,38,0.296875,linear_block,linear_block,linear,minirocket,dtw,2,1,True,0.511133828170141,0.7909316957296868,0.27979786755954583
CBF,2,0.05,128,6,0.046875,point,linear_block,linear,dtw,minirocket,2,1,True,0.9855327891116148,0.9944812362030905,0.008948447091475686
CBF,2,0.05,128,6,0.046875,linear_block,point,linear,dtw,minirocket,2,1,True,0.9899996049207126,0.9977924944812363,0.007792889560523708
CBF,2,0.05,128,6,0.046875,linear_block,linear_block,linear,dtw,minirocket,2,1,True,0.9855327891116148,0.9944812362030905,0.008948447091475686
CBF,2,0.1,128,12,0.09375,point,linear_block,linear,minirocket,minirocket,2,1,False,0.9778360519726803,0.9778360519726803,0.0
CBF,2,0.1,128,12,0.09375,linear_block,point,linear,minirocket,minirocket,2,1,False,0.9966887417218543,0.9966887417218543,0.0
CBF,2,0.1,128,12,0.09375,linear_block,linear_block,linear,minirocket,minirocket,2,1,False,0.9778360519726803,0.9778360519726803,0.0
CBF,2,0.15,128,19,0.1484375,point,linear_block,linear,dtw,dtw,2,1,False,0.928945088917532,0.928945088917532,0.0
CBF,2,0.15,128,19,0.1484375,linear_block,point,linear,minirocket,minirocket,1,1,False,0.9878587196467992,0.9878587196467992,0.0
CBF,2,0.15,128,19,0.1484375,linear_block,linear_block,linear,minirocket,dtw,1,1,True,0.9069884587463145,0.928945088917532,0.021956630171217517
CBF,2,0.2,128,25,0.1953125,point,linear_block,linear,dtw,dtw,2,1,False,0.8934768458845085,0.8934768458845085,0.0
CBF,2,0.2,128,25,0.1953125,linear_block,point,linear,minirocket,minirocket,2,1,False,0.9746136865342163,0.9746136865342163,0.0
CBF,2,0.2,128,25,0.1953125,linear_block,linear_block,linear,minirocket,dtw,2,1,True,0.7960501948234736,0.8934768458845085,0.09742665106103487
CBF,2,0.25,128,32,0.25,point,linear_block,linear,dtw,dtw,1,1,False,0.8522898795502022,0.8522898795502022,0.0
CBF,2,0.25,128,32,0.25,linear_block,point,linear,dtw,minirocket,1,1,True,0.9354120923892913,0.9558498896247242,0.02043779723543282
CBF,2,0.25,128,32,0.25,linear_block,linear_block,linear,dtw,dtw,1,1,False,0.8522898795502022,0.8522898795502022,0.0
CBF,2,0.3,128,38,0.296875,point,linear_block,linear,dtw,dtw,2,1,False,0.8144810880483577,0.8144810880483577,0.0
CBF,2,0.3,128,38,0.296875,linear_block,point,linear,stat_rf,minirocket,2,1,True,0.8671052046757634,0.9182630339126184,0.05115782923685508
CBF,2,0.3,128,38,0.296875,linear_block,linear_block,linear,stat_rf,dtw,2,1,True,0.7970654498224613,0.8144810880483577,0.017415638225896424
CBF,3,0.05,128,6,0.046875,point,linear_block,linear,minirocket,minirocket,2,1,False,0.9966740250183959,0.9966740250183959,0.0
CBF,3,0.05,128,6,0.046875,linear_block,point,linear,minirocket,minirocket,2,1,False,0.9988888888888888,0.9988888888888888,0.0
CBF,3,0.05,128,6,0.046875,linear_block,linear_block,linear,minirocket,minirocket,2,1,False,0.9966740250183959,0.9966740250183959,0.0
CBF,3,0.1,128,12,0.09375,point,linear_block,linear,minirocket,minirocket,2,1,False,0.9888958521613307,0.9888958521613307,0.0
CBF,3,0.1,128,12,0.09375,linear_block,point,linear,dtw,minirocket,2,1,True,0.981051059059415,1.0,0.01894894094058497
CBF,3,0.1,128,12,0.09375,linear_block,linear_block,linear,dtw,minirocket,2,1,True,0.967746862823533,0.9888958521613307,0.02114898933779774
CBF,3,0.15,128,19,0.1484375,point,linear_block,linear,dtw,dtw,2,1,False,0.9300044940268951,0.9300044940268951,0.0
CBF,3,0.15,128,19,0.1484375,linear_block,point,linear,minirocket,minirocket,1,1,False,0.996681383370125,0.996681383370125,0.0
CBF,3,0.15,128,19,0.1484375,linear_block,linear_block,linear,minirocket,dtw,1,1,True,0.9212927981984383,0.9300044940268951,0.008711695828456767
CBF,3,0.2,128,25,0.1953125,point,linear_block,linear,dtw,stat_rf,2,1,True,0.8567200023704759,0.8725725587803903,0.015852556409914453
CBF,3,0.2,128,25,0.1953125,linear_block,point,linear,dtw,minirocket,1,1,True,0.9543683916816056,0.9889254831078912,0.0345570914262856
CBF,3,0.2,128,25,0.1953125,linear_block,linear_block,linear,dtw,stat_rf,1,1,True,0.8567200023704759,0.8725725587803903,0.015852556409914453
CBF,3,0.25,128,32,0.25,point,linear_block,linear,dtw,stat_rf,2,1,True,0.8166958531490289,0.8404527608634457,0.023756907714416742
CBF,3,0.25,128,32,0.25,linear_block,point,linear,dtw,minirocket,1,1,True,0.9220708080852976,0.9722432108093693,0.05017240272407164
CBF,3,0.25,128,32,0.25,linear_block,linear_block,linear,dtw,stat_rf,1,1,True,0.8166958531490289,0.8404527608634457,0.023756907714416742
CBF,3,0.3,128,38,0.296875,point,linear_block,linear,dtw,stat_rf,2,1,True,0.7865467107180072,0.8194592846101801,0.03291257389217295
CBF,3,0.3,128,38,0.296875,linear_block,point,linear,stat_rf,minirocket,1,1,True,0.8891507276866627,0.9489755100226677,0.05982478233600497
CBF,3,0.3,128,38,0.296875,linear_block,linear_block,linear,stat_rf,stat_rf,1,1,False,0.8194592846101801,0.8194592846101801,0.0
CBF,4,0.05,128,6,0.046875,point,linear_block,linear,dtw,minirocket,2,1,True,0.9844141221091308,0.9966740250183959,0.012259902909265041
CBF,4,0.05,128,6,0.046875,linear_block,point,linear,minirocket,minirocket,2,1,False,0.9966666666666667,0.9966666666666667,0.0
CBF,4,0.05,128,6,0.046875,linear_block,linear_block,linear,minirocket,minirocket,2,1,False,0.9966740250183959,0.9966740250183959,0.0
CBF,4,0.1,128,12,0.09375,point,linear_block,linear,dtw,minirocket,1,1,True,0.961087159429308,0.9844363947039622,0.023349235274654156
CBF,4,0.1,128,12,0.09375,linear_block,point,linear,minirocket,minirocket,2,1,False,0.9966666666666667,0.9966666666666667,0.0
CBF,4,0.1,128,12,0.09375,linear_block,linear_block,linear,minirocket,minirocket,2,1,False,0.9844363947039622,0.9844363947039622,0.0
CBF,4,0.15,128,19,0.1484375,point,linear_block,linear,dtw,dtw,2,1,False,0.9034253374224038,0.9034253374224038,0.0
CBF,4,0.15,128,19,0.1484375,linear_block,point,linear,dtw,minirocket,1,1,True,0.9765989599537758,0.9944442469048007,0.01784528695102494
CBF,4,0.15,128,19,0.1484375,linear_block,linear_block,linear,dtw,dtw,1,1,False,0.9034253374224038,0.9034253374224038,0.0
CBF,4,0.2,128,25,0.1953125,point,linear_block,linear,dtw,stat_rf,1,1,True,0.8489934367453368,0.8612978848442646,0.012304448098927834
CBF,4,0.2,128,25,0.1953125,linear_block,point,linear,dtw,minirocket,1,1,True,0.9633094804213521,0.9900365942190023,0.026727113797650137
CBF,4,0.2,128,25,0.1953125,linear_block,linear_block,linear,dtw,stat_rf,1,1,True,0.8489934367453368,0.8612978848442646,0.012304448098927834
CBF,4,0.25,128,32,0.25,point,linear_block,linear,stat_rf,dtw,3,1,True,0.8191404062402774,0.820073632902203,0.0009332266619256346
CBF,4,0.25,128,32,0.25,linear_block,point,linear,dtw,minirocket,2,1,True,0.9510348608086284,0.972228395336089,0.021193534527460534
CBF,4,0.25,128,32,0.25,linear_block,linear_block,linear,dtw,dtw,2,1,False,0.820073632902203,0.820073632902203,0.0
CBF,4,0.3,128,38,0.296875,point,linear_block,linear,dtw,stat_rf,2,1,True,0.7866722965465133,0.8047249013536404,0.018052604807127115
CBF,4,0.3,128,38,0.296875,linear_block,point,linear,dtw,minirocket,1,1,True,0.8943434523015837,0.9411751633405929,0.04683171103900918
CBF,4,0.3,128,38,0.296875,linear_block,linear_block,linear,dtw,stat_rf,1,1,True,0.7866722965465133,0.8047249013536404,0.018052604807127115
CBF,5,0.05,128,6,0.046875,point,linear_block,linear,minirocket,minirocket,2,1,False,0.9955776306107431,0.9955776306107431,0.0
CBF,5,0.05,128,6,0.046875,linear_block,point,linear,minirocket,minirocket,2,1,False,0.9977924944812363,0.9977924944812363,0.0
CBF,5,0.05,128,6,0.046875,linear_block,linear_block,linear,minirocket,minirocket,2,1,False,0.9955776306107431,0.9955776306107431,0.0
CBF,5,0.1,128,12,0.09375,point,linear_block,linear,minirocket,minirocket,2,1,False,0.9745692401143754,0.9745692401143754,0.0
CBF,5,0.1,128,12,0.09375,linear_block,point,linear,dtw,minirocket,1,1,True,0.980036199139715,0.9922663723325975,0.012230173192882554
CBF,5,0.1,128,12,0.09375,linear_block,linear_block,linear,dtw,minirocket,1,1,True,0.9656059775496195,0.9745692401143754,0.00896326256475588
CBF,5,0.15,128,19,0.1484375,point,linear_block,linear,dtw,dtw,1,1,False,0.9223225723612406,0.9223225723612406,0.0
CBF,5,0.15,128,19,0.1484375,linear_block,point,linear,dtw,minirocket,1,1,True,0.9689172358277651,0.9889476569329007,0.020030421105135532
CBF,5,0.15,128,19,0.1484375,linear_block,linear_block,linear,dtw,dtw,1,1,False,0.9223225723612406,0.9223225723612406,0.0
CBF,5,0.2,128,25,0.1953125,point,linear_block,linear,dtw,dtw,1,1,False,0.8767132366376776,0.8767132366376776,0.0
CBF,5,0.2,128,25,0.1953125,linear_block,point,linear,dtw,minirocket,1,1,True,0.9399381700915103,0.9812140292654982,0.041275859173987905
CBF,5,0.2,128,25,0.1953125,linear_block,linear_block,linear,dtw,dtw,1,1,False,0.8767132366376776,0.8767132366376776,0.0
CBF,5,0.25,128,32,0.25,point,linear_block,linear,dtw,dtw,1,1,False,0.8255998538206636,0.8255998538206636,0.0
CBF,5,0.25,128,32,0.25,linear_block,point,linear,dtw,minirocket,1,1,True,0.9199742704614032,0.9557758122583225,0.0358015417969193
CBF,5,0.25,128,32,0.25,linear_block,linear_block,linear,dtw,dtw,1,1,False,0.8255998538206636,0.8255998538206636,0.0
CBF,5,0.3,128,38,0.296875,point,linear_block,linear,dtw,dtw,1,1,False,0.7977542705601731,0.7977542705601731,0.0
CBF,5,0.3,128,38,0.296875,linear_block,point,linear,dtw,dtw,1,1,False,0.9055588643445881,0.9055588643445881,0.0
CBF,5,0.3,128,38,0.296875,linear_block,linear_block,linear,dtw,dtw,1,1,False,0.7977542705601731,0.7977542705601731,0.0
Coffee,1,0.05,286,14,0.04895104895104895,point,linear_block,linear,dtw,minirocket,2,1,True,0.9615384615384616,1.0,0.038461538461538436
Coffee,1,0.05,286,14,0.04895104895104895,linear_block,point,linear,minirocket,dtw|minirocket,2,2,False,1.0,1.0,0.0
Coffee,1,0.05,286,14,0.04895104895104895,linear_block,linear_block,linear,minirocket,minirocket,2,1,False,1.0,1.0,0.0
Coffee,1,0.1,286,28,0.0979020979020979,point,linear_block,linear,dtw,dtw,2,1,False,0.9615384615384616,0.9615384615384616,0.0
Coffee,1,0.1,286,28,0.0979020979020979,linear_block,point,linear,dtw,dtw|minirocket,2,2,False,1.0,1.0,0.0
Coffee,1,0.1,286,28,0.0979020979020979,linear_block,linear_block,linear,dtw,dtw,2,1,False,0.9615384615384616,0.9615384615384616,0.0
Coffee,1,0.15,286,42,0.14685314685314685,point,linear_block,linear,minirocket,dtw|minirocket,2,2,False,0.8897435897435897,0.8897435897435897,0.0
Coffee,1,0.15,286,42,0.14685314685314685,linear_block,point,linear,minirocket,dtw|minirocket,1,2,False,1.0,1.0,0.0
Coffee,1,0.15,286,42,0.14685314685314685,linear_block,linear_block,linear,minirocket,dtw|minirocket,1,2,False,0.8897435897435897,0.8897435897435897,0.0
Coffee,1,0.2,286,57,0.1993006993006993,point,linear_block,linear,minirocket,minirocket,1,1,False,0.8564102564102565,0.8564102564102565,0.0
Coffee,1,0.2,286,57,0.1993006993006993,linear_block,point,linear,minirocket,minirocket,1,1,False,1.0,1.0,0.0
Coffee,1,0.2,286,57,0.1993006993006993,linear_block,linear_block,linear,minirocket,minirocket,1,1,False,0.8564102564102565,0.8564102564102565,0.0
Coffee,1,0.25,286,71,0.24825174825174826,point,linear_block,linear,dtw,minirocket,2,1,True,0.7846153846153847,0.823076923076923,0.038461538461538325
Coffee,1,0.25,286,71,0.24825174825174826,linear_block,point,linear,minirocket,dtw|minirocket,1,2,False,1.0,1.0,0.0
Coffee,1,0.25,286,71,0.24825174825174826,linear_block,linear_block,linear,minirocket,minirocket,1,1,False,0.823076923076923,0.823076923076923,0.0
Coffee,1,0.3,286,85,0.2972027972027972,point,linear_block,linear,minirocket,dtw,1,1,True,0.7846153846153847,0.8461538461538461,0.06153846153846143
Coffee,1,0.3,286,85,0.2972027972027972,linear_block,point,linear,minirocket,minirocket,1,1,False,1.0,1.0,0.0
Coffee,1,0.3,286,85,0.2972027972027972,linear_block,linear_block,linear,minirocket,dtw,1,1,True,0.7846153846153847,0.8461538461538461,0.06153846153846143
Coffee,2,0.05,286,14,0.04895104895104895,point,linear_block,linear,dtw,dtw|minirocket,2,2,False,1.0,1.0,0.0
Coffee,2,0.05,286,14,0.04895104895104895,linear_block,point,linear,dtw,dtw|minirocket,2,2,False,1.0,1.0,0.0
Coffee,2,0.05,286,14,0.04895104895104895,linear_block,linear_block,linear,dtw,dtw|minirocket,2,2,False,1.0,1.0,0.0
Coffee,2,0.1,286,28,0.0979020979020979,point,linear_block,linear,dtw,dtw,2,1,False,0.9615384615384616,0.9615384615384616,0.0
Coffee,2,0.1,286,28,0.0979020979020979,linear_block,point,linear,minirocket,dtw|minirocket,1,2,False,1.0,1.0,0.0
Coffee,2,0.1,286,28,0.0979020979020979,linear_block,linear_block,linear,minirocket,dtw,1,1,True,0.8076923076923077,0.9615384615384616,0.15384615384615385
Coffee,2,0.15,286,42,0.14685314685314685,point,linear_block,linear,stat_rf,dtw,2,1,True,0.5153846153846154,0.8128205128205128,0.2974358974358974
Coffee,2,0.15,286,42,0.14685314685314685,linear_block,point,linear,stat_rf,minirocket,3,1,True,0.9230769230769231,1.0,0.07692307692307687
Coffee,2,0.15,286,42,0.14685314685314685,linear_block,linear_block,linear,stat_rf,dtw,3,1,True,0.5153846153846154,0.8128205128205128,0.2974358974358974
Coffee,2,0.2,286,57,0.1993006993006993,point,linear_block,linear,minirocket,dtw,1,1,True,0.5487179487179488,0.8128205128205128,0.26410256410256405
Coffee,2,0.2,286,57,0.1993006993006993,linear_block,point,linear,dtw,dtw|minirocket,1,2,False,1.0,1.0,0.0
Coffee,2,0.2,286,57,0.1993006993006993,linear_block,linear_block,linear,dtw,dtw,1,1,False,0.8128205128205128,0.8128205128205128,0.0
Coffee,2,0.25,286,71,0.24825174825174826,point,linear_block,linear,minirocket,dtw,2,1,True,0.6974358974358974,0.8128205128205128,0.11538461538461542
Coffee,2,0.25,286,71,0.24825174825174826,linear_block,point,linear,minirocket,dtw|minirocket,3,2,False,0.9615384615384616,0.9615384615384616,0.0
Coffee,2,0.25,286,71,0.24825174825174826,linear_block,linear_block,linear,minirocket,dtw,3,1,True,0.6974358974358974,0.8128205128205128,0.11538461538461542
Coffee,2,0.3,286,85,0.2972027972027972,point,linear_block,linear,dtw,dtw,3,1,False,0.8461538461538461,0.8461538461538461,0.0
Coffee,2,0.3,286,85,0.2972027972027972,linear_block,point,linear,minirocket,dtw|minirocket,3,2,False,1.0,1.0,0.0
Coffee,2,0.3,286,85,0.2972027972027972,linear_block,linear_block,linear,minirocket,dtw,3,1,True,0.5538461538461539,0.8461538461538461,0.29230769230769227
Coffee,3,0.05,286,14,0.04895104895104895,point,linear_block,linear,minirocket,dtw|minirocket,2,2,False,1.0,1.0,0.0
Coffee,3,0.05,286,14,0.04895104895104895,linear_block,point,linear,minirocket,dtw|minirocket,2,2,False,1.0,1.0,0.0
Coffee,3,0.05,286,14,0.04895104895104895,linear_block,linear_block,linear,minirocket,dtw|minirocket,2,2,False,1.0,1.0,0.0
Coffee,3,0.1,286,28,0.0979020979020979,point,linear_block,linear,minirocket,minirocket,1,1,False,0.9666666666666667,0.9666666666666667,0.0
Coffee,3,0.1,286,28,0.0979020979020979,linear_block,point,linear,minirocket,dtw|minirocket,1,2,False,1.0,1.0,0.0
Coffee,3,0.1,286,28,0.0979020979020979,linear_block,linear_block,linear,minirocket,minirocket,1,1,False,0.9666666666666667,0.9666666666666667,0.0
Coffee,3,0.15,286,42,0.14685314685314685,point,linear_block,linear,minirocket,dtw|minirocket,1,2,False,0.9282051282051282,0.9282051282051282,0.0
Coffee,3,0.15,286,42,0.14685314685314685,linear_block,point,linear,dtw,dtw|minirocket,2,2,False,1.0,1.0,0.0
Coffee,3,0.15,286,42,0.14685314685314685,linear_block,linear_block,linear,dtw,dtw|minirocket,2,2,False,0.9282051282051282,0.9282051282051282,0.0
Coffee,3,0.2,286,57,0.1993006993006993,point,linear_block,linear,dtw,dtw,2,1,False,0.9,0.9,0.0
Coffee,3,0.2,286,57,0.1993006993006993,linear_block,point,linear,stat_rf,dtw|minirocket,3,2,True,0.8128205128205128,1.0,0.18717948717948718
Coffee,3,0.2,286,57,0.1993006993006993,linear_block,linear_block,linear,stat_rf,dtw,3,1,True,0.7410256410256411,0.9,0.15897435897435896
Coffee,3,0.25,286,71,0.24825174825174826,point,linear_block,linear,minirocket,dtw,2,1,True,0.7461538461538462,0.8948717948717949,0.14871794871794874
Coffee,3,0.25,286,71,0.24825174825174826,linear_block,point,linear,minirocket,minirocket,2,1,False,1.0,1.0,0.0
Coffee,3,0.25,286,71,0.24825174825174826,linear_block,linear_block,linear,minirocket,dtw,2,1,True,0.7461538461538462,0.8948717948717949,0.14871794871794874
Coffee,3,0.3,286,85,0.2972027972027972,point,linear_block,linear,minirocket,dtw,1,1,True,0.6358974358974359,0.8897435897435897,0.25384615384615383
Coffee,3,0.3,286,85,0.2972027972027972,linear_block,point,linear,minirocket,dtw|minirocket,1,2,False,1.0,1.0,0.0
Coffee,3,0.3,286,85,0.2972027972027972,linear_block,linear_block,linear,minirocket,dtw,1,1,True,0.6358974358974359,0.8897435897435897,0.25384615384615383
Coffee,4,0.05,286,14,0.04895104895104895,point,linear_block,linear,dtw,dtw,2,1,False,1.0,1.0,0.0
Coffee,4,0.05,286,14,0.04895104895104895,linear_block,point,linear,dtw,dtw,2,1,False,0.9666666666666667,0.9666666666666667,0.0
Coffee,4,0.05,286,14,0.04895104895104895,linear_block,linear_block,linear,dtw,dtw,2,1,False,1.0,1.0,0.0
Coffee,4,0.1,286,28,0.0979020979020979,point,linear_block,linear,dtw,dtw,2,1,False,0.8282051282051281,0.8282051282051281,0.0
Coffee,4,0.1,286,28,0.0979020979020979,linear_block,point,linear,dtw,dtw,2,1,False,1.0,1.0,0.0
Coffee,4,0.1,286,28,0.0979020979020979,linear_block,linear_block,linear,dtw,dtw,2,1,False,0.8282051282051281,0.8282051282051281,0.0
Coffee,4,0.15,286,42,0.14685314685314685,point,linear_block,linear,minirocket,dtw,2,1,True,0.717948717948718,0.7564102564102564,0.038461538461538436
Coffee,4,0.15,286,42,0.14685314685314685,linear_block,point,linear,minirocket,dtw,1,1,True,0.9333333333333333,1.0,0.06666666666666665
Coffee,4,0.15,286,42,0.14685314685314685,linear_block,linear_block,linear,minirocket,dtw,1,1,True,0.717948717948718,0.7564102564102564,0.038461538461538436
Coffee,4,0.2,286,57,0.1993006993006993,point,linear_block,linear,minirocket,dtw,1,1,True,0.7948717948717949,0.8333333333333333,0.038461538461538325
Coffee,4,0.2,286,57,0.1993006993006993,linear_block,point,linear,minirocket,dtw,2,1,True,0.9666666666666667,1.0,0.033333333333333326
Coffee,4,0.2,286,57,0.1993006993006993,linear_block,linear_block,linear,minirocket,dtw,2,1,True,0.7948717948717949,0.8333333333333333,0.038461538461538325
Coffee,4,0.25,286,71,0.24825174825174826,point,linear_block,linear,dtw,dtw,2,1,False,0.7282051282051283,0.7282051282051283,0.0
Coffee,4,0.25,286,71,0.24825174825174826,linear_block,point,linear,stat_rf,dtw|minirocket,1,2,True,0.7846153846153847,0.9666666666666667,0.18205128205128196
Coffee,4,0.25,286,71,0.24825174825174826,linear_block,linear_block,linear,stat_rf,dtw,1,1,True,0.5641025641025641,0.7282051282051283,0.16410256410256419
Coffee,4,0.3,286,85,0.2972027972027972,point,linear_block,linear,minirocket,dtw,2,1,True,0.6282051282051282,0.7,0.07179487179487176
Coffee,4,0.3,286,85,0.2972027972027972,linear_block,point,linear,stat_rf,dtw|minirocket,1,2,True,0.7076923076923077,0.9666666666666667,0.25897435897435894
Coffee,4,0.3,286,85,0.2972027972027972,linear_block,linear_block,linear,stat_rf,dtw,1,1,True,0.658974358974359,0.7,0.04102564102564099
Coffee,5,0.05,286,14,0.04895104895104895,point,linear_block,linear,minirocket,minirocket,2,1,False,1.0,1.0,0.0
Coffee,5,0.05,286,14,0.04895104895104895,linear_block,point,linear,dtw,dtw|minirocket,2,2,False,1.0,1.0,0.0
Coffee,5,0.05,286,14,0.04895104895104895,linear_block,linear_block,linear,dtw,minirocket,2,1,True,0.9615384615384616,1.0,0.038461538461538436
Coffee,5,0.1,286,28,0.0979020979020979,point,linear_block,linear,minirocket,dtw|minirocket,2,2,False,0.9230769230769231,0.9230769230769231,0.0
Coffee,5,0.1,286,28,0.0979020979020979,linear_block,point,linear,minirocket,dtw|minirocket,1,2,False,1.0,1.0,0.0
Coffee,5,0.1,286,28,0.0979020979020979,linear_block,linear_block,linear,minirocket,dtw|minirocket,1,2,False,0.9230769230769231,0.9230769230769231,0.0
Coffee,5,0.15,286,42,0.14685314685314685,point,linear_block,linear,dtw,dtw,2,1,False,0.8076923076923077,0.8076923076923077,0.0
Coffee,5,0.15,286,42,0.14685314685314685,linear_block,point,linear,minirocket,dtw|minirocket,1,2,False,1.0,1.0,0.0
Coffee,5,0.15,286,42,0.14685314685314685,linear_block,linear_block,linear,minirocket,dtw,1,1,True,0.7743589743589744,0.8076923076923077,0.033333333333333326
Coffee,5,0.2,286,57,0.1993006993006993,point,linear_block,linear,minirocket,dtw,1,1,True,0.8179487179487179,0.8512820512820514,0.03333333333333344
Coffee,5,0.2,286,57,0.1993006993006993,linear_block,point,linear,minirocket,dtw|minirocket,1,2,False,1.0,1.0,0.0
Coffee,5,0.2,286,57,0.1993006993006993,linear_block,linear_block,linear,minirocket,dtw,1,1,True,0.8179487179487179,0.8512820512820514,0.03333333333333344
Coffee,5,0.25,286,71,0.24825174825174826,point,linear_block,linear,minirocket,dtw,1,1,True,0.8128205128205128,0.8461538461538461,0.033333333333333326
Coffee,5,0.25,286,71,0.24825174825174826,linear_block,point,linear,minirocket,dtw|minirocket,1,2,False,1.0,1.0,0.0
Coffee,5,0.25,286,71,0.24825174825174826,linear_block,linear_block,linear,minirocket,dtw,1,1,True,0.8128205128205128,0.8461538461538461,0.033333333333333326
Coffee,5,0.3,286,85,0.2972027972027972,point,linear_block,linear,minirocket,dtw,1,1,True,0.735897435897436,0.7692307692307692,0.033333333333333215
Coffee,5,0.3,286,85,0.2972027972027972,linear_block,point,linear,minirocket,dtw|minirocket,1,2,False,1.0,1.0,0.0
Coffee,5,0.3,286,85,0.2972027972027972,linear_block,linear_block,linear,minirocket,dtw,1,1,True,0.735897435897436,0.7692307692307692,0.033333333333333215
Computers,1,0.05,720,36,0.05,point,linear_block,linear,minirocket,stat_rf,1,1,True,0.708,0.716,0.008000000000000007
Computers,1,0.05,720,36,0.05,linear_block,point,linear,minirocket,minirocket|stat_rf,1,2,False,0.716,0.716,0.0
Computers,1,0.05,720,36,0.05,linear_block,linear_block,linear,minirocket,stat_rf,1,1,True,0.708,0.716,0.008000000000000007
Computers,1,0.1,720,72,0.1,point,linear_block,linear,stat_rf,minirocket,2,1,True,0.704,0.716,0.01200000000000001
Computers,1,0.1,720,72,0.1,linear_block,point,linear,minirocket,stat_rf,1,1,True,0.712,0.716,0.0040000000000000036
Computers,1,0.1,720,72,0.1,linear_block,linear_block,linear,minirocket,minirocket,1,1,False,0.716,0.716,0.0
Computers,1,0.15,720,108,0.15,point,linear_block,linear,minirocket,minirocket,1,1,False,0.724,0.724,0.0
Computers,1,0.15,720,108,0.15,linear_block,point,linear,minirocket,minirocket|stat_rf,1,2,False,0.708,0.708,0.0
Computers,1,0.15,720,108,0.15,linear_block,linear_block,linear,minirocket,minirocket,1,1,False,0.724,0.724,0.0
Computers,1,0.2,720,144,0.2,point,linear_block,linear,minirocket,minirocket,1,1,False,0.732,0.732,0.0
Computers,1,0.2,720,144,0.2,linear_block,point,linear,minirocket,stat_rf,1,1,True,0.696,0.704,0.008000000000000007
Computers,1,0.2,720,144,0.2,linear_block,linear_block,linear,minirocket,minirocket,1,1,False,0.732,0.732,0.0
Computers,1,0.25,720,180,0.25,point,linear_block,linear,minirocket,minirocket,1,1,False,0.72,0.72,0.0
Computers,1,0.25,720,180,0.25,linear_block,point,linear,minirocket,minirocket|stat_rf,1,2,False,0.708,0.708,0.0
Computers,1,0.25,720,180,0.25,linear_block,linear_block,linear,minirocket,minirocket,1,1,False,0.72,0.72,0.0
Computers,1,0.3,720,216,0.3,point,linear_block,linear,minirocket,minirocket,1,1,False,0.696,0.696,0.0
Computers,1,0.3,720,216,0.3,linear_block,point,linear,minirocket,stat_rf,1,1,True,0.696,0.704,0.008000000000000007
Computers,1,0.3,720,216,0.3,linear_block,linear_block,linear,minirocket,minirocket,1,1,False,0.696,0.696,0.0
Computers,2,0.05,720,36,0.05,point,linear_block,linear,stat_rf,stat_rf,1,1,False,0.708,0.708,0.0
Computers,2,0.05,720,36,0.05,linear_block,point,linear,stat_rf,stat_rf,1,1,False,0.72,0.72,0.0
Computers,2,0.05,720,36,0.05,linear_block,linear_block,linear,stat_rf,stat_rf,1,1,False,0.708,0.708,0.0
Computers,2,0.1,720,72,0.1,point,linear_block,linear,stat_rf,minirocket,1,1,True,0.692,0.712,0.020000000000000018
Computers,2,0.1,720,72,0.1,linear_block,point,linear,stat_rf,stat_rf,1,1,False,0.712,0.712,0.0
Computers,2,0.1,720,72,0.1,linear_block,linear_block,linear,stat_rf,minirocket,1,1,True,0.692,0.712,0.020000000000000018
Computers,2,0.15,720,108,0.15,point,linear_block,linear,stat_rf,minirocket,1,1,True,0.7,0.712,0.01200000000000001
Computers,2,0.15,720,108,0.15,linear_block,point,linear,stat_rf,stat_rf,1,1,False,0.7,0.7,0.0
Computers,2,0.15,720,108,0.15,linear_block,linear_block,linear,stat_rf,minirocket,1,1,True,0.7,0.712,0.01200000000000001
Computers,2,0.2,720,144,0.2,point,linear_block,linear,stat_rf,minirocket,1,1,True,0.696,0.7,0.0040000000000000036
Computers,2,0.2,720,144,0.2,linear_block,point,linear,minirocket,minirocket,1,1,False,0.696,0.696,0.0
Computers,2,0.2,720,144,0.2,linear_block,linear_block,linear,minirocket,minirocket,1,1,False,0.7,0.7,0.0
Computers,2,0.25,720,180,0.25,point,linear_block,linear,stat_rf,minirocket,1,1,True,0.672,0.6839999999999999,0.0119999999999999
Computers,2,0.25,720,180,0.25,linear_block,point,linear,stat_rf,stat_rf,1,1,False,0.696,0.696,0.0
Computers,2,0.25,720,180,0.25,linear_block,linear_block,linear,stat_rf,minirocket,1,1,True,0.672,0.6839999999999999,0.0119999999999999
Computers,2,0.3,720,216,0.3,point,linear_block,linear,stat_rf,minirocket,1,1,True,0.66,0.692,0.03199999999999992
Computers,2,0.3,720,216,0.3,linear_block,point,linear,minirocket,minirocket,1,1,False,0.7,0.7,0.0
Computers,2,0.3,720,216,0.3,linear_block,linear_block,linear,minirocket,minirocket,1,1,False,0.692,0.692,0.0
Computers,3,0.05,720,36,0.05,point,linear_block,linear,minirocket,stat_rf,1,1,True,0.712,0.724,0.01200000000000001
Computers,3,0.05,720,36,0.05,linear_block,point,linear,minirocket,stat_rf,1,1,True,0.712,0.728,0.016000000000000014
Computers,3,0.05,720,36,0.05,linear_block,linear_block,linear,minirocket,stat_rf,1,1,True,0.712,0.724,0.01200000000000001
Computers,3,0.1,720,72,0.1,point,linear_block,linear,minirocket,minirocket,1,1,False,0.712,0.712,0.0
Computers,3,0.1,720,72,0.1,linear_block,point,linear,minirocket,stat_rf,1,1,True,0.708,0.72,0.01200000000000001
Computers,3,0.1,720,72,0.1,linear_block,linear_block,linear,minirocket,minirocket,1,1,False,0.712,0.712,0.0
Computers,3,0.15,720,108,0.15,point,linear_block,linear,minirocket,minirocket,1,1,False,0.7,0.7,0.0
Computers,3,0.15,720,108,0.15,linear_block,point,linear,minirocket,stat_rf,1,1,True,0.72,0.728,0.008000000000000007
Computers,3,0.15,720,108,0.15,linear_block,linear_block,linear,minirocket,minirocket,1,1,False,0.7,0.7,0.0
Computers,3,0.2,720,144,0.2,point,linear_block,linear,minirocket,minirocket|stat_rf,1,2,False,0.7,0.7,0.0
Computers,3,0.2,720,144,0.2,linear_block,point,linear,minirocket,stat_rf,1,1,True,0.724,0.728,0.0040000000000000036
Computers,3,0.2,720,144,0.2,linear_block,linear_block,linear,minirocket,minirocket|stat_rf,1,2,False,0.7,0.7,0.0
Computers,3,0.25,720,180,0.25,point,linear_block,linear,minirocket,minirocket,1,1,False,0.704,0.704,0.0
Computers,3,0.25,720,180,0.25,linear_block,point,linear,dtw,minirocket,1,1,True,0.66,0.72,0.05999999999999994
Computers,3,0.25,720,180,0.25,linear_block,linear_block,linear,dtw,minirocket,1,1,True,0.6439999999999999,0.704,0.06000000000000005
Computers,3,0.3,720,216,0.3,point,linear_block,linear,minirocket,minirocket,1,1,False,0.664,0.664,0.0
Computers,3,0.3,720,216,0.3,linear_block,point,linear,minirocket,stat_rf,1,1,True,0.716,0.752,0.03600000000000003
Computers,3,0.3,720,216,0.3,linear_block,linear_block,linear,minirocket,minirocket,1,1,False,0.664,0.664,0.0
Computers,4,0.05,720,36,0.05,point,linear_block,linear,minirocket,stat_rf,1,1,True,0.716,0.752,0.03600000000000003
Computers,4,0.05,720,36,0.05,linear_block,point,linear,dtw,stat_rf,1,1,True,0.688,0.76,0.07200000000000006
Computers,4,0.05,720,36,0.05,linear_block,linear_block,linear,dtw,stat_rf,1,1,True,0.692,0.752,0.06000000000000005
Computers,4,0.1,720,72,0.1,point,linear_block,linear,minirocket,minirocket,1,1,False,0.732,0.732,0.0
Computers,4,0.1,720,72,0.1,linear_block,point,linear,dtw,stat_rf,1,1,True,0.66,0.74,0.07999999999999996
Computers,4,0.1,720,72,0.1,linear_block,linear_block,linear,dtw,minirocket,1,1,True,0.66,0.732,0.07199999999999995
Computers,4,0.15,720,108,0.15,point,linear_block,linear,minirocket,minirocket,1,1,False,0.744,0.744,0.0
Computers,4,0.15,720,108,0.15,linear_block,point,linear,stat_rf,stat_rf,1,1,False,0.74,0.74,0.0
Computers,4,0.15,720,108,0.15,linear_block,linear_block,linear,stat_rf,minirocket,1,1,True,0.732,0.744,0.01200000000000001
Computers,4,0.2,720,144,0.2,point,linear_block,linear,dtw,minirocket,1,1,True,0.66,0.74,0.07999999999999996
Computers,4,0.2,720,144,0.2,linear_block,point,linear,minirocket,stat_rf,1,1,True,0.712,0.748,0.03600000000000003
Computers,4,0.2,720,144,0.2,linear_block,linear_block,linear,minirocket,minirocket,1,1,False,0.74,0.74,0.0
Computers,4,0.25,720,180,0.25,point,linear_block,linear,minirocket,minirocket,1,1,False,0.736,0.736,0.0
Computers,4,0.25,720,180,0.25,linear_block,point,linear,minirocket,minirocket|stat_rf,1,2,False,0.712,0.712,0.0
Computers,4,0.25,720,180,0.25,linear_block,linear_block,linear,minirocket,minirocket,1,1,False,0.736,0.736,0.0
Computers,4,0.3,720,216,0.3,point,linear_block,linear,dtw,minirocket,1,1,True,0.636,0.752,0.11599999999999999
Computers,4,0.3,720,216,0.3,linear_block,point,linear,minirocket,stat_rf,1,1,True,0.696,0.716,0.020000000000000018
Computers,4,0.3,720,216,0.3,linear_block,linear_block,linear,minirocket,minirocket,1,1,False,0.752,0.752,0.0
Computers,5,0.05,720,36,0.05,point,linear_block,linear,stat_rf,minirocket|stat_rf,1,2,False,0.704,0.704,0.0
Computers,5,0.05,720,36,0.05,linear_block,point,linear,minirocket,stat_rf,1,1,True,0.688,0.696,0.008000000000000007
Computers,5,0.05,720,36,0.05,linear_block,linear_block,linear,minirocket,minirocket|stat_rf,1,2,False,0.704,0.704,0.0
Computers,5,0.1,720,72,0.1,point,linear_block,linear,stat_rf,minirocket,1,1,True,0.6839999999999999,0.712,0.028000000000000025
Computers,5,0.1,720,72,0.1,linear_block,point,linear,minirocket,minirocket|stat_rf,1,2,False,0.696,0.696,0.0
Computers,5,0.1,720,72,0.1,linear_block,linear_block,linear,minirocket,minirocket,1,1,False,0.712,0.712,0.0
Computers,5,0.15,720,108,0.15,point,linear_block,linear,minirocket,minirocket,1,1,False,0.688,0.688,0.0
Computers,5,0.15,720,108,0.15,linear_block,point,linear,minirocket,minirocket,1,1,False,0.696,0.696,0.0
Computers,5,0.15,720,108,0.15,linear_block,linear_block,linear,minirocket,minirocket,1,1,False,0.688,0.688,0.0
Computers,5,0.2,720,144,0.2,point,linear_block,linear,stat_rf,minirocket,1,1,True,0.624,0.708,0.08399999999999996
Computers,5,0.2,720,144,0.2,linear_block,point,linear,minirocket,minirocket,1,1,False,0.712,0.712,0.0
Computers,5,0.2,720,144,0.2,linear_block,linear_block,linear,minirocket,minirocket,1,1,False,0.708,0.708,0.0
Computers,5,0.25,720,180,0.25,point,linear_block,linear,stat_rf,minirocket,1,1,True,0.636,0.696,0.05999999999999994
Computers,5,0.25,720,180,0.25,linear_block,point,linear,minirocket,stat_rf,1,1,True,0.692,0.7,0.008000000000000007
Computers,5,0.25,720,180,0.25,linear_block,linear_block,linear,minirocket,minirocket,1,1,False,0.696,0.696,0.0
Computers,5,0.3,720,216,0.3,point,linear_block,linear,minirocket,minirocket,1,1,False,0.696,0.696,0.0
Computers,5,0.3,720,216,0.3,linear_block,point,linear,minirocket,minirocket,1,1,False,0.704,0.704,0.0
Computers,5,0.3,720,216,0.3,linear_block,linear_block,linear,minirocket,minirocket,1,1,False,0.696,0.696,0.0
CricketX,1,0.05,300,15,0.05,point,linear_block,linear,minirocket,minirocket,1,1,False,0.7805664410495371,0.7805664410495371,0.0
CricketX,1,0.05,300,15,0.05,linear_block,point,linear,minirocket,minirocket,1,1,False,0.7769792639408545,0.7769792639408545,0.0
CricketX,1,0.05,300,15,0.05,linear_block,linear_block,linear,minirocket,minirocket,1,1,False,0.7805664410495371,0.7805664410495371,0.0
CricketX,1,0.1,300,30,0.1,point,linear_block,linear,minirocket,minirocket,1,1,False,0.7254941343624188,0.7254941343624188,0.0
CricketX,1,0.1,300,30,0.1,linear_block,point,linear,minirocket,minirocket,1,1,False,0.7912315067391126,0.7912315067391126,0.0
CricketX,1,0.1,300,30,0.1,linear_block,linear_block,linear,minirocket,minirocket,1,1,False,0.7254941343624188,0.7254941343624188,0.0
CricketX,1,0.15,300,45,0.15,point,linear_block,linear,minirocket,minirocket,1,1,False,0.685391713007673,0.685391713007673,0.0
CricketX,1,0.15,300,45,0.15,linear_block,point,linear,minirocket,minirocket,1,1,False,0.7788638691342832,0.7788638691342832,0.0
CricketX,1,0.15,300,45,0.15,linear_block,linear_block,linear,minirocket,minirocket,1,1,False,0.685391713007673,0.685391713007673,0.0
CricketX,1,0.2,300,60,0.2,point,linear_block,linear,minirocket,minirocket,1,1,False,0.6236512565438626,0.6236512565438626,0.0
CricketX,1,0.2,300,60,0.2,linear_block,point,linear,minirocket,minirocket,1,1,False,0.7882891881184259,0.7882891881184259,0.0
CricketX,1,0.2,300,60,0.2,linear_block,linear_block,linear,minirocket,minirocket,1,1,False,0.6236512565438626,0.6236512565438626,0.0
CricketX,1,0.25,300,75,0.25,point,linear_block,linear,minirocket,minirocket,1,1,False,0.5159490781182653,0.5159490781182653,0.0
CricketX,1,0.25,300,75,0.25,linear_block,point,linear,minirocket,minirocket,1,1,False,0.8036157029482945,0.8036157029482945,0.0
CricketX,1,0.25,300,75,0.25,linear_block,linear_block,linear,minirocket,minirocket,1,1,False,0.5159490781182653,0.5159490781182653,0.0
CricketX,1,0.3,300,90,0.3,point,linear_block,linear,minirocket,dtw,1,1,True,0.3689369048092937,0.4482022209775843,0.07926531616829058
CricketX,1,0.3,300,90,0.3,linear_block,point,linear,minirocket,minirocket,1,1,False,0.7941640663036754,0.7941640663036754,0.0
CricketX,1,0.3,300,90,0.3,linear_block,linear_block,linear,minirocket,dtw,1,1,True,0.3689369048092937,0.4482022209775843,0.07926531616829058
CricketX,2,0.05,300,15,0.05,point,linear_block,linear,minirocket,minirocket,1,1,False,0.8053971023667245,0.8053971023667245,0.0
CricketX,2,0.05,300,15,0.05,linear_block,point,linear,minirocket,minirocket,1,1,False,0.8047172000936847,0.8047172000936847,0.0
CricketX,2,0.05,300,15,0.05,linear_block,linear_block,linear,minirocket,minirocket,1,1,False,0.8053971023667245,0.8053971023667245,0.0
CricketX,2,0.1,300,30,0.1,point,linear_block,linear,minirocket,minirocket,1,1,False,0.7493296020891971,0.7493296020891971,0.0
CricketX,2,0.1,300,30,0.1,linear_block,point,linear,minirocket,minirocket,1,1,False,0.8064030771472089,0.8064030771472089,0.0
CricketX,2,0.1,300,30,0.1,linear_block,linear_block,linear,minirocket,minirocket,1,1,False,0.7493296020891971,0.7493296020891971,0.0
CricketX,2,0.15,300,45,0.15,point,linear_block,linear,minirocket,minirocket,1,1,False,0.7001220882766755,0.7001220882766755,0.0
CricketX,2,0.15,300,45,0.15,linear_block,point,linear,minirocket,minirocket,1,1,False,0.8032129512790646,0.8032129512790646,0.0
CricketX,2,0.15,300,45,0.15,linear_block,linear_block,linear,minirocket,minirocket,1,1,False,0.7001220882766755,0.7001220882766755,0.0
CricketX,2,0.2,300,60,0.2,point,linear_block,linear,minirocket,minirocket,1,1,False,0.6137713966854116,0.6137713966854116,0.0
CricketX,2,0.2,300,60,0.2,linear_block,point,linear,minirocket,minirocket,1,1,False,0.8098721462961026,0.8098721462961026,0.0
CricketX,2,0.2,300,60,0.2,linear_block,linear_block,linear,minirocket,minirocket,1,1,False,0.6137713966854116,0.6137713966854116,0.0
CricketX,2,0.25,300,75,0.25,point,linear_block,linear,minirocket,minirocket,1,1,False,0.4969897943534945,0.4969897943534945,0.0
CricketX,2,0.25,300,75,0.25,linear_block,point,linear,dtw,minirocket,1,1,True,0.7169789970722825,0.8037655491434902,0.08678655207120767
CricketX,2,0.25,300,75,0.25,linear_block,linear_block,linear,dtw,minirocket,1,1,True,0.4893607553470278,0.4969897943534945,0.00762903900646672
CricketX,2,0.3,300,90,0.3,point,linear_block,linear,minirocket,dtw,1,1,True,0.39144345100269784,0.44208656703531896,0.050643116032621116
CricketX,2,0.3,300,90,0.3,linear_block,point,linear,dtw,minirocket,1,1,True,0.6888496599971323,0.7972812724465316,0.10843161244939925
CricketX,2,0.3,300,90,0.3,linear_block,linear_block,linear,dtw,dtw,1,1,False,0.44208656703531896,0.44208656703531896,0.0
CricketX,3,0.05,300,15,0.05,point,linear_block,linear,minirocket,minirocket,1,1,False,0.786774123242605,0.786774123242605,0.0
CricketX,3,0.05,300,15,0.05,linear_block,point,linear,minirocket,minirocket,1,1,False,0.7896714376545337,0.7896714376545337,0.0
CricketX,3,0.05,300,15,0.05,linear_block,linear_block,linear,minirocket,minirocket,1,1,False,0.786774123242605,0.786774123242605,0.0
CricketX,3,0.1,300,30,0.1,point,linear_block,linear,minirocket,minirocket,1,1,False,0.7460497722478555,0.7460497722478555,0.0
CricketX,3,0.1,300,30,0.1,linear_block,point,linear,minirocket,minirocket,1,1,False,0.7963989054035069,0.7963989054035069,0.0
CricketX,3,0.1,300,30,0.1,linear_block,linear_block,linear,minirocket,minirocket,1,1,False,0.7460497722478555,0.7460497722478555,0.0
CricketX,3,0.15,300,45,0.15,point,linear_block,linear,minirocket,minirocket,1,1,False,0.7289176514407206,0.7289176514407206,0.0
CricketX,3,0.15,300,45,0.15,linear_block,point,linear,minirocket,minirocket,1,1,False,0.7953958189837538,0.7953958189837538,0.0
CricketX,3,0.15,300,45,0.15,linear_block,linear_block,linear,minirocket,minirocket,1,1,False,0.7289176514407206,0.7289176514407206,0.0
CricketX,3,0.2,300,60,0.2,point,linear_block,linear,minirocket,minirocket,1,1,False,0.6368165951011125,0.6368165951011125,0.0
CricketX,3,0.2,300,60,0.2,linear_block,point,linear,minirocket,minirocket,1,1,False,0.7920729990100798,0.7920729990100798,0.0
CricketX,3,0.2,300,60,0.2,linear_block,linear_block,linear,minirocket,minirocket,1,1,False,0.6368165951011125,0.6368165951011125,0.0
CricketX,3,0.25,300,75,0.25,point,linear_block,linear,minirocket,minirocket,1,1,False,0.5442852040567109,0.5442852040567109,0.0
CricketX,3,0.25,300,75,0.25,linear_block,point,linear,minirocket,minirocket,1,1,False,0.8018114031033227,0.8018114031033227,0.0
CricketX,3,0.25,300,75,0.25,linear_block,linear_block,linear,minirocket,minirocket,1,1,False,0.5442852040567109,0.5442852040567109,0.0
CricketX,3,0.3,300,90,0.3,point,linear_block,linear,minirocket,dtw,1,1,True,0.4367737760288293,0.4778140740875249,0.041040298058695635
CricketX,3,0.3,300,90,0.3,linear_block,point,linear,minirocket,minirocket,1,1,False,0.7841639316568316,0.7841639316568316,0.0
CricketX,3,0.3,300,90,0.3,linear_block,linear_block,linear,minirocket,dtw,1,1,True,0.4367737760288293,0.4778140740875249,0.041040298058695635
CricketX,4,0.05,300,15,0.05,point,linear_block,linear,minirocket,minirocket,1,1,False,0.7930808080824052,0.7930808080824052,0.0
CricketX,4,0.05,300,15,0.05,linear_block,point,linear,minirocket,minirocket,1,1,False,0.8006026681777946,0.8006026681777946,0.0
CricketX,4,0.05,300,15,0.05,linear_block,linear_block,linear,minirocket,minirocket,1,1,False,0.7930808080824052,0.7930808080824052,0.0
CricketX,4,0.1,300,30,0.1,point,linear_block,linear,minirocket,minirocket,1,1,False,0.7730568375972742,0.7730568375972742,0.0
CricketX,4,0.1,300,30,0.1,linear_block,point,linear,minirocket,minirocket,1,1,False,0.7931094772272648,0.7931094772272648,0.0
CricketX,4,0.1,300,30,0.1,linear_block,linear_block,linear,minirocket,minirocket,1,1,False,0.7730568375972742,0.7730568375972742,0.0
CricketX,4,0.15,300,45,0.15,point,linear_block,linear,minirocket,minirocket,1,1,False,0.6956171989112931,0.6956171989112931,0.0
CricketX,4,0.15,300,45,0.15,linear_block,point,linear,minirocket,minirocket,1,1,False,0.7990594209158569,0.7990594209158569,0.0
CricketX,4,0.15,300,45,0.15,linear_block,linear_block,linear,minirocket,minirocket,1,1,False,0.6956171989112931,0.6956171989112931,0.0
CricketX,4,0.2,300,60,0.2,point,linear_block,linear,minirocket,minirocket,1,1,False,0.6511508912883032,0.6511508912883032,0.0
CricketX,4,0.2,300,60,0.2,linear_block,point,linear,minirocket,minirocket,1,1,False,0.805716489835734,0.805716489835734,0.0
CricketX,4,0.2,300,60,0.2,linear_block,linear_block,linear,minirocket,minirocket,1,1,False,0.6511508912883032,0.6511508912883032,0.0
CricketX,4,0.25,300,75,0.25,point,linear_block,linear,minirocket,minirocket,1,1,False,0.5250218621550188,0.5250218621550188,0.0
CricketX,4,0.25,300,75,0.25,linear_block,point,linear,minirocket,minirocket,1,1,False,0.7817542739696598,0.7817542739696598,0.0
CricketX,4,0.25,300,75,0.25,linear_block,linear_block,linear,minirocket,minirocket,1,1,False,0.5250218621550188,0.5250218621550188,0.0
CricketX,4,0.3,300,90,0.3,point,linear_block,linear,minirocket,dtw,1,1,True,0.44243511255211415,0.45344557211302144,0.011010459560907293
CricketX,4,0.3,300,90,0.3,linear_block,point,linear,dtw,minirocket,1,1,True,0.706677037491526,0.7891876582477294,0.08251062075620341
CricketX,4,0.3,300,90,0.3,linear_block,linear_block,linear,dtw,dtw,1,1,False,0.45344557211302144,0.45344557211302144,0.0
CricketX,5,0.05,300,15,0.05,point,linear_block,linear,minirocket,minirocket,1,1,False,0.8026316622411023,0.8026316622411023,0.0
CricketX,5,0.05,300,15,0.05,linear_block,point,linear,minirocket,minirocket,1,1,False,0.8077025419443351,0.8077025419443351,0.0
CricketX,5,0.05,300,15,0.05,linear_block,linear_block,linear,minirocket,minirocket,1,1,False,0.8026316622411023,0.8026316622411023,0.0
CricketX,5,0.1,300,30,0.1,point,linear_block,linear,minirocket,minirocket,1,1,False,0.7457485692728371,0.7457485692728371,0.0
CricketX,5,0.1,300,30,0.1,linear_block,point,linear,minirocket,minirocket,1,1,False,0.8096762261548612,0.8096762261548612,0.0
CricketX,5,0.1,300,30,0.1,linear_block,linear_block,linear,minirocket,minirocket,1,1,False,0.7457485692728371,0.7457485692728371,0.0
CricketX,5,0.15,300,45,0.15,point,linear_block,linear,minirocket,minirocket,1,1,False,0.7022489554890251,0.7022489554890251,0.0
CricketX,5,0.15,300,45,0.15,linear_block,point,linear,minirocket,minirocket,1,1,False,0.8004382481525272,0.8004382481525272,0.0
CricketX,5,0.15,300,45,0.15,linear_block,linear_block,linear,minirocket,minirocket,1,1,False,0.7022489554890251,0.7022489554890251,0.0
CricketX,5,0.2,300,60,0.2,point,linear_block,linear,minirocket,minirocket,1,1,False,0.6306214829600377,0.6306214829600377,0.0
CricketX,5,0.2,300,60,0.2,linear_block,point,linear,dtw,minirocket,1,1,True,0.7274758901076513,0.808674545042475,0.0811986549348237
CricketX,5,0.2,300,60,0.2,linear_block,linear_block,linear,dtw,minirocket,1,1,True,0.5720225818779021,0.6306214829600377,0.05859890108213561
CricketX,5,0.25,300,75,0.25,point,linear_block,linear,minirocket,minirocket,1,1,False,0.5572941368364358,0.5572941368364358,0.0
CricketX,5,0.25,300,75,0.25,linear_block,point,linear,minirocket,minirocket,1,1,False,0.8146535909296978,0.8146535909296978,0.0
CricketX,5,0.25,300,75,0.25,linear_block,linear_block,linear,minirocket,minirocket,1,1,False,0.5572941368364358,0.5572941368364358,0.0
CricketX,5,0.3,300,90,0.3,point,linear_block,linear,minirocket,dtw,1,1,True,0.45274069878811446,0.47309239499472655,0.02035169620661209
CricketX,5,0.3,300,90,0.3,linear_block,point,linear,minirocket,minirocket,1,1,False,0.8031352814386953,0.8031352814386953,0.0
CricketX,5,0.3,300,90,0.3,linear_block,linear_block,linear,minirocket,dtw,1,1,True,0.45274069878811446,0.47309239499472655,0.02035169620661209
CricketY,1,0.05,300,15,0.05,point,linear_block,linear,minirocket,minirocket,1,1,False,0.7953600454563534,0.7953600454563534,0.0
CricketY,1,0.05,300,15,0.05,linear_block,point,linear,minirocket,minirocket,1,1,False,0.806598238742717,0.806598238742717,0.0
CricketY,1,0.05,300,15,0.05,linear_block,linear_block,linear,minirocket,minirocket,1,1,False,0.7953600454563534,0.7953600454563534,0.0
CricketY,1,0.1,300,30,0.1,point,linear_block,linear,minirocket,minirocket,1,1,False,0.7347954643737743,0.7347954643737743,0.0
CricketY,1,0.1,300,30,0.1,linear_block,point,linear,minirocket,minirocket,1,1,False,0.8056266025952524,0.8056266025952524,0.0
CricketY,1,0.1,300,30,0.1,linear_block,linear_block,linear,minirocket,minirocket,1,1,False,0.7347954643737743,0.7347954643737743,0.0
CricketY,1,0.15,300,45,0.15,point,linear_block,linear,minirocket,minirocket,1,1,False,0.6695249944062964,0.6695249944062964,0.0
CricketY,1,0.15,300,45,0.15,linear_block,point,linear,minirocket,minirocket,1,1,False,0.7884934565072422,0.7884934565072422,0.0
CricketY,1,0.15,300,45,0.15,linear_block,linear_block,linear,minirocket,minirocket,1,1,False,0.6695249944062964,0.6695249944062964,0.0
CricketY,1,0.2,300,60,0.2,point,linear_block,linear,minirocket,minirocket,1,1,False,0.5698950578947962,0.5698950578947962,0.0
CricketY,1,0.2,300,60,0.2,linear_block,point,linear,minirocket,minirocket,1,1,False,0.8055757783209242,0.8055757783209242,0.0
CricketY,1,0.2,300,60,0.2,linear_block,linear_block,linear,minirocket,minirocket,1,1,False,0.5698950578947962,0.5698950578947962,0.0
CricketY,1,0.25,300,75,0.25,point,linear_block,linear,minirocket,minirocket,1,1,False,0.4667893661780866,0.4667893661780866,0.0
CricketY,1,0.25,300,75,0.25,linear_block,point,linear,minirocket,minirocket,1,1,False,0.7907248263349609,0.7907248263349609,0.0
CricketY,1,0.25,300,75,0.25,linear_block,linear_block,linear,minirocket,minirocket,1,1,False,0.4667893661780866,0.4667893661780866,0.0
CricketY,1,0.3,300,90,0.3,point,linear_block,linear,minirocket,minirocket,1,1,False,0.44340333456119785,0.44340333456119785,0.0
CricketY,1,0.3,300,90,0.3,linear_block,point,linear,dtw,minirocket,1,1,True,0.6631498422367975,0.8031741920783256,0.14002434984152812
CricketY,1,0.3,300,90,0.3,linear_block,linear_block,linear,dtw,minirocket,1,1,True,0.43815053382209285,0.44340333456119785,0.005252800739105001
CricketY,2,0.05,300,15,0.05,point,linear_block,linear,minirocket,minirocket,1,1,False,0.8216389310189406,0.8216389310189406,0.0
CricketY,2,0.05,300,15,0.05,linear_block,point,linear,minirocket,minirocket,1,1,False,0.8307837185110954,0.8307837185110954,0.0
CricketY,2,0.05,300,15,0.05,linear_block,linear_block,linear,minirocket,minirocket,1,1,False,0.8216389310189406,0.8216389310189406,0.0
CricketY,2,0.1,300,30,0.1,point,linear_block,linear,minirocket,minirocket,1,1,False,0.7498294427646076,0.7498294427646076,0.0
CricketY,2,0.1,300,30,0.1,linear_block,point,linear,minirocket,minirocket,1,1,False,0.8276361167326621,0.8276361167326621,0.0
CricketY,2,0.1,300,30,0.1,linear_block,linear_block,linear,minirocket,minirocket,1,1,False,0.7498294427646076,0.7498294427646076,0.0
CricketY,2,0.15,300,45,0.15,point,linear_block,linear,minirocket,minirocket,1,1,False,0.6667505492388534,0.6667505492388534,0.0
CricketY,2,0.15,300,45,0.15,linear_block,point,linear,minirocket,minirocket,1,1,False,0.8212110657837733,0.8212110657837733,0.0
CricketY,2,0.15,300,45,0.15,linear_block,linear_block,linear,minirocket,minirocket,1,1,False,0.6667505492388534,0.6667505492388534,0.0
CricketY,2,0.2,300,60,0.2,point,linear_block,linear,minirocket,minirocket,1,1,False,0.5879751208363883,0.5879751208363883,0.0
CricketY,2,0.2,300,60,0.2,linear_block,point,linear,minirocket,minirocket,1,1,False,0.8170607233299441,0.8170607233299441,0.0
CricketY,2,0.2,300,60,0.2,linear_block,linear_block,linear,minirocket,minirocket,1,1,False,0.5879751208363883,0.5879751208363883,0.0
CricketY,2,0.25,300,75,0.25,point,linear_block,linear,minirocket,minirocket,1,1,False,0.47373242440964747,0.47373242440964747,0.0
CricketY,2,0.25,300,75,0.25,linear_block,point,linear,minirocket,minirocket,1,1,False,0.832847077586126,0.832847077586126,0.0
CricketY,2,0.25,300,75,0.25,linear_block,linear_block,linear,minirocket,minirocket,1,1,False,0.47373242440964747,0.47373242440964747,0.0
CricketY,2,0.3,300,90,0.3,point,linear_block,linear,minirocket,minirocket,1,1,False,0.44127182707355533,0.44127182707355533,0.0
CricketY,2,0.3,300,90,0.3,linear_block,point,linear,minirocket,minirocket,1,1,False,0.8211893983320979,0.8211893983320979,0.0
CricketY,2,0.3,300,90,0.3,linear_block,linear_block,linear,minirocket,minirocket,1,1,False,0.44127182707355533,0.44127182707355533,0.0
CricketY,3,0.05,300,15,0.05,point,linear_block,linear,minirocket,minirocket,1,1,False,0.8130059449191614,0.8130059449191614,0.0
CricketY,3,0.05,300,15,0.05,linear_block,point,linear,minirocket,minirocket,1,1,False,0.8327271641010762,0.8327271641010762,0.0
CricketY,3,0.05,300,15,0.05,linear_block,linear_block,linear,minirocket,minirocket,1,1,False,0.8130059449191614,0.8130059449191614,0.0
CricketY,3,0.1,300,30,0.1,point,linear_block,linear,minirocket,minirocket,1,1,False,0.7442096206303167,0.7442096206303167,0.0
CricketY,3,0.1,300,30,0.1,linear_block,point,linear,minirocket,minirocket,1,1,False,0.8331221840347585,0.8331221840347585,0.0
CricketY,3,0.1,300,30,0.1,linear_block,linear_block,linear,minirocket,minirocket,1,1,False,0.7442096206303167,0.7442096206303167,0.0
CricketY,3,0.15,300,45,0.15,point,linear_block,linear,minirocket,minirocket,1,1,False,0.6789328157801298,0.6789328157801298,0.0
CricketY,3,0.15,300,45,0.15,linear_block,point,linear,minirocket,minirocket,1,1,False,0.8198998960971005,0.8198998960971005,0.0
CricketY,3,0.15,300,45,0.15,linear_block,linear_block,linear,minirocket,minirocket,1,1,False,0.6789328157801298,0.6789328157801298,0.0
CricketY,3,0.2,300,60,0.2,point,linear_block,linear,minirocket,minirocket,1,1,False,0.5951406565965022,0.5951406565965022,0.0
CricketY,3,0.2,300,60,0.2,linear_block,point,linear,minirocket,minirocket,1,1,False,0.8303945101937562,0.8303945101937562,0.0
CricketY,3,0.2,300,60,0.2,linear_block,linear_block,linear,minirocket,minirocket,1,1,False,0.5951406565965022,0.5951406565965022,0.0
CricketY,3,0.25,300,75,0.25,point,linear_block,linear,minirocket,minirocket,1,1,False,0.5024008630621166,0.5024008630621166,0.0
CricketY,3,0.25,300,75,0.25,linear_block,point,linear,minirocket,minirocket,1,1,False,0.8355105924211509,0.8355105924211509,0.0
CricketY,3,0.25,300,75,0.25,linear_block,linear_block,linear,minirocket,minirocket,1,1,False,0.5024008630621166,0.5024008630621166,0.0
CricketY,3,0.3,300,90,0.3,point,linear_block,linear,minirocket,minirocket,1,1,False,0.4098262763152878,0.4098262763152878,0.0
CricketY,3,0.3,300,90,0.3,linear_block,point,linear,dtw,minirocket,1,1,True,0.6858167385885071,0.8226483629080673,0.1368316243195602
CricketY,3,0.3,300,90,0.3,linear_block,linear_block,linear,dtw,minirocket,1,1,True,0.36693982883907966,0.4098262763152878,0.04288644747620812
CricketY,4,0.05,300,15,0.05,point,linear_block,linear,minirocket,minirocket,1,1,False,0.7914940887707811,0.7914940887707811,0.0
CricketY,4,0.05,300,15,0.05,linear_block,point,linear,minirocket,minirocket,1,1,False,0.7941802463256041,0.7941802463256041,0.0
CricketY,4,0.05,300,15,0.05,linear_block,linear_block,linear,minirocket,minirocket,1,1,False,0.7914940887707811,0.7914940887707811,0.0
CricketY,4,0.1,300,30,0.1,point,linear_block,linear,minirocket,minirocket,1,1,False,0.7536590660863749,0.7536590660863749,0.0
CricketY,4,0.1,300,30,0.1,linear_block,point,linear,minirocket,minirocket,1,1,False,0.7920022662064475,0.7920022662064475,0.0
CricketY,4,0.1,300,30,0.1,linear_block,linear_block,linear,minirocket,minirocket,1,1,False,0.7536590660863749,0.7536590660863749,0.0
CricketY,4,0.15,300,45,0.15,point,linear_block,linear,minirocket,minirocket,1,1,False,0.6691965518221612,0.6691965518221612,0.0
CricketY,4,0.15,300,45,0.15,linear_block,point,linear,minirocket,minirocket,1,1,False,0.7963004971110382,0.7963004971110382,0.0
CricketY,4,0.15,300,45,0.15,linear_block,linear_block,linear,minirocket,minirocket,1,1,False,0.6691965518221612,0.6691965518221612,0.0
CricketY,4,0.2,300,60,0.2,point,linear_block,linear,minirocket,minirocket,1,1,False,0.6054596187140313,0.6054596187140313,0.0
CricketY,4,0.2,300,60,0.2,linear_block,point,linear,minirocket,minirocket,1,1,False,0.7862258109518137,0.7862258109518137,0.0
CricketY,4,0.2,300,60,0.2,linear_block,linear_block,linear,minirocket,minirocket,1,1,False,0.6054596187140313,0.6054596187140313,0.0
CricketY,4,0.25,300,75,0.25,point,linear_block,linear,minirocket,minirocket,1,1,False,0.47461689975308047,0.47461689975308047,0.0
CricketY,4,0.25,300,75,0.25,linear_block,point,linear,minirocket,minirocket,1,1,False,0.7964279582889723,0.7964279582889723,0.0
CricketY,4,0.25,300,75,0.25,linear_block,linear_block,linear,minirocket,minirocket,1,1,False,0.47461689975308047,0.47461689975308047,0.0
CricketY,4,0.3,300,90,0.3,point,linear_block,linear,minirocket,minirocket,1,1,False,0.39575281611899094,0.39575281611899094,0.0
CricketY,4,0.3,300,90,0.3,linear_block,point,linear,stat_rf,minirocket,1,1,True,0.42926558017825683,0.792687475661818,0.36342189548356113
CricketY,4,0.3,300,90,0.3,linear_block,linear_block,linear,stat_rf,minirocket,1,1,True,0.32876108010090627,0.39575281611899094,0.06699173601808467
CricketY,5,0.05,300,15,0.05,point,linear_block,linear,minirocket,minirocket,1,1,False,0.7992690618274395,0.7992690618274395,0.0
CricketY,5,0.05,300,15,0.05,linear_block,point,linear,minirocket,minirocket,1,1,False,0.8115978380348922,0.8115978380348922,0.0
CricketY,5,0.05,300,15,0.05,linear_block,linear_block,linear,minirocket,minirocket,1,1,False,0.7992690618274395,0.7992690618274395,0.0
CricketY,5,0.1,300,30,0.1,point,linear_block,linear,minirocket,minirocket,1,1,False,0.7700185285855433,0.7700185285855433,0.0
CricketY,5,0.1,300,30,0.1,linear_block,point,linear,minirocket,minirocket,1,1,False,0.796589584740635,0.796589584740635,0.0
CricketY,5,0.1,300,30,0.1,linear_block,linear_block,linear,minirocket,minirocket,1,1,False,0.7700185285855433,0.7700185285855433,0.0
CricketY,5,0.15,300,45,0.15,point,linear_block,linear,minirocket,minirocket,1,1,False,0.6943209086175332,0.6943209086175332,0.0
CricketY,5,0.15,300,45,0.15,linear_block,point,linear,minirocket,minirocket,1,1,False,0.807153628298344,0.807153628298344,0.0
CricketY,5,0.15,300,45,0.15,linear_block,linear_block,linear,minirocket,minirocket,1,1,False,0.6943209086175332,0.6943209086175332,0.0
CricketY,5,0.2,300,60,0.2,point,linear_block,linear,minirocket,minirocket,1,1,False,0.6298866574381036,0.6298866574381036,0.0
CricketY,5,0.2,300,60,0.2,linear_block,point,linear,minirocket,minirocket,1,1,False,0.820085038709593,0.820085038709593,0.0
CricketY,5,0.2,300,60,0.2,linear_block,linear_block,linear,minirocket,minirocket,1,1,False,0.6298866574381036,0.6298866574381036,0.0
CricketY,5,0.25,300,75,0.25,point,linear_block,linear,minirocket,minirocket,1,1,False,0.522200315390359,0.522200315390359,0.0
CricketY,5,0.25,300,75,0.25,linear_block,point,linear,minirocket,minirocket,1,1,False,0.8071485370634138,0.8071485370634138,0.0
CricketY,5,0.25,300,75,0.25,linear_block,linear_block,linear,minirocket,minirocket,1,1,False,0.522200315390359,0.522200315390359,0.0
CricketY,5,0.3,300,90,0.3,point,linear_block,linear,minirocket,minirocket,1,1,False,0.49653059143996786,0.49653059143996786,0.0
CricketY,5,0.3,300,90,0.3,linear_block,point,linear,minirocket,minirocket,1,1,False,0.7983801921055528,0.7983801921055528,0.0
CricketY,5,0.3,300,90,0.3,linear_block,linear_block,linear,minirocket,minirocket,1,1,False,0.49653059143996786,0.49653059143996786,0.0
CricketZ,1,0.05,300,15,0.05,point,linear_block,linear,minirocket,minirocket,1,1,False,0.8065253872337582,0.8065253872337582,0.0
CricketZ,1,0.05,300,15,0.05,linear_block,point,linear,minirocket,minirocket,1,1,False,0.8095655322363781,0.8095655322363781,0.0
CricketZ,1,0.05,300,15,0.05,linear_block,linear_block,linear,minirocket,minirocket,1,1,False,0.8065253872337582,0.8065253872337582,0.0
CricketZ,1,0.1,300,30,0.1,point,linear_block,linear,minirocket,minirocket,1,1,False,0.7763123509133437,0.7763123509133437,0.0
CricketZ,1,0.1,300,30,0.1,linear_block,point,linear,minirocket,minirocket,1,1,False,0.8197636815065353,0.8197636815065353,0.0
CricketZ,1,0.1,300,30,0.1,linear_block,linear_block,linear,minirocket,minirocket,1,1,False,0.7763123509133437,0.7763123509133437,0.0
CricketZ,1,0.15,300,45,0.15,point,linear_block,linear,minirocket,minirocket,1,1,False,0.6997501981713509,0.6997501981713509,0.0
CricketZ,1,0.15,300,45,0.15,linear_block,point,linear,minirocket,minirocket,1,1,False,0.8060499297222968,0.8060499297222968,0.0
CricketZ,1,0.15,300,45,0.15,linear_block,linear_block,linear,minirocket,minirocket,1,1,False,0.6997501981713509,0.6997501981713509,0.0
CricketZ,1,0.2,300,60,0.2,point,linear_block,linear,minirocket,minirocket,1,1,False,0.6084344258519553,0.6084344258519553,0.0
CricketZ,1,0.2,300,60,0.2,linear_block,point,linear,minirocket,minirocket,1,1,False,0.8140069951242154,0.8140069951242154,0.0
CricketZ,1,0.2,300,60,0.2,linear_block,linear_block,linear,minirocket,minirocket,1,1,False,0.6084344258519553,0.6084344258519553,0.0
CricketZ,1,0.25,300,75,0.25,point,linear_block,linear,minirocket,minirocket,1,1,False,0.5367790368544345,0.5367790368544345,0.0
CricketZ,1,0.25,300,75,0.25,linear_block,point,linear,minirocket,minirocket,1,1,False,0.8216577521652854,0.8216577521652854,0.0
CricketZ,1,0.25,300,75,0.25,linear_block,linear_block,linear,minirocket,minirocket,1,1,False,0.5367790368544345,0.5367790368544345,0.0
CricketZ,1,0.3,300,90,0.3,point,linear_block,linear,minirocket,dtw,1,1,True,0.4468144316403164,0.44845650106272505,0.0016420694224086319
CricketZ,1,0.3,300,90,0.3,linear_block,point,linear,minirocket,minirocket,1,1,False,0.8089371537080249,0.8089371537080249,0.0
CricketZ,1,0.3,300,90,0.3,linear_block,linear_block,linear,minirocket,dtw,1,1,True,0.4468144316403164,0.44845650106272505,0.0016420694224086319
CricketZ,2,0.05,300,15,0.05,point,linear_block,linear,minirocket,minirocket,1,1,False,0.767161269343298,0.767161269343298,0.0
CricketZ,2,0.05,300,15,0.05,linear_block,point,linear,minirocket,minirocket,1,1,False,0.8128845453170545,0.8128845453170545,0.0
CricketZ,2,0.05,300,15,0.05,linear_block,linear_block,linear,minirocket,minirocket,1,1,False,0.767161269343298,0.767161269343298,0.0
CricketZ,2,0.1,300,30,0.1,point,linear_block,linear,minirocket,minirocket,1,1,False,0.7467558514290058,0.7467558514290058,0.0
CricketZ,2,0.1,300,30,0.1,linear_block,point,linear,minirocket,minirocket,1,1,False,0.8118005868294448,0.8118005868294448,0.0
CricketZ,2,0.1,300,30,0.1,linear_block,linear_block,linear,minirocket,minirocket,1,1,False,0.7467558514290058,0.7467558514290058,0.0
CricketZ,2,0.15,300,45,0.15,point,linear_block,linear,minirocket,minirocket,1,1,False,0.6772521996548165,0.6772521996548165,0.0
CricketZ,2,0.15,300,45,0.15,linear_block,point,linear,minirocket,minirocket,1,1,False,0.814005883786263,0.814005883786263,0.0
CricketZ,2,0.15,300,45,0.15,linear_block,linear_block,linear,minirocket,minirocket,1,1,False,0.6772521996548165,0.6772521996548165,0.0
CricketZ,2,0.2,300,60,0.2,point,linear_block,linear,minirocket,minirocket,1,1,False,0.5898951679747959,0.5898951679747959,0.0
CricketZ,2,0.2,300,60,0.2,linear_block,point,linear,minirocket,minirocket,1,1,False,0.809063189188396,0.809063189188396,0.0
CricketZ,2,0.2,300,60,0.2,linear_block,linear_block,linear,minirocket,minirocket,1,1,False,0.5898951679747959,0.5898951679747959,0.0
CricketZ,2,0.25,300,75,0.25,point,linear_block,linear,minirocket,minirocket,1,1,False,0.4903430531363034,0.4903430531363034,0.0
CricketZ,2,0.25,300,75,0.25,linear_block,point,linear,minirocket,minirocket,1,1,False,0.8040869562709866,0.8040869562709866,0.0
CricketZ,2,0.25,300,75,0.25,linear_block,linear_block,linear,minirocket,minirocket,1,1,False,0.4903430531363034,0.4903430531363034,0.0
CricketZ,2,0.3,300,90,0.3,point,linear_block,linear,minirocket,dtw,1,1,True,0.37971488676590365,0.41201539968587847,0.03230051291997482
CricketZ,2,0.3,300,90,0.3,linear_block,point,linear,minirocket,minirocket,1,1,False,0.8095930412807482,0.8095930412807482,0.0
CricketZ,2,0.3,300,90,0.3,linear_block,linear_block,linear,minirocket,dtw,1,1,True,0.37971488676590365,0.41201539968587847,0.03230051291997482
CricketZ,3,0.05,300,15,0.05,point,linear_block,linear,minirocket,minirocket,1,1,False,0.8057344010515717,0.8057344010515717,0.0
CricketZ,3,0.05,300,15,0.05,linear_block,point,linear,minirocket,minirocket,1,1,False,0.8134476765692069,0.8134476765692069,0.0
CricketZ,3,0.05,300,15,0.05,linear_block,linear_block,linear,minirocket,minirocket,1,1,False,0.8057344010515717,0.8057344010515717,0.0
CricketZ,3,0.1,300,30,0.1,point,linear_block,linear,minirocket,minirocket,1,1,False,0.7771264995576407,0.7771264995576407,0.0
CricketZ,3,0.1,300,30,0.1,linear_block,point,linear,minirocket,minirocket,1,1,False,0.8058083181438445,0.8058083181438445,0.0
CricketZ,3,0.1,300,30,0.1,linear_block,linear_block,linear,minirocket,minirocket,1,1,False,0.7771264995576407,0.7771264995576407,0.0
CricketZ,3,0.15,300,45,0.15,point,linear_block,linear,minirocket,minirocket,1,1,False,0.6702176281175359,0.6702176281175359,0.0
CricketZ,3,0.15,300,45,0.15,linear_block,point,linear,minirocket,minirocket,1,1,False,0.7980204154522909,0.7980204154522909,0.0
CricketZ,3,0.15,300,45,0.15,linear_block,linear_block,linear,minirocket,minirocket,1,1,False,0.6702176281175359,0.6702176281175359,0.0
CricketZ,3,0.2,300,60,0.2,point,linear_block,linear,minirocket,minirocket,1,1,False,0.5690820565632072,0.5690820565632072,0.0
CricketZ,3,0.2,300,60,0.2,linear_block,point,linear,minirocket,minirocket,1,1,False,0.8029983557750585,0.8029983557750585,0.0
CricketZ,3,0.2,300,60,0.2,linear_block,linear_block,linear,minirocket,minirocket,1,1,False,0.5690820565632072,0.5690820565632072,0.0
CricketZ,3,0.25,300,75,0.25,point,linear_block,linear,minirocket,minirocket,1,1,False,0.5291775418278367,0.5291775418278367,0.0
CricketZ,3,0.25,300,75,0.25,linear_block,point,linear,minirocket,minirocket,1,1,False,0.784143966231014,0.784143966231014,0.0
CricketZ,3,0.25,300,75,0.25,linear_block,linear_block,linear,minirocket,minirocket,1,1,False,0.5291775418278367,0.5291775418278367,0.0
CricketZ,3,0.3,300,90,0.3,point,linear_block,linear,minirocket,dtw,1,1,True,0.4106306352079412,0.4424626943483035,0.0318320591403623
CricketZ,3,0.3,300,90,0.3,linear_block,point,linear,minirocket,minirocket,1,1,False,0.7890247673846343,0.7890247673846343,0.0
CricketZ,3,0.3,300,90,0.3,linear_block,linear_block,linear,minirocket,dtw,1,1,True,0.4106306352079412,0.4424626943483035,0.0318320591403623
CricketZ,4,0.05,300,15,0.05,point,linear_block,linear,minirocket,minirocket,1,1,False,0.7958441581067889,0.7958441581067889,0.0
CricketZ,4,0.05,300,15,0.05,linear_block,point,linear,minirocket,minirocket,1,1,False,0.8051373764390539,0.8051373764390539,0.0
CricketZ,4,0.05,300,15,0.05,linear_block,linear_block,linear,minirocket,minirocket,1,1,False,0.7958441581067889,0.7958441581067889,0.0
CricketZ,4,0.1,300,30,0.1,point,linear_block,linear,minirocket,minirocket,1,1,False,0.7651288807173495,0.7651288807173495,0.0
CricketZ,4,0.1,300,30,0.1,linear_block,point,linear,minirocket,minirocket,1,1,False,0.800500435455764,0.800500435455764,0.0
CricketZ,4,0.1,300,30,0.1,linear_block,linear_block,linear,minirocket,minirocket,1,1,False,0.7651288807173495,0.7651288807173495,0.0
CricketZ,4,0.15,300,45,0.15,point,linear_block,linear,minirocket,minirocket,1,1,False,0.6787460630024619,0.6787460630024619,0.0
CricketZ,4,0.15,300,45,0.15,linear_block,point,linear,minirocket,minirocket,1,1,False,0.7973596600893561,0.7973596600893561,0.0
CricketZ,4,0.15,300,45,0.15,linear_block,linear_block,linear,minirocket,minirocket,1,1,False,0.6787460630024619,0.6787460630024619,0.0
CricketZ,4,0.2,300,60,0.2,point,linear_block,linear,minirocket,minirocket,1,1,False,0.6178013577197549,0.6178013577197549,0.0
CricketZ,4,0.2,300,60,0.2,linear_block,point,linear,minirocket,minirocket,1,1,False,0.7856074092797763,0.7856074092797763,0.0
CricketZ,4,0.2,300,60,0.2,linear_block,linear_block,linear,minirocket,minirocket,1,1,False,0.6178013577197549,0.6178013577197549,0.0
CricketZ,4,0.25,300,75,0.25,point,linear_block,linear,minirocket,minirocket,1,1,False,0.5526616372249645,0.5526616372249645,0.0
CricketZ,4,0.25,300,75,0.25,linear_block,point,linear,minirocket,minirocket,1,1,False,0.8128007132384202,0.8128007132384202,0.0
CricketZ,4,0.25,300,75,0.25,linear_block,linear_block,linear,minirocket,minirocket,1,1,False,0.5526616372249645,0.5526616372249645,0.0
CricketZ,4,0.3,300,90,0.3,point,linear_block,linear,minirocket,dtw,1,1,True,0.4274999111154297,0.47855216072661627,0.051052249611186595
CricketZ,4,0.3,300,90,0.3,linear_block,point,linear,minirocket,minirocket,1,1,False,0.8044898490547112,0.8044898490547112,0.0
CricketZ,4,0.3,300,90,0.3,linear_block,linear_block,linear,minirocket,dtw,1,1,True,0.4274999111154297,0.47855216072661627,0.051052249611186595
CricketZ,5,0.05,300,15,0.05,point,linear_block,linear,minirocket,minirocket,1,1,False,0.7870792428458303,0.7870792428458303,0.0
CricketZ,5,0.05,300,15,0.05,linear_block,point,linear,minirocket,minirocket,1,1,False,0.7982767669617116,0.7982767669617116,0.0
CricketZ,5,0.05,300,15,0.05,linear_block,linear_block,linear,minirocket,minirocket,1,1,False,0.7870792428458303,0.7870792428458303,0.0
CricketZ,5,0.1,300,30,0.1,point,linear_block,linear,minirocket,minirocket,1,1,False,0.7455601752745314,0.7455601752745314,0.0
CricketZ,5,0.1,300,30,0.1,linear_block,point,linear,minirocket,minirocket,1,1,False,0.8037039378300589,0.8037039378300589,0.0
CricketZ,5,0.1,300,30,0.1,linear_block,linear_block,linear,minirocket,minirocket,1,1,False,0.7455601752745314,0.7455601752745314,0.0
CricketZ,5,0.15,300,45,0.15,point,linear_block,linear,minirocket,minirocket,1,1,False,0.6751862481573502,0.6751862481573502,0.0
CricketZ,5,0.15,300,45,0.15,linear_block,point,linear,minirocket,minirocket,1,1,False,0.7943560732190363,0.7943560732190363,0.0
CricketZ,5,0.15,300,45,0.15,linear_block,linear_block,linear,minirocket,minirocket,1,1,False,0.6751862481573502,0.6751862481573502,0.0
CricketZ,5,0.2,300,60,0.2,point,linear_block,linear,minirocket,minirocket,1,1,False,0.6118085312389451,0.6118085312389451,0.0
CricketZ,5,0.2,300,60,0.2,linear_block,point,linear,minirocket,minirocket,1,1,False,0.798202494828616,0.798202494828616,0.0
CricketZ,5,0.2,300,60,0.2,linear_block,linear_block,linear,minirocket,minirocket,1,1,False,0.6118085312389451,0.6118085312389451,0.0
CricketZ,5,0.25,300,75,0.25,point,linear_block,linear,minirocket,minirocket,1,1,False,0.49908805000533274,0.49908805000533274,0.0
CricketZ,5,0.25,300,75,0.25,linear_block,point,linear,minirocket,minirocket,1,1,False,0.8043102464592136,0.8043102464592136,0.0
CricketZ,5,0.25,300,75,0.25,linear_block,linear_block,linear,minirocket,minirocket,1,1,False,0.49908805000533274,0.49908805000533274,0.0
CricketZ,5,0.3,300,90,0.3,point,linear_block,linear,minirocket,dtw,1,1,True,0.4185041043425197,0.45711721581380366,0.038613111471283934
CricketZ,5,0.3,300,90,0.3,linear_block,point,linear,dtw,minirocket,1,1,True,0.6795180619223803,0.7919698050144365,0.11245174309205619
CricketZ,5,0.3,300,90,0.3,linear_block,linear_block,linear,dtw,dtw,1,1,False,0.45711721581380366,0.45711721581380366,0.0
FaceAll,1,0.05,131,6,0.04580152671755725,point,linear_block,linear,minirocket,minirocket,1,1,False,0.9003241636517775,0.9003241636517775,0.0
FaceAll,1,0.05,131,6,0.04580152671755725,linear_block,point,linear,minirocket,minirocket,1,1,False,0.9063384548553383,0.9063384548553383,0.0
FaceAll,1,0.05,131,6,0.04580152671755725,linear_block,linear_block,linear,minirocket,minirocket,1,1,False,0.9003241636517775,0.9003241636517775,0.0
FaceAll,1,0.1,131,13,0.09923664122137404,point,linear_block,linear,minirocket,minirocket,1,1,False,0.856957702793707,0.856957702793707,0.0
FaceAll,1,0.1,131,13,0.09923664122137404,linear_block,point,linear,minirocket,minirocket,1,1,False,0.9047973914347087,0.9047973914347087,0.0
FaceAll,1,0.1,131,13,0.09923664122137404,linear_block,linear_block,linear,minirocket,minirocket,1,1,False,0.856957702793707,0.856957702793707,0.0
FaceAll,1,0.15,131,19,0.1450381679389313,point,linear_block,linear,minirocket,minirocket,1,1,False,0.786479540218073,0.786479540218073,0.0
FaceAll,1,0.15,131,19,0.1450381679389313,linear_block,point,linear,minirocket,minirocket,1,1,False,0.9059181745049879,0.9059181745049879,0.0
FaceAll,1,0.15,131,19,0.1450381679389313,linear_block,linear_block,linear,minirocket,minirocket,1,1,False,0.786479540218073,0.786479540218073,0.0
FaceAll,1,0.2,131,26,0.1984732824427481,point,linear_block,linear,minirocket,minirocket,1,1,False,0.6647850977971171,0.6647850977971171,0.0
FaceAll,1,0.2,131,26,0.1984732824427481,linear_block,point,linear,minirocket,minirocket,1,1,False,0.9024704531624543,0.9024704531624543,0.0
FaceAll,1,0.2,131,26,0.1984732824427481,linear_block,linear_block,linear,minirocket,minirocket,1,1,False,0.6647850977971171,0.6647850977971171,0.0
FaceAll,1,0.25,131,32,0.24427480916030533,point,linear_block,linear,minirocket,minirocket,1,1,False,0.5880307524057206,0.5880307524057206,0.0
FaceAll,1,0.25,131,32,0.24427480916030533,linear_block,point,linear,minirocket,minirocket,1,1,False,0.8979846827475241,0.8979846827475241,0.0
FaceAll,1,0.25,131,32,0.24427480916030533,linear_block,linear_block,linear,minirocket,minirocket,1,1,False,0.5880307524057206,0.5880307524057206,0.0
FaceAll,1,0.3,131,39,0.29770992366412213,point,linear_block,linear,minirocket,minirocket,1,1,False,0.48639109870218483,0.48639109870218483,0.0
FaceAll,1,0.3,131,39,0.29770992366412213,linear_block,point,linear,minirocket,minirocket,1,1,False,0.8916307782784176,0.8916307782784176,0.0
FaceAll,1,0.3,131,39,0.29770992366412213,linear_block,linear_block,linear,minirocket,minirocket,1,1,False,0.48639109870218483,0.48639109870218483,0.0
FaceAll,2,0.05,131,6,0.04580152671755725,point,linear_block,linear,minirocket,minirocket,1,1,False,0.8963192658307918,0.8963192658307918,0.0
FaceAll,2,0.05,131,6,0.04580152671755725,linear_block,point,linear,minirocket,minirocket,1,1,False,0.9042056963128873,0.9042056963128873,0.0
FaceAll,2,0.05,131,6,0.04580152671755725,linear_block,linear_block,linear,minirocket,minirocket,1,1,False,0.8963192658307918,0.8963192658307918,0.0
FaceAll,2,0.1,131,13,0.09923664122137404,point,linear_block,linear,minirocket,minirocket,1,1,False,0.8683559952105939,0.8683559952105939,0.0
FaceAll,2,0.1,131,13,0.09923664122137404,linear_block,point,linear,minirocket,minirocket,1,1,False,0.9041480159603109,0.9041480159603109,0.0
FaceAll,2,0.1,131,13,0.09923664122137404,linear_block,linear_block,linear,minirocket,minirocket,1,1,False,0.8683559952105939,0.8683559952105939,0.0
FaceAll,2,0.15,131,19,0.1450381679389313,point,linear_block,linear,minirocket,minirocket,1,1,False,0.7986179499285445,0.7986179499285445,0.0
FaceAll,2,0.15,131,19,0.1450381679389313,linear_block,point,linear,minirocket,minirocket,1,1,False,0.8996334592701816,0.8996334592701816,0.0
FaceAll,2,0.15,131,19,0.1450381679389313,linear_block,linear_block,linear,minirocket,minirocket,1,1,False,0.7986179499285445,0.7986179499285445,0.0
FaceAll,2,0.2,131,26,0.1984732824427481,point,linear_block,linear,minirocket,minirocket,1,1,False,0.7008958289308147,0.7008958289308147,0.0
FaceAll,2,0.2,131,26,0.1984732824427481,linear_block,point,linear,minirocket,minirocket,1,1,False,0.8990864140939137,0.8990864140939137,0.0
FaceAll,2,0.2,131,26,0.1984732824427481,linear_block,linear_block,linear,minirocket,minirocket,1,1,False,0.7008958289308147,0.7008958289308147,0.0
FaceAll,2,0.25,131,32,0.24427480916030533,point,linear_block,linear,minirocket,minirocket,1,1,False,0.6176858724188456,0.6176858724188456,0.0
FaceAll,2,0.25,131,32,0.24427480916030533,linear_block,point,linear,minirocket,minirocket,1,1,False,0.8938431196255454,0.8938431196255454,0.0
FaceAll,2,0.25,131,32,0.24427480916030533,linear_block,linear_block,linear,minirocket,minirocket,1,1,False,0.6176858724188456,0.6176858724188456,0.0
FaceAll,2,0.3,131,39,0.29770992366412213,point,linear_block,linear,minirocket,minirocket,1,1,False,0.49710781823019684,0.49710781823019684,0.0
FaceAll,2,0.3,131,39,0.29770992366412213,linear_block,point,linear,minirocket,minirocket,1,1,False,0.8911634286353491,0.8911634286353491,0.0
FaceAll,2,0.3,131,39,0.29770992366412213,linear_block,linear_block,linear,minirocket,minirocket,1,1,False,0.49710781823019684,0.49710781823019684,0.0
FaceAll,3,0.05,131,6,0.04580152671755725,point,linear_block,linear,minirocket,minirocket,1,1,False,0.8992624322843739,0.8992624322843739,0.0
FaceAll,3,0.05,131,6,0.04580152671755725,linear_block,point,linear,minirocket,minirocket,1,1,False,0.9059050219999871,0.9059050219999871,0.0
FaceAll,3,0.05,131,6,0.04580152671755725,linear_block,linear_block,linear,minirocket,minirocket,1,1,False,0.8992624322843739,0.8992624322843739,0.0
FaceAll,3,0.1,131,13,0.09923664122137404,point,linear_block,linear,minirocket,minirocket,1,1,False,0.8610691552040309,0.8610691552040309,0.0
FaceAll,3,0.1,131,13,0.09923664122137404,linear_block,point,linear,minirocket,minirocket,1,1,False,0.9037297740577476,0.9037297740577476,0.0
FaceAll,3,0.1,131,13,0.09923664122137404,linear_block,linear_block,linear,minirocket,minirocket,1,1,False,0.8610691552040309,0.8610691552040309,0.0
FaceAll,3,0.15,131,19,0.1450381679389313,point,linear_block,linear,minirocket,minirocket,1,1,False,0.7788723127874896,0.7788723127874896,0.0
FaceAll,3,0.15,131,19,0.1450381679389313,linear_block,point,linear,minirocket,minirocket,1,1,False,0.9030682417747886,0.9030682417747886,0.0
FaceAll,3,0.15,131,19,0.1450381679389313,linear_block,linear_block,linear,minirocket,minirocket,1,1,False,0.7788723127874896,0.7788723127874896,0.0
FaceAll,3,0.2,131,26,0.1984732824427481,point,linear_block,linear,minirocket,minirocket,1,1,False,0.6799806256243601,0.6799806256243601,0.0
FaceAll,3,0.2,131,26,0.1984732824427481,linear_block,point,linear,minirocket,minirocket,1,1,False,0.8970049533756169,0.8970049533756169,0.0
FaceAll,3,0.2,131,26,0.1984732824427481,linear_block,linear_block,linear,minirocket,minirocket,1,1,False,0.6799806256243601,0.6799806256243601,0.0
FaceAll,3,0.25,131,32,0.24427480916030533,point,linear_block,linear,minirocket,minirocket,1,1,False,0.5889407033811389,0.5889407033811389,0.0
FaceAll,3,0.25,131,32,0.24427480916030533,linear_block,point,linear,minirocket,minirocket,1,1,False,0.8987770119777594,0.8987770119777594,0.0
FaceAll,3,0.25,131,32,0.24427480916030533,linear_block,linear_block,linear,minirocket,minirocket,1,1,False,0.5889407033811389,0.5889407033811389,0.0
FaceAll,3,0.3,131,39,0.29770992366412213,point,linear_block,linear,minirocket,minirocket,1,1,False,0.5261042949624336,0.5261042949624336,0.0
FaceAll,3,0.3,131,39,0.29770992366412213,linear_block,point,linear,minirocket,minirocket,1,1,False,0.8877264348866062,0.8877264348866062,0.0
FaceAll,3,0.3,131,39,0.29770992366412213,linear_block,linear_block,linear,minirocket,minirocket,1,1,False,0.5261042949624336,0.5261042949624336,0.0
FaceAll,4,0.05,131,6,0.04580152671755725,point,linear_block,linear,minirocket,minirocket,1,1,False,0.8961986993524028,0.8961986993524028,0.0
FaceAll,4,0.05,131,6,0.04580152671755725,linear_block,point,linear,minirocket,minirocket,1,1,False,0.9017524779151499,0.9017524779151499,0.0
FaceAll,4,0.05,131,6,0.04580152671755725,linear_block,linear_block,linear,minirocket,minirocket,1,1,False,0.8961986993524028,0.8961986993524028,0.0
FaceAll,4,0.1,131,13,0.09923664122137404,point,linear_block,linear,minirocket,minirocket,1,1,False,0.8601076881128092,0.8601076881128092,0.0
FaceAll,4,0.1,131,13,0.09923664122137404,linear_block,point,linear,minirocket,minirocket,1,1,False,0.9025196833246537,0.9025196833246537,0.0
FaceAll,4,0.1,131,13,0.09923664122137404,linear_block,linear_block,linear,minirocket,minirocket,1,1,False,0.8601076881128092,0.8601076881128092,0.0
FaceAll,4,0.15,131,19,0.1450381679389313,point,linear_block,linear,minirocket,minirocket,1,1,False,0.7835584666453379,0.7835584666453379,0.0
FaceAll,4,0.15,131,19,0.1450381679389313,linear_block,point,linear,minirocket,minirocket,1,1,False,0.9030935026745885,0.9030935026745885,0.0
FaceAll,4,0.15,131,19,0.1450381679389313,linear_block,linear_block,linear,minirocket,minirocket,1,1,False,0.7835584666453379,0.7835584666453379,0.0
FaceAll,4,0.2,131,26,0.1984732824427481,point,linear_block,linear,minirocket,minirocket,1,1,False,0.6933420973191184,0.6933420973191184,0.0
FaceAll,4,0.2,131,26,0.1984732824427481,linear_block,point,linear,minirocket,minirocket,1,1,False,0.900331756043021,0.900331756043021,0.0
FaceAll,4,0.2,131,26,0.1984732824427481,linear_block,linear_block,linear,minirocket,minirocket,1,1,False,0.6933420973191184,0.6933420973191184,0.0
FaceAll,4,0.25,131,32,0.24427480916030533,point,linear_block,linear,minirocket,minirocket,1,1,False,0.6092523322410972,0.6092523322410972,0.0
FaceAll,4,0.25,131,32,0.24427480916030533,linear_block,point,linear,minirocket,minirocket,1,1,False,0.8933041499273182,0.8933041499273182,0.0
FaceAll,4,0.25,131,32,0.24427480916030533,linear_block,linear_block,linear,minirocket,minirocket,1,1,False,0.6092523322410972,0.6092523322410972,0.0
FaceAll,4,0.3,131,39,0.29770992366412213,point,linear_block,linear,minirocket,minirocket,1,1,False,0.5239104426190324,0.5239104426190324,0.0
FaceAll,4,0.3,131,39,0.29770992366412213,linear_block,point,linear,minirocket,minirocket,1,1,False,0.8877268877160605,0.8877268877160605,0.0
FaceAll,4,0.3,131,39,0.29770992366412213,linear_block,linear_block,linear,minirocket,minirocket,1,1,False,0.5239104426190324,0.5239104426190324,0.0
FaceAll,5,0.05,131,6,0.04580152671755725,point,linear_block,linear,minirocket,minirocket,1,1,False,0.8957523019414436,0.8957523019414436,0.0
FaceAll,5,0.05,131,6,0.04580152671755725,linear_block,point,linear,minirocket,minirocket,1,1,False,0.9037016567432662,0.9037016567432662,0.0
FaceAll,5,0.05,131,6,0.04580152671755725,linear_block,linear_block,linear,minirocket,minirocket,1,1,False,0.8957523019414436,0.8957523019414436,0.0
FaceAll,5,0.1,131,13,0.09923664122137404,point,linear_block,linear,minirocket,minirocket,1,1,False,0.8583963141925854,0.8583963141925854,0.0
FaceAll,5,0.1,131,13,0.09923664122137404,linear_block,point,linear,minirocket,minirocket,1,1,False,0.9039846440939953,0.9039846440939953,0.0
FaceAll,5,0.1,131,13,0.09923664122137404,linear_block,linear_block,linear,minirocket,minirocket,1,1,False,0.8583963141925854,0.8583963141925854,0.0
FaceAll,5,0.15,131,19,0.1450381679389313,point,linear_block,linear,minirocket,minirocket,1,1,False,0.7928878479749558,0.7928878479749558,0.0
FaceAll,5,0.15,131,19,0.1450381679389313,linear_block,point,linear,minirocket,minirocket,1,1,False,0.9020504863244998,0.9020504863244998,0.0
FaceAll,5,0.15,131,19,0.1450381679389313,linear_block,linear_block,linear,minirocket,minirocket,1,1,False,0.7928878479749558,0.7928878479749558,0.0
FaceAll,5,0.2,131,26,0.1984732824427481,point,linear_block,linear,minirocket,minirocket,1,1,False,0.7188586395325907,0.7188586395325907,0.0
FaceAll,5,0.2,131,26,0.1984732824427481,linear_block,point,linear,minirocket,minirocket,1,1,False,0.8991692375546211,0.8991692375546211,0.0
FaceAll,5,0.2,131,26,0.1984732824427481,linear_block,linear_block,linear,minirocket,minirocket,1,1,False,0.7188586395325907,0.7188586395325907,0.0
FaceAll,5,0.25,131,32,0.24427480916030533,point,linear_block,linear,minirocket,minirocket,1,1,False,0.6246117500184015,0.6246117500184015,0.0
FaceAll,5,0.25,131,32,0.24427480916030533,linear_block,point,linear,minirocket,minirocket,1,1,False,0.8973389892496237,0.8973389892496237,0.0
FaceAll,5,0.25,131,32,0.24427480916030533,linear_block,linear_block,linear,minirocket,minirocket,1,1,False,0.6246117500184015,0.6246117500184015,0.0
FaceAll,5,0.3,131,39,0.29770992366412213,point,linear_block,linear,minirocket,minirocket,1,1,False,0.503339576543923,0.503339576543923,0.0
FaceAll,5,0.3,131,39,0.29770992366412213,linear_block,point,linear,minirocket,minirocket,1,1,False,0.8880276265536108,0.8880276265536108,0.0
FaceAll,5,0.3,131,39,0.29770992366412213,linear_block,linear_block,linear,minirocket,minirocket,1,1,False,0.503339576543923,0.503339576543923,0.0
DistalPhalanxOutlineCorrect,1,0.05,80,4,0.05,point,linear_block,linear,minirocket,stat_rf,1,1,True,0.7298136645962734,0.7372670807453416,0.007453416149068248
DistalPhalanxOutlineCorrect,1,0.05,80,4,0.05,linear_block,point,linear,stat_rf,stat_rf,1,1,False,0.7434782608695651,0.7434782608695651,0.0
DistalPhalanxOutlineCorrect,1,0.05,80,4,0.05,linear_block,linear_block,linear,stat_rf,stat_rf,1,1,False,0.7372670807453416,0.7372670807453416,0.0
DistalPhalanxOutlineCorrect,1,0.1,80,8,0.1,point,linear_block,linear,minirocket,stat_rf,1,1,True,0.7285714285714285,0.7391304347826086,0.01055900621118011
DistalPhalanxOutlineCorrect,1,0.1,80,8,0.1,linear_block,point,linear,stat_rf,stat_rf,1,1,False,0.7285714285714285,0.7285714285714285,0.0
DistalPhalanxOutlineCorrect,1,0.1,80,8,0.1,linear_block,linear_block,linear,stat_rf,stat_rf,1,1,False,0.7391304347826086,0.7391304347826086,0.0
DistalPhalanxOutlineCorrect,1,0.15,80,12,0.15,point,linear_block,linear,minirocket,stat_rf,1,1,True,0.6571428571428571,0.7329192546583851,0.075776397515528
DistalPhalanxOutlineCorrect,1,0.15,80,12,0.15,linear_block,point,linear,stat_rf,minirocket,1,1,True,0.7341614906832298,0.7378881987577639,0.003726708074534124
DistalPhalanxOutlineCorrect,1,0.15,80,12,0.15,linear_block,linear_block,linear,stat_rf,stat_rf,1,1,False,0.7329192546583851,0.7329192546583851,0.0
DistalPhalanxOutlineCorrect,1,0.2,80,16,0.2,point,linear_block,linear,minirocket,stat_rf,1,1,True,0.5906832298136646,0.6987577639751552,0.1080745341614906
DistalPhalanxOutlineCorrect,1,0.2,80,16,0.2,linear_block,point,linear,stat_rf,minirocket,1,1,True,0.7316770186335404,0.7614906832298136,0.029813664596273215
DistalPhalanxOutlineCorrect,1,0.2,80,16,0.2,linear_block,linear_block,linear,stat_rf,stat_rf,1,1,False,0.6987577639751552,0.6987577639751552,0.0
DistalPhalanxOutlineCorrect,1,0.25,80,20,0.25,point,linear_block,linear,minirocket,stat_rf,1,1,True,0.5813664596273291,0.6782608695652175,0.09689440993788834
DistalPhalanxOutlineCorrect,1,0.25,80,20,0.25,linear_block,point,linear,stat_rf,minirocket,1,1,True,0.724223602484472,0.7279503105590062,0.003726708074534124
DistalPhalanxOutlineCorrect,1,0.25,80,20,0.25,linear_block,linear_block,linear,stat_rf,stat_rf,1,1,False,0.6782608695652175,0.6782608695652175,0.0
DistalPhalanxOutlineCorrect,1,0.3,80,24,0.3,point,linear_block,linear,minirocket,stat_rf,1,1,True,0.6204968944099378,0.6838509316770187,0.06335403726708089
DistalPhalanxOutlineCorrect,1,0.3,80,24,0.3,linear_block,point,linear,stat_rf,minirocket,1,1,True,0.731055900621118,0.7453416149068324,0.014285714285714346
DistalPhalanxOutlineCorrect,1,0.3,80,24,0.3,linear_block,linear_block,linear,stat_rf,stat_rf,1,1,False,0.6838509316770187,0.6838509316770187,0.0
DistalPhalanxOutlineCorrect,2,0.05,80,4,0.05,point,linear_block,linear,minirocket,stat_rf,1,1,True,0.7434782608695651,0.7583850931677019,0.014906832298136719
DistalPhalanxOutlineCorrect,2,0.05,80,4,0.05,linear_block,point,linear,minirocket,stat_rf,1,1,True,0.7397515527950311,0.7546583850931676,0.014906832298136496
DistalPhalanxOutlineCorrect,2,0.05,80,4,0.05,linear_block,linear_block,linear,minirocket,stat_rf,1,1,True,0.7434782608695651,0.7583850931677019,0.014906832298136719
DistalPhalanxOutlineCorrect,2,0.1,80,8,0.1,point,linear_block,linear,minirocket,minirocket,1,1,False,0.7434782608695651,0.7434782608695651,0.0
DistalPhalanxOutlineCorrect,2,0.1,80,8,0.1,linear_block,point,linear,minirocket,minirocket,1,1,False,0.7484472049689441,0.7484472049689441,0.0
DistalPhalanxOutlineCorrect,2,0.1,80,8,0.1,linear_block,linear_block,linear,minirocket,minirocket,1,1,False,0.7434782608695651,0.7434782608695651,0.0
DistalPhalanxOutlineCorrect,2,0.15,80,12,0.15,point,linear_block,linear,minirocket,stat_rf,1,1,True,0.6732919254658385,0.7074534161490683,0.03416149068322982
DistalPhalanxOutlineCorrect,2,0.15,80,12,0.15,linear_block,point,linear,stat_rf,minirocket,1,1,True,0.7391304347826086,0.7490683229813665,0.00993788819875785
DistalPhalanxOutlineCorrect,2,0.15,80,12,0.15,linear_block,linear_block,linear,stat_rf,stat_rf,1,1,False,0.7074534161490683,0.7074534161490683,0.0
DistalPhalanxOutlineCorrect,2,0.2,80,16,0.2,point,linear_block,linear,minirocket,stat_rf,1,1,True,0.5875776397515529,0.686335403726708,0.09875776397515512
DistalPhalanxOutlineCorrect,2,0.2,80,16,0.2,linear_block,point,linear,stat_rf,stat_rf,1,1,False,0.7341614906832298,0.7341614906832298,0.0
DistalPhalanxOutlineCorrect,2,0.2,80,16,0.2,linear_block,linear_block,linear,stat_rf,stat_rf,1,1,False,0.686335403726708,0.686335403726708,0.0
DistalPhalanxOutlineCorrect,2,0.25,80,20,0.25,point,linear_block,linear,minirocket,stat_rf,1,1,True,0.5782608695652174,0.6763975155279502,0.09813664596273286
DistalPhalanxOutlineCorrect,2,0.25,80,20,0.25,linear_block,point,linear,stat_rf,minirocket,1,1,True,0.7322981366459627,0.7732919254658386,0.04099378881987592
DistalPhalanxOutlineCorrect,2,0.25,80,20,0.25,linear_block,linear_block,linear,stat_rf,stat_rf,1,1,False,0.6763975155279502,0.6763975155279502,0.0
DistalPhalanxOutlineCorrect,2,0.3,80,24,0.3,point,linear_block,linear,minirocket,stat_rf,1,1,True,0.5409937888198758,0.6770186335403727,0.13602484472049692
DistalPhalanxOutlineCorrect,2,0.3,80,24,0.3,linear_block,point,linear,stat_rf,minirocket,1,1,True,0.7434782608695653,0.7559006211180124,0.012422360248447117
DistalPhalanxOutlineCorrect,2,0.3,80,24,0.3,linear_block,linear_block,linear,stat_rf,stat_rf,1,1,False,0.6770186335403727,0.6770186335403727,0.0
DistalPhalanxOutlineCorrect,3,0.05,80,4,0.05,point,linear_block,linear,minirocket,stat_rf,1,1,True,0.7428571428571429,0.7472049689440994,0.004347826086956497
DistalPhalanxOutlineCorrect,3,0.05,80,4,0.05,linear_block,point,linear,minirocket,stat_rf,1,1,True,0.7527950310559006,0.7540372670807454,0.001242236024844745
DistalPhalanxOutlineCorrect,3,0.05,80,4,0.05,linear_block,linear_block,linear,minirocket,stat_rf,1,1,True,0.7428571428571429,0.7472049689440994,0.004347826086956497
DistalPhalanxOutlineCorrect,3,0.1,80,8,0.1,point,linear_block,linear,minirocket,stat_rf,1,1,True,0.7049689440993789,0.7198757763975155,0.014906832298136607
DistalPhalanxOutlineCorrect,3,0.1,80,8,0.1,linear_block,point,linear,minirocket,minirocket,1,1,False,0.7658385093167701,0.7658385093167701,0.0
DistalPhalanxOutlineCorrect,3,0.1,80,8,0.1,linear_block,linear_block,linear,minirocket,stat_rf,1,1,True,0.7049689440993789,0.7198757763975155,0.014906832298136607
DistalPhalanxOutlineCorrect,3,0.15,80,12,0.15,point,linear_block,linear,minirocket,stat_rf,1,1,True,0.6614906832298136,0.7099378881987578,0.04844720496894417
DistalPhalanxOutlineCorrect,3,0.15,80,12,0.15,linear_block,point,linear,stat_rf,minirocket,1,1,True,0.7453416149068324,0.7496894409937889,0.004347826086956497
DistalPhalanxOutlineCorrect,3,0.15,80,12,0.15,linear_block,linear_block,linear,stat_rf,stat_rf,1,1,False,0.7099378881987578,0.7099378881987578,0.0
DistalPhalanxOutlineCorrect,3,0.2,80,16,0.2,point,linear_block,linear,minirocket,stat_rf,1,1,True,0.6447204968944099,0.6751552795031056,0.0304347826086957
DistalPhalanxOutlineCorrect,3,0.2,80,16,0.2,linear_block,point,linear,stat_rf,minirocket,1,1,True,0.7428571428571429,0.7745341614906832,0.03167701863354033
DistalPhalanxOutlineCorrect,3,0.2,80,16,0.2,linear_block,linear_block,linear,stat_rf,stat_rf,1,1,False,0.6751552795031056,0.6751552795031056,0.0
DistalPhalanxOutlineCorrect,3,0.25,80,20,0.25,point,linear_block,linear,minirocket,stat_rf,1,1,True,0.6279503105590062,0.6869565217391305,0.05900621118012428
DistalPhalanxOutlineCorrect,3,0.25,80,20,0.25,linear_block,point,linear,stat_rf,minirocket,1,1,True,0.7571428571428571,0.8049689440993789,0.047826086956521796
DistalPhalanxOutlineCorrect,3,0.25,80,20,0.25,linear_block,linear_block,linear,stat_rf,stat_rf,1,1,False,0.6869565217391305,0.6869565217391305,0.0
DistalPhalanxOutlineCorrect,3,0.3,80,24,0.3,point,linear_block,linear,minirocket,stat_rf,1,1,True,0.6093167701863353,0.6720496894409937,0.0627329192546584
DistalPhalanxOutlineCorrect,3,0.3,80,24,0.3,linear_block,point,linear,stat_rf,minirocket,1,1,True,0.7496894409937889,0.7552795031055901,0.005590062111801242
DistalPhalanxOutlineCorrect,3,0.3,80,24,0.3,linear_block,linear_block,linear,stat_rf,stat_rf,1,1,False,0.6720496894409937,0.6720496894409937,0.0
DistalPhalanxOutlineCorrect,4,0.05,80,4,0.05,point,linear_block,linear,minirocket,stat_rf,1,1,True,0.7496894409937889,0.760248447204969,0.01055900621118011
DistalPhalanxOutlineCorrect,4,0.05,80,4,0.05,linear_block,point,linear,minirocket,minirocket|stat_rf,1,2,False,0.7484472049689441,0.7484472049689441,0.0
DistalPhalanxOutlineCorrect,4,0.05,80,4,0.05,linear_block,linear_block,linear,minirocket,stat_rf,1,1,True,0.7496894409937889,0.760248447204969,0.01055900621118011
DistalPhalanxOutlineCorrect,4,0.1,80,8,0.1,point,linear_block,linear,minirocket,stat_rf,1,1,True,0.7136645962732919,0.7204968944099379,0.006832298136645987
DistalPhalanxOutlineCorrect,4,0.1,80,8,0.1,linear_block,point,linear,stat_rf,stat_rf,1,1,False,0.7658385093167702,0.7658385093167702,0.0
DistalPhalanxOutlineCorrect,4,0.1,80,8,0.1,linear_block,linear_block,linear,stat_rf,stat_rf,1,1,False,0.7204968944099379,0.7204968944099379,0.0
DistalPhalanxOutlineCorrect,4,0.15,80,12,0.15,point,linear_block,linear,stat_rf,stat_rf,2,1,False,0.7223602484472049,0.7223602484472049,0.0
DistalPhalanxOutlineCorrect,4,0.15,80,12,0.15,linear_block,point,linear,stat_rf,stat_rf,1,1,False,0.7521739130434782,0.7521739130434782,0.0
DistalPhalanxOutlineCorrect,4,0.15,80,12,0.15,linear_block,linear_block,linear,stat_rf,stat_rf,1,1,False,0.7223602484472049,0.7223602484472049,0.0
DistalPhalanxOutlineCorrect,4,0.2,80,16,0.2,point,linear_block,linear,minirocket,stat_rf,1,1,True,0.5459627329192547,0.7055900621118012,0.15962732919254652
DistalPhalanxOutlineCorrect,4,0.2,80,16,0.2,linear_block,point,linear,stat_rf,minirocket,1,1,True,0.7478260869565218,0.7583850931677019,0.01055900621118011
DistalPhalanxOutlineCorrect,4,0.2,80,16,0.2,linear_block,linear_block,linear,stat_rf,stat_rf,1,1,False,0.7055900621118012,0.7055900621118012,0.0
DistalPhalanxOutlineCorrect,4,0.25,80,20,0.25,point,linear_block,linear,stat_rf,stat_rf,1,1,False,0.6906832298136646,0.6906832298136646,0.0
DistalPhalanxOutlineCorrect,4,0.25,80,20,0.25,linear_block,point,linear,stat_rf,stat_rf,1,1,False,0.7440993788819876,0.7440993788819876,0.0
DistalPhalanxOutlineCorrect,4,0.25,80,20,0.25,linear_block,linear_block,linear,stat_rf,stat_rf,1,1,False,0.6906832298136646,0.6906832298136646,0.0
DistalPhalanxOutlineCorrect,4,0.3,80,24,0.3,point,linear_block,linear,minirocket,stat_rf,1,1,True,0.5453416149068323,0.6975155279503105,0.15217391304347816
DistalPhalanxOutlineCorrect,4,0.3,80,24,0.3,linear_block,point,linear,stat_rf,minirocket,1,1,True,0.7267080745341614,0.7285714285714285,0.0018633540372671176
DistalPhalanxOutlineCorrect,4,0.3,80,24,0.3,linear_block,linear_block,linear,stat_rf,stat_rf,1,1,False,0.6975155279503105,0.6975155279503105,0.0
DistalPhalanxOutlineCorrect,5,0.05,80,4,0.05,point,linear_block,linear,minirocket,minirocket,1,1,False,0.762111801242236,0.762111801242236,0.0
DistalPhalanxOutlineCorrect,5,0.05,80,4,0.05,linear_block,point,linear,minirocket,stat_rf,1,1,True,0.7527950310559006,0.7689440993788821,0.016149068322981464
DistalPhalanxOutlineCorrect,5,0.05,80,4,0.05,linear_block,linear_block,linear,minirocket,minirocket,1,1,False,0.762111801242236,0.762111801242236,0.0
DistalPhalanxOutlineCorrect,5,0.1,80,8,0.1,point,linear_block,linear,stat_rf,stat_rf,1,1,False,0.7285714285714286,0.7285714285714286,0.0
DistalPhalanxOutlineCorrect,5,0.1,80,8,0.1,linear_block,point,linear,minirocket,minirocket,1,1,False,0.7527950310559006,0.7527950310559006,0.0
DistalPhalanxOutlineCorrect,5,0.1,80,8,0.1,linear_block,linear_block,linear,minirocket,stat_rf,1,1,True,0.7180124223602484,0.7285714285714286,0.010559006211180222
DistalPhalanxOutlineCorrect,5,0.15,80,12,0.15,point,linear_block,linear,stat_rf,stat_rf,1,1,False,0.7142857142857142,0.7142857142857142,0.0
DistalPhalanxOutlineCorrect,5,0.15,80,12,0.15,linear_block,point,linear,stat_rf,minirocket,1,1,True,0.7701863354037267,0.7807453416149068,0.01055900621118011
DistalPhalanxOutlineCorrect,5,0.15,80,12,0.15,linear_block,linear_block,linear,stat_rf,stat_rf,1,1,False,0.7142857142857142,0.7142857142857142,0.0
DistalPhalanxOutlineCorrect,5,0.2,80,16,0.2,point,linear_block,linear,stat_rf,stat_rf,1,1,False,0.7012422360248447,0.7012422360248447,0.0
DistalPhalanxOutlineCorrect,5,0.2,80,16,0.2,linear_block,point,linear,dtw,minirocket,1,1,True,0.6925465838509317,0.7577639751552795,0.06521739130434778
DistalPhalanxOutlineCorrect,5,0.2,80,16,0.2,linear_block,linear_block,linear,dtw,stat_rf,1,1,True,0.6099378881987578,0.7012422360248447,0.09130434782608687
DistalPhalanxOutlineCorrect,5,0.25,80,20,0.25,point,linear_block,linear,stat_rf,stat_rf,1,1,False,0.693167701863354,0.693167701863354,0.0
DistalPhalanxOutlineCorrect,5,0.25,80,20,0.25,linear_block,point,linear,minirocket,minirocket,1,1,False,0.7527950310559006,0.7527950310559006,0.0
DistalPhalanxOutlineCorrect,5,0.25,80,20,0.25,linear_block,linear_block,linear,minirocket,stat_rf,1,1,True,0.6472049689440993,0.693167701863354,0.04596273291925468
DistalPhalanxOutlineCorrect,5,0.3,80,24,0.3,point,linear_block,linear,stat_rf,stat_rf,1,1,False,0.631055900621118,0.631055900621118,0.0
DistalPhalanxOutlineCorrect,5,0.3,80,24,0.3,linear_block,point,linear,minirocket,minirocket,1,1,False,0.7677018633540372,0.7677018633540372,0.0
DistalPhalanxOutlineCorrect,5,0.3,80,24,0.3,linear_block,linear_block,linear,minirocket,stat_rf,1,1,True,0.5850931677018634,0.631055900621118,0.04596273291925468
DistalPhalanxOutlineAgeGroup,1,0.05,80,4,0.05,point,linear_block,linear,minirocket,stat_rf,1,1,True,0.7243227582210633,0.7465449804432854,0.022222222222222143
DistalPhalanxOutlineAgeGroup,1,0.05,80,4,0.05,linear_block,point,linear,minirocket,minirocket,1,1,False,0.7681008257279444,0.7681008257279444,0.0
DistalPhalanxOutlineAgeGroup,1,0.05,80,4,0.05,linear_block,linear_block,linear,minirocket,stat_rf,1,1,True,0.7243227582210633,0.7465449804432854,0.022222222222222143
DistalPhalanxOutlineAgeGroup,1,0.1,80,8,0.1,point,linear_block,linear,minirocket,stat_rf,1,1,True,0.696074170650442,0.7610314356077068,0.06495726495726484
DistalPhalanxOutlineAgeGroup,1,0.1,80,8,0.1,linear_block,point,linear,minirocket,minirocket,1,1,False,0.7573229030856149,0.7573229030856149,0.0
DistalPhalanxOutlineAgeGroup,1,0.1,80,8,0.1,linear_block,linear_block,linear,minirocket,stat_rf,1,1,True,0.696074170650442,0.7610314356077068,0.06495726495726484
DistalPhalanxOutlineAgeGroup,1,0.15,80,12,0.15,point,linear_block,linear,minirocket,stat_rf,1,1,True,0.6884832681442852,0.7615529479936259,0.07306967984934076
DistalPhalanxOutlineAgeGroup,1,0.15,80,12,0.15,linear_block,point,linear,stat_rf,stat_rf,1,1,False,0.7629726205997391,0.7629726205997391,0.0
DistalPhalanxOutlineAgeGroup,1,0.15,80,12,0.15,linear_block,linear_block,linear,stat_rf,stat_rf,1,1,False,0.7615529479936259,0.7615529479936259,0.0
DistalPhalanxOutlineAgeGroup,1,0.2,80,16,0.2,point,linear_block,linear,minirocket,stat_rf,1,1,True,0.5694046066927423,0.771287845864117,0.20188323917137474
DistalPhalanxOutlineAgeGroup,1,0.2,80,16,0.2,linear_block,point,linear,stat_rf,stat_rf,1,1,False,0.757844415471534,0.757844415471534,0.0
DistalPhalanxOutlineAgeGroup,1,0.2,80,16,0.2,linear_block,linear_block,linear,stat_rf,stat_rf,1,1,False,0.771287845864117,0.771287845864117,0.0
DistalPhalanxOutlineAgeGroup,1,0.25,80,20,0.25,point,linear_block,linear,dtw,stat_rf,1,1,True,0.568738229755179,0.7377661886136462,0.16902795885846722
DistalPhalanxOutlineAgeGroup,1,0.25,80,20,0.25,linear_block,point,linear,stat_rf,minirocket,1,1,True,0.7244676227727075,0.7408952629291612,0.016427640156453704
DistalPhalanxOutlineAgeGroup,1,0.25,80,20,0.25,linear_block,linear_block,linear,stat_rf,stat_rf,1,1,False,0.7377661886136462,0.7377661886136462,0.0
DistalPhalanxOutlineAgeGroup,1,0.3,80,24,0.3,point,linear_block,linear,minirocket,stat_rf,1,1,True,0.5348978704910908,0.7373895407793714,0.20249167028828052
DistalPhalanxOutlineAgeGroup,1,0.3,80,24,0.3,linear_block,point,linear,stat_rf,minirocket,1,1,True,0.7311603650586701,0.7527162103433289,0.021555845284658814
DistalPhalanxOutlineAgeGroup,1,0.3,80,24,0.3,linear_block,linear_block,linear,stat_rf,stat_rf,1,1,False,0.7373895407793714,0.7373895407793714,0.0
DistalPhalanxOutlineAgeGroup,2,0.05,80,4,0.05,point,linear_block,linear,minirocket,dtw,1,1,True,0.779400260756193,0.7926988265971318,0.013298565840938803
DistalPhalanxOutlineAgeGroup,2,0.05,80,4,0.05,linear_block,point,linear,minirocket,dtw,1,1,True,0.7629726205997391,0.7923221787628568,0.029349558163117684
DistalPhalanxOutlineAgeGroup,2,0.05,80,4,0.05,linear_block,linear_block,linear,minirocket,dtw,1,1,True,0.779400260756193,0.7926988265971318,0.013298565840938803
DistalPhalanxOutlineAgeGroup,2,0.1,80,8,0.1,point,linear_block,linear,minirocket,stat_rf,1,1,True,0.7248442706069825,0.7696653628857019,0.04482109227871933
DistalPhalanxOutlineAgeGroup,2,0.1,80,8,0.1,linear_block,point,linear,dtw,dtw,1,1,False,0.7865275966970883,0.7865275966970883,0.0
DistalPhalanxOutlineAgeGroup,2,0.1,80,8,0.1,linear_block,linear_block,linear,dtw,stat_rf,1,1,True,0.7557583659278575,0.7696653628857019,0.013906996957844364
DistalPhalanxOutlineAgeGroup,2,0.15,80,12,0.15,point,linear_block,linear,stat_rf,stat_rf,1,1,False,0.757844415471534,0.757844415471534,0.0
DistalPhalanxOutlineAgeGroup,2,0.15,80,12,0.15,linear_block,point,linear,dtw,minirocket,1,1,True,0.7552368535419384,0.8062291757207012,0.05099232217876282
DistalPhalanxOutlineAgeGroup,2,0.15,80,12,0.15,linear_block,linear_block,linear,dtw,stat_rf,1,1,True,0.6976387078081993,0.757844415471534,0.06020570766333477
DistalPhalanxOutlineAgeGroup,2,0.2,80,16,0.2,point,linear_block,linear,dtw,stat_rf,1,1,True,0.6638852672750978,0.7625959727654642,0.09871070549036642
DistalPhalanxOutlineAgeGroup,2,0.2,80,16,0.2,linear_block,point,linear,dtw,minirocket,1,1,True,0.7300304215558454,0.7851948428219616,0.055164421266116204
DistalPhalanxOutlineAgeGroup,2,0.2,80,16,0.2,linear_block,linear_block,linear,dtw,stat_rf,1,1,True,0.6638852672750978,0.7625959727654642,0.09871070549036642
DistalPhalanxOutlineAgeGroup,2,0.25,80,20,0.25,point,linear_block,linear,minirocket,stat_rf,1,1,True,0.5240620020281037,0.6780819933362306,0.15401999130812694
DistalPhalanxOutlineAgeGroup,2,0.25,80,20,0.25,linear_block,point,linear,dtw,minirocket,1,1,True,0.744082283065334,0.7811096624655947,0.037027379400260685
DistalPhalanxOutlineAgeGroup,2,0.25,80,20,0.25,linear_block,linear_block,linear,dtw,stat_rf,1,1,True,0.6306533391279153,0.6780819933362306,0.047428654208315324
DistalPhalanxOutlineAgeGroup,2,0.3,80,24,0.3,point,linear_block,linear,dtw,stat_rf,1,1,True,0.5290453426046646,0.6872953788208025,0.15825003621613787
DistalPhalanxOutlineAgeGroup,2,0.3,80,24,0.3,linear_block,point,linear,stat_rf,minirocket,1,1,True,0.6967405475880052,0.7470664928292047,0.05032594524119949
DistalPhalanxOutlineAgeGroup,2,0.3,80,24,0.3,linear_block,linear_block,linear,stat_rf,stat_rf,1,1,False,0.6872953788208025,0.6872953788208025,0.0
DistalPhalanxOutlineAgeGroup,3,0.05,80,4,0.05,point,linear_block,linear,minirocket,dtw,1,1,True,0.735245545415037,0.7665362885701869,0.0312907431551499
DistalPhalanxOutlineAgeGroup,3,0.05,80,4,0.05,linear_block,point,linear,minirocket,dtw,1,1,True,0.7408952629291612,0.7596986817325799,0.018803418803418737
DistalPhalanxOutlineAgeGroup,3,0.05,80,4,0.05,linear_block,linear_block,linear,minirocket,dtw,1,1,True,0.735245545415037,0.7665362885701869,0.0312907431551499
DistalPhalanxOutlineAgeGroup,3,0.1,80,8,0.1,point,linear_block,linear,minirocket,stat_rf,1,1,True,0.7012023757786471,0.7466898449949296,0.04548746921628255
DistalPhalanxOutlineAgeGroup,3,0.1,80,8,0.1,linear_block,point,linear,dtw,dtw,1,1,False,0.7428943937418513,0.7428943937418513,0.0
DistalPhalanxOutlineAgeGroup,3,0.1,80,8,0.1,linear_block,linear_block,linear,dtw,stat_rf,1,1,True,0.744082283065334,0.7466898449949296,0.0026075619295956587
DistalPhalanxOutlineAgeGroup,3,0.15,80,12,0.15,point,linear_block,linear,minirocket,stat_rf,1,1,True,0.6632188903375345,0.6981602201941185,0.03494132985658405
DistalPhalanxOutlineAgeGroup,3,0.15,80,12,0.15,linear_block,point,linear,stat_rf,stat_rf,1,1,False,0.7465449804432854,0.7465449804432854,0.0
DistalPhalanxOutlineAgeGroup,3,0.15,80,12,0.15,linear_block,linear_block,linear,stat_rf,stat_rf,1,1,False,0.6981602201941185,0.6981602201941185,0.0
DistalPhalanxOutlineAgeGroup,3,0.2,80,16,0.2,point,linear_block,linear,minirocket,dtw,1,1,True,0.6351151673185572,0.6681153121831088,0.033000144864551606
DistalPhalanxOutlineAgeGroup,3,0.2,80,16,0.2,linear_block,point,linear,stat_rf,stat_rf,1,1,False,0.7527162103433289,0.7527162103433289,0.0
DistalPhalanxOutlineAgeGroup,3,0.2,80,16,0.2,linear_block,linear_block,linear,stat_rf,dtw,1,1,True,0.6567579313342026,0.6681153121831088,0.011357380848906251
DistalPhalanxOutlineAgeGroup,3,0.25,80,20,0.25,point,linear_block,linear,minirocket,stat_rf,1,1,True,0.5616688396349413,0.6622627842966827,0.10059394466174143
DistalPhalanxOutlineAgeGroup,3,0.25,80,20,0.25,linear_block,point,linear,stat_rf,stat_rf,1,1,False,0.7311603650586701,0.7311603650586701,0.0
DistalPhalanxOutlineAgeGroup,3,0.25,80,20,0.25,linear_block,linear_block,linear,stat_rf,stat_rf,1,1,False,0.6622627842966827,0.6622627842966827,0.0
DistalPhalanxOutlineAgeGroup,3,0.3,80,24,0.3,point,linear_block,linear,stat_rf,stat_rf,1,1,False,0.5941764450239027,0.5941764450239027,0.0
DistalPhalanxOutlineAgeGroup,3,0.3,80,24,0.3,linear_block,point,linear,stat_rf,stat_rf,1,1,False,0.7322033898305085,0.7322033898305085,0.0
DistalPhalanxOutlineAgeGroup,3,0.3,80,24,0.3,linear_block,linear_block,linear,stat_rf,stat_rf,1,1,False,0.5941764450239027,0.5941764450239027,0.0
DistalPhalanxOutlineAgeGroup,4,0.05,80,4,0.05,point,linear_block,linear,minirocket,dtw,1,1,True,0.761929595827901,0.7918006663769376,0.029871070549036594
DistalPhalanxOutlineAgeGroup,4,0.05,80,4,0.05,linear_block,point,linear,dtw,dtw,1,1,False,0.7769375633782413,0.7769375633782413,0.0
DistalPhalanxOutlineAgeGroup,4,0.05,80,4,0.05,linear_block,linear_block,linear,dtw,dtw,1,1,False,0.7918006663769376,0.7918006663769376,0.0
DistalPhalanxOutlineAgeGroup,4,0.1,80,8,0.1,point,linear_block,linear,stat_rf,minirocket,2,1,True,0.7371867304070694,0.7624511082138201,0.025264377806750726
DistalPhalanxOutlineAgeGroup,4,0.1,80,8,0.1,linear_block,point,linear,dtw,minirocket,1,1,True,0.7377661886136462,0.7634941329856585,0.025727944372012312
DistalPhalanxOutlineAgeGroup,4,0.1,80,8,0.1,linear_block,linear_block,linear,dtw,minirocket,1,1,True,0.7276546429088802,0.7624511082138201,0.03479646530493996
DistalPhalanxOutlineAgeGroup,4,0.15,80,12,0.15,point,linear_block,linear,minirocket,dtw,1,1,True,0.6387657540199912,0.696219035202086,0.057453281182094695
DistalPhalanxOutlineAgeGroup,4,0.15,80,12,0.15,linear_block,point,linear,minirocket,dtw,1,1,True,0.7573229030856149,0.7608865710560626,0.0035636679704477148
DistalPhalanxOutlineAgeGroup,4,0.15,80,12,0.15,linear_block,linear_block,linear,minirocket,dtw,1,1,True,0.6387657540199912,0.696219035202086,0.057453281182094695
DistalPhalanxOutlineAgeGroup,4,0.2,80,16,0.2,point,linear_block,linear,minirocket,dtw,1,1,True,0.47130233231928154,0.6843980877879184,0.2130957554686369
DistalPhalanxOutlineAgeGroup,4,0.2,80,16,0.2,linear_block,point,linear,stat_rf,dtw,1,1,True,0.7408952629291612,0.7593220338983051,0.018426770969143913
DistalPhalanxOutlineAgeGroup,4,0.2,80,16,0.2,linear_block,linear_block,linear,stat_rf,dtw,1,1,True,0.6689555265826451,0.6843980877879184,0.01544256120527332
DistalPhalanxOutlineAgeGroup,4,0.25,80,20,0.25,point,linear_block,linear,dtw,stat_rf,1,1,True,0.5675503404316964,0.6300738809213385,0.06252354048964215
DistalPhalanxOutlineAgeGroup,4,0.25,80,20,0.25,linear_block,point,linear,stat_rf,minirocket,1,1,True,0.7482543821526871,0.7527162103433289,0.004461828190641781
DistalPhalanxOutlineAgeGroup,4,0.25,80,20,0.25,linear_block,linear_block,linear,stat_rf,stat_rf,1,1,False,0.6300738809213385,0.6300738809213385,0.0
DistalPhalanxOutlineAgeGroup,4,0.3,80,24,0.3,point,linear_block,linear,minirocket,stat_rf,1,1,True,0.43888164566130666,0.590612777053455,0.1517311313921484
DistalPhalanxOutlineAgeGroup,4,0.3,80,24,0.3,linear_block,point,linear,stat_rf,minirocket,1,1,True,0.7078951180646095,0.7532377227292483,0.0453426046646388
DistalPhalanxOutlineAgeGroup,4,0.3,80,24,0.3,linear_block,linear_block,linear,stat_rf,stat_rf,1,1,False,0.590612777053455,0.590612777053455,0.0
DistalPhalanxOutlineAgeGroup,5,0.05,80,4,0.05,point,linear_block,linear,minirocket,dtw,1,1,True,0.7686223381138636,0.7831087932782848,0.014486455164421153
DistalPhalanxOutlineAgeGroup,5,0.05,80,4,0.05,linear_block,point,linear,stat_rf,dtw,2,1,True,0.7583659278574534,0.7711429813124728,0.01277705345501945
DistalPhalanxOutlineAgeGroup,5,0.05,80,4,0.05,linear_block,linear_block,linear,stat_rf,dtw,2,1,True,0.7640156453715776,0.7831087932782848,0.01909314790670713
DistalPhalanxOutlineAgeGroup,5,0.1,80,8,0.1,point,linear_block,linear,minirocket,stat_rf,1,1,True,0.7090830073880922,0.7527162103433289,0.04363320295523676
DistalPhalanxOutlineAgeGroup,5,0.1,80,8,0.1,linear_block,point,linear,dtw,stat_rf,1,1,True,0.7547153411560191,0.7645371577574968,0.009821816601477629
DistalPhalanxOutlineAgeGroup,5,0.1,80,8,0.1,linear_block,linear_block,linear,dtw,stat_rf,1,1,True,0.7283210198464435,0.7527162103433289,0.024395190496885433
DistalPhalanxOutlineAgeGroup,5,0.15,80,12,0.15,point,linear_block,linear,minirocket,stat_rf,1,1,True,0.7096045197740114,0.7248442706069825,0.015239750832971133
DistalPhalanxOutlineAgeGroup,5,0.15,80,12,0.15,linear_block,point,linear,dtw,dtw,1,1,False,0.7757496740547589,0.7757496740547589,0.0
DistalPhalanxOutlineAgeGroup,5,0.15,80,12,0.15,linear_block,linear_block,linear,dtw,stat_rf,1,1,True,0.6393452122265683,0.7248442706069825,0.08549905838041427
DistalPhalanxOutlineAgeGroup,5,0.2,80,16,0.2,point,linear_block,linear,minirocket,stat_rf,1,1,True,0.6311748515138346,0.7419382877009996,0.110763436187165
DistalPhalanxOutlineAgeGroup,5,0.2,80,16,0.2,linear_block,point,linear,dtw,dtw,1,1,False,0.7672026655077503,0.7672026655077503,0.0
DistalPhalanxOutlineAgeGroup,5,0.2,80,16,0.2,linear_block,linear_block,linear,dtw,stat_rf,1,1,True,0.583601332753875,0.7419382877009996,0.15833695494712452
DistalPhalanxOutlineAgeGroup,5,0.25,80,20,0.25,point,linear_block,linear,minirocket,stat_rf,1,1,True,0.5421990438939591,0.7533825872808922,0.21118354338693313
DistalPhalanxOutlineAgeGroup,5,0.25,80,20,0.25,linear_block,point,linear,stat_rf,minirocket,1,1,True,0.7588874402433725,0.7629726205997391,0.0040851803563666245
DistalPhalanxOutlineAgeGroup,5,0.25,80,20,0.25,linear_block,linear_block,linear,stat_rf,stat_rf,1,1,False,0.7533825872808922,0.7533825872808922,0.0
DistalPhalanxOutlineAgeGroup,5,0.3,80,24,0.3,point,linear_block,linear,dtw,stat_rf,1,1,True,0.5111980298420976,0.6482109227871939,0.13701289294509633
DistalPhalanxOutlineAgeGroup,5,0.3,80,24,0.3,linear_block,point,linear,stat_rf,minirocket,1,1,True,0.7147327249022165,0.7424598000869187,0.027727075184702188
DistalPhalanxOutlineAgeGroup,5,0.3,80,24,0.3,linear_block,linear_block,linear,stat_rf,stat_rf,1,1,False,0.6482109227871939,0.6482109227871939,0.0
DistalPhalanxTW,1,0.05,80,4,0.05,point,linear_block,linear,minirocket,minirocket,1,1,False,0.5201304543409807,0.5201304543409807,0.0
DistalPhalanxTW,1,0.05,80,4,0.05,linear_block,point,linear,minirocket,minirocket,1,1,False,0.507085020242915,0.507085020242915,0.0
DistalPhalanxTW,1,0.05,80,4,0.05,linear_block,linear_block,linear,minirocket,minirocket,1,1,False,0.5201304543409807,0.5201304543409807,0.0
DistalPhalanxTW,1,0.1,80,8,0.1,point,linear_block,linear,minirocket,dtw,1,1,True,0.4586305507358139,0.46836107362423157,0.009730522888417692
DistalPhalanxTW,1,0.1,80,8,0.1,linear_block,point,linear,stat_rf,minirocket,1,1,True,0.44133303343829655,0.51207077522867,0.0707377417903734
DistalPhalanxTW,1,0.1,80,8,0.1,linear_block,linear_block,linear,stat_rf,dtw,1,1,True,0.4320737741790373,0.46836107362423157,0.036287299445194265
DistalPhalanxTW,1,0.15,80,12,0.15,point,linear_block,linear,dtw,stat_rf,1,1,True,0.4044834307992202,0.4230394361973309,0.018556005398110698
DistalPhalanxTW,1,0.15,80,12,0.15,linear_block,point,linear,stat_rf,dtw,1,1,True,0.4411081121607438,0.5229754407385986,0.08186732857785478
DistalPhalanxTW,1,0.15,80,12,0.15,linear_block,linear_block,linear,stat_rf,stat_rf,1,1,False,0.4230394361973309,0.4230394361973309,0.0
DistalPhalanxTW,1,0.2,80,16,0.2,point,linear_block,linear,minirocket,stat_rf,1,1,True,0.3794529057686953,0.43679712100764734,0.057344215238952057
DistalPhalanxTW,1,0.2,80,16,0.2,linear_block,point,linear,stat_rf,minirocket,1,1,True,0.45981406507722294,0.4940020992652572,0.03418803418803423
DistalPhalanxTW,1,0.2,80,16,0.2,linear_block,linear_block,linear,stat_rf,stat_rf,1,1,False,0.43679712100764734,0.43679712100764734,0.0
DistalPhalanxTW,1,0.25,80,20,0.25,point,linear_block,linear,minirocket,stat_rf,1,1,True,0.35086112717691664,0.4149797570850202,0.06411862990810357
DistalPhalanxTW,1,0.25,80,20,0.25,linear_block,point,linear,stat_rf,minirocket,1,1,True,0.4847428400059979,0.5035237666816614,0.018780926675663556
DistalPhalanxTW,1,0.25,80,20,0.25,linear_block,linear_block,linear,stat_rf,stat_rf,1,1,False,0.4149797570850202,0.4149797570850202,0.0
DistalPhalanxTW,1,0.3,80,24,0.3,point,linear_block,linear,minirocket,stat_rf,1,1,True,0.2808142150247413,0.4498800419853051,0.16906582696056383
DistalPhalanxTW,1,0.3,80,24,0.3,linear_block,point,linear,stat_rf,minirocket,1,1,True,0.4638626480731744,0.5002249212775528,0.036362273204378404
DistalPhalanxTW,1,0.3,80,24,0.3,linear_block,linear_block,linear,stat_rf,stat_rf,1,1,False,0.4498800419853051,0.4498800419853051,0.0
DistalPhalanxTW,2,0.05,80,4,0.05,point,linear_block,linear,stat_rf,minirocket,1,1,True,0.43634727845254156,0.5528471285050233,0.1164998500524817
DistalPhalanxTW,2,0.05,80,4,0.05,linear_block,point,linear,stat_rf,minirocket,1,1,True,0.42352676563202873,0.5798751686909581,0.15634840305892939
DistalPhalanxTW,2,0.05,80,4,0.05,linear_block,linear_block,linear,stat_rf,minirocket,1,1,True,0.43634727845254156,0.5528471285050233,0.1164998500524817
DistalPhalanxTW,2,0.1,80,8,0.1,point,linear_block,linear,dtw,minirocket,1,1,True,0.4142300194931774,0.5317045284150548,0.11747450892187739
DistalPhalanxTW,2,0.1,80,8,0.1,linear_block,point,linear,dtw,minirocket,1,1,True,0.5011246063877642,0.558057804768331,0.05693319838056676
DistalPhalanxTW,2,0.1,80,8,0.1,linear_block,linear_block,linear,dtw,minirocket,1,1,True,0.4142300194931774,0.5317045284150548,0.11747450892187739
DistalPhalanxTW,2,0.15,80,12,0.15,point,linear_block,linear,stat_rf,minirocket,1,1,True,0.4230394361973309,0.4910044877150141,0.06796505151768317
DistalPhalanxTW,2,0.15,80,12,0.15,linear_block,point,linear,dtw,minirocket,1,1,True,0.5186216074373969,0.5666048133153396,0.04798320587794269
DistalPhalanxTW,2,0.15,80,12,0.15,linear_block,linear_block,linear,dtw,minirocket,1,1,True,0.42873744189533664,0.4910044877150141,0.06226704581967746
DistalPhalanxTW,2,0.2,80,16,0.2,point,linear_block,linear,dtw,stat_rf,1,1,True,0.36939571150097467,0.44084570400359874,0.07144999250262407
DistalPhalanxTW,2,0.2,80,16,0.2,linear_block,point,linear,dtw,minirocket,1,1,True,0.4579397210976159,0.5540467086519718,0.09610698755435593
DistalPhalanxTW,2,0.2,80,16,0.2,linear_block,linear_block,linear,dtw,stat_rf,1,1,True,0.36939571150097467,0.44084570400359874,0.07144999250262407
DistalPhalanxTW,2,0.25,80,20,0.25,point,linear_block,linear,dtw,stat_rf,1,1,True,0.3578551078551078,0.44084570400359874,0.08299059614849091
DistalPhalanxTW,2,0.25,80,20,0.25,linear_block,point,linear,dtw,minirocket,1,1,True,0.5216861598440546,0.5673170640275903,0.04563090418353566
DistalPhalanxTW,2,0.25,80,20,0.25,linear_block,linear_block,linear,dtw,stat_rf,1,1,True,0.3578551078551078,0.44084570400359874,0.08299059614849091
DistalPhalanxTW,2,0.3,80,24,0.3,point,linear_block,linear,stat_rf,stat_rf,1,1,False,0.41831608936872094,0.41831608936872094,0.0
DistalPhalanxTW,2,0.3,80,24,0.3,linear_block,point,linear,stat_rf,minirocket,1,1,True,0.43728445044234515,0.5946075123706702,0.15732306192832507
DistalPhalanxTW,2,0.3,80,24,0.3,linear_block,linear_block,linear,stat_rf,stat_rf,1,1,False,0.41831608936872094,0.41831608936872094,0.0
DistalPhalanxTW,3,0.05,80,4,0.05,point,linear_block,linear,minirocket,minirocket,1,1,False,0.5357999700104964,0.5357999700104964,0.0
DistalPhalanxTW,3,0.05,80,4,0.05,linear_block,point,linear,minirocket,minirocket,1,1,False,0.519680611785875,0.519680611785875,0.0
DistalPhalanxTW,3,0.05,80,4,0.05,linear_block,linear_block,linear,minirocket,minirocket,1,1,False,0.5357999700104964,0.5357999700104964,0.0
DistalPhalanxTW,3,0.1,80,8,0.1,point,linear_block,linear,minirocket,dtw,1,1,True,0.44937129147655464,0.5226327035537561,0.0732614120772015
DistalPhalanxTW,3,0.1,80,8,0.1,linear_block,point,linear,dtw,minirocket,1,1,True,0.4790448343079922,0.5101964312490629,0.03115159694107067
DistalPhalanxTW,3,0.1,80,8,0.1,linear_block,linear_block,linear,dtw,dtw,1,1,False,0.5226327035537561,0.5226327035537561,0.0
DistalPhalanxTW,3,0.15,80,12,0.15,point,linear_block,linear,stat_rf,dtw,1,1,True,0.4396461238566502,0.46850164942270206,0.028855525566051865
DistalPhalanxTW,3,0.15,80,12,0.15,linear_block,point,linear,minirocket,minirocket,1,1,False,0.5154071075123707,0.5154071075123707,0.0
DistalPhalanxTW,3,0.15,80,12,0.15,linear_block,linear_block,linear,minirocket,dtw,1,1,True,0.44326628537154855,0.46850164942270206,0.025235364051153508
DistalPhalanxTW,3,0.2,80,16,0.2,point,linear_block,linear,stat_rf,dtw,1,1,True,0.425438596491228,0.44699355225671017,0.021554955765482164
DistalPhalanxTW,3,0.2,80,16,0.2,linear_block,point,linear,stat_rf,minirocket,1,1,True,0.47409656620182933,0.5156320287899235,0.04153546258809421
DistalPhalanxTW,3,0.2,80,16,0.2,linear_block,linear_block,linear,stat_rf,dtw,1,1,True,0.425438596491228,0.44699355225671017,0.021554955765482164
DistalPhalanxTW,3,0.25,80,20,0.25,point,linear_block,linear,stat_rf,stat_rf,1,1,False,0.42210226420752733,0.42210226420752733,0.0
DistalPhalanxTW,3,0.25,80,20,0.25,linear_block,point,linear,stat_rf,minirocket,1,1,True,0.44391962813015445,0.49310241415504574,0.04918278602489129
DistalPhalanxTW,3,0.25,80,20,0.25,linear_block,linear_block,linear,stat_rf,stat_rf,1,1,False,0.42210226420752733,0.42210226420752733,0.0
DistalPhalanxTW,3,0.3,80,24,0.3,point,linear_block,linear,minirocket,dtw,2,1,True,0.32341002077844183,0.42094017094017094,0.09753015016172911
DistalPhalanxTW,3,0.3,80,24,0.3,linear_block,point,linear,stat_rf,minirocket,1,1,True,0.445119208277103,0.5412730544309492,0.0961538461538462
DistalPhalanxTW,3,0.3,80,24,0.3,linear_block,linear_block,linear,stat_rf,dtw,1,1,True,0.40407107512370666,0.42094017094017094,0.016869095816464286
DistalPhalanxTW,4,0.05,80,4,0.05,point,linear_block,linear,minirocket,dtw,1,1,True,0.4761489728594992,0.4804693357324936,0.004320362872994421
DistalPhalanxTW,4,0.05,80,4,0.05,linear_block,point,linear,minirocket,dtw,1,1,True,0.5027646573699205,0.5090905683010946,0.0063259109311740724
DistalPhalanxTW,4,0.05,80,4,0.05,linear_block,linear_block,linear,minirocket,dtw,1,1,True,0.4761489728594992,0.4804693357324936,0.004320362872994421
DistalPhalanxTW,4,0.1,80,8,0.1,point,linear_block,linear,minirocket,dtw,1,1,True,0.4046815757342073,0.4619039586144849,0.05722238288027759
DistalPhalanxTW,4,0.1,80,8,0.1,linear_block,point,linear,minirocket,minirocket,1,1,False,0.5333914379967012,0.5333914379967012,0.0
DistalPhalanxTW,4,0.1,80,8,0.1,linear_block,linear_block,linear,minirocket,dtw,1,1,True,0.4046815757342073,0.4619039586144849,0.05722238288027759
DistalPhalanxTW,4,0.15,80,12,0.15,point,linear_block,linear,minirocket,stat_rf,1,1,True,0.44745946061735536,0.4486804618383566,0.0012210012210012167
DistalPhalanxTW,4,0.15,80,12,0.15,linear_block,point,linear,minirocket,minirocket,1,1,False,0.5158100914679862,0.5158100914679862,0.0
DistalPhalanxTW,4,0.15,80,12,0.15,linear_block,linear_block,linear,minirocket,stat_rf,1,1,True,0.44745946061735536,0.4486804618383566,0.0012210012210012167
DistalPhalanxTW,4,0.2,80,16,0.2,point,linear_block,linear,minirocket,stat_rf,1,1,True,0.3879570721675985,0.40856950067476383,0.020612428507165326
DistalPhalanxTW,4,0.2,80,16,0.2,linear_block,point,linear,minirocket,minirocket,1,1,False,0.5207958464537412,0.5207958464537412,0.0
DistalPhalanxTW,4,0.2,80,16,0.2,linear_block,linear_block,linear,minirocket,stat_rf,1,1,True,0.3879570721675985,0.40856950067476383,0.020612428507165326
DistalPhalanxTW,4,0.25,80,20,0.25,point,linear_block,linear,stat_rf,stat_rf,1,1,False,0.3912505623031939,0.3912505623031939,0.0
DistalPhalanxTW,4,0.25,80,20,0.25,linear_block,point,linear,dtw,dtw,1,1,False,0.5155008247113511,0.5155008247113511,0.0
DistalPhalanxTW,4,0.25,80,20,0.25,linear_block,linear_block,linear,dtw,stat_rf,1,1,True,0.33547008547008544,0.3912505623031939,0.05578047683310844
DistalPhalanxTW,4,0.3,80,24,0.3,point,linear_block,linear,minirocket,stat_rf,1,1,True,0.2627026969132232,0.3774553906132853,0.11475269370006214
DistalPhalanxTW,4,0.3,80,24,0.3,linear_block,point,linear,stat_rf,stat_rf,1,1,False,0.4627005548058179,0.4627005548058179,0.0
DistalPhalanxTW,4,0.3,80,24,0.3,linear_block,linear_block,linear,stat_rf,stat_rf,1,1,False,0.3774553906132853,0.3774553906132853,0.0
DistalPhalanxTW,5,0.05,80,4,0.05,point,linear_block,linear,stat_rf,minirocket,1,1,True,0.45437846753636224,0.5276559454191033,0.07327747788274108
DistalPhalanxTW,5,0.05,80,4,0.05,linear_block,point,linear,stat_rf,minirocket,1,1,True,0.450367371420003,0.5321918578497525,0.08182448642974954
DistalPhalanxTW,5,0.05,80,4,0.05,linear_block,linear_block,linear,stat_rf,minirocket,1,1,True,0.45437846753636224,0.5276559454191033,0.07327747788274108
DistalPhalanxTW,5,0.1,80,8,0.1,point,linear_block,linear,stat_rf,dtw,1,1,True,0.46266306792622586,0.479269755585545,0.016606687659319164
DistalPhalanxTW,5,0.1,80,8,0.1,linear_block,point,linear,stat_rf,minirocket,1,1,True,0.4593642225221172,0.5193713450292398,0.060007122507122534
DistalPhalanxTW,5,0.1,80,8,0.1,linear_block,linear_block,linear,stat_rf,dtw,1,1,True,0.46266306792622586,0.479269755585545,0.016606687659319164
DistalPhalanxTW,5,0.15,80,12,0.15,point,linear_block,linear,stat_rf,dtw,1,1,True,0.47593342330184435,0.5022398410556305,0.026306417753786115
DistalPhalanxTW,5,0.15,80,12,0.15,linear_block,point,linear,minirocket,minirocket,1,1,False,0.5364653621232569,0.5364653621232569,0.0
DistalPhalanxTW,5,0.15,80,12,0.15,linear_block,linear_block,linear,minirocket,dtw,1,1,True,0.43168819484608956,0.5022398410556305,0.07055164620954091
DistalPhalanxTW,5,0.2,80,16,0.2,point,linear_block,linear,stat_rf,dtw,1,1,True,0.44129554655870445,0.4879948268106163,0.046699280251911834
DistalPhalanxTW,5,0.2,80,16,0.2,linear_block,point,linear,stat_rf,minirocket,1,1,True,0.4463187884240516,0.5371776128355076,0.09085882441145599
DistalPhalanxTW,5,0.2,80,16,0.2,linear_block,linear_block,linear,stat_rf,dtw,1,1,True,0.44129554655870445,0.4879948268106163,0.046699280251911834
DistalPhalanxTW,5,0.25,80,20,0.25,point,linear_block,linear,stat_rf,stat_rf,1,1,False,0.43274853801169594,0.43274853801169594,0.0
DistalPhalanxTW,5,0.25,80,20,0.25,linear_block,point,linear,stat_rf,minirocket,1,1,True,0.4598515519568151,0.5191464237516868,0.05929487179487175
DistalPhalanxTW,5,0.25,80,20,0.25,linear_block,linear_block,linear,stat_rf,stat_rf,1,1,False,0.43274853801169594,0.43274853801169594,0.0
DistalPhalanxTW,5,0.3,80,24,0.3,point,linear_block,linear,minirocket,stat_rf,1,1,True,0.3122764175395754,0.4239766081871345,0.1117001906475591
DistalPhalanxTW,5,0.3,80,24,0.3,linear_block,point,linear,stat_rf,dtw,1,1,True,0.4548657969710601,0.5658082171240066,0.11094242015294653
DistalPhalanxTW,5,0.3,80,24,0.3,linear_block,linear_block,linear,stat_rf,stat_rf,1,1,False,0.4239766081871345,0.4239766081871345,0.0
Earthquakes,1,0.05,512,25,0.048828125,point,linear_block,linear,minirocket,dtw,1,1,True,0.5141483516483516,0.5803571428571428,0.0662087912087912
Earthquakes,1,0.05,512,25,0.048828125,linear_block,point,linear,minirocket,dtw,1,1,True,0.5428571428571428,0.5611263736263736,0.018269230769230815
Earthquakes,1,0.05,512,25,0.048828125,linear_block,linear_block,linear,minirocket,dtw,1,1,True,0.5141483516483516,0.5803571428571428,0.0662087912087912
Earthquakes,1,0.1,512,51,0.099609375,point,linear_block,linear,dtw,dtw,1,1,False,0.5802197802197802,0.5802197802197802,0.0
Earthquakes,1,0.1,512,51,0.099609375,linear_block,point,linear,dtw,stat_rf,1,1,True,0.5517857142857143,0.5663461538461538,0.014560439560439509
Earthquakes,1,0.1,512,51,0.099609375,linear_block,linear_block,linear,dtw,dtw,1,1,False,0.5802197802197802,0.5802197802197802,0.0
Earthquakes,1,0.15,512,76,0.1484375,point,linear_block,linear,minirocket,dtw,1,1,True,0.5427197802197802,0.5758241758241759,0.03310439560439571
Earthquakes,1,0.15,512,76,0.1484375,linear_block,point,linear,minirocket,stat_rf,1,1,True,0.5428571428571428,0.5568681318681319,0.014010989010989072
Earthquakes,1,0.15,512,76,0.1484375,linear_block,linear_block,linear,minirocket,dtw,1,1,True,0.5427197802197802,0.5758241758241759,0.03310439560439571
Earthquakes,1,0.2,512,102,0.19921875,point,linear_block,linear,minirocket,stat_rf,1,1,True,0.5236263736263737,0.5570054945054945,0.03337912087912087
Earthquakes,1,0.2,512,102,0.19921875,linear_block,point,linear,dtw,minirocket,1,1,True,0.4853021978021978,0.5285714285714286,0.04326923076923078
Earthquakes,1,0.2,512,102,0.19921875,linear_block,linear_block,linear,dtw,stat_rf,1,1,True,0.5376373626373626,0.5570054945054945,0.01936813186813191
Earthquakes,1,0.25,512,128,0.25,point,linear_block,linear,minirocket,stat_rf,1,1,True,0.5186813186813187,0.5618131868131868,0.04313186813186809
Earthquakes,1,0.25,512,128,0.25,linear_block,point,linear,dtw,stat_rf,1,1,True,0.5377747252747253,0.5427197802197802,0.0049450549450549275
Earthquakes,1,0.25,512,128,0.25,linear_block,linear_block,linear,dtw,stat_rf,1,1,True,0.5043956043956044,0.5618131868131868,0.057417582417582436
Earthquakes,1,0.3,512,153,0.298828125,point,linear_block,linear,minirocket,minirocket,1,1,False,0.5472527472527473,0.5472527472527473,0.0
Earthquakes,1,0.3,512,153,0.298828125,linear_block,point,linear,minirocket,stat_rf,1,1,True,0.5142857142857142,0.576098901098901,0.061813186813186816
Earthquakes,1,0.3,512,153,0.298828125,linear_block,linear_block,linear,minirocket,minirocket,1,1,False,0.5472527472527473,0.5472527472527473,0.0
Earthquakes,2,0.05,512,25,0.048828125,point,linear_block,linear,dtw,minirocket|stat_rf,1,2,True,0.5087912087912088,0.5475274725274725,0.03873626373626371
Earthquakes,2,0.05,512,25,0.048828125,linear_block,point,linear,stat_rf,dtw,1,1,True,0.5332417582417582,0.5612637362637363,0.028021978021978033
Earthquakes,2,0.05,512,25,0.048828125,linear_block,linear_block,linear,stat_rf,minirocket|stat_rf,1,2,False,0.5475274725274725,0.5475274725274725,0.0
Earthquakes,2,0.1,512,51,0.099609375,point,linear_block,linear,dtw,stat_rf,1,1,True,0.5137362637362637,0.5427197802197802,0.02898351648351649
Earthquakes,2,0.1,512,51,0.099609375,linear_block,point,linear,stat_rf,minirocket,1,1,True,0.5379120879120879,0.5427197802197802,0.004807692307692291
Earthquakes,2,0.1,512,51,0.099609375,linear_block,linear_block,linear,stat_rf,stat_rf,1,1,False,0.5427197802197802,0.5427197802197802,0.0
Earthquakes,2,0.15,512,76,0.1484375,point,linear_block,linear,dtw,minirocket,1,1,True,0.49464285714285716,0.5567307692307693,0.06208791208791209
Earthquakes,2,0.15,512,76,0.1484375,linear_block,point,linear,stat_rf,dtw,1,1,True,0.5094780219780219,0.5710164835164835,0.06153846153846154
Earthquakes,2,0.15,512,76,0.1484375,linear_block,linear_block,linear,stat_rf,minirocket,1,1,True,0.5189560439560439,0.5567307692307693,0.03777472527472536
Earthquakes,2,0.2,512,102,0.19921875,point,linear_block,linear,stat_rf,dtw,2,1,True,0.5237637362637363,0.5424450549450549,0.018681318681318615
Earthquakes,2,0.2,512,102,0.19921875,linear_block,point,linear,stat_rf,dtw,1,1,True,0.5380494505494505,0.5472527472527473,0.009203296703296782
Earthquakes,2,0.2,512,102,0.19921875,linear_block,linear_block,linear,stat_rf,dtw,1,1,True,0.5237637362637363,0.5424450549450549,0.018681318681318615
Earthquakes,2,0.25,512,128,0.25,point,linear_block,linear,stat_rf,dtw,1,1,True,0.5380494505494505,0.5568681318681319,0.018818681318681363
Earthquakes,2,0.25,512,128,0.25,linear_block,point,linear,dtw,minirocket,1,1,True,0.5141483516483516,0.5475274725274725,0.03337912087912087
Earthquakes,2,0.25,512,128,0.25,linear_block,linear_block,linear,dtw,dtw,1,1,False,0.5568681318681319,0.5568681318681319,0.0
Earthquakes,2,0.3,512,153,0.298828125,point,linear_block,linear,dtw,dtw,2,1,False,0.5521978021978022,0.5521978021978022,0.0
Earthquakes,2,0.3,512,153,0.298828125,linear_block,point,linear,dtw,minirocket,1,1,True,0.4997252747252747,0.5618131868131868,0.06208791208791209
Earthquakes,2,0.3,512,153,0.298828125,linear_block,linear_block,linear,dtw,dtw,1,1,False,0.5521978021978022,0.5521978021978022,0.0
Earthquakes,3,0.05,512,25,0.048828125,point,linear_block,linear,stat_rf,dtw,1,1,True,0.5521978021978022,0.5949175824175824,0.04271978021978018
Earthquakes,3,0.05,512,25,0.048828125,linear_block,point,linear,stat_rf,dtw,1,1,True,0.5663461538461538,0.5994505494505494,0.0331043956043956
Earthquakes,3,0.05,512,25,0.048828125,linear_block,linear_block,linear,stat_rf,dtw,1,1,True,0.5521978021978022,0.5949175824175824,0.04271978021978018
Earthquakes,3,0.1,512,51,0.099609375,point,linear_block,linear,dtw,dtw,1,1,False,0.5850274725274724,0.5850274725274724,0.0
Earthquakes,3,0.1,512,51,0.099609375,linear_block,point,linear,dtw,stat_rf,1,1,True,0.5994505494505494,0.5997252747252747,0.00027472527472527375
Earthquakes,3,0.1,512,51,0.099609375,linear_block,linear_block,linear,dtw,dtw,1,1,False,0.5850274725274724,0.5850274725274724,0.0
Earthquakes,3,0.15,512,76,0.1484375,point,linear_block,linear,dtw,minirocket,1,1,True,0.528021978021978,0.5802197802197802,0.05219780219780212
Earthquakes,3,0.15,512,76,0.1484375,linear_block,point,linear,dtw,minirocket,1,1,True,0.5851648351648351,0.623489010989011,0.03832417582417591
Earthquakes,3,0.15,512,76,0.1484375,linear_block,linear_block,linear,dtw,minirocket,1,1,True,0.528021978021978,0.5802197802197802,0.05219780219780212
Earthquakes,3,0.2,512,102,0.19921875,point,linear_block,linear,dtw,minirocket,1,1,True,0.509065934065934,0.6133241758241759,0.10425824175824183
Earthquakes,3,0.2,512,102,0.19921875,linear_block,point,linear,stat_rf,dtw,1,1,True,0.5806318681318682,0.5949175824175824,0.014285714285714235
Earthquakes,3,0.2,512,102,0.19921875,linear_block,linear_block,linear,stat_rf,minirocket,1,1,True,0.5663461538461538,0.6133241758241759,0.04697802197802203
Earthquakes,3,0.25,512,128,0.25,point,linear_block,linear,minirocket,minirocket,1,1,False,0.6413461538461538,0.6413461538461538,0.0
Earthquakes,3,0.25,512,128,0.25,linear_block,point,linear,stat_rf,stat_rf,1,1,False,0.5854395604395605,0.5854395604395605,0.0
Earthquakes,3,0.25,512,128,0.25,linear_block,linear_block,linear,stat_rf,minirocket,1,1,True,0.5711538461538461,0.6413461538461538,0.07019230769230766
Earthquakes,3,0.3,512,153,0.298828125,point,linear_block,linear,stat_rf,stat_rf,1,1,False,0.5807692307692308,0.5807692307692308,0.0
Earthquakes,3,0.3,512,153,0.298828125,linear_block,point,linear,stat_rf,minirocket,1,1,True,0.5712912087912088,0.6317307692307692,0.06043956043956045
Earthquakes,3,0.3,512,153,0.298828125,linear_block,linear_block,linear,stat_rf,stat_rf,1,1,False,0.5807692307692308,0.5807692307692308,0.0
Earthquakes,4,0.05,512,25,0.048828125,point,linear_block,linear,dtw,stat_rf,1,1,True,0.5373626373626373,0.5809065934065935,0.04354395604395611
Earthquakes,4,0.05,512,25,0.048828125,linear_block,point,linear,minirocket,dtw,1,1,True,0.5237637362637363,0.5851648351648351,0.061401098901098794
Earthquakes,4,0.05,512,25,0.048828125,linear_block,linear_block,linear,minirocket,stat_rf,1,1,True,0.4951923076923077,0.5809065934065935,0.08571428571428574
Earthquakes,4,0.1,512,51,0.099609375,point,linear_block,linear,minirocket,stat_rf,2,1,True,0.4902472527472527,0.5427197802197802,0.05247252747252745
Earthquakes,4,0.1,512,51,0.099609375,linear_block,point,linear,minirocket,stat_rf,1,1,True,0.4951923076923077,0.5712912087912088,0.07609890109890105
Earthquakes,4,0.1,512,51,0.099609375,linear_block,linear_block,linear,minirocket,stat_rf,1,1,True,0.4902472527472527,0.5427197802197802,0.05247252747252745
Earthquakes,4,0.15,512,76,0.1484375,point,linear_block,linear,minirocket,dtw,1,1,True,0.4899725274725275,0.5707417582417582,0.0807692307692307
Earthquakes,4,0.15,512,76,0.1484375,linear_block,point,linear,stat_rf,stat_rf,1,1,False,0.5473901098901098,0.5473901098901098,0.0
Earthquakes,4,0.15,512,76,0.1484375,linear_block,linear_block,linear,stat_rf,dtw,1,1,True,0.5427197802197802,0.5707417582417582,0.028021978021978033
Earthquakes,4,0.2,512,102,0.19921875,point,linear_block,linear,dtw,stat_rf,1,1,True,0.5184065934065935,0.5618131868131868,0.04340659340659336
Earthquakes,4,0.2,512,102,0.19921875,linear_block,point,linear,dtw,minirocket,1,1,True,0.5233516483516484,0.5666208791208791,0.043269230769230727
Earthquakes,4,0.2,512,102,0.19921875,linear_block,linear_block,linear,dtw,stat_rf,1,1,True,0.5184065934065935,0.5618131868131868,0.04340659340659336
Earthquakes,4,0.25,512,128,0.25,point,linear_block,linear,stat_rf,stat_rf,1,1,False,0.5332417582417582,0.5332417582417582,0.0
Earthquakes,4,0.25,512,128,0.25,linear_block,point,linear,dtw,stat_rf,1,1,True,0.5328296703296703,0.5473901098901098,0.014560439560439509
Earthquakes,4,0.25,512,128,0.25,linear_block,linear_block,linear,dtw,stat_rf,1,1,True,0.48516483516483516,0.5332417582417582,0.04807692307692307
Earthquakes,4,0.3,512,153,0.298828125,point,linear_block,linear,dtw,dtw,1,1,False,0.5520604395604396,0.5520604395604396,0.0
Earthquakes,4,0.3,512,153,0.298828125,linear_block,point,linear,dtw,dtw,1,1,False,0.5520604395604396,0.5520604395604396,0.0
Earthquakes,4,0.3,512,153,0.298828125,linear_block,linear_block,linear,dtw,dtw,1,1,False,0.5520604395604396,0.5520604395604396,0.0
Earthquakes,5,0.05,512,25,0.048828125,point,linear_block,linear,dtw,stat_rf,1,1,True,0.5423076923076923,0.5902472527472528,0.04793956043956049
Earthquakes,5,0.05,512,25,0.048828125,linear_block,point,linear,dtw,stat_rf,1,1,True,0.4895604395604396,0.5854395604395605,0.09587912087912087
Earthquakes,5,0.05,512,25,0.048828125,linear_block,linear_block,linear,dtw,stat_rf,1,1,True,0.5423076923076923,0.5902472527472528,0.04793956043956049
Earthquakes,5,0.1,512,51,0.099609375,point,linear_block,linear,dtw,stat_rf,1,1,True,0.5517857142857143,0.5855769230769231,0.03379120879120878
Earthquakes,5,0.1,512,51,0.099609375,linear_block,point,linear,dtw,dtw,1,1,False,0.6185439560439561,0.6185439560439561,0.0
Earthquakes,5,0.1,512,51,0.099609375,linear_block,linear_block,linear,dtw,stat_rf,1,1,True,0.5517857142857143,0.5855769230769231,0.03379120879120878
Earthquakes,5,0.15,512,76,0.1484375,point,linear_block,linear,dtw,minirocket,1,1,True,0.523489010989011,0.5809065934065935,0.057417582417582436
Earthquakes,5,0.15,512,76,0.1484375,linear_block,point,linear,dtw,stat_rf,1,1,True,0.5756868131868131,0.6093406593406594,0.033653846153846256
Earthquakes,5,0.15,512,76,0.1484375,linear_block,linear_block,linear,dtw,minirocket,1,1,True,0.523489010989011,0.5809065934065935,0.057417582417582436
Earthquakes,5,0.2,512,102,0.19921875,point,linear_block,linear,stat_rf,stat_rf,1,1,False,0.595054945054945,0.595054945054945,0.0
Earthquakes,5,0.2,512,102,0.19921875,linear_block,point,linear,stat_rf,minirocket,1,1,True,0.514010989010989,0.5380494505494505,0.024038461538461564
Earthquakes,5,0.2,512,102,0.19921875,linear_block,linear_block,linear,stat_rf,stat_rf,1,1,False,0.595054945054945,0.595054945054945,0.0
Earthquakes,5,0.25,512,128,0.25,point,linear_block,linear,dtw,stat_rf,1,1,True,0.5521978021978022,0.5568681318681319,0.004670329670329654
Earthquakes,5,0.25,512,128,0.25,linear_block,point,linear,stat_rf,minirocket,1,1,True,0.5473901098901098,0.5523351648351649,0.0049450549450550385
Earthquakes,5,0.25,512,128,0.25,linear_block,linear_block,linear,stat_rf,stat_rf,1,1,False,0.5568681318681319,0.5568681318681319,0.0
Earthquakes,5,0.3,512,153,0.298828125,point,linear_block,linear,stat_rf,stat_rf,1,1,False,0.5664835164835165,0.5664835164835165,0.0
Earthquakes,5,0.3,512,153,0.298828125,linear_block,point,linear,dtw,dtw,1,1,False,0.5901098901098901,0.5901098901098901,0.0
Earthquakes,5,0.3,512,153,0.298828125,linear_block,linear_block,linear,dtw,stat_rf,1,1,True,0.5425824175824175,0.5664835164835165,0.023901098901098927
ECG200,1,0.05,96,4,0.041666666666666664,point,linear_block,linear,minirocket,minirocket,1,1,False,0.9270833333333333,0.9270833333333333,0.0
ECG200,1,0.05,96,4,0.041666666666666664,linear_block,point,linear,minirocket,minirocket,1,1,False,0.9131944444444444,0.9131944444444444,0.0
ECG200,1,0.05,96,4,0.041666666666666664,linear_block,linear_block,linear,minirocket,minirocket,1,1,False,0.9270833333333333,0.9270833333333333,0.0
ECG200,1,0.1,96,9,0.09375,point,linear_block,linear,minirocket,minirocket,1,1,False,0.9036458333333333,0.9036458333333333,0.0
ECG200,1,0.1,96,9,0.09375,linear_block,point,linear,minirocket,minirocket,1,1,False,0.9210069444444444,0.9210069444444444,0.0
ECG200,1,0.1,96,9,0.09375,linear_block,linear_block,linear,minirocket,minirocket,1,1,False,0.9036458333333333,0.9036458333333333,0.0
ECG200,1,0.15,96,14,0.14583333333333334,point,linear_block,linear,minirocket,minirocket,1,1,False,0.8802083333333333,0.8802083333333333,0.0
ECG200,1,0.15,96,14,0.14583333333333334,linear_block,point,linear,minirocket,minirocket,1,1,False,0.9131944444444444,0.9131944444444444,0.0
ECG200,1,0.15,96,14,0.14583333333333334,linear_block,linear_block,linear,minirocket,minirocket,1,1,False,0.8802083333333333,0.8802083333333333,0.0
ECG200,1,0.2,96,19,0.19791666666666666,point,linear_block,linear,minirocket,minirocket,1,1,False,0.8020833333333333,0.8020833333333333,0.0
ECG200,1,0.2,96,19,0.19791666666666666,linear_block,point,linear,minirocket,minirocket,1,1,False,0.9131944444444444,0.9131944444444444,0.0
ECG200,1,0.2,96,19,0.19791666666666666,linear_block,linear_block,linear,minirocket,minirocket,1,1,False,0.8020833333333333,0.8020833333333333,0.0
ECG200,1,0.25,96,24,0.25,point,linear_block,linear,minirocket,stat_rf,1,1,True,0.7335069444444444,0.7612847222222222,0.02777777777777779
ECG200,1,0.25,96,24,0.25,linear_block,point,linear,minirocket,minirocket,1,1,False,0.8758680555555556,0.8758680555555556,0.0
ECG200,1,0.25,96,24,0.25,linear_block,linear_block,linear,minirocket,stat_rf,1,1,True,0.7335069444444444,0.7612847222222222,0.02777777777777779
ECG200,1,0.3,96,28,0.2916666666666667,point,linear_block,linear,minirocket,dtw,1,1,True,0.7239583333333333,0.7421875,0.01822916666666674
ECG200,1,0.3,96,28,0.2916666666666667,linear_block,point,linear,dtw,minirocket,1,1,True,0.7430555555555556,0.8914930555555556,0.1484375
ECG200,1,0.3,96,28,0.2916666666666667,linear_block,linear_block,linear,dtw,dtw,1,1,False,0.7421875,0.7421875,0.0
ECG200,2,0.05,96,4,0.041666666666666664,point,linear_block,linear,minirocket,minirocket,1,1,False,0.8993055555555556,0.8993055555555556,0.0
ECG200,2,0.05,96,4,0.041666666666666664,linear_block,point,linear,minirocket,minirocket,1,1,False,0.9071180555555556,0.9071180555555556,0.0
ECG200,2,0.05,96,4,0.041666666666666664,linear_block,linear_block,linear,minirocket,minirocket,1,1,False,0.8993055555555556,0.8993055555555556,0.0
ECG200,2,0.1,96,9,0.09375,point,linear_block,linear,minirocket,minirocket,1,1,False,0.8993055555555556,0.8993055555555556,0.0
ECG200,2,0.1,96,9,0.09375,linear_block,point,linear,minirocket,minirocket,1,1,False,0.9071180555555556,0.9071180555555556,0.0
ECG200,2,0.1,96,9,0.09375,linear_block,linear_block,linear,minirocket,minirocket,1,1,False,0.8993055555555556,0.8993055555555556,0.0
ECG200,2,0.15,96,14,0.14583333333333334,point,linear_block,linear,minirocket,minirocket,1,1,False,0.8975694444444444,0.8975694444444444,0.0
ECG200,2,0.15,96,14,0.14583333333333334,linear_block,point,linear,minirocket,minirocket,1,1,False,0.9210069444444444,0.9210069444444444,0.0
ECG200,2,0.15,96,14,0.14583333333333334,linear_block,linear_block,linear,minirocket,minirocket,1,1,False,0.8975694444444444,0.8975694444444444,0.0
ECG200,2,0.2,96,19,0.19791666666666666,point,linear_block,linear,minirocket,minirocket,1,1,False,0.8489583333333333,0.8489583333333333,0.0
ECG200,2,0.2,96,19,0.19791666666666666,linear_block,point,linear,minirocket,minirocket,1,1,False,0.8993055555555556,0.8993055555555556,0.0
ECG200,2,0.2,96,19,0.19791666666666666,linear_block,linear_block,linear,minirocket,minirocket,1,1,False,0.8489583333333333,0.8489583333333333,0.0
ECG200,2,0.25,96,24,0.25,point,linear_block,linear,minirocket,dtw,1,1,True,0.7491319444444444,0.7595486111111112,0.01041666666666674
ECG200,2,0.25,96,24,0.25,linear_block,point,linear,minirocket,minirocket,1,1,False,0.9210069444444444,0.9210069444444444,0.0
ECG200,2,0.25,96,24,0.25,linear_block,linear_block,linear,minirocket,dtw,1,1,True,0.7491319444444444,0.7595486111111112,0.01041666666666674
ECG200,2,0.3,96,28,0.2916666666666667,point,linear_block,linear,minirocket,dtw,1,1,True,0.7118055555555556,0.7439236111111112,0.03211805555555558
ECG200,2,0.3,96,28,0.2916666666666667,linear_block,point,linear,minirocket,minirocket,1,1,False,0.8776041666666667,0.8776041666666667,0.0
ECG200,2,0.3,96,28,0.2916666666666667,linear_block,linear_block,linear,minirocket,dtw,1,1,True,0.7118055555555556,0.7439236111111112,0.03211805555555558
ECG200,3,0.05,96,4,0.041666666666666664,point,linear_block,linear,minirocket,minirocket,1,1,False,0.8854166666666667,0.8854166666666667,0.0
ECG200,3,0.05,96,4,0.041666666666666664,linear_block,point,linear,minirocket,minirocket,1,1,False,0.8932291666666667,0.8932291666666667,0.0
ECG200,3,0.05,96,4,0.041666666666666664,linear_block,linear_block,linear,minirocket,minirocket,1,1,False,0.8854166666666667,0.8854166666666667,0.0
ECG200,3,0.1,96,9,0.09375,point,linear_block,linear,minirocket,minirocket,1,1,False,0.8715277777777778,0.8715277777777778,0.0
ECG200,3,0.1,96,9,0.09375,linear_block,point,linear,minirocket,minirocket,1,1,False,0.8932291666666667,0.8932291666666667,0.0
ECG200,3,0.1,96,9,0.09375,linear_block,linear_block,linear,minirocket,minirocket,1,1,False,0.8715277777777778,0.8715277777777778,0.0
ECG200,3,0.15,96,14,0.14583333333333334,point,linear_block,linear,minirocket,minirocket,1,1,False,0.8463541666666667,0.8463541666666667,0.0
ECG200,3,0.15,96,14,0.14583333333333334,linear_block,point,linear,minirocket,minirocket,1,1,False,0.8914930555555556,0.8914930555555556,0.0
ECG200,3,0.15,96,14,0.14583333333333334,linear_block,linear_block,linear,minirocket,minirocket,1,1,False,0.8463541666666667,0.8463541666666667,0.0
ECG200,3,0.2,96,19,0.19791666666666666,point,linear_block,linear,minirocket,minirocket,1,1,False,0.7855902777777778,0.7855902777777778,0.0
ECG200,3,0.2,96,19,0.19791666666666666,linear_block,point,linear,minirocket,minirocket,1,1,False,0.8776041666666667,0.8776041666666667,0.0
ECG200,3,0.2,96,19,0.19791666666666666,linear_block,linear_block,linear,minirocket,minirocket,1,1,False,0.7855902777777778,0.7855902777777778,0.0
ECG200,3,0.25,96,24,0.25,point,linear_block,linear,minirocket,dtw,1,1,True,0.7369791666666667,0.7552083333333333,0.01822916666666652
ECG200,3,0.25,96,24,0.25,linear_block,point,linear,minirocket,minirocket,1,1,False,0.8914930555555556,0.8914930555555556,0.0
ECG200,3,0.25,96,24,0.25,linear_block,linear_block,linear,minirocket,dtw,1,1,True,0.7369791666666667,0.7552083333333333,0.01822916666666652
ECG200,3,0.3,96,28,0.2916666666666667,point,linear_block,linear,minirocket,dtw,1,1,True,0.6979166666666667,0.7534722222222222,0.05555555555555547
ECG200,3,0.3,96,28,0.2916666666666667,linear_block,point,linear,minirocket,minirocket,1,1,False,0.8914930555555556,0.8914930555555556,0.0
ECG200,3,0.3,96,28,0.2916666666666667,linear_block,linear_block,linear,minirocket,dtw,1,1,True,0.6979166666666667,0.7534722222222222,0.05555555555555547
ECG200,4,0.05,96,4,0.041666666666666664,point,linear_block,linear,minirocket,minirocket,1,1,False,0.9210069444444444,0.9210069444444444,0.0
ECG200,4,0.05,96,4,0.041666666666666664,linear_block,point,linear,minirocket,minirocket,1,1,False,0.9210069444444444,0.9210069444444444,0.0
ECG200,4,0.05,96,4,0.041666666666666664,linear_block,linear_block,linear,minirocket,minirocket,1,1,False,0.9210069444444444,0.9210069444444444,0.0
ECG200,4,0.1,96,9,0.09375,point,linear_block,linear,minirocket,minirocket,1,1,False,0.9053819444444444,0.9053819444444444,0.0
ECG200,4,0.1,96,9,0.09375,linear_block,point,linear,minirocket,minirocket,1,1,False,0.9210069444444444,0.9210069444444444,0.0
ECG200,4,0.1,96,9,0.09375,linear_block,linear_block,linear,minirocket,minirocket,1,1,False,0.9053819444444444,0.9053819444444444,0.0
ECG200,4,0.15,96,14,0.14583333333333334,point,linear_block,linear,minirocket,minirocket,1,1,False,0.8975694444444444,0.8975694444444444,0.0
ECG200,4,0.15,96,14,0.14583333333333334,linear_block,point,linear,minirocket,minirocket,1,1,False,0.9210069444444444,0.9210069444444444,0.0
ECG200,4,0.15,96,14,0.14583333333333334,linear_block,linear_block,linear,minirocket,minirocket,1,1,False,0.8975694444444444,0.8975694444444444,0.0
ECG200,4,0.2,96,19,0.19791666666666666,point,linear_block,linear,minirocket,minirocket,1,1,False,0.8272569444444444,0.8272569444444444,0.0
ECG200,4,0.2,96,19,0.19791666666666666,linear_block,point,linear,minirocket,minirocket,1,1,False,0.9348958333333333,0.9348958333333333,0.0
ECG200,4,0.2,96,19,0.19791666666666666,linear_block,linear_block,linear,minirocket,minirocket,1,1,False,0.8272569444444444,0.8272569444444444,0.0
ECG200,4,0.25,96,24,0.25,point,linear_block,linear,minirocket,dtw,1,1,True,0.7274305555555556,0.796875,0.06944444444444442
ECG200,4,0.25,96,24,0.25,linear_block,point,linear,minirocket,minirocket,1,1,False,0.9210069444444444,0.9210069444444444,0.0
ECG200,4,0.25,96,24,0.25,linear_block,linear_block,linear,minirocket,dtw,1,1,True,0.7274305555555556,0.796875,0.06944444444444442
ECG200,4,0.3,96,28,0.2916666666666667,point,linear_block,linear,minirocket,dtw,1,1,True,0.6883680555555556,0.78125,0.09288194444444442
ECG200,4,0.3,96,28,0.2916666666666667,linear_block,point,linear,minirocket,minirocket,1,1,False,0.9131944444444444,0.9131944444444444,0.0
ECG200,4,0.3,96,28,0.2916666666666667,linear_block,linear_block,linear,minirocket,dtw,1,1,True,0.6883680555555556,0.78125,0.09288194444444442
ECG200,5,0.05,96,4,0.041666666666666664,point,linear_block,linear,minirocket,minirocket,1,1,False,0.8619791666666667,0.8619791666666667,0.0
ECG200,5,0.05,96,4,0.041666666666666664,linear_block,point,linear,minirocket,minirocket,1,1,False,0.8697916666666667,0.8697916666666667,0.0
ECG200,5,0.05,96,4,0.041666666666666664,linear_block,linear_block,linear,minirocket,minirocket,1,1,False,0.8619791666666667,0.8619791666666667,0.0
ECG200,5,0.1,96,9,0.09375,point,linear_block,linear,minirocket,minirocket,1,1,False,0.8619791666666667,0.8619791666666667,0.0
ECG200,5,0.1,96,9,0.09375,linear_block,point,linear,minirocket,minirocket,1,1,False,0.8836805555555556,0.8836805555555556,0.0
ECG200,5,0.1,96,9,0.09375,linear_block,linear_block,linear,minirocket,minirocket,1,1,False,0.8619791666666667,0.8619791666666667,0.0
ECG200,5,0.15,96,14,0.14583333333333334,point,linear_block,linear,minirocket,minirocket,1,1,False,0.8090277777777778,0.8090277777777778,0.0
ECG200,5,0.15,96,14,0.14583333333333334,linear_block,point,linear,minirocket,minirocket,1,1,False,0.8697916666666667,0.8697916666666667,0.0
ECG200,5,0.15,96,14,0.14583333333333334,linear_block,linear_block,linear,minirocket,minirocket,1,1,False,0.8090277777777778,0.8090277777777778,0.0
ECG200,5,0.2,96,19,0.19791666666666666,point,linear_block,linear,minirocket,dtw,1,1,True,0.7543402777777778,0.8107638888888888,0.05642361111111105
ECG200,5,0.2,96,19,0.19791666666666666,linear_block,point,linear,minirocket,minirocket,1,1,False,0.8975694444444444,0.8975694444444444,0.0
ECG200,5,0.2,96,19,0.19791666666666666,linear_block,linear_block,linear,minirocket,dtw,1,1,True,0.7543402777777778,0.8107638888888888,0.05642361111111105
ECG200,5,0.25,96,24,0.25,point,linear_block,linear,minirocket,dtw,1,1,True,0.7430555555555556,0.78125,0.03819444444444442
ECG200,5,0.25,96,24,0.25,linear_block,point,linear,minirocket,minirocket,1,1,False,0.8914930555555556,0.8914930555555556,0.0
ECG200,5,0.25,96,24,0.25,linear_block,linear_block,linear,minirocket,dtw,1,1,True,0.7430555555555556,0.78125,0.03819444444444442
ECG200,5,0.3,96,28,0.2916666666666667,point,linear_block,linear,minirocket,stat_rf,1,1,True,0.7118055555555556,0.7439236111111112,0.03211805555555558
ECG200,5,0.3,96,28,0.2916666666666667,linear_block,point,linear,minirocket,minirocket,1,1,False,0.8697916666666667,0.8697916666666667,0.0
ECG200,5,0.3,96,28,0.2916666666666667,linear_block,linear_block,linear,minirocket,stat_rf,1,1,True,0.7118055555555556,0.7439236111111112,0.03211805555555558
ECG5000,1,0.05,140,7,0.05,point,linear_block,linear,dtw,minirocket,1,1,True,0.527283189515179,0.537861856084971,0.010578666569791895
ECG5000,1,0.05,140,7,0.05,linear_block,point,linear,dtw,minirocket,1,1,True,0.5243908492420256,0.539256285554872,0.014865436312846425
ECG5000,1,0.05,140,7,0.05,linear_block,linear_block,linear,dtw,minirocket,1,1,True,0.527283189515179,0.537861856084971,0.010578666569791895
ECG5000,1,0.1,140,14,0.1,point,linear_block,linear,dtw,minirocket,1,1,True,0.5217765636685228,0.527808415271214,0.006031851602691263
ECG5000,1,0.1,140,14,0.1,linear_block,point,linear,minirocket,minirocket,1,1,False,0.541707653113743,0.541707653113743,0.0
ECG5000,1,0.1,140,14,0.1,linear_block,linear_block,linear,minirocket,minirocket,1,1,False,0.527808415271214,0.527808415271214,0.0
ECG5000,1,0.15,140,21,0.15,point,linear_block,linear,dtw,minirocket,1,1,True,0.5167664747520998,0.5309857122595846,0.014219237507484772
ECG5000,1,0.15,140,21,0.15,linear_block,point,linear,minirocket,minirocket,1,1,False,0.5391304993913502,0.5391304993913502,0.0
ECG5000,1,0.15,140,21,0.15,linear_block,linear_block,linear,minirocket,minirocket,1,1,False,0.5309857122595846,0.5309857122595846,0.0
ECG5000,1,0.2,140,28,0.2,point,linear_block,linear,dtw,minirocket,1,1,True,0.5135192572981324,0.5212063250826237,0.007687067784491242
ECG5000,1,0.2,140,28,0.2,linear_block,point,linear,minirocket,minirocket,1,1,False,0.541707653113743,0.541707653113743,0.0
ECG5000,1,0.2,140,28,0.2,linear_block,linear_block,linear,minirocket,minirocket,1,1,False,0.5212063250826237,0.5212063250826237,0.0
ECG5000,1,0.25,140,35,0.25,point,linear_block,linear,dtw,minirocket,1,1,True,0.501807752796709,0.5228583624048895,0.021050609608180504
ECG5000,1,0.25,140,35,0.25,linear_block,point,linear,minirocket,minirocket,1,1,False,0.5450503054884269,0.5450503054884269,0.0
ECG5000,1,0.25,140,35,0.25,linear_block,linear_block,linear,minirocket,minirocket,1,1,False,0.5228583624048895,0.5228583624048895,0.0
ECG5000,1,0.3,140,42,0.3,point,linear_block,linear,dtw,minirocket,1,1,True,0.49765168824746475,0.5116728461194344,0.01402115787196967
ECG5000,1,0.3,140,42,0.3,linear_block,point,linear,minirocket,minirocket,1,1,False,0.5369705712691577,0.5369705712691577,0.0
ECG5000,1,0.3,140,42,0.3,linear_block,linear_block,linear,minirocket,minirocket,1,1,False,0.5116728461194344,0.5116728461194344,0.0
ECG5000,2,0.05,140,7,0.05,point,linear_block,linear,minirocket,minirocket,1,1,False,0.5383629806918251,0.5383629806918251,0.0
ECG5000,2,0.05,140,7,0.05,linear_block,point,linear,dtw,minirocket,1,1,True,0.5336816723761826,0.5360870529894997,0.0024053806133170763
ECG5000,2,0.05,140,7,0.05,linear_block,linear_block,linear,dtw,minirocket,1,1,True,0.5315059221452809,0.5383629806918251,0.00685705854654417
ECG5000,2,0.1,140,14,0.1,point,linear_block,linear,minirocket,minirocket,1,1,False,0.5291246922233827,0.5291246922233827,0.0
ECG5000,2,0.1,140,14,0.1,linear_block,point,linear,minirocket,minirocket,1,1,False,0.5359612668259777,0.5359612668259777,0.0
ECG5000,2,0.1,140,14,0.1,linear_block,linear_block,linear,minirocket,minirocket,1,1,False,0.5291246922233827,0.5291246922233827,0.0
ECG5000,2,0.15,140,21,0.15,point,linear_block,linear,dtw,minirocket,1,1,True,0.5153123405857679,0.5225752581077686,0.0072629175220007
ECG5000,2,0.15,140,21,0.15,linear_block,point,linear,minirocket,minirocket,1,1,False,0.5385746859092346,0.5385746859092346,0.0
ECG5000,2,0.15,140,21,0.15,linear_block,linear_block,linear,minirocket,minirocket,1,1,False,0.5225752581077686,0.5225752581077686,0.0
ECG5000,2,0.2,140,28,0.2,point,linear_block,linear,minirocket,minirocket,1,1,False,0.5134317073591156,0.5134317073591156,0.0
ECG5000,2,0.2,140,28,0.2,linear_block,point,linear,dtw,minirocket,1,1,True,0.5223331094785711,0.5340032573378061,0.011670147859234925
ECG5000,2,0.2,140,28,0.2,linear_block,linear_block,linear,dtw,minirocket,1,1,True,0.5001763136006844,0.5134317073591156,0.013255393758431211
ECG5000,2,0.25,140,35,0.25,point,linear_block,linear,minirocket,minirocket,1,1,False,0.5143586853372588,0.5143586853372588,0.0
ECG5000,2,0.25,140,35,0.25,linear_block,point,linear,dtw,minirocket,1,1,True,0.526050513682821,0.5363121465390683,0.010261632856247371
ECG5000,2,0.25,140,35,0.25,linear_block,linear_block,linear,dtw,minirocket,1,1,True,0.4931827315063847,0.5143586853372588,0.021175953830874117
ECG5000,2,0.3,140,42,0.3,point,linear_block,linear,dtw,minirocket,1,1,True,0.4884682559739447,0.5101857314025735,0.021717475428628785
ECG5000,2,0.3,140,42,0.3,linear_block,point,linear,dtw,minirocket,1,1,True,0.5208550254420138,0.5376569223159462,0.01680189687393241
ECG5000,2,0.3,140,42,0.3,linear_block,linear_block,linear,dtw,minirocket,1,1,True,0.4884682559739447,0.5101857314025735,0.021717475428628785
ECG5000,3,0.05,140,7,0.05,point,linear_block,linear,stat_rf,dtw,1,1,True,0.46310632356293596,0.536380677499478,0.07327435393654208
ECG5000,3,0.05,140,7,0.05,linear_block,point,linear,minirocket,minirocket,1,1,False,0.5509184378452466,0.5509184378452466,0.0
ECG5000,3,0.05,140,7,0.05,linear_block,linear_block,linear,minirocket,dtw,1,1,True,0.532776486773063,0.536380677499478,0.0036041907264150463
ECG5000,3,0.1,140,14,0.1,point,linear_block,linear,stat_rf,minirocket,1,1,True,0.45664884762166125,0.523010883647214,0.0663620360255528
ECG5000,3,0.1,140,14,0.1,linear_block,point,linear,minirocket,dtw,1,1,True,0.5354045780031726,0.5466733118111224,0.011268733807949793
ECG5000,3,0.1,140,14,0.1,linear_block,linear_block,linear,minirocket,minirocket,1,1,False,0.523010883647214,0.523010883647214,0.0
ECG5000,3,0.15,140,21,0.15,point,linear_block,linear,minirocket,minirocket,1,1,False,0.520473894921299,0.520473894921299,0.0
ECG5000,3,0.15,140,21,0.15,linear_block,point,linear,minirocket,dtw,1,1,True,0.5419931820274941,0.5524905066602253,0.01049732463273112
ECG5000,3,0.15,140,21,0.15,linear_block,linear_block,linear,minirocket,minirocket,1,1,False,0.520473894921299,0.520473894921299,0.0
ECG5000,3,0.2,140,28,0.2,point,linear_block,linear,dtw,minirocket,1,1,True,0.5074757992670593,0.5169123610019482,0.009436561734888826
ECG5000,3,0.2,140,28,0.2,linear_block,point,linear,minirocket,minirocket,1,1,False,0.5431360391703512,0.5431360391703512,0.0
ECG5000,3,0.2,140,28,0.2,linear_block,linear_block,linear,minirocket,minirocket,1,1,False,0.5169123610019482,0.5169123610019482,0.0
ECG5000,3,0.25,140,35,0.25,point,linear_block,linear,minirocket,minirocket,1,1,False,0.5123999255107907,0.5123999255107907,0.0
ECG5000,3,0.25,140,35,0.25,linear_block,point,linear,dtw,minirocket,1,1,True,0.53647607895337,0.5433016924435077,0.006825613490137661
ECG5000,3,0.25,140,35,0.25,linear_block,linear_block,linear,dtw,minirocket,1,1,True,0.5030393748391387,0.5123999255107907,0.00936055067165198
ECG5000,3,0.3,140,42,0.3,point,linear_block,linear,minirocket,minirocket,1,1,False,0.5049575950061337,0.5049575950061337,0.0
ECG5000,3,0.3,140,42,0.3,linear_block,point,linear,minirocket,minirocket,1,1,False,0.5384388244354006,0.5384388244354006,0.0
ECG5000,3,0.3,140,42,0.3,linear_block,linear_block,linear,minirocket,minirocket,1,1,False,0.5049575950061337,0.5049575950061337,0.0
ECG5000,4,0.05,140,7,0.05,point,linear_block,linear,minirocket,minirocket,1,1,False,0.5804971589313127,0.5804971589313127,0.0
ECG5000,4,0.05,140,7,0.05,linear_block,point,linear,stat_rf,minirocket,1,1,True,0.4753798299762244,0.5760116494137717,0.10063181943754729
ECG5000,4,0.05,140,7,0.05,linear_block,linear_block,linear,stat_rf,minirocket,1,1,True,0.4828247372701884,0.5804971589313127,0.09767242166112433
ECG5000,4,0.1,140,14,0.1,point,linear_block,linear,minirocket,minirocket,1,1,False,0.5714607890968909,0.5714607890968909,0.0
ECG5000,4,0.1,140,14,0.1,linear_block,point,linear,stat_rf,minirocket,1,1,True,0.48210889231092063,0.5780457913724418,0.0959368990615212
ECG5000,4,0.1,140,14,0.1,linear_block,linear_block,linear,stat_rf,minirocket,1,1,True,0.48276343541576006,0.5714607890968909,0.08869735368113085
ECG5000,4,0.15,140,21,0.15,point,linear_block,linear,minirocket,minirocket,1,1,False,0.5590141371859818,0.5590141371859818,0.0
ECG5000,4,0.15,140,21,0.15,linear_block,point,linear,stat_rf,minirocket,1,1,True,0.4725511039267876,0.5731829233643347,0.10063181943754712
ECG5000,4,0.15,140,21,0.15,linear_block,linear_block,linear,stat_rf,minirocket,1,1,True,0.4699908188780625,0.5590141371859818,0.08902331830791932
ECG5000,4,0.2,140,28,0.2,point,linear_block,linear,stat_rf,minirocket,1,1,True,0.4662395866846299,0.5506244189178513,0.08438483223322141
ECG5000,4,0.2,140,28,0.2,linear_block,point,linear,minirocket,minirocket,1,1,False,0.5735106281618775,0.5735106281618775,0.0
ECG5000,4,0.2,140,28,0.2,linear_block,linear_block,linear,minirocket,minirocket,1,1,False,0.5506244189178513,0.5506244189178513,0.0
ECG5000,4,0.25,140,35,0.25,point,linear_block,linear,minirocket,minirocket,1,1,False,0.5437747394547079,0.5437747394547079,0.0
ECG5000,4,0.25,140,35,0.25,linear_block,point,linear,minirocket,minirocket,1,1,False,0.5771545065566287,0.5771545065566287,0.0
ECG5000,4,0.25,140,35,0.25,linear_block,linear_block,linear,minirocket,minirocket,1,1,False,0.5437747394547079,0.5437747394547079,0.0
ECG5000,4,0.3,140,42,0.3,point,linear_block,linear,minirocket,minirocket,1,1,False,0.5413912679526088,0.5413912679526088,0.0
ECG5000,4,0.3,140,42,0.3,linear_block,point,linear,minirocket,minirocket,1,1,False,0.5716022723667292,0.5716022723667292,0.0
ECG5000,4,0.3,140,42,0.3,linear_block,linear_block,linear,minirocket,minirocket,1,1,False,0.5413912679526088,0.5413912679526088,0.0
ECG5000,5,0.05,140,7,0.05,point,linear_block,linear,dtw,minirocket,1,1,True,0.5400810046107897,0.555420923028485,0.01533991841769533
ECG5000,5,0.05,140,7,0.05,linear_block,point,linear,dtw,minirocket,1,1,True,0.5456287669665418,0.5559240676825731,0.010295300716031242
ECG5000,5,0.05,140,7,0.05,linear_block,linear_block,linear,dtw,minirocket,1,1,True,0.5400810046107897,0.555420923028485,0.01533991841769533
ECG5000,5,0.1,140,14,0.1,point,linear_block,linear,dtw,minirocket,1,1,True,0.538493999489247,0.5523697100904796,0.013875710601232605
ECG5000,5,0.1,140,14,0.1,linear_block,point,linear,dtw,minirocket,1,1,True,0.5428738646134466,0.5595447711617764,0.01667090654832981
ECG5000,5,0.1,140,14,0.1,linear_block,linear_block,linear,dtw,minirocket,1,1,True,0.538493999489247,0.5523697100904796,0.013875710601232605
ECG5000,5,0.15,140,21,0.15,point,linear_block,linear,dtw,minirocket,1,1,True,0.5357143585294306,0.5390958104767102,0.003381451947279568
ECG5000,5,0.15,140,21,0.15,linear_block,point,linear,dtw,minirocket,1,1,True,0.535176085721284,0.5522801892878217,0.0171041035665378
ECG5000,5,0.15,140,21,0.15,linear_block,linear_block,linear,dtw,minirocket,1,1,True,0.5357143585294306,0.5390958104767102,0.003381451947279568
ECG5000,5,0.2,140,28,0.2,point,linear_block,linear,dtw,minirocket,1,1,True,0.5199717055569079,0.5240279817968327,0.004056276239924883
ECG5000,5,0.2,140,28,0.2,linear_block,point,linear,dtw,minirocket,1,1,True,0.5375320219545695,0.5478708122407793,0.010338790286209765
ECG5000,5,0.2,140,28,0.2,linear_block,linear_block,linear,dtw,minirocket,1,1,True,0.5199717055569079,0.5240279817968327,0.004056276239924883
ECG5000,5,0.25,140,35,0.25,point,linear_block,linear,dtw,minirocket,1,1,True,0.5149295252269253,0.5236952329666085,0.008765707739683215
ECG5000,5,0.25,140,35,0.25,linear_block,point,linear,dtw,minirocket,1,1,True,0.5406387991085257,0.5535984862872242,0.012959687178698442
ECG5000,5,0.25,140,35,0.25,linear_block,linear_block,linear,dtw,minirocket,1,1,True,0.5149295252269253,0.5236952329666085,0.008765707739683215
ECG5000,5,0.3,140,42,0.3,point,linear_block,linear,dtw,minirocket,1,1,True,0.5079936911203403,0.5143248484976325,0.006331157377292174
ECG5000,5,0.3,140,42,0.3,linear_block,point,linear,dtw,minirocket,1,1,True,0.5289651380743718,0.5583257815484205,0.029360643474048653
ECG5000,5,0.3,140,42,0.3,linear_block,linear_block,linear,dtw,minirocket,1,1,True,0.5079936911203403,0.5143248484976325,0.006331157377292174
ECGFiveDays,1,0.05,136,6,0.04411764705882353,point,linear_block,linear,minirocket,minirocket,1,1,False,0.9941588785046729,0.9941588785046729,0.0
ECGFiveDays,1,0.05,136,6,0.04411764705882353,linear_block,point,linear,minirocket,minirocket,1,1,False,1.0,1.0,0.0
ECGFiveDays,1,0.05,136,6,0.04411764705882353,linear_block,linear_block,linear,minirocket,minirocket,1,1,False,0.9941588785046729,0.9941588785046729,0.0
ECGFiveDays,1,0.1,136,13,0.09558823529411764,point,linear_block,linear,minirocket,minirocket,1,1,False,0.9556344564114739,0.9556344564114739,0.0
ECGFiveDays,1,0.1,136,13,0.09558823529411764,linear_block,point,linear,minirocket,minirocket,1,1,False,0.9988317757009346,0.9988317757009346,0.0
ECGFiveDays,1,0.1,136,13,0.09558823529411764,linear_block,linear_block,linear,minirocket,minirocket,1,1,False,0.9556344564114739,0.9556344564114739,0.0
ECGFiveDays,1,0.15,136,20,0.14705882352941177,point,linear_block,linear,minirocket,minirocket,1,1,False,0.9217964214025167,0.9217964214025167,0.0
ECGFiveDays,1,0.15,136,20,0.14705882352941177,linear_block,point,linear,minirocket,minirocket,1,1,False,0.9964953271028038,0.9964953271028038,0.0
ECGFiveDays,1,0.15,136,20,0.14705882352941177,linear_block,linear_block,linear,minirocket,minirocket,1,1,False,0.9217964214025167,0.9217964214025167,0.0
ECGFiveDays,1,0.2,136,27,0.19852941176470587,point,linear_block,linear,minirocket,minirocket,1,1,False,0.896284345254797,0.896284345254797,0.0
ECGFiveDays,1,0.2,136,27,0.19852941176470587,linear_block,point,linear,minirocket,minirocket,1,1,False,0.9964953271028038,0.9964953271028038,0.0
ECGFiveDays,1,0.2,136,27,0.19852941176470587,linear_block,linear_block,linear,minirocket,minirocket,1,1,False,0.896284345254797,0.896284345254797,0.0
ECGFiveDays,1,0.25,136,34,0.25,point,linear_block,linear,minirocket,minirocket,1,1,False,0.8475426820055686,0.8475426820055686,0.0
ECGFiveDays,1,0.25,136,34,0.25,linear_block,point,linear,minirocket,minirocket,1,1,False,0.9929906542056075,0.9929906542056075,0.0
ECGFiveDays,1,0.25,136,34,0.25,linear_block,linear_block,linear,minirocket,minirocket,1,1,False,0.8475426820055686,0.8475426820055686,0.0
ECGFiveDays,1,0.3,136,40,0.29411764705882354,point,linear_block,linear,minirocket,minirocket,1,1,False,0.8019009950141374,0.8019009950141374,0.0
ECGFiveDays,1,0.3,136,40,0.29411764705882354,linear_block,point,linear,minirocket,minirocket,1,1,False,0.9906542056074766,0.9906542056074766,0.0
ECGFiveDays,1,0.3,136,40,0.29411764705882354,linear_block,linear_block,linear,minirocket,minirocket,1,1,False,0.8019009950141374,0.8019009950141374,0.0
ECGFiveDays,2,0.05,136,6,0.04411764705882353,point,linear_block,linear,dtw,minirocket,2,1,True,0.7488695473872784,0.9953540825796983,0.24648453519241986
ECGFiveDays,2,0.05,136,6,0.04411764705882353,linear_block,point,linear,dtw,minirocket,2,1,True,0.7476743433122531,1.0,0.25232565668774687
ECGFiveDays,2,0.05,136,6,0.04411764705882353,linear_block,linear_block,linear,dtw,minirocket,2,1,True,0.7488695473872784,0.9953540825796983,0.24648453519241986
ECGFiveDays,2,0.1,136,13,0.09558823529411764,point,linear_block,linear,minirocket,minirocket,2,1,False,0.956937579590339,0.956937579590339,0.0
ECGFiveDays,2,0.1,136,13,0.09558823529411764,linear_block,point,linear,dtw,minirocket,2,1,True,0.7407729166217004,0.9988452655889146,0.2580723489672142
ECGFiveDays,2,0.1,136,13,0.09558823529411764,linear_block,linear_block,linear,dtw,minirocket,2,1,True,0.7267542250329153,0.956937579590339,0.23018335455742367
ECGFiveDays,2,0.15,136,20,0.14705882352941177,point,linear_block,linear,minirocket,minirocket,1,1,False,0.9244701172001468,0.9244701172001468,0.0
ECGFiveDays,2,0.15,136,20,0.14705882352941177,linear_block,point,linear,dtw,minirocket,2,1,True,0.7349992445662732,0.9988317757009346,0.26383253113466143
ECGFiveDays,2,0.15,136,20,0.14705882352941177,linear_block,linear_block,linear,dtw,minirocket,2,1,True,0.7081570654637284,0.9244701172001468,0.21631305173641846
ECGFiveDays,2,0.2,136,27,0.19852941176470587,point,linear_block,linear,minirocket,minirocket,1,1,False,0.8816505147741254,0.8816505147741254,0.0
ECGFiveDays,2,0.2,136,27,0.19852941176470587,linear_block,point,linear,minirocket,minirocket,1,1,False,0.9941858582806329,0.9941858582806329,0.0
ECGFiveDays,2,0.2,136,27,0.19852941176470587,linear_block,linear_block,linear,minirocket,minirocket,1,1,False,0.8816505147741254,0.8816505147741254,0.0
ECGFiveDays,2,0.25,136,34,0.25,point,linear_block,linear,minirocket,minirocket,1,1,False,0.8444561956357515,0.8444561956357515,0.0
ECGFiveDays,2,0.25,136,34,0.25,linear_block,point,linear,minirocket,minirocket,2,1,False,0.9941588785046729,0.9941588785046729,0.0
ECGFiveDays,2,0.25,136,34,0.25,linear_block,linear_block,linear,minirocket,minirocket,2,1,False,0.8444561956357515,0.8444561956357515,0.0
ECGFiveDays,2,0.3,136,40,0.29411764705882354,point,linear_block,linear,minirocket,minirocket,1,1,False,0.7956335930586432,0.7956335930586432,0.0
ECGFiveDays,2,0.3,136,40,0.29411764705882354,linear_block,point,linear,dtw,minirocket,2,1,True,0.692058233148432,0.9918494096825019,0.29979117653406995
ECGFiveDays,2,0.3,136,40,0.29411764705882354,linear_block,linear_block,linear,dtw,minirocket,2,1,True,0.6209988992251408,0.7956335930586432,0.17463469383350239
ECGFiveDays,3,0.05,136,6,0.04411764705882353,point,linear_block,linear,minirocket,minirocket,1,1,False,0.9906946752714165,0.9906946752714165,0.0
ECGFiveDays,3,0.05,136,6,0.04411764705882353,linear_block,point,linear,minirocket,minirocket,1,1,False,0.9988317757009346,0.9988317757009346,0.0
ECGFiveDays,3,0.05,136,6,0.04411764705882353,linear_block,linear_block,linear,minirocket,minirocket,1,1,False,0.9906946752714165,0.9906946752714165,0.0
ECGFiveDays,3,0.1,136,13,0.09558823529411764,point,linear_block,linear,minirocket,minirocket,1,1,False,0.9568971099263992,0.9568971099263992,0.0
ECGFiveDays,3,0.1,136,13,0.09558823529411764,linear_block,point,linear,minirocket,minirocket,1,1,False,0.9988317757009346,0.9988317757009346,0.0
ECGFiveDays,3,0.1,136,13,0.09558823529411764,linear_block,linear_block,linear,minirocket,minirocket,1,1,False,0.9568971099263992,0.9568971099263992,0.0
ECGFiveDays,3,0.15,136,20,0.14705882352941177,point,linear_block,linear,minirocket,minirocket,1,1,False,0.9208035656471909,0.9208035656471909,0.0
ECGFiveDays,3,0.15,136,20,0.14705882352941177,linear_block,point,linear,minirocket,minirocket,1,1,False,0.9964953271028038,0.9964953271028038,0.0
ECGFiveDays,3,0.15,136,20,0.14705882352941177,linear_block,linear_block,linear,minirocket,minirocket,1,1,False,0.9208035656471909,0.9208035656471909,0.0
ECGFiveDays,3,0.2,136,27,0.19852941176470587,point,linear_block,linear,minirocket,minirocket,1,1,False,0.8939209168807063,0.8939209168807063,0.0
ECGFiveDays,3,0.2,136,27,0.19852941176470587,linear_block,point,linear,minirocket,minirocket,1,1,False,0.9906676954954566,0.9906676954954566,0.0
ECGFiveDays,3,0.2,136,27,0.19852941176470587,linear_block,linear_block,linear,minirocket,minirocket,1,1,False,0.8939209168807063,0.8939209168807063,0.0
ECGFiveDays,3,0.25,136,34,0.25,point,linear_block,linear,minirocket,minirocket,1,1,False,0.8472998640219291,0.8472998640219291,0.0
ECGFiveDays,3,0.25,136,34,0.25,linear_block,point,linear,minirocket,minirocket,1,1,False,0.9918224299065421,0.9918224299065421,0.0
ECGFiveDays,3,0.25,136,34,0.25,linear_block,linear_block,linear,minirocket,minirocket,1,1,False,0.8472998640219291,0.8472998640219291,0.0
ECGFiveDays,3,0.3,136,40,0.29411764705882354,point,linear_block,linear,minirocket,minirocket,1,1,False,0.7936289957048197,0.7936289957048197,0.0
ECGFiveDays,3,0.3,136,40,0.29411764705882354,linear_block,point,linear,minirocket,minirocket,1,1,False,0.9825171051779586,0.9825171051779586,0.0
ECGFiveDays,3,0.3,136,40,0.29411764705882354,linear_block,linear_block,linear,minirocket,minirocket,1,1,False,0.7936289957048197,0.7936289957048197,0.0
ECGFiveDays,4,0.05,136,6,0.04411764705882353,point,linear_block,linear,minirocket,minirocket,1,1,False,0.9872304720381602,0.9872304720381602,0.0
ECGFiveDays,4,0.05,136,6,0.04411764705882353,linear_block,point,linear,minirocket,minirocket,1,1,False,0.9976635514018692,0.9976635514018692,0.0
ECGFiveDays,4,0.05,136,6,0.04411764705882353,linear_block,linear_block,linear,minirocket,minirocket,1,1,False,0.9872304720381602,0.9872304720381602,0.0
ECGFiveDays,4,0.1,136,13,0.09558823529411764,point,linear_block,linear,minirocket,minirocket,1,1,False,0.9536082752368824,0.9536082752368824,0.0
ECGFiveDays,4,0.1,136,13,0.09558823529411764,linear_block,point,linear,minirocket,minirocket,1,1,False,0.9988317757009346,0.9988317757009346,0.0
ECGFiveDays,4,0.1,136,13,0.09558823529411764,linear_block,linear_block,linear,minirocket,minirocket,1,1,False,0.9536082752368824,0.9536082752368824,0.0
ECGFiveDays,4,0.15,136,20,0.14705882352941177,point,linear_block,linear,minirocket,minirocket,1,1,False,0.9247399149597462,0.9247399149597462,0.0
ECGFiveDays,4,0.15,136,20,0.14705882352941177,linear_block,point,linear,minirocket,minirocket,1,1,False,0.9988317757009346,0.9988317757009346,0.0
ECGFiveDays,4,0.15,136,20,0.14705882352941177,linear_block,linear_block,linear,minirocket,minirocket,1,1,False,0.9247399149597462,0.9247399149597462,0.0
ECGFiveDays,4,0.2,136,27,0.19852941176470587,point,linear_block,linear,minirocket,minirocket,1,1,False,0.8821091709654443,0.8821091709654443,0.0
ECGFiveDays,4,0.2,136,27,0.19852941176470587,linear_block,point,linear,minirocket,minirocket,2,1,False,0.9964953271028038,0.9964953271028038,0.0
ECGFiveDays,4,0.2,136,27,0.19852941176470587,linear_block,linear_block,linear,minirocket,minirocket,2,1,False,0.8821091709654443,0.8821091709654443,0.0
ECGFiveDays,4,0.25,136,34,0.25,point,linear_block,linear,minirocket,minirocket,1,1,False,0.8300516932507392,0.8300516932507392,0.0
ECGFiveDays,4,0.25,136,34,0.25,linear_block,point,linear,dtw,minirocket,2,1,True,0.7280033886598606,0.9941723683926529,0.2661689797327923
ECGFiveDays,4,0.25,136,34,0.25,linear_block,linear_block,linear,dtw,minirocket,2,1,True,0.6370977315404374,0.8300516932507392,0.19295396171030188
ECGFiveDays,4,0.3,136,40,0.29411764705882354,point,linear_block,linear,minirocket,minirocket,1,1,False,0.7942549265070903,0.7942549265070903,0.0
ECGFiveDays,4,0.3,136,40,0.29411764705882354,linear_block,point,linear,dtw,minirocket,1,1,True,0.7257343895016295,0.9953271028037383,0.26959271330210877
ECGFiveDays,4,0.3,136,40,0.29411764705882354,linear_block,linear_block,linear,dtw,minirocket,1,1,True,0.6103769614297123,0.7942549265070903,0.18387796507737797
ECGFiveDays,5,0.05,136,6,0.04411764705882353,point,linear_block,linear,minirocket,minirocket,1,1,False,0.9918628995704819,0.9918628995704819,0.0
ECGFiveDays,5,0.05,136,6,0.04411764705882353,linear_block,point,linear,minirocket,minirocket,1,1,False,0.9918494096825019,0.9918494096825019,0.0
ECGFiveDays,5,0.05,136,6,0.04411764705882353,linear_block,linear_block,linear,minirocket,minirocket,1,1,False,0.9918628995704819,0.9918628995704819,0.0
ECGFiveDays,5,0.1,136,13,0.09558823529411764,point,linear_block,linear,minirocket,minirocket,1,1,False,0.9626707819818264,0.9626707819818264,0.0
ECGFiveDays,5,0.1,136,13,0.09558823529411764,linear_block,point,linear,minirocket,minirocket,1,1,False,0.9918359197945221,0.9918359197945221,0.0
ECGFiveDays,5,0.1,136,13,0.09558823529411764,linear_block,linear_block,linear,minirocket,minirocket,1,1,False,0.9626707819818264,0.9626707819818264,0.0
ECGFiveDays,5,0.15,136,20,0.14705882352941177,point,linear_block,linear,minirocket,minirocket,1,1,False,0.9125315663378731,0.9125315663378731,0.0
ECGFiveDays,5,0.15,136,20,0.14705882352941177,linear_block,point,linear,minirocket,minirocket,1,1,False,0.9941723683926529,0.9941723683926529,0.0
ECGFiveDays,5,0.15,136,20,0.14705882352941177,linear_block,linear_block,linear,minirocket,minirocket,1,1,False,0.9125315663378731,0.9125315663378731,0.0
ECGFiveDays,5,0.2,136,27,0.19852941176470587,point,linear_block,linear,minirocket,minirocket,1,1,False,0.860082881871749,0.860082881871749,0.0
ECGFiveDays,5,0.2,136,27,0.19852941176470587,linear_block,point,linear,dtw,minirocket,3,1,True,0.7116347585849647,0.9918359197945221,0.2802011612095574
ECGFiveDays,5,0.2,136,27,0.19852941176470587,linear_block,linear_block,linear,dtw,minirocket,3,1,True,0.6267186117286482,0.860082881871749,0.2333642701431008
ECGFiveDays,5,0.25,136,34,0.25,point,linear_block,linear,minirocket,minirocket,1,1,False,0.8052707690315339,0.8052707690315339,0.0
ECGFiveDays,5,0.25,136,34,0.25,linear_block,point,linear,stat_rf,minirocket,2,1,True,0.6271098184800673,0.9883582266732858,0.36124840819321846
ECGFiveDays,5,0.25,136,34,0.25,linear_block,linear_block,linear,stat_rf,minirocket,2,1,True,0.6295946558459778,0.8052707690315339,0.1756761131855561
ECGFiveDays,5,0.3,136,40,0.29411764705882354,point,linear_block,linear,minirocket,minirocket,1,1,False,0.7434493103969264,0.7434493103969264,0.0
ECGFiveDays,5,0.3,136,40,0.29411764705882354,linear_block,point,linear,minirocket,minirocket,2,1,False,0.9883447367853058,0.9883447367853058,0.0
ECGFiveDays,5,0.3,136,40,0.29411764705882354,linear_block,linear_block,linear,minirocket,minirocket,2,1,False,0.7434493103969264,0.7434493103969264,0.0
FaceFour,1,0.05,350,17,0.04857142857142857,point,linear_block,linear,minirocket,minirocket,2,1,False,0.9790209790209791,0.9790209790209791,0.0
FaceFour,1,0.05,350,17,0.04857142857142857,linear_block,point,linear,minirocket,minirocket,2,1,False,0.9790209790209791,0.9790209790209791,0.0
FaceFour,1,0.05,350,17,0.04857142857142857,linear_block,linear_block,linear,minirocket,minirocket,2,1,False,0.9790209790209791,0.9790209790209791,0.0
FaceFour,1,0.1,350,35,0.1,point,linear_block,linear,dtw,minirocket,2,1,True,0.7246503496503496,0.9807692307692308,0.25611888111888126
FaceFour,1,0.1,350,35,0.1,linear_block,point,linear,dtw,minirocket,2,1,True,0.826048951048951,0.9790209790209791,0.15297202797202802
FaceFour,1,0.1,350,35,0.1,linear_block,linear_block,linear,dtw,minirocket,2,1,True,0.7246503496503496,0.9807692307692308,0.25611888111888126
FaceFour,1,0.15,350,52,0.14857142857142858,point,linear_block,linear,minirocket,minirocket,1,1,False,0.9052197802197802,0.9052197802197802,0.0
FaceFour,1,0.15,350,52,0.14857142857142858,linear_block,point,linear,minirocket,minirocket,1,1,False,0.9790209790209791,0.9790209790209791,0.0
FaceFour,1,0.15,350,52,0.14857142857142858,linear_block,linear_block,linear,minirocket,minirocket,1,1,False,0.9052197802197802,0.9052197802197802,0.0
FaceFour,1,0.2,350,70,0.2,point,linear_block,linear,minirocket,minirocket,2,1,False,0.7928321678321678,0.7928321678321678,0.0
FaceFour,1,0.2,350,70,0.2,linear_block,point,linear,minirocket,minirocket,1,1,False,0.9790209790209791,0.9790209790209791,0.0
FaceFour,1,0.2,350,70,0.2,linear_block,linear_block,linear,minirocket,minirocket,1,1,False,0.7928321678321678,0.7928321678321678,0.0
FaceFour,1,0.25,350,87,0.24857142857142858,point,linear_block,linear,dtw,minirocket,2,1,True,0.5023726273726274,0.653096903096903,0.1507242757242756
FaceFour,1,0.25,350,87,0.24857142857142858,linear_block,point,linear,dtw,minirocket,1,1,True,0.8452797202797202,0.9790209790209791,0.13374125874125886
FaceFour,1,0.25,350,87,0.24857142857142858,linear_block,linear_block,linear,dtw,minirocket,1,1,True,0.5023726273726274,0.653096903096903,0.1507242757242756
FaceFour,1,0.3,350,105,0.3,point,linear_block,linear,dtw,minirocket,2,1,True,0.46353646353646355,0.532092907092907,0.06855644355644347
FaceFour,1,0.3,350,105,0.3,linear_block,point,linear,minirocket,minirocket,1,1,False,0.9790209790209791,0.9790209790209791,0.0
FaceFour,1,0.3,350,105,0.3,linear_block,linear_block,linear,minirocket,minirocket,1,1,False,0.532092907092907,0.532092907092907,0.0
FaceFour,2,0.05,350,17,0.04857142857142857,point,linear_block,linear,minirocket,minirocket,2,1,False,0.8924825174825175,0.8924825174825175,0.0
FaceFour,2,0.05,350,17,0.04857142857142857,linear_block,point,linear,minirocket,minirocket,2,1,False,0.9117132867132868,0.9117132867132868,0.0
FaceFour,2,0.05,350,17,0.04857142857142857,linear_block,linear_block,linear,minirocket,minirocket,2,1,False,0.8924825174825175,0.8924825174825175,0.0
FaceFour,2,0.1,350,35,0.1,point,linear_block,linear,minirocket,minirocket,2,1,False,0.8938561438561439,0.8938561438561439,0.0
FaceFour,2,0.1,350,35,0.1,linear_block,point,linear,minirocket,minirocket,1,1,False,0.9213286713286714,0.9213286713286714,0.0
FaceFour,2,0.1,350,35,0.1,linear_block,linear_block,linear,minirocket,minirocket,1,1,False,0.8938561438561439,0.8938561438561439,0.0
FaceFour,2,0.15,350,52,0.14857142857142858,point,linear_block,linear,dtw,minirocket,2,1,True,0.6783216783216782,0.8921078921078921,0.21378621378621387
FaceFour,2,0.15,350,52,0.14857142857142858,linear_block,point,linear,minirocket,minirocket,1,1,False,0.9117132867132868,0.9117132867132868,0.0
FaceFour,2,0.15,350,52,0.14857142857142858,linear_block,linear_block,linear,minirocket,minirocket,1,1,False,0.8921078921078921,0.8921078921078921,0.0
FaceFour,2,0.2,350,70,0.2,point,linear_block,linear,dtw,minirocket,2,1,True,0.6381118881118881,0.830919080919081,0.19280719280719283
FaceFour,2,0.2,350,70,0.2,linear_block,point,linear,minirocket,minirocket,1,1,False,0.9117132867132868,0.9117132867132868,0.0
FaceFour,2,0.2,350,70,0.2,linear_block,linear_block,linear,minirocket,minirocket,1,1,False,0.830919080919081,0.830919080919081,0.0
FaceFour,2,0.25,350,87,0.24857142857142858,point,linear_block,linear,dtw,minirocket,2,1,True,0.5655594405594405,0.6763236763236764,0.11076423576423589
FaceFour,2,0.25,350,87,0.24857142857142858,linear_block,point,linear,minirocket,minirocket,2,1,False,0.9117132867132868,0.9117132867132868,0.0
FaceFour,2,0.25,350,87,0.24857142857142858,linear_block,linear_block,linear,minirocket,minirocket,2,1,False,0.6763236763236764,0.6763236763236764,0.0
FaceFour,2,0.3,350,105,0.3,point,linear_block,linear,minirocket,minirocket,2,1,False,0.5389610389610389,0.5389610389610389,0.0
FaceFour,2,0.3,350,105,0.3,linear_block,point,linear,minirocket,minirocket,1,1,False,0.9230769230769231,0.9230769230769231,0.0
FaceFour,2,0.3,350,105,0.3,linear_block,linear_block,linear,minirocket,minirocket,1,1,False,0.5389610389610389,0.5389610389610389,0.0
FaceFour,3,0.05,350,17,0.04857142857142857,point,linear_block,linear,minirocket,minirocket,2,1,False,0.9484265734265734,0.9484265734265734,0.0
FaceFour,3,0.05,350,17,0.04857142857142857,linear_block,point,linear,minirocket,minirocket,2,1,False,0.9790209790209791,0.9790209790209791,0.0
FaceFour,3,0.05,350,17,0.04857142857142857,linear_block,linear_block,linear,minirocket,minirocket,2,1,False,0.9484265734265734,0.9484265734265734,0.0
FaceFour,3,0.1,350,35,0.1,point,linear_block,linear,minirocket,minirocket,2,1,False,0.9501748251748252,0.9501748251748252,0.0
FaceFour,3,0.1,350,35,0.1,linear_block,point,linear,dtw,minirocket,2,1,True,0.8356643356643356,0.9790209790209791,0.14335664335664344
FaceFour,3,0.1,350,35,0.1,linear_block,linear_block,linear,dtw,minirocket,2,1,True,0.7972027972027973,0.9501748251748252,0.1529720279720279
FaceFour,3,0.15,350,52,0.14857142857142858,point,linear_block,linear,dtw,minirocket,2,1,True,0.6573426573426573,0.9230769230769231,0.26573426573426584
FaceFour,3,0.15,350,52,0.14857142857142858,linear_block,point,linear,minirocket,minirocket,1,1,False,0.9790209790209791,0.9790209790209791,0.0
FaceFour,3,0.15,350,52,0.14857142857142858,linear_block,linear_block,linear,minirocket,minirocket,1,1,False,0.9230769230769231,0.9230769230769231,0.0
FaceFour,3,0.2,350,70,0.2,point,linear_block,linear,dtw,minirocket,2,1,True,0.5673076923076923,0.833041958041958,0.26573426573426573
FaceFour,3,0.2,350,70,0.2,linear_block,point,linear,minirocket,minirocket,1,1,False,0.9790209790209791,0.9790209790209791,0.0
FaceFour,3,0.2,350,70,0.2,linear_block,linear_block,linear,minirocket,minirocket,1,1,False,0.833041958041958,0.833041958041958,0.0
FaceFour,3,0.25,350,87,0.24857142857142858,point,linear_block,linear,dtw,minirocket,2,1,True,0.47215284715284717,0.7351398601398601,0.26298701298701294
FaceFour,3,0.25,350,87,0.24857142857142858,linear_block,point,linear,minirocket,minirocket,1,1,False,0.9790209790209791,0.9790209790209791,0.0
FaceFour,3,0.25,350,87,0.24857142857142858,linear_block,linear_block,linear,minirocket,minirocket,1,1,False,0.7351398601398601,0.7351398601398601,0.0
FaceFour,3,0.3,350,105,0.3,point,linear_block,linear,minirocket,minirocket,2,1,False,0.6582167832167832,0.6582167832167832,0.0
FaceFour,3,0.3,350,105,0.3,linear_block,point,linear,minirocket,minirocket,1,1,False,0.9903846153846154,0.9903846153846154,0.0
FaceFour,3,0.3,350,105,0.3,linear_block,linear_block,linear,minirocket,minirocket,1,1,False,0.6582167832167832,0.6582167832167832,0.0
FaceFour,4,0.05,350,17,0.04857142857142857,point,linear_block,linear,minirocket,minirocket,1,1,False,0.9694055944055945,0.9694055944055945,0.0
FaceFour,4,0.05,350,17,0.04857142857142857,linear_block,point,linear,minirocket,minirocket,1,1,False,0.9790209790209791,0.9790209790209791,0.0
FaceFour,4,0.05,350,17,0.04857142857142857,linear_block,linear_block,linear,minirocket,minirocket,1,1,False,0.9694055944055945,0.9694055944055945,0.0
FaceFour,4,0.1,350,35,0.1,point,linear_block,linear,minirocket,minirocket,1,1,False,0.9405594405594405,0.9405594405594405,0.0
FaceFour,4,0.1,350,35,0.1,linear_block,point,linear,minirocket,minirocket,1,1,False,0.9790209790209791,0.9790209790209791,0.0
FaceFour,4,0.1,350,35,0.1,linear_block,linear_block,linear,minirocket,minirocket,1,1,False,0.9405594405594405,0.9405594405594405,0.0
FaceFour,4,0.15,350,52,0.14857142857142858,point,linear_block,linear,minirocket,minirocket,1,1,False,0.8903596403596404,0.8903596403596404,0.0
FaceFour,4,0.15,350,52,0.14857142857142858,linear_block,point,linear,minirocket,minirocket,1,1,False,0.9694055944055945,0.9694055944055945,0.0
FaceFour,4,0.15,350,52,0.14857142857142858,linear_block,linear_block,linear,minirocket,minirocket,1,1,False,0.8903596403596404,0.8903596403596404,0.0
FaceFour,4,0.2,350,70,0.2,point,linear_block,linear,minirocket,minirocket,1,1,False,0.7323926073926075,0.7323926073926075,0.0
FaceFour,4,0.2,350,70,0.2,linear_block,point,linear,minirocket,minirocket,1,1,False,0.9694055944055945,0.9694055944055945,0.0
FaceFour,4,0.2,350,70,0.2,linear_block,linear_block,linear,minirocket,minirocket,1,1,False,0.7323926073926075,0.7323926073926075,0.0
FaceFour,4,0.25,350,87,0.24857142857142858,point,linear_block,linear,minirocket,minirocket,1,1,False,0.6750749250749251,0.6750749250749251,0.0
FaceFour,4,0.25,350,87,0.24857142857142858,linear_block,point,linear,dtw,minirocket,2,1,True,0.7089160839160839,0.9790209790209791,0.2701048951048952
FaceFour,4,0.25,350,87,0.24857142857142858,linear_block,linear_block,linear,dtw,minirocket,2,1,True,0.38786213786213786,0.6750749250749251,0.2872127872127872
FaceFour,4,0.3,350,105,0.3,point,linear_block,linear,minirocket,minirocket,1,1,False,0.5142357642357642,0.5142357642357642,0.0
FaceFour,4,0.3,350,105,0.3,linear_block,point,linear,minirocket,minirocket,1,1,False,0.9790209790209791,0.9790209790209791,0.0
FaceFour,4,0.3,350,105,0.3,linear_block,linear_block,linear,minirocket,minirocket,1,1,False,0.5142357642357642,0.5142357642357642,0.0
FaceFour,5,0.05,350,17,0.04857142857142857,point,linear_block,linear,minirocket,minirocket,1,1,False,0.9580419580419581,0.9580419580419581,0.0
FaceFour,5,0.05,350,17,0.04857142857142857,linear_block,point,linear,minirocket,minirocket,1,1,False,0.9772727272727273,0.9772727272727273,0.0
FaceFour,5,0.05,350,17,0.04857142857142857,linear_block,linear_block,linear,minirocket,minirocket,1,1,False,0.9580419580419581,0.9580419580419581,0.0
FaceFour,5,0.1,350,35,0.1,point,linear_block,linear,minirocket,minirocket,1,1,False,0.909965034965035,0.909965034965035,0.0
FaceFour,5,0.1,350,35,0.1,linear_block,point,linear,minirocket,minirocket,1,1,False,0.9772727272727273,0.9772727272727273,0.0
FaceFour,5,0.1,350,35,0.1,linear_block,linear_block,linear,minirocket,minirocket,1,1,False,0.909965034965035,0.909965034965035,0.0
FaceFour,5,0.15,350,52,0.14857142857142858,point,linear_block,linear,minirocket,minirocket,1,1,False,0.8518981018981019,0.8518981018981019,0.0
FaceFour,5,0.15,350,52,0.14857142857142858,linear_block,point,linear,minirocket,minirocket,1,1,False,0.9772727272727273,0.9772727272727273,0.0
FaceFour,5,0.15,350,52,0.14857142857142858,linear_block,linear_block,linear,minirocket,minirocket,1,1,False,0.8518981018981019,0.8518981018981019,0.0
FaceFour,5,0.2,350,70,0.2,point,linear_block,linear,minirocket,minirocket,1,1,False,0.7646103896103895,0.7646103896103895,0.0
FaceFour,5,0.2,350,70,0.2,linear_block,point,linear,stat_rf,minirocket,3,1,True,0.38611388611388614,0.9772727272727273,0.5911588411588411
FaceFour,5,0.2,350,70,0.2,linear_block,linear_block,linear,stat_rf,minirocket,3,1,True,0.3607642357642358,0.7646103896103895,0.40384615384615374
FaceFour,5,0.25,350,87,0.24857142857142858,point,linear_block,linear,minirocket,minirocket,1,1,False,0.6763236763236764,0.6763236763236764,0.0
FaceFour,5,0.25,350,87,0.24857142857142858,linear_block,point,linear,dtw,minirocket,1,1,True,0.6949300699300699,0.9772727272727273,0.2823426573426574
FaceFour,5,0.25,350,87,0.24857142857142858,linear_block,linear_block,linear,dtw,minirocket,1,1,True,0.3882367632367632,0.6763236763236764,0.2880869130869132
FaceFour,5,0.3,350,105,0.3,point,linear_block,linear,minirocket,minirocket,1,1,False,0.5715534465534465,0.5715534465534465,0.0
FaceFour,5,0.3,350,105,0.3,linear_block,point,linear,minirocket,minirocket,1,1,False,0.9772727272727273,0.9772727272727273,0.0
FaceFour,5,0.3,350,105,0.3,linear_block,linear_block,linear,minirocket,minirocket,1,1,False,0.5715534465534465,0.5715534465534465,0.0
FacesUCR,1,0.05,131,6,0.04580152671755725,point,linear_block,linear,minirocket,minirocket,1,1,False,0.9194535884050816,0.9194535884050816,0.0
FacesUCR,1,0.05,131,6,0.04580152671755725,linear_block,point,linear,minirocket,minirocket,1,1,False,0.9376895106399489,0.9376895106399489,0.0
FacesUCR,1,0.05,131,6,0.04580152671755725,linear_block,linear_block,linear,minirocket,minirocket,1,1,False,0.9194535884050816,0.9194535884050816,0.0
FacesUCR,1,0.1,131,13,0.09923664122137404,point,linear_block,linear,minirocket,minirocket,1,1,False,0.8703936770012751,0.8703936770012751,0.0
FacesUCR,1,0.1,131,13,0.09923664122137404,linear_block,point,linear,minirocket,minirocket,1,1,False,0.937158379830463,0.937158379830463,0.0
FacesUCR,1,0.1,131,13,0.09923664122137404,linear_block,linear_block,linear,minirocket,minirocket,1,1,False,0.8703936770012751,0.8703936770012751,0.0
FacesUCR,1,0.15,131,19,0.1450381679389313,point,linear_block,linear,minirocket,minirocket,1,1,False,0.8180772009244033,0.8180772009244033,0.0
FacesUCR,1,0.15,131,19,0.1450381679389313,linear_block,point,linear,minirocket,minirocket,1,1,False,0.9378814358250477,0.9378814358250477,0.0
FacesUCR,1,0.15,131,19,0.1450381679389313,linear_block,linear_block,linear,minirocket,minirocket,1,1,False,0.8180772009244033,0.8180772009244033,0.0
FacesUCR,1,0.2,131,26,0.1984732824427481,point,linear_block,linear,minirocket,minirocket,1,1,False,0.7118575041496745,0.7118575041496745,0.0
FacesUCR,1,0.2,131,26,0.1984732824427481,linear_block,point,linear,minirocket,minirocket,1,1,False,0.9354107865378307,0.9354107865378307,0.0
FacesUCR,1,0.2,131,26,0.1984732824427481,linear_block,linear_block,linear,minirocket,minirocket,1,1,False,0.7118575041496745,0.7118575041496745,0.0
FacesUCR,1,0.25,131,32,0.24427480916030533,point,linear_block,linear,minirocket,minirocket,1,1,False,0.5935537761969962,0.5935537761969962,0.0
FacesUCR,1,0.25,131,32,0.24427480916030533,linear_block,point,linear,minirocket,minirocket,1,1,False,0.9404769167285821,0.9404769167285821,0.0
FacesUCR,1,0.25,131,32,0.24427480916030533,linear_block,linear_block,linear,minirocket,minirocket,1,1,False,0.5935537761969962,0.5935537761969962,0.0
FacesUCR,1,0.3,131,39,0.29770992366412213,point,linear_block,linear,minirocket,minirocket,1,1,False,0.5113703050903443,0.5113703050903443,0.0
FacesUCR,1,0.3,131,39,0.29770992366412213,linear_block,point,linear,minirocket,minirocket,1,1,False,0.9318009636410259,0.9318009636410259,0.0
FacesUCR,1,0.3,131,39,0.29770992366412213,linear_block,linear_block,linear,minirocket,minirocket,1,1,False,0.5113703050903443,0.5113703050903443,0.0
FacesUCR,2,0.05,131,6,0.04580152671755725,point,linear_block,linear,minirocket,minirocket,1,1,False,0.9189800543624005,0.9189800543624005,0.0
FacesUCR,2,0.05,131,6,0.04580152671755725,linear_block,point,linear,minirocket,minirocket,1,1,False,0.9323534153160881,0.9323534153160881,0.0
FacesUCR,2,0.05,131,6,0.04580152671755725,linear_block,linear_block,linear,minirocket,minirocket,1,1,False,0.9189800543624005,0.9189800543624005,0.0
FacesUCR,2,0.1,131,13,0.09923664122137404,point,linear_block,linear,minirocket,minirocket,1,1,False,0.877309311217819,0.877309311217819,0.0
FacesUCR,2,0.1,131,13,0.09923664122137404,linear_block,point,linear,minirocket,minirocket,1,1,False,0.9298123739910693,0.9298123739910693,0.0
FacesUCR,2,0.1,131,13,0.09923664122137404,linear_block,linear_block,linear,minirocket,minirocket,1,1,False,0.877309311217819,0.877309311217819,0.0
FacesUCR,2,0.15,131,19,0.1450381679389313,point,linear_block,linear,minirocket,minirocket,1,1,False,0.7964767048259059,0.7964767048259059,0.0
FacesUCR,2,0.15,131,19,0.1450381679389313,linear_block,point,linear,minirocket,minirocket,1,1,False,0.9352675690082802,0.9352675690082802,0.0
FacesUCR,2,0.15,131,19,0.1450381679389313,linear_block,linear_block,linear,minirocket,minirocket,1,1,False,0.7964767048259059,0.7964767048259059,0.0
FacesUCR,2,0.2,131,26,0.1984732824427481,point,linear_block,linear,minirocket,minirocket,1,1,False,0.6936619858678362,0.6936619858678362,0.0
FacesUCR,2,0.2,131,26,0.1984732824427481,linear_block,point,linear,minirocket,minirocket,1,1,False,0.9391887570835842,0.9391887570835842,0.0
FacesUCR,2,0.2,131,26,0.1984732824427481,linear_block,linear_block,linear,minirocket,minirocket,1,1,False,0.6936619858678362,0.6936619858678362,0.0
FacesUCR,2,0.25,131,32,0.24427480916030533,point,linear_block,linear,minirocket,minirocket,1,1,False,0.5716929107463645,0.5716929107463645,0.0
FacesUCR,2,0.25,131,32,0.24427480916030533,linear_block,point,linear,dtw,minirocket,1,1,True,0.810049578791278,0.9311120635892254,0.12106248479794735
FacesUCR,2,0.25,131,32,0.24427480916030533,linear_block,linear_block,linear,dtw,minirocket,1,1,True,0.5317922919861264,0.5716929107463645,0.039900618760238094
FacesUCR,2,0.3,131,39,0.29770992366412213,point,linear_block,linear,minirocket,dtw,1,1,True,0.4421488044451071,0.4654771850144591,0.023328380569351992
FacesUCR,2,0.3,131,39,0.29770992366412213,linear_block,point,linear,dtw,minirocket,1,1,True,0.8013370101475351,0.9314972221735136,0.1301602120259785
FacesUCR,2,0.3,131,39,0.29770992366412213,linear_block,linear_block,linear,dtw,dtw,1,1,False,0.4654771850144591,0.4654771850144591,0.0
FacesUCR,3,0.05,131,6,0.04580152671755725,point,linear_block,linear,minirocket,minirocket,1,1,False,0.9212289685539014,0.9212289685539014,0.0
FacesUCR,3,0.05,131,6,0.04580152671755725,linear_block,point,linear,minirocket,minirocket,1,1,False,0.9302277702252499,0.9302277702252499,0.0
FacesUCR,3,0.05,131,6,0.04580152671755725,linear_block,linear_block,linear,minirocket,minirocket,1,1,False,0.9212289685539014,0.9212289685539014,0.0
FacesUCR,3,0.1,131,13,0.09923664122137404,point,linear_block,linear,minirocket,minirocket,1,1,False,0.8655562727696663,0.8655562727696663,0.0
FacesUCR,3,0.1,131,13,0.09923664122137404,linear_block,point,linear,minirocket,minirocket,1,1,False,0.9343918169332548,0.9343918169332548,0.0
FacesUCR,3,0.1,131,13,0.09923664122137404,linear_block,linear_block,linear,minirocket,minirocket,1,1,False,0.8655562727696663,0.8655562727696663,0.0
FacesUCR,3,0.15,131,19,0.1450381679389313,point,linear_block,linear,minirocket,minirocket,1,1,False,0.8019057884609744,0.8019057884609744,0.0
FacesUCR,3,0.15,131,19,0.1450381679389313,linear_block,point,linear,minirocket,minirocket,1,1,False,0.9351457780032336,0.9351457780032336,0.0
FacesUCR,3,0.15,131,19,0.1450381679389313,linear_block,linear_block,linear,minirocket,minirocket,1,1,False,0.8019057884609744,0.8019057884609744,0.0
FacesUCR,3,0.2,131,26,0.1984732824427481,point,linear_block,linear,minirocket,minirocket,1,1,False,0.6933033473624767,0.6933033473624767,0.0
FacesUCR,3,0.2,131,26,0.1984732824427481,linear_block,point,linear,minirocket,minirocket,1,1,False,0.9351273495150867,0.9351273495150867,0.0
FacesUCR,3,0.2,131,26,0.1984732824427481,linear_block,linear_block,linear,minirocket,minirocket,1,1,False,0.6933033473624767,0.6933033473624767,0.0
FacesUCR,3,0.25,131,32,0.24427480916030533,point,linear_block,linear,minirocket,minirocket,1,1,False,0.5634863393267633,0.5634863393267633,0.0
FacesUCR,3,0.25,131,32,0.24427480916030533,linear_block,point,linear,minirocket,minirocket,1,1,False,0.9357818975123983,0.9357818975123983,0.0
FacesUCR,3,0.25,131,32,0.24427480916030533,linear_block,linear_block,linear,minirocket,minirocket,1,1,False,0.5634863393267633,0.5634863393267633,0.0
FacesUCR,3,0.3,131,39,0.29770992366412213,point,linear_block,linear,minirocket,dtw,1,1,True,0.4554775192053672,0.4675176039425854,0.012040084737218182
FacesUCR,3,0.3,131,39,0.29770992366412213,linear_block,point,linear,minirocket,minirocket,1,1,False,0.9279325550418518,0.9279325550418518,0.0
FacesUCR,3,0.3,131,39,0.29770992366412213,linear_block,linear_block,linear,minirocket,dtw,1,1,True,0.4554775192053672,0.4675176039425854,0.012040084737218182
FacesUCR,4,0.05,131,6,0.04580152671755725,point,linear_block,linear,minirocket,minirocket,1,1,False,0.9247237211797351,0.9247237211797351,0.0
FacesUCR,4,0.05,131,6,0.04580152671755725,linear_block,point,linear,minirocket,minirocket,1,1,False,0.9314296318803773,0.9314296318803773,0.0
FacesUCR,4,0.05,131,6,0.04580152671755725,linear_block,linear_block,linear,minirocket,minirocket,1,1,False,0.9247237211797351,0.9247237211797351,0.0
FacesUCR,4,0.1,131,13,0.09923664122137404,point,linear_block,linear,minirocket,minirocket,1,1,False,0.8711660481921797,0.8711660481921797,0.0
FacesUCR,4,0.1,131,13,0.09923664122137404,linear_block,point,linear,minirocket,minirocket,1,1,False,0.9339663222404525,0.9339663222404525,0.0
FacesUCR,4,0.1,131,13,0.09923664122137404,linear_block,linear_block,linear,minirocket,minirocket,1,1,False,0.8711660481921797,0.8711660481921797,0.0
FacesUCR,4,0.15,131,19,0.1450381679389313,point,linear_block,linear,minirocket,minirocket,1,1,False,0.7824785746724353,0.7824785746724353,0.0
FacesUCR,4,0.15,131,19,0.1450381679389313,linear_block,point,linear,minirocket,minirocket,1,1,False,0.9307004312378554,0.9307004312378554,0.0
FacesUCR,4,0.15,131,19,0.1450381679389313,linear_block,linear_block,linear,minirocket,minirocket,1,1,False,0.7824785746724353,0.7824785746724353,0.0
FacesUCR,4,0.2,131,26,0.1984732824427481,point,linear_block,linear,minirocket,minirocket,1,1,False,0.660619718498275,0.660619718498275,0.0
FacesUCR,4,0.2,131,26,0.1984732824427481,linear_block,point,linear,minirocket,minirocket,1,1,False,0.9294265801850768,0.9294265801850768,0.0
FacesUCR,4,0.2,131,26,0.1984732824427481,linear_block,linear_block,linear,minirocket,minirocket,1,1,False,0.660619718498275,0.660619718498275,0.0
FacesUCR,4,0.25,131,32,0.24427480916030533,point,linear_block,linear,minirocket,minirocket,1,1,False,0.5545881427426632,0.5545881427426632,0.0
FacesUCR,4,0.25,131,32,0.24427480916030533,linear_block,point,linear,minirocket,minirocket,1,1,False,0.936194938911913,0.936194938911913,0.0
FacesUCR,4,0.25,131,32,0.24427480916030533,linear_block,linear_block,linear,minirocket,minirocket,1,1,False,0.5545881427426632,0.5545881427426632,0.0
FacesUCR,4,0.3,131,39,0.29770992366412213,point,linear_block,linear,minirocket,dtw,1,1,True,0.4603573861668378,0.48522193665195035,0.024864550485112547
FacesUCR,4,0.3,131,39,0.29770992366412213,linear_block,point,linear,dtw,minirocket,1,1,True,0.8088779249590633,0.9295660336657449,0.12068810870668156
FacesUCR,4,0.3,131,39,0.29770992366412213,linear_block,linear_block,linear,dtw,dtw,1,1,False,0.48522193665195035,0.48522193665195035,0.0
FacesUCR,5,0.05,131,6,0.04580152671755725,point,linear_block,linear,minirocket,minirocket,1,1,False,0.9262808551451541,0.9262808551451541,0.0
FacesUCR,5,0.05,131,6,0.04580152671755725,linear_block,point,linear,minirocket,minirocket,1,1,False,0.9293953365946624,0.9293953365946624,0.0
FacesUCR,5,0.05,131,6,0.04580152671755725,linear_block,linear_block,linear,minirocket,minirocket,1,1,False,0.9262808551451541,0.9262808551451541,0.0
FacesUCR,5,0.1,131,13,0.09923664122137404,point,linear_block,linear,minirocket,minirocket,1,1,False,0.8739403678810821,0.8739403678810821,0.0
FacesUCR,5,0.1,131,13,0.09923664122137404,linear_block,point,linear,minirocket,minirocket,1,1,False,0.938540382576979,0.938540382576979,0.0
FacesUCR,5,0.1,131,13,0.09923664122137404,linear_block,linear_block,linear,minirocket,minirocket,1,1,False,0.8739403678810821,0.8739403678810821,0.0
FacesUCR,5,0.15,131,19,0.1450381679389313,point,linear_block,linear,minirocket,minirocket,1,1,False,0.7964613516484932,0.7964613516484932,0.0
FacesUCR,5,0.15,131,19,0.1450381679389313,linear_block,point,linear,minirocket,minirocket,1,1,False,0.9354042454854684,0.9354042454854684,0.0
FacesUCR,5,0.15,131,19,0.1450381679389313,linear_block,linear_block,linear,minirocket,minirocket,1,1,False,0.7964613516484932,0.7964613516484932,0.0
FacesUCR,5,0.2,131,26,0.1984732824427481,point,linear_block,linear,minirocket,minirocket,1,1,False,0.6814856354222203,0.6814856354222203,0.0
FacesUCR,5,0.2,131,26,0.1984732824427481,linear_block,point,linear,minirocket,minirocket,1,1,False,0.9324324753743556,0.9324324753743556,0.0
FacesUCR,5,0.2,131,26,0.1984732824427481,linear_block,linear_block,linear,minirocket,minirocket,1,1,False,0.6814856354222203,0.6814856354222203,0.0
FacesUCR,5,0.25,131,32,0.24427480916030533,point,linear_block,linear,minirocket,minirocket,1,1,False,0.5641479218137393,0.5641479218137393,0.0
FacesUCR,5,0.25,131,32,0.24427480916030533,linear_block,point,linear,minirocket,minirocket,1,1,False,0.9306828677472148,0.9306828677472148,0.0
FacesUCR,5,0.25,131,32,0.24427480916030533,linear_block,linear_block,linear,minirocket,minirocket,1,1,False,0.5641479218137393,0.5641479218137393,0.0
FacesUCR,5,0.3,131,39,0.29770992366412213,point,linear_block,linear,minirocket,dtw,1,1,True,0.4325530961045406,0.45094124350533754,0.018388147400796917
FacesUCR,5,0.3,131,39,0.29770992366412213,linear_block,point,linear,minirocket,minirocket,1,1,False,0.9256527409589619,0.9256527409589619,0.0
FacesUCR,5,0.3,131,39,0.29770992366412213,linear_block,linear_block,linear,minirocket,dtw,1,1,True,0.4325530961045406,0.45094124350533754,0.018388147400796917
Fish,1,0.05,463,23,0.04967602591792657,point,linear_block,linear,minirocket,minirocket,1,1,False,0.9729650480882007,0.9729650480882007,0.0
Fish,1,0.05,463,23,0.04967602591792657,linear_block,point,linear,minirocket,minirocket,1,1,False,0.9670126671358199,0.9670126671358199,0.0
Fish,1,0.05,463,23,0.04967602591792657,linear_block,linear_block,linear,minirocket,minirocket,1,1,False,0.9729650480882007,0.9729650480882007,0.0
Fish,1,0.1,463,46,0.09935205183585313,point,linear_block,linear,minirocket,minirocket,1,1,False,0.8955803638069647,0.8955803638069647,0.0
Fish,1,0.1,463,46,0.09935205183585313,linear_block,point,linear,minirocket,minirocket,1,1,False,0.9729650480882007,0.9729650480882007,0.0
Fish,1,0.1,463,46,0.09935205183585313,linear_block,linear_block,linear,minirocket,minirocket,1,1,False,0.8955803638069647,0.8955803638069647,0.0
Fish,1,0.15,463,69,0.1490280777537797,point,linear_block,linear,minirocket,minirocket,1,1,False,0.8060580470432687,0.8060580470432687,0.0
Fish,1,0.15,463,69,0.1490280777537797,linear_block,point,linear,minirocket,minirocket,1,1,False,0.9670126671358199,0.9670126671358199,0.0
Fish,1,0.15,463,69,0.1490280777537797,linear_block,linear_block,linear,minirocket,minirocket,1,1,False,0.8060580470432687,0.8060580470432687,0.0
Fish,1,0.2,463,92,0.19870410367170627,point,linear_block,linear,minirocket,minirocket,1,1,False,0.6127036018169024,0.6127036018169024,0.0
Fish,1,0.2,463,92,0.19870410367170627,linear_block,point,linear,minirocket,minirocket,1,1,False,0.9670126671358199,0.9670126671358199,0.0
Fish,1,0.2,463,92,0.19870410367170627,linear_block,linear_block,linear,minirocket,minirocket,1,1,False,0.6127036018169024,0.6127036018169024,0.0
Fish,1,0.25,463,115,0.24838012958963282,point,linear_block,linear,minirocket,minirocket,1,1,False,0.49128611946345935,0.49128611946345935,0.0
Fish,1,0.25,463,115,0.24838012958963282,linear_block,point,linear,minirocket,minirocket,1,1,False,0.9729650480882007,0.9729650480882007,0.0
Fish,1,0.25,463,115,0.24838012958963282,linear_block,linear_block,linear,minirocket,minirocket,1,1,False,0.49128611946345935,0.49128611946345935,0.0
Fish,1,0.3,463,138,0.2980561555075594,point,linear_block,linear,minirocket,minirocket,1,1,False,0.3550269763077645,0.3550269763077645,0.0
Fish,1,0.3,463,138,0.2980561555075594,linear_block,point,linear,minirocket,minirocket,1,1,False,0.9729650480882007,0.9729650480882007,0.0
Fish,1,0.3,463,138,0.2980561555075594,linear_block,linear_block,linear,minirocket,minirocket,1,1,False,0.3550269763077645,0.3550269763077645,0.0
Fish,2,0.05,463,23,0.04967602591792657,point,linear_block,linear,minirocket,minirocket,1,1,False,0.9770408163265306,0.9770408163265306,0.0
Fish,2,0.05,463,23,0.04967602591792657,linear_block,point,linear,minirocket,minirocket,1,1,False,0.9829931972789115,0.9829931972789115,0.0
Fish,2,0.05,463,23,0.04967602591792657,linear_block,linear_block,linear,minirocket,minirocket,1,1,False,0.9770408163265306,0.9770408163265306,0.0
Fish,2,0.1,463,46,0.09935205183585313,point,linear_block,linear,minirocket,minirocket,1,1,False,0.9451817968566737,0.9451817968566737,0.0
Fish,2,0.1,463,46,0.09935205183585313,linear_block,point,linear,minirocket,minirocket,1,1,False,0.9829931972789115,0.9829931972789115,0.0
Fish,2,0.1,463,46,0.09935205183585313,linear_block,linear_block,linear,minirocket,minirocket,1,1,False,0.9451817968566737,0.9451817968566737,0.0
Fish,2,0.15,463,69,0.1490280777537797,point,linear_block,linear,minirocket,minirocket,1,1,False,0.8556532958010791,0.8556532958010791,0.0
Fish,2,0.15,463,69,0.1490280777537797,linear_block,point,linear,minirocket,minirocket,1,1,False,0.9829931972789115,0.9829931972789115,0.0
Fish,2,0.15,463,69,0.1490280777537797,linear_block,linear_block,linear,minirocket,minirocket,1,1,False,0.8556532958010791,0.8556532958010791,0.0
Fish,2,0.2,463,92,0.19870410367170627,point,linear_block,linear,minirocket,minirocket,1,1,False,0.688812829206918,0.688812829206918,0.0
Fish,2,0.2,463,92,0.19870410367170627,linear_block,point,linear,minirocket,minirocket,1,1,False,0.9829931972789115,0.9829931972789115,0.0
Fish,2,0.2,463,92,0.19870410367170627,linear_block,linear_block,linear,minirocket,minirocket,1,1,False,0.688812829206918,0.688812829206918,0.0
Fish,2,0.25,463,115,0.24838012958963282,point,linear_block,linear,minirocket,minirocket,1,1,False,0.4886724031305313,0.4886724031305313,0.0
Fish,2,0.25,463,115,0.24838012958963282,linear_block,point,linear,stat_rf,minirocket,1,1,True,0.4584859147420723,0.9829931972789115,0.5245072825368393
Fish,2,0.25,463,115,0.24838012958963282,linear_block,linear_block,linear,stat_rf,minirocket,1,1,True,0.3171348602136779,0.4886724031305313,0.17153754291685336
Fish,2,0.3,463,138,0.2980561555075594,point,linear_block,linear,minirocket,minirocket,1,1,False,0.38350382786343384,0.38350382786343384,0.0
Fish,2,0.3,463,138,0.2980561555075594,linear_block,point,linear,stat_rf,minirocket,1,1,True,0.44689036743223937,0.9829931972789115,0.5361028298466721
Fish,2,0.3,463,138,0.2980561555075594,linear_block,linear_block,linear,stat_rf,minirocket,1,1,True,0.27320410295779757,0.38350382786343384,0.11029972490563628
Fish,3,0.05,463,23,0.04967602591792657,point,linear_block,linear,minirocket,minirocket,1,1,False,0.9840194698569082,0.9840194698569082,0.0
Fish,3,0.05,463,23,0.04967602591792657,linear_block,point,linear,minirocket,minirocket,1,1,False,0.9899718508092893,0.9899718508092893,0.0
Fish,3,0.05,463,23,0.04967602591792657,linear_block,linear_block,linear,minirocket,minirocket,1,1,False,0.9840194698569082,0.9840194698569082,0.0
Fish,3,0.1,463,46,0.09935205183585313,point,linear_block,linear,minirocket,minirocket,1,1,False,0.9215633463416715,0.9215633463416715,0.0
Fish,3,0.1,463,46,0.09935205183585313,linear_block,point,linear,minirocket,minirocket,1,1,False,0.9899718508092893,0.9899718508092893,0.0
Fish,3,0.1,463,46,0.09935205183585313,linear_block,linear_block,linear,minirocket,minirocket,1,1,False,0.9215633463416715,0.9215633463416715,0.0
Fish,3,0.15,463,69,0.1490280777537797,point,linear_block,linear,minirocket,minirocket,1,1,False,0.8320942358134475,0.8320942358134475,0.0
Fish,3,0.15,463,69,0.1490280777537797,linear_block,point,linear,minirocket,minirocket,1,1,False,0.9899718508092893,0.9899718508092893,0.0
Fish,3,0.15,463,69,0.1490280777537797,linear_block,linear_block,linear,minirocket,minirocket,1,1,False,0.8320942358134475,0.8320942358134475,0.0
Fish,3,0.2,463,92,0.19870410367170627,point,linear_block,linear,minirocket,minirocket,1,1,False,0.6583962425095431,0.6583962425095431,0.0
Fish,3,0.2,463,92,0.19870410367170627,linear_block,point,linear,minirocket,minirocket,1,1,False,0.9899718508092893,0.9899718508092893,0.0
Fish,3,0.2,463,92,0.19870410367170627,linear_block,linear_block,linear,minirocket,minirocket,1,1,False,0.6583962425095431,0.6583962425095431,0.0
Fish,3,0.25,463,115,0.24838012958963282,point,linear_block,linear,minirocket,minirocket,1,1,False,0.5146964365683578,0.5146964365683578,0.0
Fish,3,0.25,463,115,0.24838012958963282,linear_block,point,linear,minirocket,minirocket,1,1,False,0.9899718508092893,0.9899718508092893,0.0
Fish,3,0.25,463,115,0.24838012958963282,linear_block,linear_block,linear,minirocket,minirocket,1,1,False,0.5146964365683578,0.5146964365683578,0.0
Fish,3,0.3,463,138,0.2980561555075594,point,linear_block,linear,minirocket,minirocket,1,1,False,0.38337609024801145,0.38337609024801145,0.0
Fish,3,0.3,463,138,0.2980561555075594,linear_block,point,linear,minirocket,minirocket,1,1,False,0.9899718508092893,0.9899718508092893,0.0
Fish,3,0.3,463,138,0.2980561555075594,linear_block,linear_block,linear,minirocket,minirocket,1,1,False,0.38337609024801145,0.38337609024801145,0.0
Fish,4,0.05,463,23,0.04967602591792657,point,linear_block,linear,minirocket,minirocket,1,1,False,0.9719387755102041,0.9719387755102041,0.0
Fish,4,0.05,463,23,0.04967602591792657,linear_block,point,linear,minirocket,minirocket,1,1,False,0.977891156462585,0.977891156462585,0.0
Fish,4,0.05,463,23,0.04967602591792657,linear_block,linear_block,linear,minirocket,minirocket,1,1,False,0.9719387755102041,0.9719387755102041,0.0
Fish,4,0.1,463,46,0.09935205183585313,point,linear_block,linear,minirocket,minirocket,1,1,False,0.9310593265519375,0.9310593265519375,0.0
Fish,4,0.1,463,46,0.09935205183585313,linear_block,point,linear,minirocket,minirocket,1,1,False,0.977891156462585,0.977891156462585,0.0
Fish,4,0.1,463,46,0.09935205183585313,linear_block,linear_block,linear,minirocket,minirocket,1,1,False,0.9310593265519375,0.9310593265519375,0.0
Fish,4,0.15,463,69,0.1490280777537797,point,linear_block,linear,minirocket,minirocket,1,1,False,0.8469838781907747,0.8469838781907747,0.0
Fish,4,0.15,463,69,0.1490280777537797,linear_block,point,linear,minirocket,minirocket,1,1,False,0.977891156462585,0.977891156462585,0.0
Fish,4,0.15,463,69,0.1490280777537797,linear_block,linear_block,linear,minirocket,minirocket,1,1,False,0.8469838781907747,0.8469838781907747,0.0
Fish,4,0.2,463,92,0.19870410367170627,point,linear_block,linear,minirocket,minirocket,1,1,False,0.640435246198793,0.640435246198793,0.0
Fish,4,0.2,463,92,0.19870410367170627,linear_block,point,linear,minirocket,minirocket,1,1,False,0.9729650480882007,0.9729650480882007,0.0
Fish,4,0.2,463,92,0.19870410367170627,linear_block,linear_block,linear,minirocket,minirocket,1,1,False,0.640435246198793,0.640435246198793,0.0
Fish,4,0.25,463,115,0.24838012958963282,point,linear_block,linear,minirocket,minirocket,1,1,False,0.5261454801356279,0.5261454801356279,0.0
Fish,4,0.25,463,115,0.24838012958963282,linear_block,point,linear,minirocket,minirocket,1,1,False,0.977891156462585,0.977891156462585,0.0
Fish,4,0.25,463,115,0.24838012958963282,linear_block,linear_block,linear,minirocket,minirocket,1,1,False,0.5261454801356279,0.5261454801356279,0.0
Fish,4,0.3,463,138,0.2980561555075594,point,linear_block,linear,minirocket,minirocket,1,1,False,0.4746698867634828,0.4746698867634828,0.0
Fish,4,0.3,463,138,0.2980561555075594,linear_block,point,linear,minirocket,minirocket,1,1,False,0.983843537414966,0.983843537414966,0.0
Fish,4,0.3,463,138,0.2980561555075594,linear_block,linear_block,linear,minirocket,minirocket,1,1,False,0.4746698867634828,0.4746698867634828,0.0
Fish,5,0.05,463,23,0.04967602591792657,point,linear_block,linear,minirocket,minirocket,1,1,False,0.9661623269997655,0.9661623269997655,0.0
Fish,5,0.05,463,23,0.04967602591792657,linear_block,point,linear,minirocket,minirocket,1,1,False,0.9721147079521464,0.9721147079521464,0.0
Fish,5,0.05,463,23,0.04967602591792657,linear_block,linear_block,linear,minirocket,minirocket,1,1,False,0.9661623269997655,0.9661623269997655,0.0
Fish,5,0.1,463,46,0.09935205183585313,point,linear_block,linear,minirocket,minirocket,1,1,False,0.9542015865907493,0.9542015865907493,0.0
Fish,5,0.1,463,46,0.09935205183585313,linear_block,point,linear,minirocket,minirocket,1,1,False,0.9661623269997655,0.9661623269997655,0.0
Fish,5,0.1,463,46,0.09935205183585313,linear_block,linear_block,linear,minirocket,minirocket,1,1,False,0.9542015865907493,0.9542015865907493,0.0
Fish,5,0.15,463,69,0.1490280777537797,point,linear_block,linear,minirocket,minirocket,1,1,False,0.8537182521911585,0.8537182521911585,0.0
Fish,5,0.15,463,69,0.1490280777537797,linear_block,point,linear,minirocket,minirocket,1,1,False,0.9721147079521464,0.9721147079521464,0.0
Fish,5,0.15,463,69,0.1490280777537797,linear_block,linear_block,linear,minirocket,minirocket,1,1,False,0.8537182521911585,0.8537182521911585,0.0
Fish,5,0.2,463,92,0.19870410367170627,point,linear_block,linear,minirocket,minirocket,1,1,False,0.6855131896018596,0.6855131896018596,0.0
Fish,5,0.2,463,92,0.19870410367170627,linear_block,point,linear,minirocket,minirocket,1,1,False,0.9721147079521464,0.9721147079521464,0.0
Fish,5,0.2,463,92,0.19870410367170627,linear_block,linear_block,linear,minirocket,minirocket,1,1,False,0.6855131896018596,0.6855131896018596,0.0
Fish,5,0.25,463,115,0.24838012958963282,point,linear_block,linear,minirocket,minirocket,1,1,False,0.5816569637259292,0.5816569637259292,0.0
Fish,5,0.25,463,115,0.24838012958963282,linear_block,point,linear,minirocket,minirocket,1,1,False,0.9661623269997655,0.9661623269997655,0.0
Fish,5,0.25,463,115,0.24838012958963282,linear_block,linear_block,linear,minirocket,minirocket,1,1,False,0.5816569637259292,0.5816569637259292,0.0
Fish,5,0.3,463,138,0.2980561555075594,point,linear_block,linear,minirocket,minirocket,1,1,False,0.41249120337790285,0.41249120337790285,0.0
Fish,5,0.3,463,138,0.2980561555075594,linear_block,point,linear,minirocket,minirocket,1,1,False,0.9670126671358199,0.9670126671358199,0.0
Fish,5,0.3,463,138,0.2980561555075594,linear_block,linear_block,linear,minirocket,minirocket,1,1,False,0.41249120337790285,0.41249120337790285,0.0
GunPoint,1,0.05,150,7,0.04666666666666667,point,linear_block,linear,minirocket,minirocket,1,1,False,0.9596372688477952,0.9596372688477952,0.0
GunPoint,1,0.05,150,7,0.04666666666666667,linear_block,point,linear,minirocket,minirocket,1,1,False,0.9596372688477952,0.9596372688477952,0.0
GunPoint,1,0.05,150,7,0.04666666666666667,linear_block,linear_block,linear,minirocket,minirocket,1,1,False,0.9596372688477952,0.9596372688477952,0.0
GunPoint,1,0.1,150,15,0.1,point,linear_block,linear,minirocket,minirocket,1,1,False,0.9663940256045519,0.9663940256045519,0.0
GunPoint,1,0.1,150,15,0.1,linear_block,point,linear,minirocket,minirocket,1,1,False,0.9596372688477952,0.9596372688477952,0.0
GunPoint,1,0.1,150,15,0.1,linear_block,linear_block,linear,minirocket,minirocket,1,1,False,0.9663940256045519,0.9663940256045519,0.0
GunPoint,1,0.15,150,22,0.14666666666666667,point,linear_block,linear,minirocket,minirocket,1,1,False,0.9258534850640114,0.9258534850640114,0.0
GunPoint,1,0.15,150,22,0.14666666666666667,linear_block,point,linear,stat_rf,minirocket,1,1,True,0.8812233285917497,0.9596372688477952,0.07841394025604553
GunPoint,1,0.15,150,22,0.14666666666666667,linear_block,linear_block,linear,stat_rf,minirocket,1,1,True,0.8874466571834994,0.9258534850640114,0.038406827880512084
GunPoint,1,0.2,150,30,0.2,point,linear_block,linear,minirocket,dtw,1,1,True,0.8515291607396871,0.8940256045519204,0.042496443812233275
GunPoint,1,0.2,150,30,0.2,linear_block,point,linear,stat_rf,minirocket,2,1,True,0.8678876244665719,0.9596372688477952,0.09174964438122335
GunPoint,1,0.2,150,30,0.2,linear_block,linear_block,linear,stat_rf,dtw,2,1,True,0.8803342816500711,0.8940256045519204,0.013691322901849268
GunPoint,1,0.25,150,37,0.24666666666666667,point,linear_block,linear,minirocket,stat_rf,1,1,True,0.7366642958748222,0.8664651493598862,0.12980085348506398
GunPoint,1,0.25,150,37,0.24666666666666667,linear_block,point,linear,dtw,minirocket,1,1,True,0.9073613086770982,0.9596372688477952,0.05227596017069702
GunPoint,1,0.25,150,37,0.24666666666666667,linear_block,linear_block,linear,dtw,stat_rf,1,1,True,0.8611308677098151,0.8664651493598862,0.005334281650071104
GunPoint,1,0.3,150,45,0.3,point,linear_block,linear,minirocket,dtw,1,1,True,0.6285561877667141,0.7948079658605974,0.16625177809388336
GunPoint,1,0.3,150,45,0.3,linear_block,point,linear,stat_rf,minirocket,1,1,True,0.8680654338549076,0.9596372688477952,0.09157183499288757
GunPoint,1,0.3,150,45,0.3,linear_block,linear_block,linear,stat_rf,dtw,1,1,True,0.7661806543385491,0.7948079658605974,0.028627311522048338
GunPoint,2,0.05,150,7,0.04666666666666667,point,linear_block,linear,minirocket,minirocket,1,1,False,1.0,1.0,0.0
GunPoint,2,0.05,150,7,0.04666666666666667,linear_block,point,linear,minirocket,minirocket,1,1,False,1.0,1.0,0.0
GunPoint,2,0.05,150,7,0.04666666666666667,linear_block,linear_block,linear,minirocket,minirocket,1,1,False,1.0,1.0,0.0
GunPoint,2,0.1,150,15,0.1,point,linear_block,linear,minirocket,minirocket,1,1,False,0.9866642958748222,0.9866642958748222,0.0
GunPoint,2,0.1,150,15,0.1,linear_block,point,linear,minirocket,minirocket,1,1,False,1.0,1.0,0.0
GunPoint,2,0.1,150,15,0.1,linear_block,linear_block,linear,minirocket,minirocket,1,1,False,0.9866642958748222,0.9866642958748222,0.0
GunPoint,2,0.15,150,22,0.14666666666666667,point,linear_block,linear,minirocket,minirocket,1,1,False,0.9596372688477952,0.9596372688477952,0.0
GunPoint,2,0.15,150,22,0.14666666666666667,linear_block,point,linear,minirocket,minirocket,1,1,False,1.0,1.0,0.0
GunPoint,2,0.15,150,22,0.14666666666666667,linear_block,linear_block,linear,minirocket,minirocket,1,1,False,0.9596372688477952,0.9596372688477952,0.0
GunPoint,2,0.2,150,30,0.2,point,linear_block,linear,minirocket,dtw,1,1,True,0.8650426742532005,0.8805120910384068,0.015469416785206302
GunPoint,2,0.2,150,30,0.2,linear_block,point,linear,stat_rf,minirocket,2,1,True,0.7825391180654339,1.0,0.21746088193456614
GunPoint,2,0.2,150,30,0.2,linear_block,linear_block,linear,stat_rf,dtw,2,1,True,0.8284139402560455,0.8805120910384068,0.05209815078236124
GunPoint,2,0.25,150,37,0.24666666666666667,point,linear_block,linear,minirocket,dtw,1,1,True,0.7300853485064012,0.8673541963015647,0.13726884779516357
GunPoint,2,0.25,150,37,0.24666666666666667,linear_block,point,linear,stat_rf,minirocket,2,1,True,0.7825391180654339,1.0,0.21746088193456614
GunPoint,2,0.25,150,37,0.24666666666666667,linear_block,linear_block,linear,stat_rf,dtw,2,1,True,0.8081436699857752,0.8673541963015647,0.05921052631578949
GunPoint,2,0.3,150,45,0.3,point,linear_block,linear,minirocket,dtw,1,1,True,0.64900426742532,0.8406827880512091,0.19167852062588908
GunPoint,2,0.3,150,45,0.3,linear_block,point,linear,dtw,minirocket,2,1,True,0.8806899004267426,1.0,0.11931009957325744
GunPoint,2,0.3,150,45,0.3,linear_block,linear_block,linear,dtw,dtw,2,1,False,0.8406827880512091,0.8406827880512091,0.0
GunPoint,3,0.05,150,7,0.04666666666666667,point,linear_block,linear,minirocket,minirocket,1,1,False,1.0,1.0,0.0
GunPoint,3,0.05,150,7,0.04666666666666667,linear_block,point,linear,minirocket,minirocket,1,1,False,1.0,1.0,0.0
GunPoint,3,0.05,150,7,0.04666666666666667,linear_block,linear_block,linear,minirocket,minirocket,1,1,False,1.0,1.0,0.0
GunPoint,3,0.1,150,15,0.1,point,linear_block,linear,minirocket,minirocket,1,1,False,1.0,1.0,0.0
GunPoint,3,0.1,150,15,0.1,linear_block,point,linear,minirocket,minirocket,1,1,False,1.0,1.0,0.0
GunPoint,3,0.1,150,15,0.1,linear_block,linear_block,linear,minirocket,minirocket,1,1,False,1.0,1.0,0.0
GunPoint,3,0.15,150,22,0.14666666666666667,point,linear_block,linear,minirocket,minirocket,1,1,False,0.9121621621621622,0.9121621621621622,0.0
GunPoint,3,0.15,150,22,0.14666666666666667,linear_block,point,linear,minirocket,minirocket,1,1,False,1.0,1.0,0.0
GunPoint,3,0.15,150,22,0.14666666666666667,linear_block,linear_block,linear,minirocket,minirocket,1,1,False,0.9121621621621622,0.9121621621621622,0.0
GunPoint,3,0.2,150,30,0.2,point,linear_block,linear,minirocket,dtw,1,1,True,0.7569345661450924,0.8805120910384068,0.12357752489331442
GunPoint,3,0.2,150,30,0.2,linear_block,point,linear,minirocket,minirocket,1,1,False,1.0,1.0,0.0
GunPoint,3,0.2,150,30,0.2,linear_block,linear_block,linear,minirocket,dtw,1,1,True,0.7569345661450924,0.8805120910384068,0.12357752489331442
GunPoint,3,0.25,150,37,0.24666666666666667,point,linear_block,linear,minirocket,dtw,1,1,True,0.6758534850640113,0.8405049786628734,0.1646514935988621
GunPoint,3,0.25,150,37,0.24666666666666667,linear_block,point,linear,minirocket,minirocket,1,1,False,1.0,1.0,0.0
GunPoint,3,0.25,150,37,0.24666666666666667,linear_block,linear_block,linear,minirocket,dtw,1,1,True,0.6758534850640113,0.8405049786628734,0.1646514935988621
GunPoint,3,0.3,150,45,0.3,point,linear_block,linear,minirocket,dtw,1,1,True,0.6082859174964438,0.8541963015647227,0.24591038406827892
GunPoint,3,0.3,150,45,0.3,linear_block,point,linear,dtw,minirocket,1,1,True,0.9004267425320057,1.0,0.09957325746799428
GunPoint,3,0.3,150,45,0.3,linear_block,linear_block,linear,dtw,dtw,1,1,False,0.8541963015647227,0.8541963015647227,0.0
GunPoint,4,0.05,150,7,0.04666666666666667,point,linear_block,linear,minirocket,minirocket,1,1,False,0.993421052631579,0.993421052631579,0.0
GunPoint,4,0.05,150,7,0.04666666666666667,linear_block,point,linear,minirocket,minirocket,1,1,False,1.0,1.0,0.0
GunPoint,4,0.05,150,7,0.04666666666666667,linear_block,linear_block,linear,minirocket,minirocket,1,1,False,0.993421052631579,0.993421052631579,0.0
GunPoint,4,0.1,150,15,0.1,point,linear_block,linear,minirocket,minirocket,1,1,False,0.993421052631579,0.993421052631579,0.0
GunPoint,4,0.1,150,15,0.1,linear_block,point,linear,minirocket,minirocket,1,1,False,0.993421052631579,0.993421052631579,0.0
GunPoint,4,0.1,150,15,0.1,linear_block,linear_block,linear,minirocket,minirocket,1,1,False,0.993421052631579,0.993421052631579,0.0
GunPoint,4,0.15,150,22,0.14666666666666667,point,linear_block,linear,minirocket,minirocket,1,1,False,0.9324324324324325,0.9324324324324325,0.0
GunPoint,4,0.15,150,22,0.14666666666666667,linear_block,point,linear,minirocket,minirocket,1,1,False,1.0,1.0,0.0
GunPoint,4,0.15,150,22,0.14666666666666667,linear_block,linear_block,linear,minirocket,minirocket,1,1,False,0.9324324324324325,0.9324324324324325,0.0
GunPoint,4,0.2,150,30,0.2,point,linear_block,linear,minirocket,dtw,1,1,True,0.8109886201991465,0.8668207681365576,0.05583214793741109
GunPoint,4,0.2,150,30,0.2,linear_block,point,linear,minirocket,minirocket,1,1,False,0.993421052631579,0.993421052631579,0.0
GunPoint,4,0.2,150,30,0.2,linear_block,linear_block,linear,minirocket,dtw,1,1,True,0.8109886201991465,0.8668207681365576,0.05583214793741109
GunPoint,4,0.25,150,37,0.24666666666666667,point,linear_block,linear,minirocket,dtw,1,1,True,0.6959459459459459,0.8870910384068279,0.19114509246088196
GunPoint,4,0.25,150,37,0.24666666666666667,linear_block,point,linear,minirocket,minirocket,1,1,False,0.993421052631579,0.993421052631579,0.0
GunPoint,4,0.25,150,37,0.24666666666666667,linear_block,linear_block,linear,minirocket,dtw,1,1,True,0.6959459459459459,0.8870910384068279,0.19114509246088196
GunPoint,4,0.3,150,45,0.3,point,linear_block,linear,minirocket,dtw,1,1,True,0.6283783783783784,0.8342816500711238,0.20590327169274536
GunPoint,4,0.3,150,45,0.3,linear_block,point,linear,stat_rf,minirocket,2,1,True,0.8214793741109531,1.0,0.17852062588904694
GunPoint,4,0.3,150,45,0.3,linear_block,linear_block,linear,stat_rf,dtw,2,1,True,0.8060099573257469,0.8342816500711238,0.028271692745376886
GunPoint,5,0.05,150,7,0.04666666666666667,point,linear_block,linear,minirocket,minirocket,1,1,False,0.993421052631579,0.993421052631579,0.0
GunPoint,5,0.05,150,7,0.04666666666666667,linear_block,point,linear,minirocket,minirocket,1,1,False,0.993421052631579,0.993421052631579,0.0
GunPoint,5,0.05,150,7,0.04666666666666667,linear_block,linear_block,linear,minirocket,minirocket,1,1,False,0.993421052631579,0.993421052631579,0.0
GunPoint,5,0.1,150,15,0.1,point,linear_block,linear,minirocket,minirocket,1,1,False,0.9932432432432432,0.9932432432432432,0.0
GunPoint,5,0.1,150,15,0.1,linear_block,point,linear,minirocket,minirocket,1,1,False,0.993421052631579,0.993421052631579,0.0
GunPoint,5,0.1,150,15,0.1,linear_block,linear_block,linear,minirocket,minirocket,1,1,False,0.9932432432432432,0.9932432432432432,0.0
GunPoint,5,0.15,150,22,0.14666666666666667,point,linear_block,linear,minirocket,minirocket,1,1,False,0.9596372688477952,0.9596372688477952,0.0
GunPoint,5,0.15,150,22,0.14666666666666667,linear_block,point,linear,minirocket,minirocket,1,1,False,0.993421052631579,0.993421052631579,0.0
GunPoint,5,0.15,150,22,0.14666666666666667,linear_block,linear_block,linear,minirocket,minirocket,1,1,False,0.9596372688477952,0.9596372688477952,0.0
GunPoint,5,0.2,150,30,0.2,point,linear_block,linear,minirocket,minirocket,1,1,False,0.8582859174964438,0.8582859174964438,0.0
GunPoint,5,0.2,150,30,0.2,linear_block,point,linear,stat_rf,minirocket,1,1,True,0.8741109530583215,0.993421052631579,0.11931009957325744
GunPoint,5,0.2,150,30,0.2,linear_block,linear_block,linear,stat_rf,minirocket,1,1,True,0.8065433854907539,0.8582859174964438,0.0517425320056899
GunPoint,5,0.25,150,37,0.24666666666666667,point,linear_block,linear,minirocket,dtw,1,1,True,0.7432432432432432,0.8540184921763869,0.11077524893314372
GunPoint,5,0.25,150,37,0.24666666666666667,linear_block,point,linear,dtw,minirocket,1,1,True,0.9071834992887624,0.993421052631579,0.08623755334281658
GunPoint,5,0.25,150,37,0.24666666666666667,linear_block,linear_block,linear,dtw,dtw,1,1,False,0.8540184921763869,0.8540184921763869,0.0
GunPoint,5,0.3,150,45,0.3,point,linear_block,linear,minirocket,dtw,1,1,True,0.6420697012802276,0.8081436699857752,0.1660739687055477
GunPoint,5,0.3,150,45,0.3,linear_block,point,linear,dtw,minirocket,1,1,True,0.9070056899004267,0.993421052631579,0.08641536273115225
GunPoint,5,0.3,150,45,0.3,linear_block,linear_block,linear,dtw,dtw,1,1,False,0.8081436699857752,0.8081436699857752,0.0
Ham,1,0.05,431,21,0.048723897911832945,point,linear_block,linear,dtw,minirocket,1,1,True,0.5223311546840959,0.6742919389978212,0.1519607843137254
Ham,1,0.05,431,21,0.048723897911832945,linear_block,point,linear,minirocket,minirocket,1,1,False,0.684640522875817,0.684640522875817,0.0
Ham,1,0.05,431,21,0.048723897911832945,linear_block,linear_block,linear,minirocket,minirocket,1,1,False,0.6742919389978212,0.6742919389978212,0.0
Ham,1,0.1,431,43,0.09976798143851508,point,linear_block,linear,dtw,minirocket,1,1,True,0.5299564270152506,0.6454248366013071,0.11546840958605653
Ham,1,0.1,431,43,0.09976798143851508,linear_block,point,linear,minirocket,minirocket,1,1,False,0.684640522875817,0.684640522875817,0.0
Ham,1,0.1,431,43,0.09976798143851508,linear_block,linear_block,linear,minirocket,minirocket,1,1,False,0.6454248366013071,0.6454248366013071,0.0
Ham,1,0.15,431,64,0.14849187935034802,point,linear_block,linear,minirocket,minirocket,1,1,False,0.6350762527233116,0.6350762527233116,0.0
Ham,1,0.15,431,64,0.14849187935034802,linear_block,point,linear,minirocket,minirocket,1,1,False,0.6748366013071896,0.6748366013071896,0.0
Ham,1,0.15,431,64,0.14849187935034802,linear_block,linear_block,linear,minirocket,minirocket,1,1,False,0.6350762527233116,0.6350762527233116,0.0
Ham,1,0.2,431,86,0.19953596287703015,point,linear_block,linear,minirocket,minirocket,1,1,False,0.6868191721132897,0.6868191721132897,0.0
Ham,1,0.2,431,86,0.19953596287703015,linear_block,point,linear,minirocket,minirocket,1,1,False,0.6748366013071896,0.6748366013071896,0.0
Ham,1,0.2,431,86,0.19953596287703015,linear_block,linear_block,linear,minirocket,minirocket,1,1,False,0.6868191721132897,0.6868191721132897,0.0
Ham,1,0.25,431,107,0.2482598607888631,point,linear_block,linear,minirocket,dtw,1,1,True,0.5626361655773421,0.576797385620915,0.014161220043572897
Ham,1,0.25,431,107,0.2482598607888631,linear_block,point,linear,stat_rf,minirocket,1,1,True,0.5136165577342048,0.6938997821350763,0.18028322440087152
Ham,1,0.25,431,107,0.2482598607888631,linear_block,linear_block,linear,stat_rf,dtw,1,1,True,0.4787581699346405,0.576797385620915,0.0980392156862745
Ham,1,0.3,431,129,0.29930394431554525,point,linear_block,linear,minirocket,dtw,1,1,True,0.5833333333333333,0.6367102396514162,0.053376906318082895
Ham,1,0.3,431,129,0.29930394431554525,linear_block,point,linear,minirocket,minirocket,1,1,False,0.6661220043572985,0.6661220043572985,0.0
Ham,1,0.3,431,129,0.29930394431554525,linear_block,linear_block,linear,minirocket,dtw,1,1,True,0.5833333333333333,0.6367102396514162,0.053376906318082895
Ham,2,0.05,431,21,0.048723897911832945,point,linear_block,linear,minirocket,minirocket,1,1,False,0.6726579520697168,0.6726579520697168,0.0
Ham,2,0.05,431,21,0.048723897911832945,linear_block,point,linear,dtw,minirocket,1,1,True,0.45915032679738566,0.7015250544662309,0.24237472766884527
Ham,2,0.05,431,21,0.048723897911832945,linear_block,linear_block,linear,dtw,minirocket,1,1,True,0.47766884531590414,0.6726579520697168,0.19498910675381265
Ham,2,0.1,431,43,0.09976798143851508,point,linear_block,linear,minirocket,minirocket,1,1,False,0.6628540305010893,0.6628540305010893,0.0
Ham,2,0.1,431,43,0.09976798143851508,linear_block,point,linear,dtw,minirocket,1,1,True,0.44989106753812635,0.7015250544662309,0.25163398692810457
Ham,2,0.1,431,43,0.09976798143851508,linear_block,linear_block,linear,dtw,minirocket,1,1,True,0.43845315904139437,0.6628540305010893,0.2244008714596949
Ham,2,0.15,431,64,0.14849187935034802,point,linear_block,linear,minirocket,minirocket,1,1,False,0.6633986928104576,0.6633986928104576,0.0
Ham,2,0.15,431,64,0.14849187935034802,linear_block,point,linear,dtw,minirocket,1,1,True,0.46840958605664484,0.6922657952069717,0.2238562091503269
Ham,2,0.15,431,64,0.14849187935034802,linear_block,linear_block,linear,dtw,minirocket,1,1,True,0.43681917211328974,0.6633986928104576,0.22657952069716786
Ham,2,0.2,431,86,0.19953596287703015,point,linear_block,linear,minirocket,minirocket,1,1,False,0.6056644880174291,0.6056644880174291,0.0
Ham,2,0.2,431,86,0.19953596287703015,linear_block,point,linear,dtw,minirocket,1,1,True,0.44989106753812635,0.681917211328976,0.23202614379084963
Ham,2,0.2,431,86,0.19953596287703015,linear_block,linear_block,linear,dtw,minirocket,1,1,True,0.4749455337690632,0.6056644880174291,0.13071895424836594
Ham,2,0.25,431,107,0.2482598607888631,point,linear_block,linear,minirocket,minirocket,1,1,False,0.6361655773420479,0.6361655773420479,0.0
Ham,2,0.25,431,107,0.2482598607888631,linear_block,point,linear,minirocket,minirocket,1,1,False,0.6928104575163399,0.6928104575163399,0.0
Ham,2,0.25,431,107,0.2482598607888631,linear_block,linear_block,linear,minirocket,minirocket,1,1,False,0.6361655773420479,0.6361655773420479,0.0
Ham,2,0.3,431,129,0.29930394431554525,point,linear_block,linear,minirocket,minirocket,1,1,False,0.5686274509803921,0.5686274509803921,0.0
Ham,2,0.3,431,129,0.29930394431554525,linear_block,point,linear,minirocket,minirocket,1,1,False,0.7107843137254902,0.7107843137254902,0.0
Ham,2,0.3,431,129,0.29930394431554525,linear_block,linear_block,linear,minirocket,minirocket,1,1,False,0.5686274509803921,0.5686274509803921,0.0
Ham,3,0.05,431,21,0.048723897911832945,point,linear_block,linear,minirocket,minirocket,1,1,False,0.6465141612200436,0.6465141612200436,0.0
Ham,3,0.05,431,21,0.048723897911832945,linear_block,point,linear,minirocket,minirocket,1,1,False,0.6835511982570806,0.6835511982570806,0.0
Ham,3,0.05,431,21,0.048723897911832945,linear_block,linear_block,linear,minirocket,minirocket,1,1,False,0.6465141612200436,0.6465141612200436,0.0
Ham,3,0.1,431,43,0.09976798143851508,point,linear_block,linear,minirocket,minirocket,1,1,False,0.64760348583878,0.64760348583878,0.0
Ham,3,0.1,431,43,0.09976798143851508,linear_block,point,linear,minirocket,minirocket,1,1,False,0.6830065359477124,0.6830065359477124,0.0
Ham,3,0.1,431,43,0.09976798143851508,linear_block,linear_block,linear,minirocket,minirocket,1,1,False,0.64760348583878,0.64760348583878,0.0
Ham,3,0.15,431,64,0.14849187935034802,point,linear_block,linear,minirocket,minirocket,1,1,False,0.6094771241830066,0.6094771241830066,0.0
Ham,3,0.15,431,64,0.14849187935034802,linear_block,point,linear,minirocket,minirocket,1,1,False,0.6835511982570806,0.6835511982570806,0.0
Ham,3,0.15,431,64,0.14849187935034802,linear_block,linear_block,linear,minirocket,minirocket,1,1,False,0.6094771241830066,0.6094771241830066,0.0
Ham,3,0.2,431,86,0.19953596287703015,point,linear_block,linear,minirocket,minirocket,1,1,False,0.5441176470588236,0.5441176470588236,0.0
Ham,3,0.2,431,86,0.19953596287703015,linear_block,point,linear,dtw,minirocket,1,1,True,0.5038126361655774,0.6650326797385621,0.1612200435729847
Ham,3,0.2,431,86,0.19953596287703015,linear_block,linear_block,linear,dtw,minirocket,1,1,True,0.5125272331154684,0.5441176470588236,0.031590413943355156
Ham,3,0.25,431,107,0.2482598607888631,point,linear_block,linear,minirocket,minirocket,1,1,False,0.5866013071895425,0.5866013071895425,0.0
Ham,3,0.25,431,107,0.2482598607888631,linear_block,point,linear,dtw,minirocket,1,1,True,0.4760348583877996,0.6742919389978212,0.19825708061002167
Ham,3,0.25,431,107,0.2482598607888631,linear_block,linear_block,linear,dtw,minirocket,1,1,True,0.5697167755991286,0.5866013071895425,0.01688453159041392
Ham,3,0.3,431,129,0.29930394431554525,point,linear_block,linear,minirocket,dtw,1,1,True,0.4798474945533769,0.6089324618736384,0.12908496732026148
Ham,3,0.3,431,129,0.29930394431554525,linear_block,point,linear,dtw,minirocket,1,1,True,0.4760348583877996,0.6835511982570806,0.20751633986928097
Ham,3,0.3,431,129,0.29930394431554525,linear_block,linear_block,linear,dtw,dtw,1,1,False,0.6089324618736384,0.6089324618736384,0.0
Ham,4,0.05,431,21,0.048723897911832945,point,linear_block,linear,minirocket,minirocket,1,1,False,0.6949891067538126,0.6949891067538126,0.0
Ham,4,0.05,431,21,0.048723897911832945,linear_block,point,linear,minirocket,minirocket,1,1,False,0.6933551198257081,0.6933551198257081,0.0
Ham,4,0.05,431,21,0.048723897911832945,linear_block,linear_block,linear,minirocket,minirocket,1,1,False,0.6949891067538126,0.6949891067538126,0.0
Ham,4,0.1,431,43,0.09976798143851508,point,linear_block,linear,minirocket,minirocket,1,1,False,0.6862745098039216,0.6862745098039216,0.0
Ham,4,0.1,431,43,0.09976798143851508,linear_block,point,linear,minirocket,minirocket,1,1,False,0.6840958605664488,0.6840958605664488,0.0
Ham,4,0.1,431,43,0.09976798143851508,linear_block,linear_block,linear,minirocket,minirocket,1,1,False,0.6862745098039216,0.6862745098039216,0.0
Ham,4,0.15,431,64,0.14849187935034802,point,linear_block,linear,minirocket,minirocket,1,1,False,0.6122004357298475,0.6122004357298475,0.0
Ham,4,0.15,431,64,0.14849187935034802,linear_block,point,linear,minirocket,minirocket,1,1,False,0.7026143790849673,0.7026143790849673,0.0
Ham,4,0.15,431,64,0.14849187935034802,linear_block,linear_block,linear,minirocket,minirocket,1,1,False,0.6122004357298475,0.6122004357298475,0.0
Ham,4,0.2,431,86,0.19953596287703015,point,linear_block,linear,minirocket,dtw,1,1,True,0.48965141612200436,0.5522875816993464,0.06263616557734208
Ham,4,0.2,431,86,0.19953596287703015,linear_block,point,linear,minirocket,minirocket,1,1,False,0.6835511982570806,0.6835511982570806,0.0
Ham,4,0.2,431,86,0.19953596287703015,linear_block,linear_block,linear,minirocket,dtw,1,1,True,0.48965141612200436,0.5522875816993464,0.06263616557734208
Ham,4,0.25,431,107,0.2482598607888631,point,linear_block,linear,minirocket,minirocket,1,1,False,0.6154684095860566,0.6154684095860566,0.0
Ham,4,0.25,431,107,0.2482598607888631,linear_block,point,linear,minirocket,minirocket,1,1,False,0.7031590413943356,0.7031590413943356,0.0
Ham,4,0.25,431,107,0.2482598607888631,linear_block,linear_block,linear,minirocket,minirocket,1,1,False,0.6154684095860566,0.6154684095860566,0.0
Ham,4,0.3,431,129,0.29930394431554525,point,linear_block,linear,minirocket,dtw,1,1,True,0.49183006535947715,0.5893246187363834,0.09749455337690627
Ham,4,0.3,431,129,0.29930394431554525,linear_block,point,linear,minirocket,minirocket,1,1,False,0.7135076252723311,0.7135076252723311,0.0
Ham,4,0.3,431,129,0.29930394431554525,linear_block,linear_block,linear,minirocket,dtw,1,1,True,0.49183006535947715,0.5893246187363834,0.09749455337690627
Ham,5,0.05,431,21,0.048723897911832945,point,linear_block,linear,minirocket,minirocket,1,1,False,0.6633986928104576,0.6633986928104576,0.0
Ham,5,0.05,431,21,0.048723897911832945,linear_block,point,linear,minirocket,minirocket,1,1,False,0.6639433551198257,0.6639433551198257,0.0
Ham,5,0.05,431,21,0.048723897911832945,linear_block,linear_block,linear,minirocket,minirocket,1,1,False,0.6633986928104576,0.6633986928104576,0.0
Ham,5,0.1,431,43,0.09976798143851508,point,linear_block,linear,minirocket,minirocket,1,1,False,0.6742919389978212,0.6742919389978212,0.0
Ham,5,0.1,431,43,0.09976798143851508,linear_block,point,linear,dtw,minirocket,1,1,True,0.5321350762527233,0.6639433551198257,0.13180827886710245
Ham,5,0.1,431,43,0.09976798143851508,linear_block,linear_block,linear,dtw,minirocket,1,1,True,0.5974945533769063,0.6742919389978212,0.07679738562091498
Ham,5,0.15,431,64,0.14849187935034802,point,linear_block,linear,minirocket,minirocket,1,1,False,0.6683006535947713,0.6683006535947713,0.0
Ham,5,0.15,431,64,0.14849187935034802,linear_block,point,linear,minirocket,minirocket,1,1,False,0.6639433551198257,0.6639433551198257,0.0
Ham,5,0.15,431,64,0.14849187935034802,linear_block,linear_block,linear,minirocket,minirocket,1,1,False,0.6683006535947713,0.6683006535947713,0.0
Ham,5,0.2,431,86,0.19953596287703015,point,linear_block,linear,minirocket,minirocket,1,1,False,0.6612200435729847,0.6612200435729847,0.0
Ham,5,0.2,431,86,0.19953596287703015,linear_block,point,linear,minirocket,minirocket,1,1,False,0.673202614379085,0.673202614379085,0.0
Ham,5,0.2,431,86,0.19953596287703015,linear_block,linear_block,linear,minirocket,minirocket,1,1,False,0.6612200435729847,0.6612200435729847,0.0
Ham,5,0.25,431,107,0.2482598607888631,point,linear_block,linear,minirocket,minirocket,1,1,False,0.6138344226579521,0.6138344226579521,0.0
Ham,5,0.25,431,107,0.2482598607888631,linear_block,point,linear,minirocket,minirocket,1,1,False,0.6546840958605664,0.6546840958605664,0.0
Ham,5,0.25,431,107,0.2482598607888631,linear_block,linear_block,linear,minirocket,minirocket,1,1,False,0.6138344226579521,0.6138344226579521,0.0
Ham,5,0.3,431,129,0.29930394431554525,point,linear_block,linear,minirocket,minirocket,1,1,False,0.5838779956427015,0.5838779956427015,0.0
Ham,5,0.3,431,129,0.29930394431554525,linear_block,point,linear,minirocket,minirocket,1,1,False,0.6644880174291938,0.6644880174291938,0.0
Ham,5,0.3,431,129,0.29930394431554525,linear_block,linear_block,linear,minirocket,minirocket,1,1,False,0.5838779956427015,0.5838779956427015,0.0
Haptics,1,0.05,1092,54,0.04945054945054945,point,linear_block,linear,stat_rf,minirocket,1,1,True,0.40827495522097285,0.5080882081410597,0.09981325292008686
Haptics,1,0.05,1092,54,0.04945054945054945,linear_block,point,linear,minirocket,minirocket,1,1,False,0.5123598547298575,0.5123598547298575,0.0
Haptics,1,0.05,1092,54,0.04945054945054945,linear_block,linear_block,linear,minirocket,minirocket,1,1,False,0.5080882081410597,0.5080882081410597,0.0
Haptics,1,0.1,1092,109,0.09981684981684982,point,linear_block,linear,minirocket,minirocket,1,1,False,0.4383157888232712,0.4383157888232712,0.0
Haptics,1,0.1,1092,109,0.09981684981684982,linear_block,point,linear,minirocket,minirocket,1,1,False,0.5095581305919265,0.5095581305919265,0.0
Haptics,1,0.1,1092,109,0.09981684981684982,linear_block,linear_block,linear,minirocket,minirocket,1,1,False,0.4383157888232712,0.4383157888232712,0.0
Haptics,1,0.15,1092,163,0.14926739926739926,point,linear_block,linear,minirocket,minirocket,1,1,False,0.41445021204613985,0.41445021204613985,0.0
Haptics,1,0.15,1092,163,0.14926739926739926,linear_block,point,linear,minirocket,minirocket,1,1,False,0.5092348547298575,0.5092348547298575,0.0
Haptics,1,0.15,1092,163,0.14926739926739926,linear_block,linear_block,linear,minirocket,minirocket,1,1,False,0.41445021204613985,0.41445021204613985,0.0
Haptics,1,0.2,1092,218,0.19963369963369965,point,linear_block,linear,minirocket,minirocket,1,1,False,0.3687586086952729,0.3687586086952729,0.0
Haptics,1,0.2,1092,218,0.19963369963369965,linear_block,point,linear,minirocket,minirocket,1,1,False,0.5092913519049987,0.5092913519049987,0.0
Haptics,1,0.2,1092,218,0.19963369963369965,linear_block,linear_block,linear,minirocket,minirocket,1,1,False,0.3687586086952729,0.3687586086952729,0.0
Haptics,1,0.25,1092,273,0.25,point,linear_block,linear,minirocket,minirocket,1,1,False,0.35668708619381173,0.35668708619381173,0.0
Haptics,1,0.25,1092,273,0.25,linear_block,point,linear,stat_rf,minirocket,1,1,True,0.33285761068997505,0.4994681709075895,0.16661056021761445
Haptics,1,0.25,1092,273,0.25,linear_block,linear_block,linear,stat_rf,minirocket,1,1,True,0.3425343439145593,0.35668708619381173,0.01415274227925245
Haptics,1,0.3,1092,327,0.29945054945054944,point,linear_block,linear,minirocket,minirocket,1,1,False,0.3438737729383474,0.3438737729383474,0.0
Haptics,1,0.3,1092,327,0.29945054945054944,linear_block,point,linear,minirocket,minirocket,1,1,False,0.4997080185716653,0.4997080185716653,0.0
Haptics,1,0.3,1092,327,0.29945054945054944,linear_block,linear_block,linear,minirocket,minirocket,1,1,False,0.3438737729383474,0.3438737729383474,0.0
Haptics,2,0.05,1092,54,0.04945054945054945,point,linear_block,linear,minirocket,minirocket,1,1,False,0.494168716615636,0.494168716615636,0.0
Haptics,2,0.05,1092,54,0.04945054945054945,linear_block,point,linear,stat_rf,minirocket,1,1,True,0.3543374957474462,0.5043040495942264,0.14996655384678015
Haptics,2,0.05,1092,54,0.04945054945054945,linear_block,linear_block,linear,stat_rf,minirocket,1,1,True,0.3871104842531934,0.494168716615636,0.1070582323624426
Haptics,2,0.1,1092,109,0.09981684981684982,point,linear_block,linear,minirocket,minirocket,1,1,False,0.4115684381278878,0.4115684381278878,0.0
Haptics,2,0.1,1092,109,0.09981684981684982,linear_block,point,linear,stat_rf,minirocket,1,1,True,0.34306873180852027,0.4943974403988241,0.15132870859030384
Haptics,2,0.1,1092,109,0.09981684981684982,linear_block,linear_block,linear,stat_rf,minirocket,1,1,True,0.38395202174399773,0.4115684381278878,0.027616416383890063
Haptics,2,0.15,1092,163,0.14926739926739926,point,linear_block,linear,minirocket,minirocket,1,1,False,0.40483141532256894,0.40483141532256894,0.0
Haptics,2,0.15,1092,163,0.14926739926739926,linear_block,point,linear,stat_rf,minirocket,1,1,True,0.3721139153734542,0.5033776471238198,0.13126373175036565
Haptics,2,0.15,1092,163,0.14926739926739926,linear_block,linear_block,linear,stat_rf,minirocket,1,1,True,0.35863069406038195,0.40483141532256894,0.046200721262186994
Haptics,2,0.2,1092,218,0.19963369963369965,point,linear_block,linear,minirocket,minirocket,1,1,False,0.3669588788959934,0.3669588788959934,0.0
Haptics,2,0.2,1092,218,0.19963369963369965,linear_block,point,linear,stat_rf,minirocket,1,1,True,0.3198509843389714,0.5068159603792842,0.1869649760403128
Haptics,2,0.2,1092,218,0.19963369963369965,linear_block,linear_block,linear,stat_rf,minirocket,1,1,True,0.3417775765386975,0.3669588788959934,0.025181302357295876
Haptics,2,0.25,1092,273,0.25,point,linear_block,linear,minirocket,minirocket,1,1,False,0.3115306758143822,0.3115306758143822,0.0
Haptics,2,0.25,1092,273,0.25,linear_block,point,linear,minirocket,minirocket,1,1,False,0.5060959430637577,0.5060959430637577,0.0
Haptics,2,0.25,1092,273,0.25,linear_block,linear_block,linear,minirocket,minirocket,1,1,False,0.3115306758143822,0.3115306758143822,0.0
Haptics,2,0.3,1092,327,0.29945054945054944,point,linear_block,linear,minirocket,stat_rf,1,1,True,0.2767685843866582,0.3431175362230344,0.06634895183637624
Haptics,2,0.3,1092,327,0.29945054945054944,linear_block,point,linear,stat_rf,minirocket,1,1,True,0.3223367600920005,0.509345848199098,0.1870090881070975
Haptics,2,0.3,1092,327,0.29945054945054944,linear_block,linear_block,linear,stat_rf,stat_rf,1,1,False,0.3431175362230344,0.3431175362230344,0.0
Haptics,3,0.05,1092,54,0.04945054945054945,point,linear_block,linear,stat_rf,minirocket,1,1,True,0.3731670275885331,0.48057250095228127,0.10740547336374817
Haptics,3,0.05,1092,54,0.04945054945054945,linear_block,point,linear,stat_rf,minirocket,1,1,True,0.3574421052975915,0.4901992594014149,0.13275715410382338
Haptics,3,0.05,1092,54,0.04945054945054945,linear_block,linear_block,linear,stat_rf,minirocket,1,1,True,0.3731670275885331,0.48057250095228127,0.10740547336374817
Haptics,3,0.1,1092,109,0.09981684981684982,point,linear_block,linear,stat_rf,minirocket,1,1,True,0.40470224854686243,0.45686988421422986,0.05216763566736743
Haptics,3,0.1,1092,109,0.09981684981684982,linear_block,point,linear,stat_rf,minirocket,1,1,True,0.35130051633998327,0.47711115303087137,0.1258106366908881
Haptics,3,0.1,1092,109,0.09981684981684982,linear_block,linear_block,linear,stat_rf,minirocket,1,1,True,0.40470224854686243,0.45686988421422986,0.05216763566736743
Haptics,3,0.15,1092,163,0.14926739926739926,point,linear_block,linear,minirocket,stat_rf,1,1,True,0.3761183616546141,0.39693320001395704,0.020814838359342946
Haptics,3,0.15,1092,163,0.14926739926739926,linear_block,point,linear,stat_rf,minirocket,1,1,True,0.3560433785921358,0.4906139778896284,0.1345705992974926
Haptics,3,0.15,1092,163,0.14926739926739926,linear_block,linear_block,linear,stat_rf,stat_rf,1,1,False,0.39693320001395704,0.39693320001395704,0.0
Haptics,3,0.2,1092,218,0.19963369963369965,point,linear_block,linear,minirocket,stat_rf,1,1,True,0.33247746873464357,0.3592364648848103,0.026758996150166747
Haptics,3,0.2,1092,218,0.19963369963369965,linear_block,point,linear,stat_rf,minirocket,1,1,True,0.352478998927048,0.4835425553413528,0.13106355641430484
Haptics,3,0.2,1092,218,0.19963369963369965,linear_block,linear_block,linear,stat_rf,stat_rf,1,1,False,0.3592364648848103,0.3592364648848103,0.0
Haptics,3,0.25,1092,273,0.25,point,linear_block,linear,stat_rf,stat_rf,1,1,False,0.33983143349587536,0.33983143349587536,0.0
Haptics,3,0.25,1092,273,0.25,linear_block,point,linear,stat_rf,minirocket,1,1,True,0.35590377488652586,0.493922328378563,0.13801855349203712
Haptics,3,0.25,1092,273,0.25,linear_block,linear_block,linear,stat_rf,stat_rf,1,1,False,0.33983143349587536,0.33983143349587536,0.0
Haptics,3,0.3,1092,327,0.29945054945054944,point,linear_block,linear,stat_rf,minirocket,1,1,True,0.2848867784833867,0.28999986006554024,0.005113081582153511
Haptics,3,0.3,1092,327,0.29945054945054944,linear_block,point,linear,stat_rf,minirocket,1,1,True,0.2994550388763372,0.4745873314607558,0.17513229258441865
Haptics,3,0.3,1092,327,0.29945054945054944,linear_block,linear_block,linear,stat_rf,minirocket,1,1,True,0.2848867784833867,0.28999986006554024,0.005113081582153511
Haptics,4,0.05,1092,54,0.04945054945054945,point,linear_block,linear,minirocket,minirocket,1,1,False,0.501403564439637,0.501403564439637,0.0
Haptics,4,0.05,1092,54,0.04945054945054945,linear_block,point,linear,minirocket,minirocket,1,1,False,0.5296792829394815,0.5296792829394815,0.0
Haptics,4,0.05,1092,54,0.04945054945054945,linear_block,linear_block,linear,minirocket,minirocket,1,1,False,0.501403564439637,0.501403564439637,0.0
Haptics,4,0.1,1092,109,0.09981684981684982,point,linear_block,linear,minirocket,minirocket,1,1,False,0.4536030106626424,0.4536030106626424,0.0
Haptics,4,0.1,1092,109,0.09981684981684982,linear_block,point,linear,stat_rf,minirocket,1,1,True,0.3831263811712914,0.5258012683514048,0.14267488718011345
Haptics,4,0.1,1092,109,0.09981684981684982,linear_block,linear_block,linear,stat_rf,minirocket,1,1,True,0.39708108711265416,0.4536030106626424,0.05652192354998825
Haptics,4,0.15,1092,163,0.14926739926739926,point,linear_block,linear,minirocket,minirocket,1,1,False,0.4219428845689728,0.4219428845689728,0.0
Haptics,4,0.15,1092,163,0.14926739926739926,linear_block,point,linear,minirocket,minirocket,1,1,False,0.528198236607727,0.528198236607727,0.0
Haptics,4,0.15,1092,163,0.14926739926739926,linear_block,linear_block,linear,minirocket,minirocket,1,1,False,0.4219428845689728,0.4219428845689728,0.0
Haptics,4,0.2,1092,218,0.19963369963369965,point,linear_block,linear,minirocket,minirocket,1,1,False,0.38170748573031976,0.38170748573031976,0.0
Haptics,4,0.2,1092,218,0.19963369963369965,linear_block,point,linear,stat_rf,minirocket,1,1,True,0.36098603272358254,0.5282547337828682,0.1672687010592857
Haptics,4,0.2,1092,218,0.19963369963369965,linear_block,linear_block,linear,stat_rf,minirocket,1,1,True,0.37585774917057024,0.38170748573031976,0.005849736559749519
Haptics,4,0.25,1092,273,0.25,point,linear_block,linear,minirocket,minirocket,1,1,False,0.35438610934224263,0.35438610934224263,0.0
Haptics,4,0.25,1092,273,0.25,linear_block,point,linear,stat_rf,minirocket,1,1,True,0.38438435198350734,0.5215100182169224,0.1371256662334151
Haptics,4,0.25,1092,273,0.25,linear_block,linear_block,linear,stat_rf,minirocket,1,1,True,0.3459284269767469,0.35438610934224263,0.008457682365495711
Haptics,4,0.3,1092,327,0.29945054945054944,point,linear_block,linear,minirocket,stat_rf,1,1,True,0.28579723024270814,0.3441695307797657,0.05837230053705755
Haptics,4,0.3,1092,327,0.29945054945054944,linear_block,point,linear,stat_rf,minirocket,1,1,True,0.35390697011726874,0.5253846016847381,0.17147763156746937
Haptics,4,0.3,1092,327,0.29945054945054944,linear_block,linear_block,linear,stat_rf,stat_rf,1,1,False,0.3441695307797657,0.3441695307797657,0.0
Haptics,5,0.05,1092,54,0.04945054945054945,point,linear_block,linear,minirocket,minirocket,1,1,False,0.49146154455658586,0.49146154455658586,0.0
Haptics,5,0.05,1092,54,0.04945054945054945,linear_block,point,linear,minirocket,minirocket,1,1,False,0.5020996075292736,0.5020996075292736,0.0
Haptics,5,0.05,1092,54,0.04945054945054945,linear_block,linear_block,linear,minirocket,minirocket,1,1,False,0.49146154455658586,0.49146154455658586,0.0
Haptics,5,0.1,1092,109,0.09981684981684982,point,linear_block,linear,minirocket,minirocket,1,1,False,0.4614424680367886,0.4614424680367886,0.0
Haptics,5,0.1,1092,109,0.09981684981684982,linear_block,point,linear,minirocket,minirocket,1,1,False,0.5046799262745303,0.5046799262745303,0.0
Haptics,5,0.1,1092,109,0.09981684981684982,linear_block,linear_block,linear,minirocket,minirocket,1,1,False,0.4614424680367886,0.4614424680367886,0.0
Haptics,5,0.15,1092,163,0.14926739926739926,point,linear_block,linear,minirocket,minirocket,1,1,False,0.41416646494296483,0.41416646494296483,0.0
Haptics,5,0.15,1092,163,0.14926739926739926,linear_block,point,linear,stat_rf,minirocket,1,1,True,0.36105495862301584,0.5080132596078636,0.14695830098484775
Haptics,5,0.15,1092,163,0.14926739926739926,linear_block,linear_block,linear,stat_rf,minirocket,1,1,True,0.3971265131094963,0.41416646494296483,0.017039951833468514
Haptics,5,0.2,1092,218,0.19963369963369965,point,linear_block,linear,minirocket,minirocket,1,1,False,0.3779256406453996,0.3779256406453996,0.0
Haptics,5,0.2,1092,218,0.19963369963369965,linear_block,point,linear,stat_rf,minirocket,1,1,True,0.37213578876511655,0.5008268945308525,0.12869110576573595
Haptics,5,0.2,1092,218,0.19963369963369965,linear_block,linear_block,linear,stat_rf,minirocket,1,1,True,0.36072988723826804,0.3779256406453996,0.01719575340713153
Haptics,5,0.25,1092,273,0.25,point,linear_block,linear,minirocket,minirocket,1,1,False,0.3384076149061821,0.3384076149061821,0.0
Haptics,5,0.25,1092,273,0.25,linear_block,point,linear,minirocket,minirocket,1,1,False,0.5072017996661927,0.5072017996661927,0.0
Haptics,5,0.25,1092,273,0.25,linear_block,linear_block,linear,minirocket,minirocket,1,1,False,0.3384076149061821,0.3384076149061821,0.0
Haptics,5,0.3,1092,327,0.29945054945054944,point,linear_block,linear,minirocket,minirocket,1,1,False,0.30053701757140655,0.30053701757140655,0.0
Haptics,5,0.3,1092,327,0.29945054945054944,linear_block,point,linear,minirocket,minirocket,1,1,False,0.5141233342347293,0.5141233342347293,0.0
Haptics,5,0.3,1092,327,0.29945054945054944,linear_block,linear_block,linear,minirocket,minirocket,1,1,False,0.30053701757140655,0.30053701757140655,0.0
CinCECGTorso,1,0.05,1639,81,0.04942037827943868,point,linear_block,linear,minirocket,minirocket,1,1,False,0.8082339759484485,0.8082339759484485,0.0
CinCECGTorso,1,0.05,1639,81,0.04942037827943868,linear_block,point,linear,minirocket,minirocket,1,1,False,0.8228806970101978,0.8228806970101978,0.0
CinCECGTorso,1,0.05,1639,81,0.04942037827943868,linear_block,linear_block,linear,minirocket,minirocket,1,1,False,0.8082339759484485,0.8082339759484485,0.0
CinCECGTorso,1,0.1,1639,163,0.09945088468578402,point,linear_block,linear,minirocket,minirocket,1,1,False,0.7630671658442171,0.7630671658442171,0.0
CinCECGTorso,1,0.1,1639,163,0.09945088468578402,linear_block,point,linear,minirocket,minirocket,2,1,False,0.8250651918171649,0.8250651918171649,0.0
CinCECGTorso,1,0.1,1639,163,0.09945088468578402,linear_block,linear_block,linear,minirocket,minirocket,2,1,False,0.7630671658442171,0.7630671658442171,0.0
CinCECGTorso,1,0.15,1639,245,0.14948139109212935,point,linear_block,linear,minirocket,minirocket,1,1,False,0.7026900733051202,0.7026900733051202,0.0
CinCECGTorso,1,0.15,1639,245,0.14948139109212935,linear_block,point,linear,minirocket,minirocket,1,1,False,0.8228953113336432,0.8228953113336432,0.0
CinCECGTorso,1,0.15,1639,245,0.14948139109212935,linear_block,linear_block,linear,minirocket,minirocket,1,1,False,0.7026900733051202,0.7026900733051202,0.0
CinCECGTorso,1,0.2,1639,327,0.19951189749847467,point,linear_block,linear,minirocket,minirocket,1,1,False,0.6336752892286913,0.6336752892286913,0.0
CinCECGTorso,1,0.2,1639,327,0.19951189749847467,linear_block,point,linear,minirocket,minirocket,1,1,False,0.8193260139405004,0.8193260139405004,0.0
CinCECGTorso,1,0.2,1639,327,0.19951189749847467,linear_block,linear_block,linear,minirocket,minirocket,1,1,False,0.6336752892286913,0.6336752892286913,0.0
CinCECGTorso,1,0.25,1639,409,0.24954240390482002,point,linear_block,linear,minirocket,minirocket,1,1,False,0.5546205094220318,0.5546205094220318,0.0
CinCECGTorso,1,0.25,1639,409,0.24954240390482002,linear_block,point,linear,minirocket,minirocket,1,1,False,0.8186242113713743,0.8186242113713743,0.0
CinCECGTorso,1,0.25,1639,409,0.24954240390482002,linear_block,linear_block,linear,minirocket,minirocket,1,1,False,0.5546205094220318,0.5546205094220318,0.0
CinCECGTorso,1,0.3,1639,491,0.29957291031116534,point,linear_block,linear,minirocket,minirocket,1,1,False,0.5174982894977758,0.5174982894977758,0.0
CinCECGTorso,1,0.3,1639,491,0.29957291031116534,linear_block,point,linear,minirocket,minirocket,1,1,False,0.8179120568353745,0.8179120568353745,0.0
CinCECGTorso,1,0.3,1639,491,0.29957291031116534,linear_block,linear_block,linear,minirocket,minirocket,1,1,False,0.5174982894977758,0.5174982894977758,0.0
CinCECGTorso,2,0.05,1639,81,0.04942037827943868,point,linear_block,linear,minirocket,minirocket,1,1,False,0.739579879897911,0.739579879897911,0.0
CinCECGTorso,2,0.05,1639,81,0.04942037827943868,linear_block,point,linear,minirocket,minirocket,1,1,False,0.7419237052999254,0.7419237052999254,0.0
CinCECGTorso,2,0.05,1639,81,0.04942037827943868,linear_block,linear_block,linear,minirocket,minirocket,1,1,False,0.739579879897911,0.739579879897911,0.0
CinCECGTorso,2,0.1,1639,163,0.09945088468578402,point,linear_block,linear,minirocket,minirocket,1,1,False,0.695959664022523,0.695959664022523,0.0
CinCECGTorso,2,0.1,1639,163,0.09945088468578402,linear_block,point,linear,minirocket,minirocket,1,1,False,0.7390830410839284,0.7390830410839284,0.0
CinCECGTorso,2,0.1,1639,163,0.09945088468578402,linear_block,linear_block,linear,minirocket,minirocket,1,1,False,0.695959664022523,0.695959664022523,0.0
CinCECGTorso,2,0.15,1639,245,0.14948139109212935,point,linear_block,linear,minirocket,minirocket,1,1,False,0.6712137227125785,0.6712137227125785,0.0
CinCECGTorso,2,0.15,1639,245,0.14948139109212935,linear_block,point,linear,minirocket,minirocket,1,1,False,0.7362198086164835,0.7362198086164835,0.0
CinCECGTorso,2,0.15,1639,245,0.14948139109212935,linear_block,linear_block,linear,minirocket,minirocket,1,1,False,0.6712137227125785,0.6712137227125785,0.0
CinCECGTorso,2,0.2,1639,327,0.19951189749847467,point,linear_block,linear,minirocket,minirocket,1,1,False,0.6290353249287075,0.6290353249287075,0.0
CinCECGTorso,2,0.2,1639,327,0.19951189749847467,linear_block,point,linear,minirocket,minirocket,3,1,False,0.7362593521662778,0.7362593521662778,0.0
CinCECGTorso,2,0.2,1639,327,0.19951189749847467,linear_block,linear_block,linear,minirocket,minirocket,3,1,False,0.6290353249287075,0.6290353249287075,0.0
CinCECGTorso,2,0.25,1639,409,0.24954240390482002,point,linear_block,linear,minirocket,minirocket,1,1,False,0.5803735566363408,0.5803735566363408,0.0
CinCECGTorso,2,0.25,1639,409,0.24954240390482002,linear_block,point,linear,minirocket,minirocket,1,1,False,0.7269256808095365,0.7269256808095365,0.0
CinCECGTorso,2,0.25,1639,409,0.24954240390482002,linear_block,linear_block,linear,minirocket,minirocket,1,1,False,0.5803735566363408,0.5803735566363408,0.0
CinCECGTorso,2,0.3,1639,491,0.29957291031116534,point,linear_block,linear,minirocket,minirocket,1,1,False,0.5171240286460013,0.5171240286460013,0.0
CinCECGTorso,2,0.3,1639,491,0.29957291031116534,linear_block,point,linear,dtw,minirocket,1,1,True,0.5545933748894567,0.7233396749786326,0.1687463000891759
CinCECGTorso,2,0.3,1639,491,0.29957291031116534,linear_block,linear_block,linear,dtw,minirocket,1,1,True,0.3650752546850712,0.5171240286460013,0.15204877396093008
CinCECGTorso,3,0.05,1639,81,0.04942037827943868,point,linear_block,linear,minirocket,minirocket,1,1,False,0.8589080620806675,0.8589080620806675,0.0
CinCECGTorso,3,0.05,1639,81,0.04942037827943868,linear_block,point,linear,minirocket,minirocket,1,1,False,0.8625067067254056,0.8625067067254056,0.0
CinCECGTorso,3,0.05,1639,81,0.04942037827943868,linear_block,linear_block,linear,minirocket,minirocket,1,1,False,0.8589080620806675,0.8589080620806675,0.0
CinCECGTorso,3,0.1,1639,163,0.09945088468578402,point,linear_block,linear,minirocket,minirocket,1,1,False,0.8188383039823753,0.8188383039823753,0.0
CinCECGTorso,3,0.1,1639,163,0.09945088468578402,linear_block,point,linear,minirocket,minirocket,1,1,False,0.8574921294659305,0.8574921294659305,0.0
CinCECGTorso,3,0.1,1639,163,0.09945088468578402,linear_block,linear_block,linear,minirocket,minirocket,1,1,False,0.8188383039823753,0.8188383039823753,0.0
CinCECGTorso,3,0.15,1639,245,0.14948139109212935,point,linear_block,linear,minirocket,minirocket,1,1,False,0.7752871642282281,0.7752871642282281,0.0
CinCECGTorso,3,0.15,1639,245,0.14948139109212935,linear_block,point,linear,minirocket,minirocket,1,1,False,0.8567945521894058,0.8567945521894058,0.0
CinCECGTorso,3,0.15,1639,245,0.14948139109212935,linear_block,linear_block,linear,minirocket,minirocket,1,1,False,0.7752871642282281,0.7752871642282281,0.0
CinCECGTorso,3,0.2,1639,327,0.19951189749847467,point,linear_block,linear,minirocket,minirocket,1,1,False,0.7143177672071335,0.7143177672071335,0.0
CinCECGTorso,3,0.2,1639,327,0.19951189749847467,linear_block,point,linear,minirocket,minirocket,1,1,False,0.852496391822502,0.852496391822502,0.0
CinCECGTorso,3,0.2,1639,327,0.19951189749847467,linear_block,linear_block,linear,minirocket,minirocket,1,1,False,0.7143177672071335,0.7143177672071335,0.0
CinCECGTorso,3,0.25,1639,409,0.24954240390482002,point,linear_block,linear,minirocket,minirocket,1,1,False,0.6691385110217128,0.6691385110217128,0.0
CinCECGTorso,3,0.25,1639,409,0.24954240390482002,linear_block,point,linear,minirocket,minirocket,1,1,False,0.8488936775538373,0.8488936775538373,0.0
CinCECGTorso,3,0.25,1639,409,0.24954240390482002,linear_block,linear_block,linear,minirocket,minirocket,1,1,False,0.6691385110217128,0.6691385110217128,0.0
CinCECGTorso,3,0.3,1639,491,0.29957291031116534,point,linear_block,linear,minirocket,minirocket,1,1,False,0.6227465217317176,0.6227465217317176,0.0
CinCECGTorso,3,0.3,1639,491,0.29957291031116534,linear_block,point,linear,minirocket,minirocket,1,1,False,0.8511054996260244,0.8511054996260244,0.0
CinCECGTorso,3,0.3,1639,491,0.29957291031116534,linear_block,linear_block,linear,minirocket,minirocket,1,1,False,0.6227465217317176,0.6227465217317176,0.0
CinCECGTorso,4,0.05,1639,81,0.04942037827943868,point,linear_block,linear,dtw,minirocket,1,1,True,0.6205172054656013,0.8280517027558545,0.2075344972902532
CinCECGTorso,4,0.05,1639,81,0.04942037827943868,linear_block,point,linear,dtw,minirocket,2,1,True,0.6357800853805617,0.8419423447705332,0.20616225938997146
CinCECGTorso,4,0.05,1639,81,0.04942037827943868,linear_block,linear_block,linear,dtw,minirocket,2,1,True,0.6205172054656013,0.8280517027558545,0.2075344972902532
CinCECGTorso,4,0.1,1639,163,0.09945088468578402,point,linear_block,linear,minirocket,minirocket,2,1,False,0.7995339428132591,0.7995339428132591,0.0
CinCECGTorso,4,0.1,1639,163,0.09945088468578402,linear_block,point,linear,minirocket,minirocket,2,1,False,0.8383688220847889,0.8383688220847889,0.0
CinCECGTorso,4,0.1,1639,163,0.09945088468578402,linear_block,linear_block,linear,minirocket,minirocket,2,1,False,0.7995339428132591,0.7995339428132591,0.0
CinCECGTorso,4,0.15,1639,245,0.14948139109212935,point,linear_block,linear,dtw,minirocket,1,1,True,0.5277714583708606,0.7684263008897576,0.24065484251889702
CinCECGTorso,4,0.15,1639,245,0.14948139109212935,linear_block,point,linear,minirocket,minirocket,2,1,False,0.8376524422561876,0.8376524422561876,0.0
CinCECGTorso,4,0.15,1639,245,0.14948139109212935,linear_block,linear_block,linear,minirocket,minirocket,2,1,False,0.7684263008897576,0.7684263008897576,0.0
CinCECGTorso,4,0.2,1639,327,0.19951189749847467,point,linear_block,linear,dtw,minirocket,2,1,True,0.4755093071335541,0.72969418888837,0.2541848817548159
CinCECGTorso,4,0.2,1639,327,0.19951189749847467,linear_block,point,linear,stat_rf,minirocket,1,1,True,0.6045753766255331,0.8340728299601414,0.22949745333460836
CinCECGTorso,4,0.2,1639,327,0.19951189749847467,linear_block,linear_block,linear,stat_rf,minirocket,1,1,True,0.5469282604618615,0.72969418888837,0.18276592842650852
CinCECGTorso,4,0.25,1639,409,0.24954240390482002,point,linear_block,linear,dtw,minirocket,1,1,True,0.42109999192005454,0.6776574495985601,0.2565574576785056
CinCECGTorso,4,0.25,1639,409,0.24954240390482002,linear_block,point,linear,minirocket,minirocket,1,1,False,0.8275920391039711,0.8275920391039711,0.0
CinCECGTorso,4,0.25,1639,409,0.24954240390482002,linear_block,linear_block,linear,minirocket,minirocket,1,1,False,0.6776574495985601,0.6776574495985601,0.0
CinCECGTorso,4,0.3,1639,491,0.29957291031116534,point,linear_block,linear,dtw,minirocket,1,1,True,0.3623724906765583,0.6360624905950175,0.2736899999184592
CinCECGTorso,4,0.3,1639,491,0.29957291031116534,linear_block,point,linear,minirocket,minirocket,1,1,False,0.8254825988366361,0.8254825988366361,0.0
CinCECGTorso,4,0.3,1639,491,0.29957291031116534,linear_block,linear_block,linear,minirocket,minirocket,1,1,False,0.6360624905950175,0.6360624905950175,0.0
CinCECGTorso,5,0.05,1639,81,0.04942037827943868,point,linear_block,linear,minirocket,minirocket,1,1,False,0.8464289791322435,0.8464289791322435,0.0
CinCECGTorso,5,0.05,1639,81,0.04942037827943868,linear_block,point,linear,minirocket,minirocket,1,1,False,0.8595886640588457,0.8595886640588457,0.0
CinCECGTorso,5,0.05,1639,81,0.04942037827943868,linear_block,linear_block,linear,minirocket,minirocket,1,1,False,0.8464289791322435,0.8464289791322435,0.0
CinCECGTorso,5,0.1,1639,163,0.09945088468578402,point,linear_block,linear,minirocket,minirocket,1,1,False,0.8020886547928531,0.8020886547928531,0.0
CinCECGTorso,5,0.1,1639,163,0.09945088468578402,linear_block,point,linear,minirocket,minirocket,1,1,False,0.8552883725136562,0.8552883725136562,0.0
CinCECGTorso,5,0.1,1639,163,0.09945088468578402,linear_block,linear_block,linear,minirocket,minirocket,1,1,False,0.8020886547928531,0.8020886547928531,0.0
CinCECGTorso,5,0.15,1639,245,0.14948139109212935,point,linear_block,linear,minirocket,minirocket,1,1,False,0.7497940985264107,0.7497940985264107,0.0
CinCECGTorso,5,0.15,1639,245,0.14948139109212935,linear_block,point,linear,minirocket,minirocket,1,1,False,0.8531476465490848,0.8531476465490848,0.0
CinCECGTorso,5,0.15,1639,245,0.14948139109212935,linear_block,linear_block,linear,minirocket,minirocket,1,1,False,0.7497940985264107,0.7497940985264107,0.0
CinCECGTorso,5,0.2,1639,327,0.19951189749847467,point,linear_block,linear,minirocket,minirocket,1,1,False,0.6975060914635005,0.6975060914635005,0.0
CinCECGTorso,5,0.2,1639,327,0.19951189749847467,linear_block,point,linear,dtw,minirocket,1,1,True,0.6209690115558046,0.8561047731722088,0.23513576161640415
CinCECGTorso,5,0.2,1639,327,0.19951189749847467,linear_block,linear_block,linear,dtw,minirocket,1,1,True,0.4781253525710164,0.6975060914635005,0.2193807388924841
CinCECGTorso,5,0.25,1639,409,0.24954240390482002,point,linear_block,linear,minirocket,minirocket,1,1,False,0.6212375548454099,0.6212375548454099,0.0
CinCECGTorso,5,0.25,1639,409,0.24954240390482002,linear_block,point,linear,minirocket,minirocket,1,1,False,0.8517899414315143,0.8517899414315143,0.0
CinCECGTorso,5,0.25,1639,409,0.24954240390482002,linear_block,linear_block,linear,minirocket,minirocket,1,1,False,0.6212375548454099,0.6212375548454099,0.0
CinCECGTorso,5,0.3,1639,491,0.29957291031116534,point,linear_block,linear,minirocket,minirocket,1,1,False,0.5811821442099778,0.5811821442099778,0.0
CinCECGTorso,5,0.3,1639,491,0.29957291031116534,linear_block,point,linear,dtw,minirocket,2,1,True,0.6238802381582469,0.8482519297356079,0.22437169157736103
CinCECGTorso,5,0.3,1639,491,0.29957291031116534,linear_block,linear_block,linear,dtw,minirocket,2,1,True,0.37648946011879747,0.5811821442099778,0.20469268409118035
InsectWingbeatSound,1,0.05,256,12,0.046875,point,linear_block,linear,minirocket,minirocket,1,1,False,0.6262626262626262,0.6262626262626262,0.0
InsectWingbeatSound,1,0.05,256,12,0.046875,linear_block,point,linear,minirocket,minirocket,1,1,False,0.642929292929293,0.642929292929293,0.0
InsectWingbeatSound,1,0.05,256,12,0.046875,linear_block,linear_block,linear,minirocket,minirocket,1,1,False,0.6262626262626262,0.6262626262626262,0.0
InsectWingbeatSound,1,0.1,256,25,0.09765625,point,linear_block,linear,minirocket,minirocket,1,1,False,0.602020202020202,0.602020202020202,0.0
InsectWingbeatSound,1,0.1,256,25,0.09765625,linear_block,point,linear,minirocket,minirocket,1,1,False,0.6454545454545455,0.6454545454545455,0.0
InsectWingbeatSound,1,0.1,256,25,0.09765625,linear_block,linear_block,linear,minirocket,minirocket,1,1,False,0.602020202020202,0.602020202020202,0.0
InsectWingbeatSound,1,0.15,256,38,0.1484375,point,linear_block,linear,minirocket,minirocket,1,1,False,0.5494949494949495,0.5494949494949495,0.0
InsectWingbeatSound,1,0.15,256,38,0.1484375,linear_block,point,linear,minirocket,minirocket,1,1,False,0.6409090909090909,0.6409090909090909,0.0
InsectWingbeatSound,1,0.15,256,38,0.1484375,linear_block,linear_block,linear,minirocket,minirocket,1,1,False,0.5494949494949495,0.5494949494949495,0.0
InsectWingbeatSound,1,0.2,256,51,0.19921875,point,linear_block,linear,minirocket,minirocket,1,1,False,0.48989898989898994,0.48989898989898994,0.0
InsectWingbeatSound,1,0.2,256,51,0.19921875,linear_block,point,linear,minirocket,minirocket,1,1,False,0.6429292929292929,0.6429292929292929,0.0
InsectWingbeatSound,1,0.2,256,51,0.19921875,linear_block,linear_block,linear,minirocket,minirocket,1,1,False,0.48989898989898994,0.48989898989898994,0.0
InsectWingbeatSound,1,0.25,256,64,0.25,point,linear_block,linear,minirocket,minirocket,1,1,False,0.4626262626262626,0.4626262626262626,0.0
InsectWingbeatSound,1,0.25,256,64,0.25,linear_block,point,linear,minirocket,minirocket,1,1,False,0.6429292929292929,0.6429292929292929,0.0
InsectWingbeatSound,1,0.25,256,64,0.25,linear_block,linear_block,linear,minirocket,minirocket,1,1,False,0.4626262626262626,0.4626262626262626,0.0
InsectWingbeatSound,1,0.3,256,76,0.296875,point,linear_block,linear,minirocket,minirocket,1,1,False,0.40454545454545465,0.40454545454545465,0.0
InsectWingbeatSound,1,0.3,256,76,0.296875,linear_block,point,linear,minirocket,minirocket,2,1,False,0.6393939393939395,0.6393939393939395,0.0
InsectWingbeatSound,1,0.3,256,76,0.296875,linear_block,linear_block,linear,minirocket,minirocket,2,1,False,0.40454545454545465,0.40454545454545465,0.0
InsectWingbeatSound,2,0.05,256,12,0.046875,point,linear_block,linear,minirocket,minirocket,1,1,False,0.6373737373737375,0.6373737373737375,0.0
InsectWingbeatSound,2,0.05,256,12,0.046875,linear_block,point,linear,minirocket,minirocket,1,1,False,0.6464646464646464,0.6464646464646464,0.0
InsectWingbeatSound,2,0.05,256,12,0.046875,linear_block,linear_block,linear,minirocket,minirocket,1,1,False,0.6373737373737375,0.6373737373737375,0.0
InsectWingbeatSound,2,0.1,256,25,0.09765625,point,linear_block,linear,minirocket,minirocket,1,1,False,0.6121212121212121,0.6121212121212121,0.0
InsectWingbeatSound,2,0.1,256,25,0.09765625,linear_block,point,linear,minirocket,minirocket,1,1,False,0.647979797979798,0.647979797979798,0.0
InsectWingbeatSound,2,0.1,256,25,0.09765625,linear_block,linear_block,linear,minirocket,minirocket,1,1,False,0.6121212121212121,0.6121212121212121,0.0
InsectWingbeatSound,2,0.15,256,38,0.1484375,point,linear_block,linear,minirocket,minirocket,1,1,False,0.5525252525252525,0.5525252525252525,0.0
InsectWingbeatSound,2,0.15,256,38,0.1484375,linear_block,point,linear,minirocket,minirocket,1,1,False,0.648989898989899,0.648989898989899,0.0
InsectWingbeatSound,2,0.15,256,38,0.1484375,linear_block,linear_block,linear,minirocket,minirocket,1,1,False,0.5525252525252525,0.5525252525252525,0.0
InsectWingbeatSound,2,0.2,256,51,0.19921875,point,linear_block,linear,minirocket,minirocket,1,1,False,0.51010101010101,0.51010101010101,0.0
InsectWingbeatSound,2,0.2,256,51,0.19921875,linear_block,point,linear,minirocket,minirocket,1,1,False,0.6454545454545454,0.6454545454545454,0.0
InsectWingbeatSound,2,0.2,256,51,0.19921875,linear_block,linear_block,linear,minirocket,minirocket,1,1,False,0.51010101010101,0.51010101010101,0.0
InsectWingbeatSound,2,0.25,256,64,0.25,point,linear_block,linear,minirocket,minirocket,1,1,False,0.46414141414141413,0.46414141414141413,0.0
InsectWingbeatSound,2,0.25,256,64,0.25,linear_block,point,linear,minirocket,minirocket,1,1,False,0.6484848484848486,0.6484848484848486,0.0
InsectWingbeatSound,2,0.25,256,64,0.25,linear_block,linear_block,linear,minirocket,minirocket,1,1,False,0.46414141414141413,0.46414141414141413,0.0
InsectWingbeatSound,2,0.3,256,76,0.296875,point,linear_block,linear,minirocket,minirocket,1,1,False,0.4070707070707071,0.4070707070707071,0.0
InsectWingbeatSound,2,0.3,256,76,0.296875,linear_block,point,linear,minirocket,minirocket,1,1,False,0.647979797979798,0.647979797979798,0.0
InsectWingbeatSound,2,0.3,256,76,0.296875,linear_block,linear_block,linear,minirocket,minirocket,1,1,False,0.4070707070707071,0.4070707070707071,0.0
InsectWingbeatSound,3,0.05,256,12,0.046875,point,linear_block,linear,minirocket,minirocket,1,1,False,0.6383838383838384,0.6383838383838384,0.0
InsectWingbeatSound,3,0.05,256,12,0.046875,linear_block,point,linear,minirocket,minirocket,1,1,False,0.6505050505050506,0.6505050505050506,0.0
InsectWingbeatSound,3,0.05,256,12,0.046875,linear_block,linear_block,linear,minirocket,minirocket,1,1,False,0.6383838383838384,0.6383838383838384,0.0
InsectWingbeatSound,3,0.1,256,25,0.09765625,point,linear_block,linear,minirocket,minirocket,1,1,False,0.6085858585858586,0.6085858585858586,0.0
InsectWingbeatSound,3,0.1,256,25,0.09765625,linear_block,point,linear,minirocket,minirocket,1,1,False,0.648989898989899,0.648989898989899,0.0
InsectWingbeatSound,3,0.1,256,25,0.09765625,linear_block,linear_block,linear,minirocket,minirocket,1,1,False,0.6085858585858586,0.6085858585858586,0.0
InsectWingbeatSound,3,0.15,256,38,0.1484375,point,linear_block,linear,minirocket,minirocket,1,1,False,0.5737373737373738,0.5737373737373738,0.0
InsectWingbeatSound,3,0.15,256,38,0.1484375,linear_block,point,linear,minirocket,minirocket,1,1,False,0.651010101010101,0.651010101010101,0.0
InsectWingbeatSound,3,0.15,256,38,0.1484375,linear_block,linear_block,linear,minirocket,minirocket,1,1,False,0.5737373737373738,0.5737373737373738,0.0
InsectWingbeatSound,3,0.2,256,51,0.19921875,point,linear_block,linear,minirocket,minirocket,1,1,False,0.5237373737373737,0.5237373737373737,0.0
InsectWingbeatSound,3,0.2,256,51,0.19921875,linear_block,point,linear,minirocket,minirocket,1,1,False,0.645959595959596,0.645959595959596,0.0
InsectWingbeatSound,3,0.2,256,51,0.19921875,linear_block,linear_block,linear,minirocket,minirocket,1,1,False,0.5237373737373737,0.5237373737373737,0.0
InsectWingbeatSound,3,0.25,256,64,0.25,point,linear_block,linear,minirocket,minirocket,1,1,False,0.4676767676767677,0.4676767676767677,0.0
InsectWingbeatSound,3,0.25,256,64,0.25,linear_block,point,linear,minirocket,minirocket,1,1,False,0.6494949494949496,0.6494949494949496,0.0
InsectWingbeatSound,3,0.25,256,64,0.25,linear_block,linear_block,linear,minirocket,minirocket,1,1,False,0.4676767676767677,0.4676767676767677,0.0
InsectWingbeatSound,3,0.3,256,76,0.296875,point,linear_block,linear,minirocket,minirocket,1,1,False,0.41717171717171725,0.41717171717171725,0.0
InsectWingbeatSound,3,0.3,256,76,0.296875,linear_block,point,linear,minirocket,minirocket,1,1,False,0.6525252525252526,0.6525252525252526,0.0
InsectWingbeatSound,3,0.3,256,76,0.296875,linear_block,linear_block,linear,minirocket,minirocket,1,1,False,0.41717171717171725,0.41717171717171725,0.0
InsectWingbeatSound,4,0.05,256,12,0.046875,point,linear_block,linear,minirocket,minirocket,1,1,False,0.6601010101010102,0.6601010101010102,0.0
InsectWingbeatSound,4,0.05,256,12,0.046875,linear_block,point,linear,minirocket,minirocket,1,1,False,0.6661616161616162,0.6661616161616162,0.0
InsectWingbeatSound,4,0.05,256,12,0.046875,linear_block,linear_block,linear,minirocket,minirocket,1,1,False,0.6601010101010102,0.6601010101010102,0.0
InsectWingbeatSound,4,0.1,256,25,0.09765625,point,linear_block,linear,minirocket,minirocket,1,1,False,0.6353535353535353,0.6353535353535353,0.0
InsectWingbeatSound,4,0.1,256,25,0.09765625,linear_block,point,linear,minirocket,minirocket,1,1,False,0.6666666666666667,0.6666666666666667,0.0
InsectWingbeatSound,4,0.1,256,25,0.09765625,linear_block,linear_block,linear,minirocket,minirocket,1,1,False,0.6353535353535353,0.6353535353535353,0.0
InsectWingbeatSound,4,0.15,256,38,0.1484375,point,linear_block,linear,minirocket,minirocket,1,1,False,0.5838383838383837,0.5838383838383837,0.0
InsectWingbeatSound,4,0.15,256,38,0.1484375,linear_block,point,linear,minirocket,minirocket,1,1,False,0.6646464646464646,0.6646464646464646,0.0
InsectWingbeatSound,4,0.15,256,38,0.1484375,linear_block,linear_block,linear,minirocket,minirocket,1,1,False,0.5838383838383837,0.5838383838383837,0.0
InsectWingbeatSound,4,0.2,256,51,0.19921875,point,linear_block,linear,minirocket,minirocket,1,1,False,0.5393939393939394,0.5393939393939394,0.0
InsectWingbeatSound,4,0.2,256,51,0.19921875,linear_block,point,linear,minirocket,minirocket,1,1,False,0.6691919191919192,0.6691919191919192,0.0
InsectWingbeatSound,4,0.2,256,51,0.19921875,linear_block,linear_block,linear,minirocket,minirocket,1,1,False,0.5393939393939394,0.5393939393939394,0.0
InsectWingbeatSound,4,0.25,256,64,0.25,point,linear_block,linear,minirocket,minirocket,1,1,False,0.48686868686868684,0.48686868686868684,0.0
InsectWingbeatSound,4,0.25,256,64,0.25,linear_block,point,linear,minirocket,minirocket,1,1,False,0.6671717171717172,0.6671717171717172,0.0
InsectWingbeatSound,4,0.25,256,64,0.25,linear_block,linear_block,linear,minirocket,minirocket,1,1,False,0.48686868686868684,0.48686868686868684,0.0
InsectWingbeatSound,4,0.3,256,76,0.296875,point,linear_block,linear,minirocket,minirocket,1,1,False,0.4282828282828282,0.4282828282828282,0.0
InsectWingbeatSound,4,0.3,256,76,0.296875,linear_block,point,linear,minirocket,minirocket,1,1,False,0.6636363636363637,0.6636363636363637,0.0
InsectWingbeatSound,4,0.3,256,76,0.296875,linear_block,linear_block,linear,minirocket,minirocket,1,1,False,0.4282828282828282,0.4282828282828282,0.0
InsectWingbeatSound,5,0.05,256,12,0.046875,point,linear_block,linear,minirocket,minirocket,1,1,False,0.6499999999999999,0.6499999999999999,0.0
InsectWingbeatSound,5,0.05,256,12,0.046875,linear_block,point,linear,minirocket,minirocket,1,1,False,0.6555555555555556,0.6555555555555556,0.0
InsectWingbeatSound,5,0.05,256,12,0.046875,linear_block,linear_block,linear,minirocket,minirocket,1,1,False,0.6499999999999999,0.6499999999999999,0.0
InsectWingbeatSound,5,0.1,256,25,0.09765625,point,linear_block,linear,minirocket,minirocket,1,1,False,0.6267676767676768,0.6267676767676768,0.0
InsectWingbeatSound,5,0.1,256,25,0.09765625,linear_block,point,linear,minirocket,minirocket,1,1,False,0.6575757575757576,0.6575757575757576,0.0
InsectWingbeatSound,5,0.1,256,25,0.09765625,linear_block,linear_block,linear,minirocket,minirocket,1,1,False,0.6267676767676768,0.6267676767676768,0.0
InsectWingbeatSound,5,0.15,256,38,0.1484375,point,linear_block,linear,minirocket,minirocket,1,1,False,0.5818181818181819,0.5818181818181819,0.0
InsectWingbeatSound,5,0.15,256,38,0.1484375,linear_block,point,linear,minirocket,minirocket,1,1,False,0.6575757575757576,0.6575757575757576,0.0
InsectWingbeatSound,5,0.15,256,38,0.1484375,linear_block,linear_block,linear,minirocket,minirocket,1,1,False,0.5818181818181819,0.5818181818181819,0.0
InsectWingbeatSound,5,0.2,256,51,0.19921875,point,linear_block,linear,minirocket,minirocket,1,1,False,0.5116161616161616,0.5116161616161616,0.0
InsectWingbeatSound,5,0.2,256,51,0.19921875,linear_block,point,linear,minirocket,minirocket,1,1,False,0.6585858585858586,0.6585858585858586,0.0
InsectWingbeatSound,5,0.2,256,51,0.19921875,linear_block,linear_block,linear,minirocket,minirocket,1,1,False,0.5116161616161616,0.5116161616161616,0.0
InsectWingbeatSound,5,0.25,256,64,0.25,point,linear_block,linear,minirocket,minirocket,1,1,False,0.46414141414141413,0.46414141414141413,0.0
InsectWingbeatSound,5,0.25,256,64,0.25,linear_block,point,linear,minirocket,minirocket,1,1,False,0.6565656565656566,0.6565656565656566,0.0
InsectWingbeatSound,5,0.25,256,64,0.25,linear_block,linear_block,linear,minirocket,minirocket,1,1,False,0.46414141414141413,0.46414141414141413,0.0
InsectWingbeatSound,5,0.3,256,76,0.296875,point,linear_block,linear,minirocket,minirocket,1,1,False,0.4242424242424242,0.4242424242424242,0.0
InsectWingbeatSound,5,0.3,256,76,0.296875,linear_block,point,linear,minirocket,minirocket,1,1,False,0.6595959595959596,0.6595959595959596,0.0
InsectWingbeatSound,5,0.3,256,76,0.296875,linear_block,linear_block,linear,minirocket,minirocket,1,1,False,0.4242424242424242,0.4242424242424242,0.0
ItalyPowerDemand,1,0.05,24,1,0.041666666666666664,point,linear_block,linear,minirocket,minirocket,1,1,False,0.9640396210163652,0.9640396210163652,0.0
ItalyPowerDemand,1,0.05,24,1,0.041666666666666664,linear_block,point,linear,minirocket,minirocket,1,1,False,0.9640396210163652,0.9640396210163652,0.0
ItalyPowerDemand,1,0.05,24,1,0.041666666666666664,linear_block,linear_block,linear,minirocket,minirocket,1,1,False,0.9640396210163652,0.9640396210163652,0.0
ItalyPowerDemand,1,0.1,24,2,0.08333333333333333,point,linear_block,linear,minirocket,minirocket,2,1,False,0.9601353189174486,0.9601353189174486,0.0
ItalyPowerDemand,1,0.1,24,2,0.08333333333333333,linear_block,point,linear,stat_rf,minirocket,2,1,True,0.8172401287456368,0.9601466521601161,0.1429065234144793
ItalyPowerDemand,1,0.1,24,2,0.08333333333333333,linear_block,linear_block,linear,stat_rf,minirocket,2,1,True,0.8172401287456368,0.9601353189174486,0.14289519017181185
ItalyPowerDemand,1,0.15,24,3,0.125,point,linear_block,linear,minirocket,minirocket,1,1,False,0.9455437689831815,0.9455437689831815,0.0
ItalyPowerDemand,1,0.15,24,3,0.125,linear_block,point,linear,minirocket,minirocket,2,1,False,0.9514087220635568,0.9514087220635568,0.0
ItalyPowerDemand,1,0.15,24,3,0.125,linear_block,linear_block,linear,minirocket,minirocket,2,1,False,0.9455437689831815,0.9455437689831815,0.0
ItalyPowerDemand,1,0.2,24,4,0.16666666666666666,point,linear_block,linear,dtw,minirocket,2,1,True,0.8764676549254272,0.9203273040482343,0.04385964912280704
ItalyPowerDemand,1,0.2,24,4,0.16666666666666666,linear_block,point,linear,minirocket,minirocket,2,1,False,0.9562480166825332,0.9562480166825332,0.0
ItalyPowerDemand,1,0.2,24,4,0.16666666666666666,linear_block,linear_block,linear,minirocket,minirocket,2,1,False,0.9203273040482343,0.9203273040482343,0.0
ItalyPowerDemand,1,0.25,24,6,0.25,point,linear_block,linear,minirocket,minirocket,2,1,False,0.8174101273856476,0.8174101273856476,0.0
ItalyPowerDemand,1,0.25,24,6,0.25,linear_block,point,linear,dtw,minirocket,1,1,True,0.8940341810598849,0.9514143886848905,0.05738020762500562
ItalyPowerDemand,1,0.25,24,6,0.25,linear_block,linear_block,linear,dtw,minirocket,1,1,True,0.7811154177433247,0.8174101273856476,0.03629470964232284
ItalyPowerDemand,1,0.3,24,7,0.2916666666666667,point,linear_block,linear,minirocket,minirocket,1,1,False,0.7592025930459223,0.7592025930459223,0.0
ItalyPowerDemand,1,0.3,24,7,0.2916666666666667,linear_block,point,linear,stat_rf,minirocket,1,1,True,0.7552019583843329,0.9504567296794959,0.195254771295163
ItalyPowerDemand,1,0.3,24,7,0.2916666666666667,linear_block,linear_block,linear,stat_rf,minirocket,1,1,True,0.7512976562854163,0.7592025930459223,0.007904936760505965
ItalyPowerDemand,2,0.05,24,1,0.041666666666666664,point,linear_block,linear,minirocket,minirocket,1,1,False,0.9630479622829684,0.9630479622829684,0.0
ItalyPowerDemand,2,0.05,24,1,0.041666666666666664,linear_block,point,linear,minirocket,minirocket,1,1,False,0.9630479622829684,0.9630479622829684,0.0
ItalyPowerDemand,2,0.05,24,1,0.041666666666666664,linear_block,linear_block,linear,minirocket,minirocket,1,1,False,0.9630479622829684,0.9630479622829684,0.0
ItalyPowerDemand,2,0.1,24,2,0.08333333333333333,point,linear_block,linear,minirocket,minirocket,2,1,False,0.9659776055124891,0.9659776055124891,0.0
ItalyPowerDemand,2,0.1,24,2,0.08333333333333333,linear_block,point,linear,minirocket,minirocket,3,1,False,0.9649972800217598,0.9649972800217598,0.0
ItalyPowerDemand,2,0.1,24,2,0.08333333333333333,linear_block,linear_block,linear,minirocket,minirocket,3,1,False,0.9659776055124891,0.9659776055124891,0.0
ItalyPowerDemand,2,0.15,24,3,0.125,point,linear_block,linear,minirocket,minirocket,2,1,False,0.9504170633301601,0.9504170633301601,0.0
ItalyPowerDemand,2,0.15,24,3,0.125,linear_block,point,linear,dtw,minirocket,1,1,True,0.9212736298109615,0.9562536833038668,0.03498005349290534
ItalyPowerDemand,2,0.15,24,3,0.125,linear_block,linear_block,linear,dtw,minirocket,1,1,True,0.9105580488689424,0.9504170633301601,0.039859014461217646
ItalyPowerDemand,2,0.2,24,4,0.16666666666666666,point,linear_block,linear,dtw,minirocket,2,1,True,0.8833072668751982,0.930974885534249,0.04766761865905078
ItalyPowerDemand,2,0.2,24,4,0.16666666666666666,linear_block,point,linear,minirocket,minirocket,1,1,False,0.9562536833038668,0.9562536833038668,0.0
ItalyPowerDemand,2,0.2,24,4,0.16666666666666666,linear_block,linear_block,linear,minirocket,minirocket,1,1,False,0.930974885534249,0.930974885534249,0.0
ItalyPowerDemand,2,0.25,24,6,0.25,point,linear_block,linear,minirocket,minirocket,1,1,False,0.8309250192665125,0.8309250192665125,0.0
ItalyPowerDemand,2,0.25,24,6,0.25,linear_block,point,linear,stat_rf,minirocket,2,1,True,0.7852973842875923,0.9523720476902852,0.16707466340269284
ItalyPowerDemand,2,0.25,24,6,0.25,linear_block,linear_block,linear,stat_rf,minirocket,2,1,True,0.7735731447481753,0.8309250192665125,0.05735187451833723
ItalyPowerDemand,2,0.3,24,7,0.2916666666666667,point,linear_block,linear,minirocket,minirocket,1,1,False,0.7863060428849902,0.7863060428849902,0.0
ItalyPowerDemand,2,0.3,24,7,0.2916666666666667,linear_block,point,linear,dtw,minirocket,1,1,True,0.8852452513713223,0.9445747767351195,0.05932952536379721
ItalyPowerDemand,2,0.3,24,7,0.2916666666666667,linear_block,linear_block,linear,dtw,minirocket,1,1,True,0.7499716668933316,0.7863060428849902,0.03633437599165856
ItalyPowerDemand,3,0.05,24,1,0.041666666666666664,point,linear_block,linear,minirocket,minirocket,2,1,False,0.9572170089305952,0.9572170089305952,0.0
ItalyPowerDemand,3,0.05,24,1,0.041666666666666664,linear_block,point,linear,minirocket,minirocket,2,1,False,0.9572170089305952,0.9572170089305952,0.0
ItalyPowerDemand,3,0.05,24,1,0.041666666666666664,linear_block,linear_block,linear,minirocket,minirocket,2,1,False,0.9572170089305952,0.9572170089305952,0.0
ItalyPowerDemand,3,0.1,24,2,0.08333333333333333,point,linear_block,linear,minirocket,minirocket,1,1,False,0.9474874201006391,0.9474874201006391,0.0
ItalyPowerDemand,3,0.1,24,2,0.08333333333333333,linear_block,point,linear,minirocket,minirocket,1,1,False,0.9533297066956798,0.9533297066956798,0.0
ItalyPowerDemand,3,0.1,24,2,0.08333333333333333,linear_block,linear_block,linear,minirocket,minirocket,1,1,False,0.9474874201006391,0.9474874201006391,0.0
ItalyPowerDemand,3,0.15,24,3,0.125,point,linear_block,linear,minirocket,minirocket,1,1,False,0.9465127612312435,0.9465127612312435,0.0
ItalyPowerDemand,3,0.15,24,3,0.125,linear_block,point,linear,minirocket,minirocket,1,1,False,0.9601183190534475,0.9601183190534475,0.0
ItalyPowerDemand,3,0.15,24,3,0.125,linear_block,linear_block,linear,minirocket,minirocket,1,1,False,0.9465127612312435,0.9465127612312435,0.0
ItalyPowerDemand,3,0.2,24,4,0.16666666666666666,point,linear_block,linear,minirocket,minirocket,1,1,False,0.9260789247019356,0.9260789247019356,0.0
ItalyPowerDemand,3,0.2,24,4,0.16666666666666666,linear_block,point,linear,minirocket,minirocket,1,1,False,0.9474987533433066,0.9474987533433066,0.0
ItalyPowerDemand,3,0.2,24,4,0.16666666666666666,linear_block,linear_block,linear,minirocket,minirocket,1,1,False,0.9260789247019356,0.9260789247019356,0.0
ItalyPowerDemand,3,0.25,24,6,0.25,point,linear_block,linear,dtw,minirocket,2,1,True,0.7918309986853438,0.8453919035314383,0.05356090484609455
ItalyPowerDemand,3,0.25,24,6,0.25,linear_block,point,linear,minirocket,minirocket,1,1,False,0.9484734122127023,0.9484734122127023,0.0
ItalyPowerDemand,3,0.25,24,6,0.25,linear_block,linear_block,linear,minirocket,minirocket,1,1,False,0.8453919035314383,0.8453919035314383,0.0
ItalyPowerDemand,3,0.3,24,7,0.2916666666666667,point,linear_block,linear,minirocket,minirocket,1,1,False,0.8036062378167641,0.8036062378167641,0.0
ItalyPowerDemand,3,0.3,24,7,0.2916666666666667,linear_block,point,linear,minirocket,minirocket,1,1,False,0.9426084591323269,0.9426084591323269,0.0
ItalyPowerDemand,3,0.3,24,7,0.2916666666666667,linear_block,linear_block,linear,minirocket,minirocket,1,1,False,0.8036062378167641,0.8036062378167641,0.0
ItalyPowerDemand,4,0.05,24,1,0.041666666666666664,point,linear_block,linear,minirocket,minirocket,2,1,False,0.9611213110295118,0.9611213110295118,0.0
ItalyPowerDemand,4,0.05,24,1,0.041666666666666664,linear_block,point,linear,minirocket,minirocket,2,1,False,0.9611213110295118,0.9611213110295118,0.0
ItalyPowerDemand,4,0.05,24,1,0.041666666666666664,linear_block,linear_block,linear,minirocket,minirocket,2,1,False,0.9611213110295118,0.9611213110295118,0.0
ItalyPowerDemand,4,0.1,24,2,0.08333333333333333,point,linear_block,linear,dtw,minirocket,2,1,True,0.9241692733124802,0.9484960786980371,0.02432680538555687
ItalyPowerDemand,4,0.1,24,2,0.08333333333333333,linear_block,point,linear,dtw,minirocket,2,1,True,0.9203216374269005,0.9524003807969537,0.03207874337005312
ItalyPowerDemand,4,0.1,24,2,0.08333333333333333,linear_block,linear_block,linear,dtw,minirocket,2,1,True,0.9241692733124802,0.9484960786980371,0.02432680538555687
ItalyPowerDemand,4,0.15,24,3,0.125,point,linear_block,linear,minirocket,minirocket,1,1,False,0.946541094337912,0.946541094337912,0.0
ItalyPowerDemand,4,0.15,24,3,0.125,linear_block,point,linear,minirocket,minirocket,2,1,False,0.9514087220635568,0.9514087220635568,0.0
ItalyPowerDemand,4,0.15,24,3,0.125,linear_block,linear_block,linear,minirocket,minirocket,2,1,False,0.946541094337912,0.946541094337912,0.0
ItalyPowerDemand,4,0.2,24,4,0.16666666666666666,point,linear_block,linear,minirocket,minirocket,2,1,False,0.9125130332290674,0.9125130332290674,0.0
ItalyPowerDemand,4,0.2,24,4,0.16666666666666666,linear_block,point,linear,minirocket,minirocket,1,1,False,0.9504510630581622,0.9504510630581622,0.0
ItalyPowerDemand,4,0.2,24,4,0.16666666666666666,linear_block,linear_block,linear,minirocket,minirocket,1,1,False,0.9125130332290674,0.9125130332290674,0.0
ItalyPowerDemand,4,0.25,24,6,0.25,point,linear_block,linear,minirocket,minirocket,1,1,False,0.8387052903576772,0.8387052903576772,0.0
ItalyPowerDemand,4,0.25,24,6,0.25,linear_block,point,linear,minirocket,minirocket,2,1,False,0.9446371095697901,0.9446371095697901,0.0
ItalyPowerDemand,4,0.25,24,6,0.25,linear_block,linear_block,linear,minirocket,minirocket,2,1,False,0.8387052903576772,0.8387052903576772,0.0
ItalyPowerDemand,4,0.3,24,7,0.2916666666666667,point,linear_block,linear,minirocket,minirocket,1,1,False,0.7805204225032867,0.7805204225032867,0.0
ItalyPowerDemand,4,0.3,24,7,0.2916666666666667,linear_block,point,linear,dtw,minirocket,1,1,True,0.8706537014370552,0.9368455052359581,0.06619180379890288
ItalyPowerDemand,4,0.3,24,7,0.2916666666666667,linear_block,linear_block,linear,dtw,minirocket,1,1,True,0.7421573960741648,0.7805204225032867,0.03836302642912193
ItalyPowerDemand,5,0.05,24,1,0.041666666666666664,point,linear_block,linear,dtw,minirocket,2,1,True,0.9397694818441452,0.9630592955256359,0.023289813681490634
ItalyPowerDemand,5,0.05,24,1,0.041666666666666664,linear_block,point,linear,dtw,minirocket,2,1,True,0.9397694818441452,0.9630592955256359,0.023289813681490634
ItalyPowerDemand,5,0.05,24,1,0.041666666666666664,linear_block,linear_block,linear,dtw,minirocket,2,1,True,0.9397694818441452,0.9630592955256359,0.023289813681490634
ItalyPowerDemand,5,0.1,24,2,0.08333333333333333,point,linear_block,linear,minirocket,minirocket,1,1,False,0.9581803345573234,0.9581803345573234,0.0
ItalyPowerDemand,5,0.1,24,2,0.08333333333333333,linear_block,point,linear,minirocket,minirocket,1,1,False,0.9601353189174486,0.9601353189174486,0.0
ItalyPowerDemand,5,0.1,24,2,0.08333333333333333,linear_block,linear_block,linear,minirocket,minirocket,1,1,False,0.9581803345573234,0.9581803345573234,0.0
ItalyPowerDemand,5,0.15,24,3,0.125,point,linear_block,linear,minirocket,minirocket,2,1,False,0.9435944512443901,0.9435944512443901,0.0
ItalyPowerDemand,5,0.15,24,3,0.125,linear_block,point,linear,minirocket,minirocket,1,1,False,0.9572113423092615,0.9572113423092615,0.0
ItalyPowerDemand,5,0.15,24,3,0.125,linear_block,linear_block,linear,minirocket,minirocket,1,1,False,0.9435944512443901,0.9435944512443901,0.0
ItalyPowerDemand,5,0.2,24,4,0.16666666666666666,point,linear_block,linear,minirocket,minirocket,1,1,False,0.9076624053674237,0.9076624053674237,0.0
ItalyPowerDemand,5,0.2,24,4,0.16666666666666666,linear_block,point,linear,dtw,minirocket,2,1,True,0.9164173353279841,0.9552676911918039,0.0388503558638198
ItalyPowerDemand,5,0.2,24,4,0.16666666666666666,linear_block,linear_block,linear,dtw,minirocket,2,1,True,0.8725860193118455,0.9076624053674237,0.03507638605557817
ItalyPowerDemand,5,0.25,24,6,0.25,point,linear_block,linear,minirocket,minirocket,2,1,False,0.8115225078199374,0.8115225078199374,0.0
ItalyPowerDemand,5,0.25,24,6,0.25,linear_block,point,linear,dtw,minirocket,1,1,True,0.9017691191803798,0.9465354277165783,0.04476630853619845
ItalyPowerDemand,5,0.25,24,6,0.25,linear_block,linear_block,linear,dtw,minirocket,1,1,True,0.7908620064372818,0.8115225078199374,0.020660501382655627
ItalyPowerDemand,5,0.3,24,7,0.2916666666666667,point,linear_block,linear,dtw,minirocket,2,1,True,0.7422367287728364,0.76494854707829,0.022711818305453546
ItalyPowerDemand,5,0.3,24,7,0.2916666666666667,linear_block,point,linear,minirocket,minirocket,1,1,False,0.9494594043247654,0.9494594043247654,0.0
ItalyPowerDemand,5,0.3,24,7,0.2916666666666667,linear_block,linear_block,linear,minirocket,minirocket,1,1,False,0.76494854707829,0.76494854707829,0.0
LargeKitchenAppliances,1,0.05,720,36,0.05,point,linear_block,linear,minirocket,minirocket,1,1,False,0.8053333333333333,0.8053333333333333,0.0
LargeKitchenAppliances,1,0.05,720,36,0.05,linear_block,point,linear,minirocket,minirocket,1,1,False,0.8373333333333334,0.8373333333333334,0.0
LargeKitchenAppliances,1,0.05,720,36,0.05,linear_block,linear_block,linear,minirocket,minirocket,1,1,False,0.8053333333333333,0.8053333333333333,0.0
LargeKitchenAppliances,1,0.1,720,72,0.1,point,linear_block,linear,minirocket,minirocket,1,1,False,0.7813333333333334,0.7813333333333334,0.0
LargeKitchenAppliances,1,0.1,720,72,0.1,linear_block,point,linear,minirocket,minirocket,1,1,False,0.824,0.824,0.0
LargeKitchenAppliances,1,0.1,720,72,0.1,linear_block,linear_block,linear,minirocket,minirocket,1,1,False,0.7813333333333334,0.7813333333333334,0.0
LargeKitchenAppliances,1,0.15,720,108,0.15,point,linear_block,linear,minirocket,minirocket,1,1,False,0.7520000000000001,0.7520000000000001,0.0
LargeKitchenAppliances,1,0.15,720,108,0.15,linear_block,point,linear,dtw,minirocket,1,1,True,0.7840000000000001,0.8426666666666667,0.058666666666666534
LargeKitchenAppliances,1,0.15,720,108,0.15,linear_block,linear_block,linear,dtw,minirocket,1,1,True,0.6960000000000001,0.7520000000000001,0.05600000000000005
LargeKitchenAppliances,1,0.2,720,144,0.2,point,linear_block,linear,minirocket,minirocket,1,1,False,0.7253333333333334,0.7253333333333334,0.0
LargeKitchenAppliances,1,0.2,720,144,0.2,linear_block,point,linear,dtw,minirocket,1,1,True,0.7653333333333334,0.8453333333333334,0.07999999999999996
LargeKitchenAppliances,1,0.2,720,144,0.2,linear_block,linear_block,linear,dtw,minirocket,1,1,True,0.6880000000000001,0.7253333333333334,0.03733333333333333
LargeKitchenAppliances,1,0.25,720,180,0.25,point,linear_block,linear,minirocket,minirocket,1,1,False,0.6853333333333333,0.6853333333333333,0.0
LargeKitchenAppliances,1,0.25,720,180,0.25,linear_block,point,linear,dtw,minirocket,1,1,True,0.7546666666666667,0.848,0.09333333333333327
LargeKitchenAppliances,1,0.25,720,180,0.25,linear_block,linear_block,linear,dtw,minirocket,1,1,True,0.664,0.6853333333333333,0.021333333333333315
LargeKitchenAppliances,1,0.3,720,216,0.3,point,linear_block,linear,minirocket,minirocket,1,1,False,0.6266666666666666,0.6266666666666666,0.0
LargeKitchenAppliances,1,0.3,720,216,0.3,linear_block,point,linear,minirocket,minirocket,1,1,False,0.824,0.824,0.0
LargeKitchenAppliances,1,0.3,720,216,0.3,linear_block,linear_block,linear,minirocket,minirocket,1,1,False,0.6266666666666666,0.6266666666666666,0.0
LargeKitchenAppliances,2,0.05,720,36,0.05,point,linear_block,linear,minirocket,minirocket,1,1,False,0.8613333333333334,0.8613333333333334,0.0
LargeKitchenAppliances,2,0.05,720,36,0.05,linear_block,point,linear,minirocket,minirocket,1,1,False,0.8773333333333334,0.8773333333333334,0.0
LargeKitchenAppliances,2,0.05,720,36,0.05,linear_block,linear_block,linear,minirocket,minirocket,1,1,False,0.8613333333333334,0.8613333333333334,0.0
LargeKitchenAppliances,2,0.1,720,72,0.1,point,linear_block,linear,minirocket,minirocket,1,1,False,0.84,0.84,0.0
LargeKitchenAppliances,2,0.1,720,72,0.1,linear_block,point,linear,minirocket,minirocket,1,1,False,0.8719999999999999,0.8719999999999999,0.0
LargeKitchenAppliances,2,0.1,720,72,0.1,linear_block,linear_block,linear,minirocket,minirocket,1,1,False,0.84,0.84,0.0
LargeKitchenAppliances,2,0.15,720,108,0.15,point,linear_block,linear,minirocket,minirocket,1,1,False,0.7946666666666666,0.7946666666666666,0.0
LargeKitchenAppliances,2,0.15,720,108,0.15,linear_block,point,linear,minirocket,minirocket,1,1,False,0.8746666666666667,0.8746666666666667,0.0
LargeKitchenAppliances,2,0.15,720,108,0.15,linear_block,linear_block,linear,minirocket,minirocket,1,1,False,0.7946666666666666,0.7946666666666666,0.0
LargeKitchenAppliances,2,0.2,720,144,0.2,point,linear_block,linear,minirocket,minirocket,1,1,False,0.7653333333333334,0.7653333333333334,0.0
LargeKitchenAppliances,2,0.2,720,144,0.2,linear_block,point,linear,minirocket,minirocket,1,1,False,0.8666666666666667,0.8666666666666667,0.0
LargeKitchenAppliances,2,0.2,720,144,0.2,linear_block,linear_block,linear,minirocket,minirocket,1,1,False,0.7653333333333334,0.7653333333333334,0.0
LargeKitchenAppliances,2,0.25,720,180,0.25,point,linear_block,linear,minirocket,minirocket,1,1,False,0.7146666666666667,0.7146666666666667,0.0
LargeKitchenAppliances,2,0.25,720,180,0.25,linear_block,point,linear,minirocket,minirocket,1,1,False,0.8666666666666667,0.8666666666666667,0.0
LargeKitchenAppliances,2,0.25,720,180,0.25,linear_block,linear_block,linear,minirocket,minirocket,1,1,False,0.7146666666666667,0.7146666666666667,0.0
LargeKitchenAppliances,2,0.3,720,216,0.3,point,linear_block,linear,minirocket,minirocket,1,1,False,0.656,0.656,0.0
LargeKitchenAppliances,2,0.3,720,216,0.3,linear_block,point,linear,stat_rf,minirocket,1,1,True,0.6266666666666667,0.8506666666666667,0.22399999999999998
LargeKitchenAppliances,2,0.3,720,216,0.3,linear_block,linear_block,linear,stat_rf,minirocket,1,1,True,0.5840000000000001,0.656,0.07199999999999995
LargeKitchenAppliances,3,0.05,720,36,0.05,point,linear_block,linear,minirocket,minirocket,1,1,False,0.8133333333333334,0.8133333333333334,0.0
LargeKitchenAppliances,3,0.05,720,36,0.05,linear_block,point,linear,minirocket,minirocket,1,1,False,0.8773333333333334,0.8773333333333334,0.0
LargeKitchenAppliances,3,0.05,720,36,0.05,linear_block,linear_block,linear,minirocket,minirocket,1,1,False,0.8133333333333334,0.8133333333333334,0.0
LargeKitchenAppliances,3,0.1,720,72,0.1,point,linear_block,linear,minirocket,minirocket,1,1,False,0.7626666666666667,0.7626666666666667,0.0
LargeKitchenAppliances,3,0.1,720,72,0.1,linear_block,point,linear,minirocket,minirocket,1,1,False,0.8826666666666667,0.8826666666666667,0.0
LargeKitchenAppliances,3,0.1,720,72,0.1,linear_block,linear_block,linear,minirocket,minirocket,1,1,False,0.7626666666666667,0.7626666666666667,0.0
LargeKitchenAppliances,3,0.15,720,108,0.15,point,linear_block,linear,minirocket,minirocket,1,1,False,0.7466666666666667,0.7466666666666667,0.0
LargeKitchenAppliances,3,0.15,720,108,0.15,linear_block,point,linear,minirocket,minirocket,1,1,False,0.8666666666666667,0.8666666666666667,0.0
LargeKitchenAppliances,3,0.15,720,108,0.15,linear_block,linear_block,linear,minirocket,minirocket,1,1,False,0.7466666666666667,0.7466666666666667,0.0
LargeKitchenAppliances,3,0.2,720,144,0.2,point,linear_block,linear,minirocket,minirocket,1,1,False,0.7200000000000001,0.7200000000000001,0.0
LargeKitchenAppliances,3,0.2,720,144,0.2,linear_block,point,linear,minirocket,minirocket,1,1,False,0.8453333333333334,0.8453333333333334,0.0
LargeKitchenAppliances,3,0.2,720,144,0.2,linear_block,linear_block,linear,minirocket,minirocket,1,1,False,0.7200000000000001,0.7200000000000001,0.0
LargeKitchenAppliances,3,0.25,720,180,0.25,point,linear_block,linear,minirocket,minirocket,1,1,False,0.6906666666666667,0.6906666666666667,0.0
LargeKitchenAppliances,3,0.25,720,180,0.25,linear_block,point,linear,minirocket,minirocket,1,1,False,0.856,0.856,0.0
LargeKitchenAppliances,3,0.25,720,180,0.25,linear_block,linear_block,linear,minirocket,minirocket,1,1,False,0.6906666666666667,0.6906666666666667,0.0
LargeKitchenAppliances,3,0.3,720,216,0.3,point,linear_block,linear,minirocket,minirocket,1,1,False,0.6853333333333333,0.6853333333333333,0.0
LargeKitchenAppliances,3,0.3,720,216,0.3,linear_block,point,linear,minirocket,minirocket,1,1,False,0.856,0.856,0.0
LargeKitchenAppliances,3,0.3,720,216,0.3,linear_block,linear_block,linear,minirocket,minirocket,1,1,False,0.6853333333333333,0.6853333333333333,0.0
LargeKitchenAppliances,4,0.05,720,36,0.05,point,linear_block,linear,minirocket,minirocket,1,1,False,0.8506666666666667,0.8506666666666667,0.0
LargeKitchenAppliances,4,0.05,720,36,0.05,linear_block,point,linear,minirocket,minirocket,1,1,False,0.8666666666666667,0.8666666666666667,0.0
LargeKitchenAppliances,4,0.05,720,36,0.05,linear_block,linear_block,linear,minirocket,minirocket,1,1,False,0.8506666666666667,0.8506666666666667,0.0
LargeKitchenAppliances,4,0.1,720,72,0.1,point,linear_block,linear,minirocket,minirocket,1,1,False,0.8186666666666667,0.8186666666666667,0.0
LargeKitchenAppliances,4,0.1,720,72,0.1,linear_block,point,linear,minirocket,minirocket,1,1,False,0.8666666666666667,0.8666666666666667,0.0
LargeKitchenAppliances,4,0.1,720,72,0.1,linear_block,linear_block,linear,minirocket,minirocket,1,1,False,0.8186666666666667,0.8186666666666667,0.0
LargeKitchenAppliances,4,0.15,720,108,0.15,point,linear_block,linear,minirocket,minirocket,1,1,False,0.7946666666666666,0.7946666666666666,0.0
LargeKitchenAppliances,4,0.15,720,108,0.15,linear_block,point,linear,minirocket,minirocket,1,1,False,0.864,0.864,0.0
LargeKitchenAppliances,4,0.15,720,108,0.15,linear_block,linear_block,linear,minirocket,minirocket,1,1,False,0.7946666666666666,0.7946666666666666,0.0
LargeKitchenAppliances,4,0.2,720,144,0.2,point,linear_block,linear,minirocket,minirocket,1,1,False,0.7680000000000001,0.7680000000000001,0.0
LargeKitchenAppliances,4,0.2,720,144,0.2,linear_block,point,linear,dtw,minirocket,1,1,True,0.7653333333333334,0.8666666666666667,0.10133333333333328
LargeKitchenAppliances,4,0.2,720,144,0.2,linear_block,linear_block,linear,dtw,minirocket,1,1,True,0.6373333333333333,0.7680000000000001,0.13066666666666682
LargeKitchenAppliances,4,0.25,720,180,0.25,point,linear_block,linear,minirocket,minirocket,1,1,False,0.7200000000000001,0.7200000000000001,0.0
LargeKitchenAppliances,4,0.25,720,180,0.25,linear_block,point,linear,dtw,minirocket,1,1,True,0.7546666666666667,0.8533333333333334,0.09866666666666668
LargeKitchenAppliances,4,0.25,720,180,0.25,linear_block,linear_block,linear,dtw,minirocket,1,1,True,0.6266666666666666,0.7200000000000001,0.09333333333333349
LargeKitchenAppliances,4,0.3,720,216,0.3,point,linear_block,linear,minirocket,minirocket,1,1,False,0.672,0.672,0.0
LargeKitchenAppliances,4,0.3,720,216,0.3,linear_block,point,linear,dtw,minirocket,1,1,True,0.7573333333333334,0.8693333333333334,0.11199999999999999
LargeKitchenAppliances,4,0.3,720,216,0.3,linear_block,linear_block,linear,dtw,minirocket,1,1,True,0.6000000000000001,0.672,0.07199999999999995
LargeKitchenAppliances,5,0.05,720,36,0.05,point,linear_block,linear,minirocket,minirocket,1,1,False,0.7999999999999999,0.7999999999999999,0.0
LargeKitchenAppliances,5,0.05,720,36,0.05,linear_block,point,linear,minirocket,minirocket,1,1,False,0.824,0.824,0.0
LargeKitchenAppliances,5,0.05,720,36,0.05,linear_block,linear_block,linear,minirocket,minirocket,1,1,False,0.7999999999999999,0.7999999999999999,0.0
LargeKitchenAppliances,5,0.1,720,72,0.1,point,linear_block,linear,minirocket,minirocket,1,1,False,0.7760000000000001,0.7760000000000001,0.0
LargeKitchenAppliances,5,0.1,720,72,0.1,linear_block,point,linear,minirocket,minirocket,1,1,False,0.832,0.832,0.0
LargeKitchenAppliances,5,0.1,720,72,0.1,linear_block,linear_block,linear,minirocket,minirocket,1,1,False,0.7760000000000001,0.7760000000000001,0.0
LargeKitchenAppliances,5,0.15,720,108,0.15,point,linear_block,linear,minirocket,minirocket,1,1,False,0.7333333333333334,0.7333333333333334,0.0
LargeKitchenAppliances,5,0.15,720,108,0.15,linear_block,point,linear,dtw,minirocket,1,1,True,0.7546666666666667,0.84,0.08533333333333326
LargeKitchenAppliances,5,0.15,720,108,0.15,linear_block,linear_block,linear,dtw,minirocket,1,1,True,0.6853333333333333,0.7333333333333334,0.04800000000000004
LargeKitchenAppliances,5,0.2,720,144,0.2,point,linear_block,linear,minirocket,minirocket,1,1,False,0.6880000000000001,0.6880000000000001,0.0
LargeKitchenAppliances,5,0.2,720,144,0.2,linear_block,point,linear,minirocket,minirocket,1,1,False,0.832,0.832,0.0
LargeKitchenAppliances,5,0.2,720,144,0.2,linear_block,linear_block,linear,minirocket,minirocket,1,1,False,0.6880000000000001,0.6880000000000001,0.0
LargeKitchenAppliances,5,0.25,720,180,0.25,point,linear_block,linear,minirocket,dtw,1,1,True,0.6373333333333333,0.6506666666666666,0.013333333333333308
LargeKitchenAppliances,5,0.25,720,180,0.25,linear_block,point,linear,dtw,minirocket,1,1,True,0.7680000000000001,0.8293333333333334,0.06133333333333324
LargeKitchenAppliances,5,0.25,720,180,0.25,linear_block,linear_block,linear,dtw,dtw,1,1,False,0.6506666666666666,0.6506666666666666,0.0
LargeKitchenAppliances,5,0.3,720,216,0.3,point,linear_block,linear,minirocket,dtw,1,1,True,0.6026666666666667,0.624,0.021333333333333315
LargeKitchenAppliances,5,0.3,720,216,0.3,linear_block,point,linear,dtw,minirocket,1,1,True,0.7653333333333334,0.8026666666666666,0.03733333333333322
LargeKitchenAppliances,5,0.3,720,216,0.3,linear_block,linear_block,linear,dtw,dtw,1,1,False,0.624,0.624,0.0
Lightning2,1,0.05,637,31,0.04866562009419152,point,linear_block,linear,dtw,dtw,1,1,False,0.775974025974026,0.775974025974026,0.0
Lightning2,1,0.05,637,31,0.04866562009419152,linear_block,point,linear,dtw,dtw,1,1,False,0.7911255411255411,0.7911255411255411,0.0
Lightning2,1,0.05,637,31,0.04866562009419152,linear_block,linear_block,linear,dtw,dtw,1,1,False,0.775974025974026,0.775974025974026,0.0
Lightning2,1,0.1,637,63,0.0989010989010989,point,linear_block,linear,dtw,dtw,1,1,False,0.7732683982683983,0.7732683982683983,0.0
Lightning2,1,0.1,637,63,0.0989010989010989,linear_block,point,linear,dtw,dtw,1,1,False,0.8598484848484849,0.8598484848484849,0.0
Lightning2,1,0.1,637,63,0.0989010989010989,linear_block,linear_block,linear,dtw,dtw,1,1,False,0.7732683982683983,0.7732683982683983,0.0
Lightning2,1,0.15,637,95,0.14913657770800628,point,linear_block,linear,dtw,dtw,1,1,False,0.7732683982683983,0.7732683982683983,0.0
Lightning2,1,0.15,637,95,0.14913657770800628,linear_block,point,linear,dtw,dtw,1,1,False,0.8419913419913421,0.8419913419913421,0.0
Lightning2,1,0.15,637,95,0.14913657770800628,linear_block,linear_block,linear,dtw,dtw,1,1,False,0.7732683982683983,0.7732683982683983,0.0
Lightning2,1,0.2,637,127,0.19937205651491366,point,linear_block,linear,stat_rf,dtw,3,1,True,0.6385281385281385,0.7608225108225108,0.12229437229437234
Lightning2,1,0.2,637,127,0.19937205651491366,linear_block,point,linear,dtw,dtw,1,1,False,0.808982683982684,0.808982683982684,0.0
Lightning2,1,0.2,637,127,0.19937205651491366,linear_block,linear_block,linear,dtw,dtw,1,1,False,0.7608225108225108,0.7608225108225108,0.0
Lightning2,1,0.25,637,159,0.24960753532182103,point,linear_block,linear,dtw,dtw,3,1,False,0.7483766233766234,0.7483766233766234,0.0
Lightning2,1,0.25,637,159,0.24960753532182103,linear_block,point,linear,dtw,dtw,1,1,False,0.8295454545454546,0.8295454545454546,0.0
Lightning2,1,0.25,637,159,0.24960753532182103,linear_block,linear_block,linear,dtw,dtw,1,1,False,0.7483766233766234,0.7483766233766234,0.0
Lightning2,1,0.3,637,191,0.29984301412872844,point,linear_block,linear,dtw,dtw,1,1,False,0.7840909090909092,0.7840909090909092,0.0
Lightning2,1,0.3,637,191,0.29984301412872844,linear_block,point,linear,dtw,dtw,1,1,False,0.808982683982684,0.808982683982684,0.0
Lightning2,1,0.3,637,191,0.29984301412872844,linear_block,linear_block,linear,dtw,dtw,1,1,False,0.7840909090909092,0.7840909090909092,0.0
Lightning2,2,0.05,637,31,0.04866562009419152,point,linear_block,linear,dtw,dtw,1,1,False,0.8928571428571428,0.8928571428571428,0.0
Lightning2,2,0.05,637,31,0.04866562009419152,linear_block,point,linear,stat_rf,dtw,3,1,True,0.6688311688311688,0.8928571428571428,0.22402597402597402
Lightning2,2,0.05,637,31,0.04866562009419152,linear_block,linear_block,linear,stat_rf,dtw,3,1,True,0.6358225108225108,0.8928571428571428,0.25703463203463195
Lightning2,2,0.1,637,63,0.0989010989010989,point,linear_block,linear,minirocket,dtw,2,1,True,0.7305194805194806,0.8474025974025974,0.11688311688311681
Lightning2,2,0.1,637,63,0.0989010989010989,linear_block,point,linear,minirocket,dtw,3,1,True,0.7456709956709957,0.875,0.1293290043290043
Lightning2,2,0.1,637,63,0.0989010989010989,linear_block,linear_block,linear,minirocket,dtw,3,1,True,0.7305194805194806,0.8474025974025974,0.11688311688311681
Lightning2,2,0.15,637,95,0.14913657770800628,point,linear_block,linear,dtw,dtw,1,1,False,0.8116883116883117,0.8116883116883117,0.0
Lightning2,2,0.15,637,95,0.14913657770800628,linear_block,point,linear,dtw,dtw,2,1,False,0.8419913419913421,0.8419913419913421,0.0
Lightning2,2,0.15,637,95,0.14913657770800628,linear_block,linear_block,linear,dtw,dtw,2,1,False,0.8116883116883117,0.8116883116883117,0.0
Lightning2,2,0.2,637,127,0.19937205651491366,point,linear_block,linear,dtw,dtw,1,1,False,0.7581168831168831,0.7581168831168831,0.0
Lightning2,2,0.2,637,127,0.19937205651491366,linear_block,point,linear,stat_rf,dtw,1,1,True,0.6688311688311688,0.8419913419913421,0.1731601731601733
Lightning2,2,0.2,637,127,0.19937205651491366,linear_block,linear_block,linear,stat_rf,dtw,1,1,True,0.6688311688311688,0.7581168831168831,0.0892857142857143
Lightning2,2,0.25,637,159,0.24960753532182103,point,linear_block,linear,dtw,dtw,2,1,False,0.7099567099567099,0.7099567099567099,0.0
Lightning2,2,0.25,637,159,0.24960753532182103,linear_block,point,linear,stat_rf,dtw,1,1,True,0.650974025974026,0.8214285714285714,0.17045454545454541
Lightning2,2,0.25,637,159,0.24960753532182103,linear_block,linear_block,linear,stat_rf,dtw,1,1,True,0.6536796536796536,0.7099567099567099,0.05627705627705626
Lightning2,2,0.3,637,191,0.29984301412872844,point,linear_block,linear,dtw,stat_rf,2,1,True,0.6823593073593073,0.725108225108225,0.04274891774891776
Lightning2,2,0.3,637,191,0.29984301412872844,linear_block,point,linear,stat_rf,dtw,1,1,True,0.6536796536796536,0.8419913419913421,0.18831168831168843
Lightning2,2,0.3,637,191,0.29984301412872844,linear_block,linear_block,linear,stat_rf,stat_rf,1,1,False,0.725108225108225,0.725108225108225,0.0
Lightning2,3,0.05,637,31,0.04866562009419152,point,linear_block,linear,dtw,dtw,1,1,False,0.8268398268398269,0.8268398268398269,0.0
Lightning2,3,0.05,637,31,0.04866562009419152,linear_block,point,linear,dtw,dtw,1,1,False,0.8625541125541125,0.8625541125541125,0.0
Lightning2,3,0.05,637,31,0.04866562009419152,linear_block,linear_block,linear,dtw,dtw,1,1,False,0.8268398268398269,0.8268398268398269,0.0
Lightning2,3,0.1,637,63,0.0989010989010989,point,linear_block,linear,dtw,dtw,1,1,False,0.7965367965367965,0.7965367965367965,0.0
Lightning2,3,0.1,637,63,0.0989010989010989,linear_block,point,linear,dtw,dtw,1,1,False,0.8446969696969697,0.8446969696969697,0.0
Lightning2,3,0.1,637,63,0.0989010989010989,linear_block,linear_block,linear,dtw,dtw,1,1,False,0.7965367965367965,0.7965367965367965,0.0
Lightning2,3,0.15,637,95,0.14913657770800628,point,linear_block,linear,dtw,dtw,1,1,False,0.8143939393939394,0.8143939393939394,0.0
Lightning2,3,0.15,637,95,0.14913657770800628,linear_block,point,linear,dtw,dtw,1,1,False,0.808982683982684,0.808982683982684,0.0
Lightning2,3,0.15,637,95,0.14913657770800628,linear_block,linear_block,linear,dtw,dtw,1,1,False,0.8143939393939394,0.8143939393939394,0.0
Lightning2,3,0.2,637,127,0.19937205651491366,point,linear_block,linear,dtw,dtw,1,1,False,0.7813852813852814,0.7813852813852814,0.0
Lightning2,3,0.2,637,127,0.19937205651491366,linear_block,point,linear,dtw,dtw,2,1,False,0.8268398268398269,0.8268398268398269,0.0
Lightning2,3,0.2,637,127,0.19937205651491366,linear_block,linear_block,linear,dtw,dtw,2,1,False,0.7813852813852814,0.7813852813852814,0.0
Lightning2,3,0.25,637,159,0.24960753532182103,point,linear_block,linear,dtw,dtw,1,1,False,0.7332251082251082,0.7332251082251082,0.0
Lightning2,3,0.25,637,159,0.24960753532182103,linear_block,point,linear,stat_rf,dtw,1,1,True,0.6536796536796536,0.8116883116883117,0.15800865800865804
Lightning2,3,0.25,637,159,0.24960753532182103,linear_block,linear_block,linear,stat_rf,dtw,1,1,True,0.6866883116883117,0.7332251082251082,0.04653679653679654
Lightning2,3,0.3,637,191,0.29984301412872844,point,linear_block,linear,dtw,stat_rf,1,1,True,0.6314935064935066,0.6439393939393939,0.012445887445887371
Lightning2,3,0.3,637,191,0.29984301412872844,linear_block,point,linear,dtw,dtw,1,1,False,0.7992424242424243,0.7992424242424243,0.0
Lightning2,3,0.3,637,191,0.29984301412872844,linear_block,linear_block,linear,dtw,stat_rf,1,1,True,0.6314935064935066,0.6439393939393939,0.012445887445887371
Lightning2,4,0.05,637,31,0.04866562009419152,point,linear_block,linear,minirocket,dtw,2,1,True,0.7429653679653679,0.8241341991341992,0.08116883116883122
Lightning2,4,0.05,637,31,0.04866562009419152,linear_block,point,linear,dtw,dtw,1,1,False,0.8419913419913421,0.8419913419913421,0.0
Lightning2,4,0.05,637,31,0.04866562009419152,linear_block,linear_block,linear,dtw,dtw,1,1,False,0.8241341991341992,0.8241341991341992,0.0
Lightning2,4,0.1,637,63,0.0989010989010989,point,linear_block,linear,dtw,dtw,1,1,False,0.8062770562770563,0.8062770562770563,0.0
Lightning2,4,0.1,637,63,0.0989010989010989,linear_block,point,linear,dtw,minirocket,2,1,True,0.7884199134199135,0.7965367965367965,0.008116883116883078
Lightning2,4,0.1,637,63,0.0989010989010989,linear_block,linear_block,linear,dtw,dtw,2,1,False,0.8062770562770563,0.8062770562770563,0.0
Lightning2,4,0.15,637,95,0.14913657770800628,point,linear_block,linear,dtw,dtw,1,1,False,0.7911255411255411,0.7911255411255411,0.0
Lightning2,4,0.15,637,95,0.14913657770800628,linear_block,point,linear,dtw,minirocket,1,1,True,0.7732683982683983,0.7965367965367965,0.023268398268398216
Lightning2,4,0.15,637,95,0.14913657770800628,linear_block,linear_block,linear,dtw,dtw,1,1,False,0.7911255411255411,0.7911255411255411,0.0
Lightning2,4,0.2,637,127,0.19937205651491366,point,linear_block,linear,dtw,dtw,1,1,False,0.7581168831168831,0.7581168831168831,0.0
Lightning2,4,0.2,637,127,0.19937205651491366,linear_block,point,linear,dtw,dtw,1,1,False,0.8241341991341992,0.8241341991341992,0.0
Lightning2,4,0.2,637,127,0.19937205651491366,linear_block,linear_block,linear,dtw,dtw,1,1,False,0.7581168831168831,0.7581168831168831,0.0
Lightning2,4,0.25,637,159,0.24960753532182103,point,linear_block,linear,dtw,dtw,1,1,False,0.7662337662337663,0.7662337662337663,0.0
Lightning2,4,0.25,637,159,0.24960753532182103,linear_block,point,linear,dtw,minirocket,1,1,True,0.725108225108225,0.7965367965367965,0.07142857142857151
Lightning2,4,0.25,637,159,0.24960753532182103,linear_block,linear_block,linear,dtw,dtw,1,1,False,0.7662337662337663,0.7662337662337663,0.0
Lightning2,4,0.3,637,191,0.29984301412872844,point,linear_block,linear,dtw,dtw,1,1,False,0.7743506493506493,0.7743506493506493,0.0
Lightning2,4,0.3,637,191,0.29984301412872844,linear_block,point,linear,dtw,minirocket,1,1,True,0.7196969696969697,0.7965367965367965,0.07683982683982682
Lightning2,4,0.3,637,191,0.29984301412872844,linear_block,linear_block,linear,dtw,dtw,1,1,False,0.7743506493506493,0.7743506493506493,0.0
Lightning2,5,0.05,637,31,0.04866562009419152,point,linear_block,linear,dtw,dtw,2,1,False,0.808982683982684,0.808982683982684,0.0
Lightning2,5,0.05,637,31,0.04866562009419152,linear_block,point,linear,stat_rf,dtw,2,1,True,0.7045454545454546,0.8598484848484849,0.15530303030303028
Lightning2,5,0.05,637,31,0.04866562009419152,linear_block,linear_block,linear,stat_rf,dtw,2,1,True,0.7375541125541125,0.808982683982684,0.07142857142857151
Lightning2,5,0.1,637,63,0.0989010989010989,point,linear_block,linear,dtw,dtw,2,1,False,0.7911255411255411,0.7911255411255411,0.0
Lightning2,5,0.1,637,63,0.0989010989010989,linear_block,point,linear,stat_rf,dtw,2,1,True,0.7375541125541125,0.8419913419913421,0.10443722943722955
Lightning2,5,0.1,637,63,0.0989010989010989,linear_block,linear_block,linear,stat_rf,dtw,2,1,True,0.7375541125541125,0.7911255411255411,0.0535714285714286
Lightning2,5,0.15,637,95,0.14913657770800628,point,linear_block,linear,dtw,dtw,2,1,False,0.7911255411255411,0.7911255411255411,0.0
Lightning2,5,0.15,637,95,0.14913657770800628,linear_block,point,linear,stat_rf,dtw,2,1,True,0.7196969696969697,0.8116883116883117,0.09199134199134196
Lightning2,5,0.15,637,95,0.14913657770800628,linear_block,linear_block,linear,stat_rf,dtw,2,1,True,0.7375541125541125,0.7911255411255411,0.0535714285714286
Lightning2,5,0.2,637,127,0.19937205651491366,point,linear_block,linear,dtw,dtw,2,1,False,0.775974025974026,0.775974025974026,0.0
Lightning2,5,0.2,637,127,0.19937205651491366,linear_block,point,linear,dtw,dtw,1,1,False,0.8062770562770563,0.8062770562770563,0.0
Lightning2,5,0.2,637,127,0.19937205651491366,linear_block,linear_block,linear,dtw,dtw,1,1,False,0.775974025974026,0.775974025974026,0.0
Lightning2,5,0.25,637,159,0.24960753532182103,point,linear_block,linear,stat_rf,dtw,1,1,True,0.6893939393939394,0.7456709956709957,0.05627705627705626
Lightning2,5,0.25,637,159,0.24960753532182103,linear_block,point,linear,dtw,dtw,1,1,False,0.8062770562770563,0.8062770562770563,0.0
Lightning2,5,0.25,637,159,0.24960753532182103,linear_block,linear_block,linear,dtw,dtw,1,1,False,0.7456709956709957,0.7456709956709957,0.0
Lightning2,5,0.3,637,191,0.29984301412872844,point,linear_block,linear,stat_rf,stat_rf,1,1,False,0.7099567099567099,0.7099567099567099,0.0
Lightning2,5,0.3,637,191,0.29984301412872844,linear_block,point,linear,stat_rf,dtw,1,1,True,0.7196969696969697,0.7732683982683983,0.0535714285714286
Lightning2,5,0.3,637,191,0.29984301412872844,linear_block,linear_block,linear,stat_rf,stat_rf,1,1,False,0.7099567099567099,0.7099567099567099,0.0
Lightning7,1,0.05,319,15,0.047021943573667714,point,linear_block,linear,dtw,minirocket,1,1,True,0.6328082110036998,0.7230994152046784,0.09029120420097858
Lightning7,1,0.05,319,15,0.047021943573667714,linear_block,point,linear,dtw,minirocket,1,1,True,0.5935791860603891,0.7107769423558896,0.11719775629550055
Lightning7,1,0.05,319,15,0.047021943573667714,linear_block,linear_block,linear,dtw,minirocket,1,1,True,0.6328082110036998,0.7230994152046784,0.09029120420097858
Lightning7,1,0.1,319,31,0.09717868338557993,point,linear_block,linear,dtw,minirocket,1,1,True,0.5808449695667741,0.6786549707602338,0.09781000119345973
Lightning7,1,0.1,319,31,0.09717868338557993,linear_block,point,linear,dtw,minirocket,1,1,True,0.6562000238691967,0.7425229741019214,0.08632295023272463
Lightning7,1,0.1,319,31,0.09717868338557993,linear_block,linear_block,linear,dtw,minirocket,1,1,True,0.5808449695667741,0.6786549707602338,0.09781000119345973
Lightning7,1,0.15,319,47,0.14733542319749215,point,linear_block,linear,dtw,minirocket,1,1,True,0.5672037235947011,0.6596491228070175,0.09244539921231643
Lightning7,1,0.15,319,47,0.14733542319749215,linear_block,point,linear,dtw,minirocket,1,1,True,0.609452201933405,0.7464912280701755,0.13703902613677055
Lightning7,1,0.15,319,47,0.14733542319749215,linear_block,linear_block,linear,dtw,minirocket,1,1,True,0.5672037235947011,0.6596491228070175,0.09244539921231643
Lightning7,1,0.2,319,63,0.1974921630094044,point,linear_block,linear,dtw,minirocket,1,1,True,0.5549230218403152,0.5969507101086048,0.04202768826828962
Lightning7,1,0.2,319,63,0.1974921630094044,linear_block,point,linear,dtw,minirocket,1,1,True,0.6076739467716911,0.7972848788638263,0.1896109320921352
Lightning7,1,0.2,319,63,0.1974921630094044,linear_block,linear_block,linear,dtw,minirocket,1,1,True,0.5549230218403152,0.5969507101086048,0.04202768826828962
Lightning7,1,0.25,319,79,0.2476489028213166,point,linear_block,linear,dtw,stat_rf,1,1,True,0.549826948323189,0.6052213868003342,0.0553944384771452
Lightning7,1,0.25,319,79,0.2476489028213166,linear_block,point,linear,dtw,minirocket,1,1,True,0.6116063969447428,0.7663324979114453,0.15472610096670247
Lightning7,1,0.25,319,79,0.2476489028213166,linear_block,linear_block,linear,dtw,stat_rf,1,1,True,0.549826948323189,0.6052213868003342,0.0553944384771452
Lightning7,1,0.3,319,95,0.29780564263322884,point,linear_block,linear,dtw,stat_rf,1,1,True,0.5218999880654016,0.6187134502923977,0.09681346222699605
Lightning7,1,0.3,319,95,0.29780564263322884,linear_block,point,linear,minirocket,minirocket,1,1,False,0.7552213868003342,0.7552213868003342,0.0
Lightning7,1,0.3,319,95,0.29780564263322884,linear_block,linear_block,linear,minirocket,stat_rf,1,1,True,0.4595417114214106,0.6187134502923977,0.15917173887098707
Lightning7,2,0.05,319,15,0.047021943573667714,point,linear_block,linear,minirocket,minirocket,1,1,False,0.7972431077694235,0.7972431077694235,0.0
Lightning7,2,0.05,319,15,0.047021943573667714,linear_block,point,linear,minirocket,minirocket,1,1,False,0.7774794128177586,0.7774794128177586,0.0
Lightning7,2,0.05,319,15,0.047021943573667714,linear_block,linear_block,linear,minirocket,minirocket,1,1,False,0.7972431077694235,0.7972431077694235,0.0
Lightning7,2,0.1,319,31,0.09717868338557993,point,linear_block,linear,minirocket,minirocket,1,1,False,0.795655806182122,0.795655806182122,0.0
Lightning7,2,0.1,319,31,0.09717868338557993,linear_block,point,linear,minirocket,minirocket,1,1,False,0.7473206826590285,0.7473206826590285,0.0
Lightning7,2,0.1,319,31,0.09717868338557993,linear_block,linear_block,linear,minirocket,minirocket,1,1,False,0.795655806182122,0.795655806182122,0.0
Lightning7,2,0.15,319,47,0.14733542319749215,point,linear_block,linear,minirocket,dtw,1,1,True,0.7026912519393722,0.7169769662250866,0.014285714285714346
Lightning7,2,0.15,319,47,0.14733542319749215,linear_block,point,linear,minirocket,minirocket,1,1,False,0.812173290368779,0.812173290368779,0.0
Lightning7,2,0.15,319,47,0.14733542319749215,linear_block,linear_block,linear,minirocket,dtw,1,1,True,0.7026912519393722,0.7169769662250866,0.014285714285714346
Lightning7,2,0.2,319,63,0.1974921630094044,point,linear_block,linear,minirocket,dtw,1,1,True,0.6592314118629908,0.6658073755818117,0.006575963718820854
Lightning7,2,0.2,319,63,0.1974921630094044,linear_block,point,linear,minirocket,minirocket,1,1,False,0.8444862155388471,0.8444862155388471,0.0
Lightning7,2,0.2,319,63,0.1974921630094044,linear_block,linear_block,linear,minirocket,dtw,1,1,True,0.6592314118629908,0.6658073755818117,0.006575963718820854
Lightning7,2,0.25,319,79,0.2476489028213166,point,linear_block,linear,minirocket,dtw,1,1,True,0.5171022795082946,0.6047380355651032,0.08763575605680862
Lightning7,2,0.25,319,79,0.2476489028213166,linear_block,point,linear,stat_rf,minirocket,1,1,True,0.6349624060150376,0.802422723475355,0.16746031746031742
Lightning7,2,0.25,319,79,0.2476489028213166,linear_block,linear_block,linear,stat_rf,dtw,1,1,True,0.6042367824322712,0.6047380355651032,0.0005012531328320025
Lightning7,2,0.3,319,95,0.29780564263322884,point,linear_block,linear,minirocket,stat_rf,1,1,True,0.42334407447189404,0.5489079842463301,0.1255639097744361
Lightning7,2,0.3,319,95,0.29780564263322884,linear_block,point,linear,stat_rf,minirocket,1,1,True,0.6310359231411863,0.7593746270438,0.1283387039026137
Lightning7,2,0.3,319,95,0.29780564263322884,linear_block,linear_block,linear,stat_rf,stat_rf,1,1,False,0.5489079842463301,0.5489079842463301,0.0
Lightning7,3,0.05,319,15,0.047021943573667714,point,linear_block,linear,minirocket,minirocket,1,1,False,0.7682957393483709,0.7682957393483709,0.0
Lightning7,3,0.05,319,15,0.047021943573667714,linear_block,point,linear,minirocket,minirocket,1,1,False,0.8281954887218045,0.8281954887218045,0.0
Lightning7,3,0.05,319,15,0.047021943573667714,linear_block,linear_block,linear,minirocket,minirocket,1,1,False,0.7682957393483709,0.7682957393483709,0.0
Lightning7,3,0.1,319,31,0.09717868338557993,point,linear_block,linear,minirocket,minirocket,1,1,False,0.736967418546366,0.736967418546366,0.0
Lightning7,3,0.1,319,31,0.09717868338557993,linear_block,point,linear,minirocket,minirocket,1,1,False,0.8424812030075188,0.8424812030075188,0.0
Lightning7,3,0.1,319,31,0.09717868338557993,linear_block,linear_block,linear,minirocket,minirocket,1,1,False,0.736967418546366,0.736967418546366,0.0
Lightning7,3,0.15,319,47,0.14733542319749215,point,linear_block,linear,minirocket,minirocket,1,1,False,0.6933166248955722,0.6933166248955722,0.0
Lightning7,3,0.15,319,47,0.14733542319749215,linear_block,point,linear,minirocket,minirocket,1,1,False,0.7996240601503759,0.7996240601503759,0.0
Lightning7,3,0.15,319,47,0.14733542319749215,linear_block,linear_block,linear,minirocket,minirocket,1,1,False,0.6933166248955722,0.6933166248955722,0.0
Lightning7,3,0.2,319,63,0.1974921630094044,point,linear_block,linear,minirocket,dtw,1,1,True,0.4952559971356964,0.573093447905478,0.0778374507697816
Lightning7,3,0.2,319,63,0.1974921630094044,linear_block,point,linear,minirocket,minirocket,1,1,False,0.8020050125313284,0.8020050125313284,0.0
Lightning7,3,0.2,319,63,0.1974921630094044,linear_block,linear_block,linear,minirocket,dtw,1,1,True,0.4952559971356964,0.573093447905478,0.0778374507697816
Lightning7,3,0.25,319,79,0.2476489028213166,point,linear_block,linear,minirocket,dtw,1,1,True,0.389593030194534,0.5155746509129968,0.1259816207184628
Lightning7,3,0.25,319,79,0.2476489028213166,linear_block,point,linear,stat_rf,minirocket,1,1,True,0.5269184866929227,0.8123224728487887,0.28540398615586593
Lightning7,3,0.25,319,79,0.2476489028213166,linear_block,linear_block,linear,stat_rf,dtw,1,1,True,0.5071607590404582,0.5155746509129968,0.008413891872538604
Lightning7,3,0.3,319,95,0.29780564263322884,point,linear_block,linear,minirocket,dtw,1,1,True,0.3277718104785774,0.5318653777300394,0.204093567251462
Lightning7,3,0.3,319,95,0.29780564263322884,linear_block,point,linear,stat_rf,minirocket,1,1,True,0.5410132474042249,0.7018558300513187,0.16084258264709383
Lightning7,3,0.3,319,95,0.29780564263322884,linear_block,linear_block,linear,stat_rf,dtw,1,1,True,0.4884890798424633,0.5318653777300394,0.043376297887576076
Lightning7,4,0.05,319,15,0.047021943573667714,point,linear_block,linear,minirocket,minirocket,1,1,False,0.7532581453634085,0.7532581453634085,0.0
Lightning7,4,0.05,319,15,0.047021943573667714,linear_block,point,linear,minirocket,minirocket,1,1,False,0.8369674185463659,0.8369674185463659,0.0
Lightning7,4,0.05,319,15,0.047021943573667714,linear_block,linear_block,linear,minirocket,minirocket,1,1,False,0.7532581453634085,0.7532581453634085,0.0
Lightning7,4,0.1,319,31,0.09717868338557993,point,linear_block,linear,minirocket,minirocket,1,1,False,0.7251044277360067,0.7251044277360067,0.0
Lightning7,4,0.1,319,31,0.09717868338557993,linear_block,point,linear,minirocket,minirocket,1,1,False,0.7988721804511278,0.7988721804511278,0.0
Lightning7,4,0.1,319,31,0.09717868338557993,linear_block,linear_block,linear,minirocket,minirocket,1,1,False,0.7251044277360067,0.7251044277360067,0.0
Lightning7,4,0.15,319,47,0.14733542319749215,point,linear_block,linear,minirocket,minirocket,1,1,False,0.6937761069340017,0.6937761069340017,0.0
Lightning7,4,0.15,319,47,0.14733542319749215,linear_block,point,linear,minirocket,minirocket,1,1,False,0.7671261487050962,0.7671261487050962,0.0
Lightning7,4,0.15,319,47,0.14733542319749215,linear_block,linear_block,linear,minirocket,minirocket,1,1,False,0.6937761069340017,0.6937761069340017,0.0
Lightning7,4,0.2,319,63,0.1974921630094044,point,linear_block,linear,minirocket,minirocket,1,1,False,0.5811612364243943,0.5811612364243943,0.0
Lightning7,4,0.2,319,63,0.1974921630094044,linear_block,point,linear,minirocket,minirocket,1,1,False,0.7591896407685883,0.7591896407685883,0.0
Lightning7,4,0.2,319,63,0.1974921630094044,linear_block,linear_block,linear,minirocket,minirocket,1,1,False,0.5811612364243943,0.5811612364243943,0.0
Lightning7,4,0.25,319,79,0.2476489028213166,point,linear_block,linear,minirocket,stat_rf,1,1,True,0.5314297648884114,0.5320921350996539,0.0006623702112424912
Lightning7,4,0.25,319,79,0.2476489028213166,linear_block,point,linear,stat_rf,minirocket,1,1,True,0.5016290726817042,0.782999164578112,0.2813700918964078
Lightning7,4,0.25,319,79,0.2476489028213166,linear_block,linear_block,linear,stat_rf,stat_rf,1,1,False,0.5320921350996539,0.5320921350996539,0.0
Lightning7,4,0.3,319,95,0.29780564263322884,point,linear_block,linear,minirocket,stat_rf,1,1,True,0.4441699486812269,0.5630087122568326,0.11883876357560569
Lightning7,4,0.3,319,95,0.29780564263322884,linear_block,point,linear,stat_rf,minirocket,1,1,True,0.5351891633846521,0.762591001312806,0.22740183792815394
Lightning7,4,0.3,319,95,0.29780564263322884,linear_block,linear_block,linear,stat_rf,stat_rf,1,1,False,0.5630087122568326,0.5630087122568326,0.0
Lightning7,5,0.05,319,15,0.047021943573667714,point,linear_block,linear,dtw,minirocket,1,1,True,0.7054481441699487,0.7608187134502924,0.05537056928034367
Lightning7,5,0.05,319,15,0.047021943573667714,linear_block,point,linear,dtw,minirocket,1,1,True,0.7034431316386203,0.7655806182121971,0.06213748657357687
Lightning7,5,0.05,319,15,0.047021943573667714,linear_block,linear_block,linear,dtw,minirocket,1,1,True,0.7054481441699487,0.7608187134502924,0.05537056928034367
Lightning7,5,0.1,319,31,0.09717868338557993,point,linear_block,linear,stat_rf,minirocket,1,1,True,0.5030254206945937,0.7481203007518796,0.24509488005728597
Lightning7,5,0.1,319,31,0.09717868338557993,linear_block,point,linear,stat_rf,minirocket,1,1,True,0.49278553526673824,0.7393901420217209,0.2466046067549827
Lightning7,5,0.1,319,31,0.09717868338557993,linear_block,linear_block,linear,stat_rf,minirocket,1,1,True,0.5030254206945937,0.7481203007518796,0.24509488005728597
Lightning7,5,0.15,319,47,0.14733542319749215,point,linear_block,linear,dtw,minirocket,1,1,True,0.5962286669053586,0.7572681704260652,0.16103950352070662
Lightning7,5,0.15,319,47,0.14733542319749215,linear_block,point,linear,dtw,minirocket,1,1,True,0.6799021362931138,0.7560568086883875,0.07615467239527374
Lightning7,5,0.15,319,47,0.14733542319749215,linear_block,linear_block,linear,dtw,minirocket,1,1,True,0.5962286669053586,0.7572681704260652,0.16103950352070662
Lightning7,5,0.2,319,63,0.1974921630094044,point,linear_block,linear,dtw,minirocket,1,1,True,0.5768051080081156,0.6510025062656641,0.07419739825754856
Lightning7,5,0.2,319,63,0.1974921630094044,linear_block,point,linear,dtw,minirocket,1,1,True,0.7241198233679437,0.7421888053467001,0.018068981978756393
Lightning7,5,0.2,319,63,0.1974921630094044,linear_block,linear_block,linear,dtw,minirocket,1,1,True,0.5768051080081156,0.6510025062656641,0.07419739825754856
Lightning7,5,0.25,319,79,0.2476489028213166,point,linear_block,linear,dtw,minirocket,1,1,True,0.565735767991407,0.6510442773600668,0.08530850936865975
Lightning7,5,0.25,319,79,0.2476489028213166,linear_block,point,linear,dtw,minirocket,1,1,True,0.6884413414488603,0.747326649958229,0.05888530850936868
Lightning7,5,0.25,319,79,0.2476489028213166,linear_block,linear_block,linear,dtw,minirocket,1,1,True,0.565735767991407,0.6510442773600668,0.08530850936865975
Lightning7,5,0.3,319,95,0.29780564263322884,point,linear_block,linear,stat_rf,dtw,1,1,True,0.507906671440506,0.5284759517842225,0.020569280343716412
Lightning7,5,0.3,319,95,0.29780564263322884,linear_block,point,linear,dtw,minirocket,1,1,True,0.6398436567609499,0.7798663324979114,0.14002267573696148
Lightning7,5,0.3,319,95,0.29780564263322884,linear_block,linear_block,linear,dtw,dtw,1,1,False,0.5284759517842225,0.5284759517842225,0.0
Meat,1,0.05,448,22,0.049107142857142856,point,linear_block,linear,minirocket,minirocket,2,1,False,0.9333333333333332,0.9333333333333332,0.0
Meat,1,0.05,448,22,0.049107142857142856,linear_block,point,linear,dtw,dtw|minirocket,1,2,False,0.9666666666666667,0.9666666666666667,0.0
Meat,1,0.05,448,22,0.049107142857142856,linear_block,linear_block,linear,dtw,minirocket,1,1,True,0.8666666666666667,0.9333333333333332,0.06666666666666654
Meat,1,0.1,448,44,0.09821428571428571,point,linear_block,linear,minirocket,dtw,1,1,True,0.6666666666666666,0.8166666666666668,0.15000000000000013
Meat,1,0.1,448,44,0.09821428571428571,linear_block,point,linear,dtw,minirocket,1,1,True,0.9333333333333332,0.9666666666666667,0.03333333333333344
Meat,1,0.1,448,44,0.09821428571428571,linear_block,linear_block,linear,dtw,dtw,1,1,False,0.8166666666666668,0.8166666666666668,0.0
Meat,1,0.15,448,67,0.14955357142857142,point,linear_block,linear,minirocket,stat_rf,2,1,True,0.5499999999999999,0.7999999999999999,0.25
Meat,1,0.15,448,67,0.14955357142857142,linear_block,point,linear,dtw,minirocket,1,1,True,0.9666666666666667,0.9833333333333334,0.01666666666666672
Meat,1,0.15,448,67,0.14955357142857142,linear_block,linear_block,linear,dtw,stat_rf,1,1,True,0.7666666666666666,0.7999999999999999,0.033333333333333326
Meat,1,0.2,448,89,0.19866071428571427,point,linear_block,linear,minirocket,stat_rf,2,1,True,0.45,0.6666666666666666,0.21666666666666662
Meat,1,0.2,448,89,0.19866071428571427,linear_block,point,linear,dtw,minirocket,1,1,True,0.9333333333333332,1.0,0.06666666666666676
Meat,1,0.2,448,89,0.19866071428571427,linear_block,linear_block,linear,dtw,stat_rf,1,1,True,0.6333333333333333,0.6666666666666666,0.033333333333333326
Meat,1,0.25,448,112,0.25,point,linear_block,linear,minirocket,dtw|stat_rf,2,2,True,0.4166666666666667,0.6166666666666667,0.2
Meat,1,0.25,448,112,0.25,linear_block,point,linear,stat_rf,minirocket,1,1,True,0.8833333333333333,0.9833333333333334,0.10000000000000009
Meat,1,0.25,448,112,0.25,linear_block,linear_block,linear,stat_rf,dtw|stat_rf,1,2,False,0.6166666666666666,0.6166666666666667,1.1102230246251565e-16
Meat,1,0.3,448,134,0.29910714285714285,point,linear_block,linear,dtw,stat_rf,2,1,True,0.5333333333333333,0.6833333333333335,0.15000000000000013
Meat,1,0.3,448,134,0.29910714285714285,linear_block,point,linear,stat_rf,minirocket,1,1,True,0.8833333333333333,0.9833333333333334,0.10000000000000009
Meat,1,0.3,448,134,0.29910714285714285,linear_block,linear_block,linear,stat_rf,stat_rf,1,1,False,0.6833333333333335,0.6833333333333335,0.0
Meat,2,0.05,448,22,0.049107142857142856,point,linear_block,linear,dtw,dtw,2,1,False,0.9166666666666666,0.9166666666666666,0.0
Meat,2,0.05,448,22,0.049107142857142856,linear_block,point,linear,minirocket,minirocket,1,1,False,0.9500000000000001,0.9500000000000001,0.0
Meat,2,0.05,448,22,0.049107142857142856,linear_block,linear_block,linear,minirocket,dtw,1,1,True,0.8833333333333333,0.9166666666666666,0.033333333333333326
Meat,2,0.1,448,44,0.09821428571428571,point,linear_block,linear,dtw,dtw,2,1,False,0.8333333333333334,0.8333333333333334,0.0
Meat,2,0.1,448,44,0.09821428571428571,linear_block,point,linear,dtw,minirocket,1,1,True,0.9333333333333332,0.9500000000000001,0.01666666666666683
Meat,2,0.1,448,44,0.09821428571428571,linear_block,linear_block,linear,dtw,dtw,1,1,False,0.8333333333333334,0.8333333333333334,0.0
Meat,2,0.15,448,67,0.14955357142857142,point,linear_block,linear,minirocket,dtw,2,1,True,0.5499999999999999,0.7999999999999999,0.25
Meat,2,0.15,448,67,0.14955357142857142,linear_block,point,linear,dtw,minirocket,1,1,True,0.9166666666666666,0.9500000000000001,0.03333333333333344
Meat,2,0.15,448,67,0.14955357142857142,linear_block,linear_block,linear,dtw,dtw,1,1,False,0.7999999999999999,0.7999999999999999,0.0
Meat,2,0.2,448,89,0.19866071428571427,point,linear_block,linear,minirocket,dtw,2,1,True,0.5,0.7166666666666667,0.21666666666666667
Meat,2,0.2,448,89,0.19866071428571427,linear_block,point,linear,dtw,minirocket,2,1,True,0.9166666666666666,0.9333333333333332,0.016666666666666607
Meat,2,0.2,448,89,0.19866071428571427,linear_block,linear_block,linear,dtw,dtw,2,1,False,0.7166666666666667,0.7166666666666667,0.0
Meat,2,0.25,448,112,0.25,point,linear_block,linear,minirocket,stat_rf,1,1,True,0.5333333333333333,0.65,0.1166666666666667
Meat,2,0.25,448,112,0.25,linear_block,point,linear,dtw,minirocket,2,1,True,0.9333333333333332,0.9500000000000001,0.01666666666666683
Meat,2,0.25,448,112,0.25,linear_block,linear_block,linear,dtw,stat_rf,2,1,True,0.5833333333333334,0.65,0.06666666666666665
Meat,2,0.3,448,134,0.29910714285714285,point,linear_block,linear,minirocket,stat_rf,2,1,True,0.4166666666666667,0.5833333333333334,0.16666666666666669
Meat,2,0.3,448,134,0.29910714285714285,linear_block,point,linear,dtw,minirocket,1,1,True,0.9166666666666666,0.9500000000000001,0.03333333333333344
Meat,2,0.3,448,134,0.29910714285714285,linear_block,linear_block,linear,dtw,stat_rf,1,1,True,0.5166666666666667,0.5833333333333334,0.06666666666666665
Meat,3,0.05,448,22,0.049107142857142856,point,linear_block,linear,minirocket,dtw,2,1,True,0.85,0.9,0.050000000000000044
Meat,3,0.05,448,22,0.049107142857142856,linear_block,point,linear,minirocket,minirocket,2,1,False,0.9666666666666667,0.9666666666666667,0.0
Meat,3,0.05,448,22,0.049107142857142856,linear_block,linear_block,linear,minirocket,dtw,2,1,True,0.85,0.9,0.050000000000000044
Meat,3,0.1,448,44,0.09821428571428571,point,linear_block,linear,dtw,dtw,2,1,False,0.85,0.85,0.0
Meat,3,0.1,448,44,0.09821428571428571,linear_block,point,linear,dtw,minirocket,2,1,True,0.9166666666666666,0.9666666666666667,0.050000000000000044
Meat,3,0.1,448,44,0.09821428571428571,linear_block,linear_block,linear,dtw,dtw,2,1,False,0.85,0.85,0.0
Meat,3,0.15,448,67,0.14955357142857142,point,linear_block,linear,dtw,dtw,2,1,False,0.7666666666666666,0.7666666666666666,0.0
Meat,3,0.15,448,67,0.14955357142857142,linear_block,point,linear,dtw,minirocket,1,1,True,0.9500000000000001,0.9833333333333334,0.033333333333333326
Meat,3,0.15,448,67,0.14955357142857142,linear_block,linear_block,linear,dtw,dtw,1,1,False,0.7666666666666666,0.7666666666666666,0.0
Meat,3,0.2,448,89,0.19866071428571427,point,linear_block,linear,dtw,dtw,2,1,False,0.7166666666666667,0.7166666666666667,0.0
Meat,3,0.2,448,89,0.19866071428571427,linear_block,point,linear,dtw,minirocket,1,1,True,0.9166666666666666,0.9666666666666667,0.050000000000000044
Meat,3,0.2,448,89,0.19866071428571427,linear_block,linear_block,linear,dtw,dtw,1,1,False,0.7166666666666667,0.7166666666666667,0.0
Meat,3,0.25,448,112,0.25,point,linear_block,linear,minirocket,stat_rf,2,1,True,0.43333333333333335,0.7166666666666667,0.2833333333333333
Meat,3,0.25,448,112,0.25,linear_block,point,linear,stat_rf,minirocket,1,1,True,0.8666666666666666,0.9833333333333334,0.11666666666666681
Meat,3,0.25,448,112,0.25,linear_block,linear_block,linear,stat_rf,stat_rf,1,1,False,0.7166666666666667,0.7166666666666667,0.0
Meat,3,0.3,448,134,0.29910714285714285,point,linear_block,linear,minirocket,stat_rf,1,1,True,0.4166666666666667,0.7833333333333332,0.36666666666666653
Meat,3,0.3,448,134,0.29910714285714285,linear_block,point,linear,stat_rf,minirocket,1,1,True,0.85,1.0,0.15000000000000002
Meat,3,0.3,448,134,0.29910714285714285,linear_block,linear_block,linear,stat_rf,stat_rf,1,1,False,0.7833333333333332,0.7833333333333332,0.0
Meat,4,0.05,448,22,0.049107142857142856,point,linear_block,linear,dtw,minirocket,2,1,True,0.8333333333333334,0.8666666666666667,0.033333333333333326
Meat,4,0.05,448,22,0.049107142857142856,linear_block,point,linear,minirocket,minirocket,2,1,False,0.9833333333333334,0.9833333333333334,0.0
Meat,4,0.05,448,22,0.049107142857142856,linear_block,linear_block,linear,minirocket,minirocket,2,1,False,0.8666666666666667,0.8666666666666667,0.0
Meat,4,0.1,448,44,0.09821428571428571,point,linear_block,linear,minirocket,dtw,1,1,True,0.5833333333333333,0.8000000000000002,0.2166666666666669
Meat,4,0.1,448,44,0.09821428571428571,linear_block,point,linear,dtw,minirocket,1,1,True,0.9166666666666666,0.9833333333333334,0.06666666666666676
Meat,4,0.1,448,44,0.09821428571428571,linear_block,linear_block,linear,dtw,dtw,1,1,False,0.8000000000000002,0.8000000000000002,0.0
Meat,4,0.15,448,67,0.14955357142857142,point,linear_block,linear,minirocket,stat_rf,2,1,True,0.4666666666666666,0.75,0.2833333333333334
Meat,4,0.15,448,67,0.14955357142857142,linear_block,point,linear,dtw,minirocket,1,1,True,0.9333333333333332,1.0,0.06666666666666676
Meat,4,0.15,448,67,0.14955357142857142,linear_block,linear_block,linear,dtw,stat_rf,1,1,True,0.6666666666666666,0.75,0.08333333333333337
Meat,4,0.2,448,89,0.19866071428571427,point,linear_block,linear,minirocket,stat_rf,1,1,True,0.4000000000000001,0.75,0.3499999999999999
Meat,4,0.2,448,89,0.19866071428571427,linear_block,point,linear,dtw,minirocket,1,1,True,0.9333333333333332,1.0,0.06666666666666676
Meat,4,0.2,448,89,0.19866071428571427,linear_block,linear_block,linear,dtw,stat_rf,1,1,True,0.5833333333333334,0.75,0.16666666666666663
Meat,4,0.25,448,112,0.25,point,linear_block,linear,minirocket,stat_rf,2,1,True,0.4000000000000001,0.75,0.3499999999999999
Meat,4,0.25,448,112,0.25,linear_block,point,linear,dtw,minirocket,1,1,True,0.9500000000000001,0.9833333333333334,0.033333333333333326
Meat,4,0.25,448,112,0.25,linear_block,linear_block,linear,dtw,stat_rf,1,1,True,0.5666666666666667,0.75,0.18333333333333335
Meat,4,0.3,448,134,0.29910714285714285,point,linear_block,linear,minirocket,stat_rf,1,1,True,0.39999999999999997,0.6666666666666666,0.26666666666666666
Meat,4,0.3,448,134,0.29910714285714285,linear_block,point,linear,dtw,minirocket,1,1,True,0.9333333333333332,1.0,0.06666666666666676
Meat,4,0.3,448,134,0.29910714285714285,linear_block,linear_block,linear,dtw,stat_rf,1,1,True,0.6,0.6666666666666666,0.06666666666666665
Meat,5,0.05,448,22,0.049107142857142856,point,linear_block,linear,minirocket,dtw,2,1,True,0.8666666666666667,0.9,0.033333333333333326
Meat,5,0.05,448,22,0.049107142857142856,linear_block,point,linear,minirocket,minirocket,1,1,False,0.9666666666666667,0.9666666666666667,0.0
Meat,5,0.05,448,22,0.049107142857142856,linear_block,linear_block,linear,minirocket,dtw,1,1,True,0.8666666666666667,0.9,0.033333333333333326
Meat,5,0.1,448,44,0.09821428571428571,point,linear_block,linear,minirocket,dtw,1,1,True,0.6166666666666667,0.8166666666666668,0.20000000000000007
Meat,5,0.1,448,44,0.09821428571428571,linear_block,point,linear,dtw,minirocket,1,1,True,0.9333333333333332,0.9500000000000001,0.01666666666666683
Meat,5,0.1,448,44,0.09821428571428571,linear_block,linear_block,linear,dtw,dtw,1,1,False,0.8166666666666668,0.8166666666666668,0.0
Meat,5,0.15,448,67,0.14955357142857142,point,linear_block,linear,dtw,dtw,2,1,False,0.6666666666666666,0.6666666666666666,0.0
Meat,5,0.15,448,67,0.14955357142857142,linear_block,point,linear,dtw,minirocket,1,1,True,0.9333333333333332,0.9500000000000001,0.01666666666666683
Meat,5,0.15,448,67,0.14955357142857142,linear_block,linear_block,linear,dtw,dtw,1,1,False,0.6666666666666666,0.6666666666666666,0.0
Meat,5,0.2,448,89,0.19866071428571427,point,linear_block,linear,minirocket,dtw,2,1,True,0.5166666666666667,0.6333333333333333,0.11666666666666659
Meat,5,0.2,448,89,0.19866071428571427,linear_block,point,linear,dtw,minirocket,1,1,True,0.9333333333333332,0.9833333333333334,0.050000000000000155
Meat,5,0.2,448,89,0.19866071428571427,linear_block,linear_block,linear,dtw,dtw,1,1,False,0.6333333333333333,0.6333333333333333,0.0
Meat,5,0.25,448,112,0.25,point,linear_block,linear,minirocket,dtw|stat_rf,2,2,True,0.4666666666666666,0.6333333333333333,0.16666666666666669
Meat,5,0.25,448,112,0.25,linear_block,point,linear,dtw,minirocket,1,1,True,0.9333333333333332,0.9500000000000001,0.01666666666666683
Meat,5,0.25,448,112,0.25,linear_block,linear_block,linear,dtw,dtw|stat_rf,1,2,False,0.6333333333333333,0.6333333333333333,0.0
Meat,5,0.3,448,134,0.29910714285714285,point,linear_block,linear,dtw,stat_rf,2,1,True,0.5499999999999999,0.6166666666666667,0.06666666666666676
Meat,5,0.3,448,134,0.29910714285714285,linear_block,point,linear,stat_rf,minirocket,1,1,True,0.8833333333333333,0.9666666666666667,0.08333333333333337
Meat,5,0.3,448,134,0.29910714285714285,linear_block,linear_block,linear,stat_rf,stat_rf,1,1,False,0.6166666666666667,0.6166666666666667,0.0
MedicalImages,1,0.05,99,4,0.04040404040404041,point,linear_block,linear,dtw,dtw,1,1,False,0.6942432565784188,0.6942432565784188,0.0
MedicalImages,1,0.05,99,4,0.04040404040404041,linear_block,point,linear,minirocket,dtw,1,1,True,0.6804609313847517,0.6814705296777218,0.001009598292970093
MedicalImages,1,0.05,99,4,0.04040404040404041,linear_block,linear_block,linear,minirocket,dtw,1,1,True,0.6631447687536912,0.6942432565784188,0.031098487824727572
MedicalImages,1,0.1,99,9,0.09090909090909091,point,linear_block,linear,dtw,dtw,1,1,False,0.678495817560736,0.678495817560736,0.0
MedicalImages,1,0.1,99,9,0.09090909090909091,linear_block,point,linear,minirocket,dtw,1,1,True,0.6719539085386375,0.6830415684804245,0.011087659941787065
MedicalImages,1,0.1,99,9,0.09090909090909091,linear_block,linear_block,linear,minirocket,dtw,1,1,True,0.6466649013232731,0.678495817560736,0.031830916237462814
MedicalImages,1,0.15,99,14,0.1414141414141414,point,linear_block,linear,dtw,dtw,1,1,False,0.6608660408253574,0.6608660408253574,0.0
MedicalImages,1,0.15,99,14,0.1414141414141414,linear_block,point,linear,minirocket,dtw,1,1,True,0.6694862071842209,0.6846520511876816,0.01516584400346066
MedicalImages,1,0.15,99,14,0.1414141414141414,linear_block,linear_block,linear,minirocket,dtw,1,1,True,0.6209965896426998,0.6608660408253574,0.03986945118265761
MedicalImages,1,0.2,99,19,0.1919191919191919,point,linear_block,linear,minirocket,dtw,1,1,True,0.5712169626063694,0.644833579037038,0.07361661643066852
MedicalImages,1,0.2,99,19,0.1919191919191919,linear_block,point,linear,minirocket,minirocket,1,1,False,0.6809538967527169,0.6809538967527169,0.0
MedicalImages,1,0.2,99,19,0.1919191919191919,linear_block,linear_block,linear,minirocket,dtw,1,1,True,0.5712169626063694,0.644833579037038,0.07361661643066852
MedicalImages,1,0.25,99,24,0.24242424242424243,point,linear_block,linear,minirocket,dtw,1,1,True,0.5253780858278116,0.6100620675445154,0.08468398171670377
MedicalImages,1,0.25,99,24,0.24242424242424243,linear_block,point,linear,dtw,minirocket,1,1,True,0.6089394296543047,0.6522831515771764,0.043343721922871725
MedicalImages,1,0.25,99,24,0.24242424242424243,linear_block,linear_block,linear,dtw,dtw,1,1,False,0.6100620675445154,0.6100620675445154,0.0
MedicalImages,1,0.3,99,29,0.29292929292929293,point,linear_block,linear,minirocket,dtw,1,1,True,0.46540129857034407,0.57391489355528,0.10851359498493596
MedicalImages,1,0.3,99,29,0.29292929292929293,linear_block,point,linear,dtw,minirocket,1,1,True,0.5917662159236597,0.6431878207571013,0.0514216048334416
MedicalImages,1,0.3,99,29,0.29292929292929293,linear_block,linear_block,linear,dtw,dtw,1,1,False,0.57391489355528,0.57391489355528,0.0
MedicalImages,2,0.05,99,4,0.04040404040404041,point,linear_block,linear,minirocket,minirocket,1,1,False,0.6844359870196538,0.6844359870196538,0.0
MedicalImages,2,0.05,99,4,0.04040404040404041,linear_block,point,linear,minirocket,minirocket,1,1,False,0.7072858740652961,0.7072858740652961,0.0
MedicalImages,2,0.05,99,4,0.04040404040404041,linear_block,linear_block,linear,minirocket,minirocket,1,1,False,0.6844359870196538,0.6844359870196538,0.0
MedicalImages,2,0.1,99,9,0.09090909090909091,point,linear_block,linear,dtw,minirocket,1,1,True,0.6603985319296659,0.6619105430029549,0.0015120110732890213
MedicalImages,2,0.1,99,9,0.09090909090909091,linear_block,point,linear,dtw,minirocket,1,1,True,0.6848950930153183,0.7096154195198416,0.024720326504523382
MedicalImages,2,0.1,99,9,0.09090909090909091,linear_block,linear_block,linear,dtw,minirocket,1,1,True,0.6603985319296659,0.6619105430029549,0.0015120110732890213
MedicalImages,2,0.15,99,14,0.1414141414141414,point,linear_block,linear,dtw,minirocket,1,1,True,0.635926246298596,0.6460905412422098,0.010164294943613816
MedicalImages,2,0.15,99,14,0.1414141414141414,linear_block,point,linear,dtw,minirocket,1,1,True,0.664735112016246,0.6980969518008232,0.033361839784577185
MedicalImages,2,0.15,99,14,0.1414141414141414,linear_block,linear_block,linear,dtw,minirocket,1,1,True,0.635926246298596,0.6460905412422098,0.010164294943613816
MedicalImages,2,0.2,99,19,0.1919191919191919,point,linear_block,linear,dtw,dtw,1,1,False,0.6120614457776822,0.6120614457776822,0.0
MedicalImages,2,0.2,99,19,0.1919191919191919,linear_block,point,linear,dtw,minirocket,1,1,True,0.626451200887087,0.7006017342803499,0.07415053339326294
MedicalImages,2,0.2,99,19,0.1919191919191919,linear_block,linear_block,linear,dtw,dtw,1,1,False,0.6120614457776822,0.6120614457776822,0.0
MedicalImages,2,0.25,99,24,0.24242424242424243,point,linear_block,linear,minirocket,dtw,1,1,True,0.5386851468263789,0.5806389892775504,0.04195384245117151
MedicalImages,2,0.25,99,24,0.24242424242424243,linear_block,point,linear,dtw,minirocket,1,1,True,0.6384432590070327,0.6899686582015185,0.051525399194485844
MedicalImages,2,0.25,99,24,0.24242424242424243,linear_block,linear_block,linear,dtw,dtw,1,1,False,0.5806389892775504,0.5806389892775504,0.0
MedicalImages,2,0.3,99,29,0.29292929292929293,point,linear_block,linear,minirocket,dtw,1,1,True,0.46518618424036706,0.5559856589603414,0.0907994747199743
MedicalImages,2,0.3,99,29,0.29292929292929293,linear_block,point,linear,dtw,minirocket,1,1,True,0.5724662303614123,0.6585336283265909,0.0860673979651786
MedicalImages,2,0.3,99,29,0.29292929292929293,linear_block,linear_block,linear,dtw,dtw,1,1,False,0.5559856589603414,0.5559856589603414,0.0
MedicalImages,3,0.05,99,4,0.04040404040404041,point,linear_block,linear,minirocket,minirocket,1,1,False,0.7034600069042874,0.7034600069042874,0.0
MedicalImages,3,0.05,99,4,0.04040404040404041,linear_block,point,linear,dtw,minirocket,1,1,True,0.7044013293149296,0.7066545272131548,0.002253197898225201
MedicalImages,3,0.05,99,4,0.04040404040404041,linear_block,linear_block,linear,dtw,minirocket,1,1,True,0.6987794310507577,0.7034600069042874,0.004680575853529767
MedicalImages,3,0.1,99,9,0.09090909090909091,point,linear_block,linear,dtw,dtw,1,1,False,0.6835064131479445,0.6835064131479445,0.0
MedicalImages,3,0.1,99,9,0.09090909090909091,linear_block,point,linear,dtw,minirocket,1,1,True,0.7004244817141443,0.7041036556681409,0.0036791739539966395
MedicalImages,3,0.1,99,9,0.09090909090909091,linear_block,linear_block,linear,dtw,dtw,1,1,False,0.6835064131479445,0.6835064131479445,0.0
MedicalImages,3,0.15,99,14,0.1414141414141414,point,linear_block,linear,minirocket,dtw,1,1,True,0.6362879360656668,0.6505262493432922,0.01423831327762537
MedicalImages,3,0.15,99,14,0.1414141414141414,linear_block,point,linear,dtw,minirocket,1,1,True,0.6799368925414527,0.7068562159808035,0.026919323439350773
MedicalImages,3,0.15,99,14,0.1414141414141414,linear_block,linear_block,linear,dtw,dtw,1,1,False,0.6505262493432922,0.6505262493432922,0.0
MedicalImages,3,0.2,99,19,0.1919191919191919,point,linear_block,linear,minirocket,dtw,1,1,True,0.588719161871047,0.6282971961384325,0.03957803426738549
MedicalImages,3,0.2,99,19,0.1919191919191919,linear_block,point,linear,minirocket,minirocket,1,1,False,0.7020758778903631,0.7020758778903631,0.0
MedicalImages,3,0.2,99,19,0.1919191919191919,linear_block,linear_block,linear,minirocket,dtw,1,1,True,0.588719161871047,0.6282971961384325,0.03957803426738549
MedicalImages,3,0.25,99,24,0.24242424242424243,point,linear_block,linear,minirocket,dtw,1,1,True,0.5403015019429507,0.5967424261621007,0.056440924219150035
MedicalImages,3,0.25,99,24,0.24242424242424243,linear_block,point,linear,dtw,minirocket,1,1,True,0.6027721865043352,0.7129918581164457,0.11021967161211055
MedicalImages,3,0.25,99,24,0.24242424242424243,linear_block,linear_block,linear,dtw,dtw,1,1,False,0.5967424261621007,0.5967424261621007,0.0
MedicalImages,3,0.3,99,29,0.29292929292929293,point,linear_block,linear,minirocket,dtw,1,1,True,0.47394201084530885,0.5791646848313893,0.10522267398608043
MedicalImages,3,0.3,99,29,0.29292929292929293,linear_block,point,linear,dtw,minirocket,1,1,True,0.6370002801685934,0.6898381902486864,0.052837910080092976
MedicalImages,3,0.3,99,29,0.29292929292929293,linear_block,linear_block,linear,dtw,dtw,1,1,False,0.5791646848313893,0.5791646848313893,0.0
MedicalImages,4,0.05,99,4,0.04040404040404041,point,linear_block,linear,dtw,minirocket,1,1,True,0.7082691618234271,0.7101920044463873,0.0019228426229601636
MedicalImages,4,0.05,99,4,0.04040404040404041,linear_block,point,linear,dtw,minirocket,1,1,True,0.6968065753501878,0.7034025838904562,0.006596008540268428
MedicalImages,4,0.05,99,4,0.04040404040404041,linear_block,linear_block,linear,dtw,minirocket,1,1,True,0.7082691618234271,0.7101920044463873,0.0019228426229601636
MedicalImages,4,0.1,99,9,0.09090909090909091,point,linear_block,linear,dtw,dtw,1,1,False,0.7015320561115772,0.7015320561115772,0.0
MedicalImages,4,0.1,99,9,0.09090909090909091,linear_block,point,linear,dtw,minirocket,1,1,True,0.7012597361376443,0.7108841448177724,0.00962440868012815
MedicalImages,4,0.1,99,9,0.09090909090909091,linear_block,linear_block,linear,dtw,dtw,1,1,False,0.7015320561115772,0.7015320561115772,0.0
MedicalImages,4,0.15,99,14,0.1414141414141414,point,linear_block,linear,dtw,minirocket,1,1,True,0.6705068619206789,0.6736313127444016,0.003124450823722702
MedicalImages,4,0.15,99,14,0.1414141414141414,linear_block,point,linear,dtw,minirocket,1,1,True,0.6733660638019499,0.7048253192347533,0.03145925543280348
MedicalImages,4,0.15,99,14,0.1414141414141414,linear_block,linear_block,linear,dtw,minirocket,1,1,True,0.6705068619206789,0.6736313127444016,0.003124450823722702
MedicalImages,4,0.2,99,19,0.1919191919191919,point,linear_block,linear,dtw,dtw,1,1,False,0.6256686355552888,0.6256686355552888,0.0
MedicalImages,4,0.2,99,19,0.1919191919191919,linear_block,point,linear,dtw,minirocket,1,1,True,0.6424636528163054,0.6988018937355214,0.05633824091921602
MedicalImages,4,0.2,99,19,0.1919191919191919,linear_block,linear_block,linear,dtw,dtw,1,1,False,0.6256686355552888,0.6256686355552888,0.0
MedicalImages,4,0.25,99,24,0.24242424242424243,point,linear_block,linear,dtw,dtw,1,1,False,0.608626549506283,0.608626549506283,0.0
MedicalImages,4,0.25,99,24,0.24242424242424243,linear_block,point,linear,dtw,minirocket,1,1,True,0.6593898325214739,0.692709419602343,0.03331958708086913
MedicalImages,4,0.25,99,24,0.24242424242424243,linear_block,linear_block,linear,dtw,dtw,1,1,False,0.608626549506283,0.608626549506283,0.0
MedicalImages,4,0.3,99,29,0.29292929292929293,point,linear_block,linear,minirocket,dtw,1,1,True,0.4842922309622561,0.5752142233322417,0.0909219923699856
MedicalImages,4,0.3,99,29,0.29292929292929293,linear_block,point,linear,dtw,minirocket,1,1,True,0.6101424977169243,0.7104826589822465,0.10034016126532219
MedicalImages,4,0.3,99,29,0.29292929292929293,linear_block,linear_block,linear,dtw,dtw,1,1,False,0.5752142233322417,0.5752142233322417,0.0
MedicalImages,5,0.05,99,4,0.04040404040404041,point,linear_block,linear,minirocket,dtw,1,1,True,0.7180098019423673,0.7223532048715614,0.004343402929194107
MedicalImages,5,0.05,99,4,0.04040404040404041,linear_block,point,linear,minirocket,minirocket,1,1,False,0.7221001233593017,0.7221001233593017,0.0
MedicalImages,5,0.05,99,4,0.04040404040404041,linear_block,linear_block,linear,minirocket,dtw,1,1,True,0.7180098019423673,0.7223532048715614,0.004343402929194107
MedicalImages,5,0.1,99,9,0.09090909090909091,point,linear_block,linear,minirocket,minirocket,1,1,False,0.6993439386826175,0.6993439386826175,0.0
MedicalImages,5,0.1,99,9,0.09090909090909091,linear_block,point,linear,minirocket,minirocket,1,1,False,0.7204475259567042,0.7204475259567042,0.0
MedicalImages,5,0.1,99,9,0.09090909090909091,linear_block,linear_block,linear,minirocket,minirocket,1,1,False,0.6993439386826175,0.6993439386826175,0.0
MedicalImages,5,0.15,99,14,0.1414141414141414,point,linear_block,linear,minirocket,minirocket,1,1,False,0.6773575194113517,0.6773575194113517,0.0
MedicalImages,5,0.15,99,14,0.1414141414141414,linear_block,point,linear,minirocket,minirocket,1,1,False,0.716038475851899,0.716038475851899,0.0
MedicalImages,5,0.15,99,14,0.1414141414141414,linear_block,linear_block,linear,minirocket,minirocket,1,1,False,0.6773575194113517,0.6773575194113517,0.0
MedicalImages,5,0.2,99,19,0.1919191919191919,point,linear_block,linear,minirocket,minirocket,1,1,False,0.6637187835162116,0.6637187835162116,0.0
MedicalImages,5,0.2,99,19,0.1919191919191919,linear_block,point,linear,minirocket,minirocket,1,1,False,0.7272177630370437,0.7272177630370437,0.0
MedicalImages,5,0.2,99,19,0.1919191919191919,linear_block,linear_block,linear,minirocket,minirocket,1,1,False,0.6637187835162116,0.6637187835162116,0.0
MedicalImages,5,0.25,99,24,0.24242424242424243,point,linear_block,linear,minirocket,dtw,1,1,True,0.6153898688465143,0.619720397190284,0.004330528343769791
MedicalImages,5,0.25,99,24,0.24242424242424243,linear_block,point,linear,minirocket,minirocket,1,1,False,0.7011233047768812,0.7011233047768812,0.0
MedicalImages,5,0.25,99,24,0.24242424242424243,linear_block,linear_block,linear,minirocket,dtw,1,1,True,0.6153898688465143,0.619720397190284,0.004330528343769791
MedicalImages,5,0.3,99,29,0.29292929292929293,point,linear_block,linear,minirocket,dtw,1,1,True,0.5441062509516537,0.6051602449769061,0.06105399402525247
MedicalImages,5,0.3,99,29,0.29292929292929293,linear_block,point,linear,dtw,minirocket,1,1,True,0.6154528475379272,0.6838015097109438,0.0683486621730166
MedicalImages,5,0.3,99,29,0.29292929292929293,linear_block,linear_block,linear,dtw,dtw,1,1,False,0.6051602449769061,0.6051602449769061,0.0
MiddlePhalanxOutlineCorrect,1,0.05,80,4,0.05,point,linear_block,linear,minirocket,minirocket,1,1,False,0.8126506024096386,0.8126506024096386,0.0
MiddlePhalanxOutlineCorrect,1,0.05,80,4,0.05,linear_block,point,linear,minirocket,minirocket,1,1,False,0.8367951807228915,0.8367951807228915,0.0
MiddlePhalanxOutlineCorrect,1,0.05,80,4,0.05,linear_block,linear_block,linear,minirocket,minirocket,1,1,False,0.8126506024096386,0.8126506024096386,0.0
MiddlePhalanxOutlineCorrect,1,0.1,80,8,0.1,point,linear_block,linear,minirocket,minirocket,1,1,False,0.7291566265060241,0.7291566265060241,0.0
MiddlePhalanxOutlineCorrect,1,0.1,80,8,0.1,linear_block,point,linear,minirocket,minirocket,1,1,False,0.8397590361445784,0.8397590361445784,0.0
MiddlePhalanxOutlineCorrect,1,0.1,80,8,0.1,linear_block,linear_block,linear,minirocket,minirocket,1,1,False,0.7291566265060241,0.7291566265060241,0.0
MiddlePhalanxOutlineCorrect,1,0.15,80,12,0.15,point,linear_block,linear,minirocket,stat_rf,1,1,True,0.6396867469879518,0.7216867469879518,0.08199999999999996
MiddlePhalanxOutlineCorrect,1,0.15,80,12,0.15,linear_block,point,linear,stat_rf,minirocket,1,1,True,0.7545783132530121,0.8457831325301205,0.09120481927710844
MiddlePhalanxOutlineCorrect,1,0.15,80,12,0.15,linear_block,linear_block,linear,stat_rf,stat_rf,1,1,False,0.7216867469879518,0.7216867469879518,0.0
MiddlePhalanxOutlineCorrect,1,0.2,80,16,0.2,point,linear_block,linear,minirocket,stat_rf,1,1,True,0.5793493975903614,0.6965542168674699,0.11720481927710846
MiddlePhalanxOutlineCorrect,1,0.2,80,16,0.2,linear_block,point,linear,stat_rf,minirocket,1,1,True,0.742578313253012,0.8226746987951807,0.08009638554216869
MiddlePhalanxOutlineCorrect,1,0.2,80,16,0.2,linear_block,linear_block,linear,stat_rf,stat_rf,1,1,False,0.6965542168674699,0.6965542168674699,0.0
MiddlePhalanxOutlineCorrect,1,0.25,80,20,0.25,point,linear_block,linear,minirocket,stat_rf,1,1,True,0.5582650602409639,0.6815421686746987,0.12327710843373485
MiddlePhalanxOutlineCorrect,1,0.25,80,20,0.25,linear_block,point,linear,stat_rf,minirocket,1,1,True,0.7565542168674699,0.8146746987951807,0.0581204819277108
MiddlePhalanxOutlineCorrect,1,0.25,80,20,0.25,linear_block,linear_block,linear,stat_rf,stat_rf,1,1,False,0.6815421686746987,0.6815421686746987,0.0
MiddlePhalanxOutlineCorrect,1,0.3,80,24,0.3,point,linear_block,linear,minirocket,stat_rf,1,1,True,0.5633012048192771,0.6824819277108434,0.11918072289156623
MiddlePhalanxOutlineCorrect,1,0.3,80,24,0.3,linear_block,point,linear,stat_rf,minirocket,1,1,True,0.7064819277108434,0.8026265060240965,0.09614457831325307
MiddlePhalanxOutlineCorrect,1,0.3,80,24,0.3,linear_block,linear_block,linear,stat_rf,stat_rf,1,1,False,0.6824819277108434,0.6824819277108434,0.0
MiddlePhalanxOutlineCorrect,2,0.05,80,4,0.05,point,linear_block,linear,minirocket,minirocket,1,1,False,0.8377349397590361,0.8377349397590361,0.0
MiddlePhalanxOutlineCorrect,2,0.05,80,4,0.05,linear_block,point,linear,minirocket,minirocket,1,1,False,0.8587710843373494,0.8587710843373494,0.0
MiddlePhalanxOutlineCorrect,2,0.05,80,4,0.05,linear_block,linear_block,linear,minirocket,minirocket,1,1,False,0.8377349397590361,0.8377349397590361,0.0
MiddlePhalanxOutlineCorrect,2,0.1,80,8,0.1,point,linear_block,linear,minirocket,minirocket,1,1,False,0.7492048192771085,0.7492048192771085,0.0
MiddlePhalanxOutlineCorrect,2,0.1,80,8,0.1,linear_block,point,linear,minirocket,minirocket,1,1,False,0.8507710843373494,0.8507710843373494,0.0
MiddlePhalanxOutlineCorrect,2,0.1,80,8,0.1,linear_block,linear_block,linear,minirocket,minirocket,1,1,False,0.7492048192771085,0.7492048192771085,0.0
MiddlePhalanxOutlineCorrect,2,0.15,80,12,0.15,point,linear_block,linear,stat_rf,stat_rf,1,1,False,0.7006506024096386,0.7006506024096386,0.0
MiddlePhalanxOutlineCorrect,2,0.15,80,12,0.15,linear_block,point,linear,minirocket,minirocket,1,1,False,0.8347228915662651,0.8347228915662651,0.0
MiddlePhalanxOutlineCorrect,2,0.15,80,12,0.15,linear_block,linear_block,linear,minirocket,stat_rf,1,1,True,0.6718795180722892,0.7006506024096386,0.02877108433734943
MiddlePhalanxOutlineCorrect,2,0.2,80,16,0.2,point,linear_block,linear,minirocket,stat_rf,1,1,True,0.6386987951807229,0.6815903614457831,0.04289156626506019
MiddlePhalanxOutlineCorrect,2,0.2,80,16,0.2,linear_block,point,linear,minirocket,minirocket,1,1,False,0.8367469879518072,0.8367469879518072,0.0
MiddlePhalanxOutlineCorrect,2,0.2,80,16,0.2,linear_block,linear_block,linear,minirocket,stat_rf,1,1,True,0.6386987951807229,0.6815903614457831,0.04289156626506019
MiddlePhalanxOutlineCorrect,2,0.25,80,20,0.25,point,linear_block,linear,minirocket,stat_rf,1,1,True,0.5595903614457831,0.6675180722891566,0.10792771084337349
MiddlePhalanxOutlineCorrect,2,0.25,80,20,0.25,linear_block,point,linear,minirocket,minirocket,1,1,False,0.846722891566265,0.846722891566265,0.0
MiddlePhalanxOutlineCorrect,2,0.25,80,20,0.25,linear_block,linear_block,linear,minirocket,stat_rf,1,1,True,0.5595903614457831,0.6675180722891566,0.10792771084337349
MiddlePhalanxOutlineCorrect,2,0.3,80,24,0.3,point,linear_block,linear,minirocket,stat_rf,1,1,True,0.5857590361445784,0.6834698795180723,0.0977108433734939
MiddlePhalanxOutlineCorrect,2,0.3,80,24,0.3,linear_block,point,linear,minirocket,minirocket,1,1,False,0.7855421686746988,0.7855421686746988,0.0
MiddlePhalanxOutlineCorrect,2,0.3,80,24,0.3,linear_block,linear_block,linear,minirocket,stat_rf,1,1,True,0.5857590361445784,0.6834698795180723,0.0977108433734939
MiddlePhalanxOutlineCorrect,3,0.05,80,4,0.05,point,linear_block,linear,minirocket,minirocket,1,1,False,0.8056385542168675,0.8056385542168675,0.0
MiddlePhalanxOutlineCorrect,3,0.05,80,4,0.05,linear_block,point,linear,minirocket,minirocket,1,1,False,0.8217349397590361,0.8217349397590361,0.0
MiddlePhalanxOutlineCorrect,3,0.05,80,4,0.05,linear_block,linear_block,linear,minirocket,minirocket,1,1,False,0.8056385542168675,0.8056385542168675,0.0
MiddlePhalanxOutlineCorrect,3,0.1,80,8,0.1,point,linear_block,linear,minirocket,minirocket,1,1,False,0.7412530120481928,0.7412530120481928,0.0
MiddlePhalanxOutlineCorrect,3,0.1,80,8,0.1,linear_block,point,linear,minirocket,minirocket,1,1,False,0.8187228915662651,0.8187228915662651,0.0
MiddlePhalanxOutlineCorrect,3,0.1,80,8,0.1,linear_block,linear_block,linear,minirocket,minirocket,1,1,False,0.7412530120481928,0.7412530120481928,0.0
MiddlePhalanxOutlineCorrect,3,0.15,80,12,0.15,point,linear_block,linear,minirocket,stat_rf,1,1,True,0.6387951807228915,0.6594698795180722,0.02067469879518069
MiddlePhalanxOutlineCorrect,3,0.15,80,12,0.15,linear_block,point,linear,stat_rf,minirocket,1,1,True,0.7797590361445783,0.8216867469879519,0.041927710843373545
MiddlePhalanxOutlineCorrect,3,0.15,80,12,0.15,linear_block,linear_block,linear,stat_rf,stat_rf,1,1,False,0.6594698795180722,0.6594698795180722,0.0
MiddlePhalanxOutlineCorrect,3,0.2,80,16,0.2,point,linear_block,linear,minirocket,stat_rf,1,1,True,0.6115903614457832,0.6303373493975903,0.01874698795180718
MiddlePhalanxOutlineCorrect,3,0.2,80,16,0.2,linear_block,point,linear,stat_rf,minirocket,1,1,True,0.7296385542168675,0.8176867469879519,0.08804819277108433
MiddlePhalanxOutlineCorrect,3,0.2,80,16,0.2,linear_block,linear_block,linear,stat_rf,stat_rf,1,1,False,0.6303373493975903,0.6303373493975903,0.0
MiddlePhalanxOutlineCorrect,3,0.25,80,20,0.25,point,linear_block,linear,minirocket,stat_rf,1,1,True,0.549421686746988,0.6432289156626506,0.09380722891566262
MiddlePhalanxOutlineCorrect,3,0.25,80,20,0.25,linear_block,point,linear,stat_rf,minirocket,1,1,True,0.7476144578313253,0.8055903614457831,0.05797590361445781
MiddlePhalanxOutlineCorrect,3,0.25,80,20,0.25,linear_block,linear_block,linear,stat_rf,stat_rf,1,1,False,0.6432289156626506,0.6432289156626506,0.0
MiddlePhalanxOutlineCorrect,3,0.3,80,24,0.3,point,linear_block,linear,minirocket,stat_rf,1,1,True,0.5754939759036145,0.6281204819277109,0.05262650602409635
MiddlePhalanxOutlineCorrect,3,0.3,80,24,0.3,linear_block,point,linear,stat_rf,minirocket,1,1,True,0.7396144578313253,0.8406987951807229,0.10108433734939759
MiddlePhalanxOutlineCorrect,3,0.3,80,24,0.3,linear_block,linear_block,linear,stat_rf,stat_rf,1,1,False,0.6281204819277109,0.6281204819277109,0.0
MiddlePhalanxOutlineCorrect,4,0.05,80,4,0.05,point,linear_block,linear,minirocket,minirocket,1,1,False,0.8226265060240964,0.8226265060240964,0.0
MiddlePhalanxOutlineCorrect,4,0.05,80,4,0.05,linear_block,point,linear,minirocket,minirocket,1,1,False,0.8427710843373495,0.8427710843373495,0.0
MiddlePhalanxOutlineCorrect,4,0.05,80,4,0.05,linear_block,linear_block,linear,minirocket,minirocket,1,1,False,0.8226265060240964,0.8226265060240964,0.0
MiddlePhalanxOutlineCorrect,4,0.1,80,8,0.1,point,linear_block,linear,minirocket,stat_rf,1,1,True,0.7071807228915663,0.715566265060241,0.008385542168674709
MiddlePhalanxOutlineCorrect,4,0.1,80,8,0.1,linear_block,point,linear,stat_rf,minirocket,1,1,True,0.7787710843373494,0.8477590361445783,0.06898795180722883
MiddlePhalanxOutlineCorrect,4,0.1,80,8,0.1,linear_block,linear_block,linear,stat_rf,stat_rf,1,1,False,0.715566265060241,0.715566265060241,0.0
MiddlePhalanxOutlineCorrect,4,0.15,80,12,0.15,point,linear_block,linear,minirocket,stat_rf,1,1,True,0.6197349397590362,0.6544337349397591,0.03469879518072294
MiddlePhalanxOutlineCorrect,4,0.15,80,12,0.15,linear_block,point,linear,stat_rf,minirocket,1,1,True,0.7747228915662651,0.8417349397590361,0.06701204819277107
MiddlePhalanxOutlineCorrect,4,0.15,80,12,0.15,linear_block,linear_block,linear,stat_rf,stat_rf,1,1,False,0.6544337349397591,0.6544337349397591,0.0
MiddlePhalanxOutlineCorrect,4,0.2,80,16,0.2,point,linear_block,linear,minirocket,stat_rf,1,1,True,0.5664096385542169,0.6092530120481927,0.04284337349397582
MiddlePhalanxOutlineCorrect,4,0.2,80,16,0.2,linear_block,point,linear,stat_rf,minirocket,1,1,True,0.7867228915662651,0.806578313253012,0.01985542168674692
MiddlePhalanxOutlineCorrect,4,0.2,80,16,0.2,linear_block,linear_block,linear,stat_rf,stat_rf,1,1,False,0.6092530120481927,0.6092530120481927,0.0
MiddlePhalanxOutlineCorrect,4,0.25,80,20,0.25,point,linear_block,linear,minirocket,stat_rf,1,1,True,0.5492771084337349,0.643277108433735,0.09400000000000008
MiddlePhalanxOutlineCorrect,4,0.25,80,20,0.25,linear_block,point,linear,stat_rf,minirocket,1,1,True,0.7546746987951807,0.8446987951807229,0.09002409638554221
MiddlePhalanxOutlineCorrect,4,0.25,80,20,0.25,linear_block,linear_block,linear,stat_rf,stat_rf,1,1,False,0.643277108433735,0.643277108433735,0.0
MiddlePhalanxOutlineCorrect,4,0.3,80,24,0.3,point,linear_block,linear,minirocket,stat_rf,1,1,True,0.5422650602409639,0.6683132530120481,0.12604819277108426
MiddlePhalanxOutlineCorrect,4,0.3,80,24,0.3,linear_block,point,linear,stat_rf,minirocket,1,1,True,0.7366024096385542,0.8025301204819277,0.06592771084337357
MiddlePhalanxOutlineCorrect,4,0.3,80,24,0.3,linear_block,linear_block,linear,stat_rf,stat_rf,1,1,False,0.6683132530120481,0.6683132530120481,0.0
MiddlePhalanxOutlineCorrect,5,0.05,80,4,0.05,point,linear_block,linear,minirocket,minirocket,1,1,False,0.7825301204819277,0.7825301204819277,0.0
MiddlePhalanxOutlineCorrect,5,0.05,80,4,0.05,linear_block,point,linear,minirocket,minirocket,1,1,False,0.8217349397590361,0.8217349397590361,0.0
MiddlePhalanxOutlineCorrect,5,0.05,80,4,0.05,linear_block,linear_block,linear,minirocket,minirocket,1,1,False,0.7825301204819277,0.7825301204819277,0.0
MiddlePhalanxOutlineCorrect,5,0.1,80,8,0.1,point,linear_block,linear,minirocket,minirocket,1,1,False,0.723132530120482,0.723132530120482,0.0
MiddlePhalanxOutlineCorrect,5,0.1,80,8,0.1,linear_block,point,linear,minirocket,minirocket,1,1,False,0.8437590361445784,0.8437590361445784,0.0
MiddlePhalanxOutlineCorrect,5,0.1,80,8,0.1,linear_block,linear_block,linear,minirocket,minirocket,1,1,False,0.723132530120482,0.723132530120482,0.0
MiddlePhalanxOutlineCorrect,5,0.15,80,12,0.15,point,linear_block,linear,minirocket,stat_rf,1,1,True,0.6216144578313253,0.6655903614457832,0.04397590361445791
MiddlePhalanxOutlineCorrect,5,0.15,80,12,0.15,linear_block,point,linear,dtw,minirocket,1,1,True,0.6773975903614458,0.8126506024096386,0.13525301204819284
MiddlePhalanxOutlineCorrect,5,0.15,80,12,0.15,linear_block,linear_block,linear,dtw,stat_rf,1,1,True,0.6441686746987951,0.6655903614457832,0.021421686746988078
MiddlePhalanxOutlineCorrect,5,0.2,80,16,0.2,point,linear_block,linear,minirocket,stat_rf,1,1,True,0.5412289156626506,0.6605060240963856,0.11927710843373496
MiddlePhalanxOutlineCorrect,5,0.2,80,16,0.2,linear_block,point,linear,stat_rf,minirocket,1,1,True,0.7686987951807229,0.824698795180723,0.05600000000000005
MiddlePhalanxOutlineCorrect,5,0.2,80,16,0.2,linear_block,linear_block,linear,stat_rf,stat_rf,1,1,False,0.6605060240963856,0.6605060240963856,0.0
MiddlePhalanxOutlineCorrect,5,0.25,80,20,0.25,point,linear_block,linear,minirocket,stat_rf,1,1,True,0.5231566265060241,0.6684578313253011,0.145301204819277
MiddlePhalanxOutlineCorrect,5,0.25,80,20,0.25,linear_block,point,linear,stat_rf,minirocket,1,1,True,0.7547228915662652,0.8035180722891566,0.04879518072289146
MiddlePhalanxOutlineCorrect,5,0.25,80,20,0.25,linear_block,linear_block,linear,stat_rf,stat_rf,1,1,False,0.6684578313253011,0.6684578313253011,0.0
MiddlePhalanxOutlineCorrect,5,0.3,80,24,0.3,point,linear_block,linear,minirocket,stat_rf,1,1,True,0.5051325301204819,0.6384337349397591,0.1333012048192772
MiddlePhalanxOutlineCorrect,5,0.3,80,24,0.3,linear_block,point,linear,stat_rf,minirocket,1,1,True,0.6925060240963856,0.7853975903614459,0.09289156626506023
MiddlePhalanxOutlineCorrect,5,0.3,80,24,0.3,linear_block,linear_block,linear,stat_rf,stat_rf,1,1,False,0.6384337349397591,0.6384337349397591,0.0
MiddlePhalanxOutlineAgeGroup,1,0.05,80,4,0.05,point,linear_block,linear,stat_rf,minirocket,1,1,True,0.4719986444124375,0.4757865232003163,0.0037878787878787845
MiddlePhalanxOutlineAgeGroup,1,0.05,80,4,0.05,linear_block,point,linear,stat_rf,stat_rf,1,1,False,0.4834928972860007,0.4834928972860007,0.0
MiddlePhalanxOutlineAgeGroup,1,0.05,80,4,0.05,linear_block,linear_block,linear,stat_rf,minirocket,1,1,True,0.4719986444124375,0.4757865232003163,0.0037878787878787845
MiddlePhalanxOutlineAgeGroup,1,0.1,80,8,0.1,point,linear_block,linear,stat_rf,stat_rf,1,1,False,0.48008627750007055,0.48008627750007055,0.0
MiddlePhalanxOutlineAgeGroup,1,0.1,80,8,0.1,linear_block,point,linear,stat_rf,stat_rf,1,1,False,0.470696009489113,0.470696009489113,0.0
MiddlePhalanxOutlineAgeGroup,1,0.1,80,8,0.1,linear_block,linear_block,linear,stat_rf,stat_rf,1,1,False,0.48008627750007055,0.48008627750007055,0.0
MiddlePhalanxOutlineAgeGroup,1,0.15,80,12,0.15,point,linear_block,linear,stat_rf,stat_rf,1,1,False,0.4525191335536163,0.4525191335536163,0.0
MiddlePhalanxOutlineAgeGroup,1,0.15,80,12,0.15,linear_block,point,linear,minirocket,stat_rf,1,1,True,0.46012313253692566,0.513795927589031,0.05367279505210537
MiddlePhalanxOutlineAgeGroup,1,0.15,80,12,0.15,linear_block,linear_block,linear,minirocket,stat_rf,1,1,True,0.44024471179643593,0.4525191335536163,0.012274421757180354
MiddlePhalanxOutlineAgeGroup,1,0.2,80,16,0.2,point,linear_block,linear,stat_rf,stat_rf,1,1,False,0.46309201050580356,0.46309201050580356,0.0
MiddlePhalanxOutlineAgeGroup,1,0.2,80,16,0.2,linear_block,point,linear,stat_rf,minirocket,1,1,True,0.4577685051822982,0.47827176706487057,0.020503261882572343
MiddlePhalanxOutlineAgeGroup,1,0.2,80,16,0.2,linear_block,linear_block,linear,stat_rf,stat_rf,1,1,False,0.46309201050580356,0.46309201050580356,0.0
MiddlePhalanxOutlineAgeGroup,1,0.25,80,20,0.25,point,linear_block,linear,stat_rf,stat_rf,1,1,False,0.4463766274111102,0.4463766274111102,0.0
MiddlePhalanxOutlineAgeGroup,1,0.25,80,20,0.25,linear_block,point,linear,stat_rf,minirocket,1,1,True,0.4642922703267531,0.4682107656245587,0.003918495297805635
MiddlePhalanxOutlineAgeGroup,1,0.25,80,20,0.25,linear_block,linear_block,linear,stat_rf,stat_rf,1,1,False,0.4463766274111102,0.4463766274111102,0.0
MiddlePhalanxOutlineAgeGroup,1,0.3,80,24,0.3,point,linear_block,linear,minirocket,dtw,2,1,True,0.31411152531842185,0.4433442062752408,0.12923268095681895
MiddlePhalanxOutlineAgeGroup,1,0.3,80,24,0.3,linear_block,point,linear,stat_rf,minirocket,1,1,True,0.4642922703267531,0.5000776638707674,0.03578539354401428
MiddlePhalanxOutlineAgeGroup,1,0.3,80,24,0.3,linear_block,linear_block,linear,stat_rf,dtw,1,1,True,0.4368275014826739,0.4433442062752408,0.006516704792566885
MiddlePhalanxOutlineAgeGroup,2,0.05,80,4,0.05,point,linear_block,linear,stat_rf,minirocket,1,1,True,0.4535993673924708,0.4640416278347313,0.010442260442260487
MiddlePhalanxOutlineAgeGroup,2,0.05,80,4,0.05,linear_block,point,linear,stat_rf,stat_rf,1,1,False,0.4767078991216922,0.4767078991216922,0.0
MiddlePhalanxOutlineAgeGroup,2,0.05,80,4,0.05,linear_block,linear_block,linear,stat_rf,minirocket,1,1,True,0.4535993673924708,0.4640416278347313,0.010442260442260487
MiddlePhalanxOutlineAgeGroup,2,0.1,80,8,0.1,point,linear_block,linear,stat_rf,minirocket,1,1,True,0.45019274760654077,0.4574896212827248,0.007296873676184035
MiddlePhalanxOutlineAgeGroup,2,0.1,80,8,0.1,linear_block,point,linear,stat_rf,stat_rf,1,1,False,0.46769889011268323,0.46769889011268323,0.0
MiddlePhalanxOutlineAgeGroup,2,0.1,80,8,0.1,linear_block,linear_block,linear,stat_rf,minirocket,1,1,True,0.45019274760654077,0.4574896212827248,0.007296873676184035
MiddlePhalanxOutlineAgeGroup,2,0.15,80,12,0.15,point,linear_block,linear,stat_rf,stat_rf,1,1,False,0.44207687311135596,0.44207687311135596,0.0
MiddlePhalanxOutlineAgeGroup,2,0.15,80,12,0.15,linear_block,point,linear,stat_rf,minirocket,1,1,True,0.4342681239232964,0.4525473749611681,0.018279251037871702
MiddlePhalanxOutlineAgeGroup,2,0.15,80,12,0.15,linear_block,linear_block,linear,stat_rf,stat_rf,1,1,False,0.44207687311135596,0.44207687311135596,0.0
MiddlePhalanxOutlineAgeGroup,2,0.2,80,16,0.2,point,linear_block,linear,stat_rf,stat_rf,1,1,False,0.4463766274111102,0.4463766274111102,0.0
MiddlePhalanxOutlineAgeGroup,2,0.2,80,16,0.2,linear_block,point,linear,stat_rf,minirocket,1,1,True,0.4244683555028383,0.4283868508006439,0.003918495297805635
MiddlePhalanxOutlineAgeGroup,2,0.2,80,16,0.2,linear_block,linear_block,linear,stat_rf,stat_rf,1,1,False,0.4463766274111102,0.4463766274111102,0.0
MiddlePhalanxOutlineAgeGroup,2,0.25,80,20,0.25,point,linear_block,linear,stat_rf,stat_rf,1,1,False,0.4463872179389421,0.4463872179389421,0.0
MiddlePhalanxOutlineAgeGroup,2,0.25,80,20,0.25,linear_block,point,linear,stat_rf,minirocket,1,1,True,0.45620463723912,0.46547487926798276,0.00927024202886273
MiddlePhalanxOutlineAgeGroup,2,0.25,80,20,0.25,linear_block,linear_block,linear,stat_rf,stat_rf,1,1,False,0.4463872179389421,0.4463872179389421,0.0
MiddlePhalanxOutlineAgeGroup,2,0.3,80,24,0.3,point,linear_block,linear,stat_rf,stat_rf,1,1,False,0.4572213279109831,0.4572213279109831,0.0
MiddlePhalanxOutlineAgeGroup,2,0.3,80,24,0.3,linear_block,point,linear,stat_rf,stat_rf,1,1,False,0.47657728261176535,0.47657728261176535,0.0
MiddlePhalanxOutlineAgeGroup,2,0.3,80,24,0.3,linear_block,linear_block,linear,stat_rf,stat_rf,1,1,False,0.4572213279109831,0.4572213279109831,0.0
MiddlePhalanxOutlineAgeGroup,3,0.05,80,4,0.05,point,linear_block,linear,minirocket,minirocket,1,1,False,0.45423126888644133,0.45423126888644133,0.0
MiddlePhalanxOutlineAgeGroup,3,0.05,80,4,0.05,linear_block,point,linear,stat_rf,stat_rf,1,1,False,0.48036516139964425,0.48036516139964425,0.0
MiddlePhalanxOutlineAgeGroup,3,0.05,80,4,0.05,linear_block,linear_block,linear,stat_rf,minirocket,1,1,True,0.4396198706543535,0.45423126888644133,0.014611398232087847
MiddlePhalanxOutlineAgeGroup,3,0.1,80,8,0.1,point,linear_block,linear,stat_rf,minirocket,1,1,True,0.39833446298963543,0.4933950408088339,0.09506057781919847
MiddlePhalanxOutlineAgeGroup,3,0.1,80,8,0.1,linear_block,point,linear,stat_rf,stat_rf,1,1,False,0.4790625264763196,0.4790625264763196,0.0
MiddlePhalanxOutlineAgeGroup,3,0.1,80,8,0.1,linear_block,linear_block,linear,stat_rf,minirocket,1,1,True,0.39833446298963543,0.4933950408088339,0.09506057781919847
MiddlePhalanxOutlineAgeGroup,3,0.15,80,12,0.15,point,linear_block,linear,minirocket,minirocket,1,1,False,0.4381513174616623,0.4381513174616623,0.0
MiddlePhalanxOutlineAgeGroup,3,0.15,80,12,0.15,linear_block,point,linear,stat_rf,stat_rf,1,1,False,0.48428365669744977,0.48428365669744977,0.0
MiddlePhalanxOutlineAgeGroup,3,0.15,80,12,0.15,linear_block,linear_block,linear,stat_rf,minirocket,1,1,True,0.42549210652658936,0.4381513174616623,0.01265921093507294
MiddlePhalanxOutlineAgeGroup,3,0.2,80,16,0.2,point,linear_block,linear,minirocket,stat_rf,1,1,True,0.34424510717614165,0.45264975006354313,0.10840464288740148
MiddlePhalanxOutlineAgeGroup,3,0.2,80,16,0.2,linear_block,point,linear,stat_rf,stat_rf,1,1,False,0.4496808720946652,0.4496808720946652,0.0
MiddlePhalanxOutlineAgeGroup,3,0.2,80,16,0.2,linear_block,linear_block,linear,stat_rf,stat_rf,1,1,False,0.45264975006354313,0.45264975006354313,0.0
MiddlePhalanxOutlineAgeGroup,3,0.25,80,20,0.25,point,linear_block,linear,minirocket,stat_rf,1,1,True,0.36724420345110004,0.4274372334717162,0.060193030020616156
MiddlePhalanxOutlineAgeGroup,3,0.25,80,20,0.25,linear_block,point,linear,dtw,minirocket,1,1,True,0.36844093309610554,0.4646735293287018,0.09623259623259628
MiddlePhalanxOutlineAgeGroup,3,0.25,80,20,0.25,linear_block,linear_block,linear,dtw,stat_rf,1,1,True,0.3636857860995792,0.4274372334717162,0.063751447372137
MiddlePhalanxOutlineAgeGroup,3,0.3,80,24,0.3,point,linear_block,linear,minirocket,stat_rf,1,1,True,0.342833036798554,0.39726481967861277,0.05443178288005879
MiddlePhalanxOutlineAgeGroup,3,0.3,80,24,0.3,linear_block,point,linear,stat_rf,minirocket,1,1,True,0.43112273715721994,0.524750063543167,0.09362732638594706
MiddlePhalanxOutlineAgeGroup,3,0.3,80,24,0.3,linear_block,linear_block,linear,stat_rf,stat_rf,1,1,False,0.39726481967861277,0.39726481967861277,0.0
MiddlePhalanxOutlineAgeGroup,4,0.05,80,4,0.05,point,linear_block,linear,minirocket,stat_rf,1,1,True,0.44484100087548367,0.4744838882769917,0.029642887401508056
MiddlePhalanxOutlineAgeGroup,4,0.05,80,4,0.05,linear_block,point,linear,stat_rf,stat_rf,1,1,False,0.46769889011268323,0.46769889011268323,0.0
MiddlePhalanxOutlineAgeGroup,4,0.05,80,4,0.05,linear_block,linear_block,linear,stat_rf,stat_rf,1,1,False,0.4744838882769917,0.4744838882769917,0.0
MiddlePhalanxOutlineAgeGroup,4,0.1,80,8,0.1,point,linear_block,linear,stat_rf,minirocket,1,1,True,0.45411124290434635,0.48400477279787624,0.02989352989352989
MiddlePhalanxOutlineAgeGroup,4,0.1,80,8,0.1,linear_block,point,linear,stat_rf,stat_rf,1,1,False,0.48715015956395263,0.48715015956395263,0.0
MiddlePhalanxOutlineAgeGroup,4,0.1,80,8,0.1,linear_block,linear_block,linear,stat_rf,minirocket,1,1,True,0.45411124290434635,0.48400477279787624,0.02989352989352989
MiddlePhalanxOutlineAgeGroup,4,0.15,80,12,0.15,point,linear_block,linear,minirocket,stat_rf,1,1,True,0.3946877912395154,0.49326442429890704,0.09857663305939163
MiddlePhalanxOutlineAgeGroup,4,0.15,80,12,0.15,linear_block,point,linear,stat_rf,stat_rf,1,1,False,0.4832316642661471,0.4832316642661471,0.0
MiddlePhalanxOutlineAgeGroup,4,0.15,80,12,0.15,linear_block,linear_block,linear,stat_rf,stat_rf,1,1,False,0.49326442429890704,0.49326442429890704,0.0
MiddlePhalanxOutlineAgeGroup,4,0.2,80,16,0.2,point,linear_block,linear,minirocket,stat_rf,1,1,True,0.42615577960405543,0.469103900138383,0.04294812053432756
MiddlePhalanxOutlineAgeGroup,4,0.2,80,16,0.2,linear_block,point,linear,stat_rf,stat_rf,1,1,False,0.4795744019881951,0.4795744019881951,0.0
MiddlePhalanxOutlineAgeGroup,4,0.2,80,16,0.2,linear_block,linear_block,linear,stat_rf,stat_rf,1,1,False,0.469103900138383,0.469103900138383,0.0
MiddlePhalanxOutlineAgeGroup,4,0.25,80,20,0.25,point,linear_block,linear,stat_rf,stat_rf,1,1,False,0.4577402637747466,0.4577402637747466,0.0
MiddlePhalanxOutlineAgeGroup,4,0.25,80,20,0.25,linear_block,point,linear,stat_rf,stat_rf,1,1,False,0.5013802987940918,0.5013802987940918,0.0
MiddlePhalanxOutlineAgeGroup,4,0.25,80,20,0.25,linear_block,linear_block,linear,stat_rf,stat_rf,1,1,False,0.4577402637747466,0.4577402637747466,0.0
MiddlePhalanxOutlineAgeGroup,4,0.3,80,24,0.3,point,linear_block,linear,stat_rf,stat_rf,1,1,False,0.46831314072693386,0.46831314072693386,0.0
MiddlePhalanxOutlineAgeGroup,4,0.3,80,24,0.3,linear_block,point,linear,stat_rf,minirocket,1,1,True,0.44248637352085635,0.4838741562879494,0.04138778276709304
MiddlePhalanxOutlineAgeGroup,4,0.3,80,24,0.3,linear_block,linear_block,linear,stat_rf,stat_rf,1,1,False,0.46831314072693386,0.46831314072693386,0.0
MiddlePhalanxOutlineAgeGroup,5,0.05,80,4,0.05,point,linear_block,linear,minirocket,minirocket,1,1,False,0.4719986444124375,0.4719986444124375,0.0
MiddlePhalanxOutlineAgeGroup,5,0.05,80,4,0.05,linear_block,point,linear,stat_rf,stat_rf,1,1,False,0.45503261882572227,0.45503261882572227,0.0
MiddlePhalanxOutlineAgeGroup,5,0.05,80,4,0.05,linear_block,linear_block,linear,stat_rf,minirocket,1,1,True,0.4336079810217741,0.4719986444124375,0.03839066339066338
MiddlePhalanxOutlineAgeGroup,5,0.1,80,8,0.1,point,linear_block,linear,stat_rf,minirocket,1,1,True,0.44026236267615576,0.45434423451664835,0.014081871840492588
MiddlePhalanxOutlineAgeGroup,5,0.1,80,8,0.1,linear_block,point,linear,stat_rf,minirocket,1,1,True,0.4663962551893586,0.4692627580558615,0.0028665028665028625
MiddlePhalanxOutlineAgeGroup,5,0.1,80,8,0.1,linear_block,linear_block,linear,stat_rf,minirocket,1,1,True,0.44026236267615576,0.45434423451664835,0.014081871840492588
MiddlePhalanxOutlineAgeGroup,5,0.15,80,12,0.15,point,linear_block,linear,stat_rf,minirocket,1,1,True,0.4151804625942557,0.43891383546555957,0.023733372871303893
MiddlePhalanxOutlineAgeGroup,5,0.15,80,12,0.15,linear_block,point,linear,stat_rf,minirocket,1,1,True,0.45111412352791663,0.4820596458527493,0.030945522324832664
MiddlePhalanxOutlineAgeGroup,5,0.15,80,12,0.15,linear_block,linear_block,linear,stat_rf,minirocket,1,1,True,0.4151804625942557,0.43891383546555957,0.023733372871303893
MiddlePhalanxOutlineAgeGroup,5,0.2,80,16,0.2,point,linear_block,linear,minirocket,minirocket,1,1,False,0.43371388630009317,0.43371388630009317,0.0
MiddlePhalanxOutlineAgeGroup,5,0.2,80,16,0.2,linear_block,point,linear,stat_rf,stat_rf,1,1,False,0.45882049761360105,0.45882049761360105,0.0
MiddlePhalanxOutlineAgeGroup,5,0.2,80,16,0.2,linear_block,linear_block,linear,stat_rf,minirocket,1,1,True,0.3962410686548618,0.43371388630009317,0.03747281764523136
MiddlePhalanxOutlineAgeGroup,5,0.25,80,20,0.25,point,linear_block,linear,stat_rf,dtw,1,1,True,0.37624968228416505,0.4134506763817109,0.03720099409754585
MiddlePhalanxOutlineAgeGroup,5,0.25,80,20,0.25,linear_block,point,linear,dtw,minirocket,1,1,True,0.4304625942556977,0.4721292609223644,0.041666666666666685
MiddlePhalanxOutlineAgeGroup,5,0.25,80,20,0.25,linear_block,linear_block,linear,dtw,dtw,1,1,False,0.4134506763817109,0.4134506763817109,0.0
MiddlePhalanxOutlineAgeGroup,5,0.3,80,24,0.3,point,linear_block,linear,stat_rf,stat_rf,1,1,False,0.4389314863452794,0.4389314863452794,0.0
MiddlePhalanxOutlineAgeGroup,5,0.3,80,24,0.3,linear_block,point,linear,stat_rf,stat_rf,1,1,False,0.46626563867943177,0.46626563867943177,0.0
MiddlePhalanxOutlineAgeGroup,5,0.3,80,24,0.3,linear_block,linear_block,linear,stat_rf,stat_rf,1,1,False,0.4389314863452794,0.4389314863452794,0.0
MiddlePhalanxTW,1,0.05,80,4,0.05,point,linear_block,linear,minirocket,stat_rf,1,1,True,0.37183794466403164,0.40953635736244437,0.03769841269841273
MiddlePhalanxTW,1,0.05,80,4,0.05,linear_block,point,linear,dtw,stat_rf,1,1,True,0.37559445385532336,0.44693675889328066,0.0713423050379573
MiddlePhalanxTW,1,0.05,80,4,0.05,linear_block,linear_block,linear,dtw,stat_rf,1,1,True,0.37147719430328124,0.40953635736244437,0.038059163059163126
MiddlePhalanxTW,1,0.1,80,8,0.1,point,linear_block,linear,minirocket,minirocket,1,1,False,0.3632542819499341,0.3632542819499341,0.0
MiddlePhalanxTW,1,0.1,80,8,0.1,linear_block,point,linear,dtw,stat_rf,1,1,True,0.35286718112805066,0.415142417968505,0.06227523684045433
MiddlePhalanxTW,1,0.1,80,8,0.1,linear_block,linear_block,linear,dtw,minirocket,1,1,True,0.31174885500972455,0.3632542819499341,0.05150542694020954
MiddlePhalanxTW,1,0.15,80,12,0.15,point,linear_block,linear,minirocket,minirocket,1,1,False,0.3632229123533471,0.3632229123533471,0.0
MiddlePhalanxTW,1,0.15,80,12,0.15,linear_block,point,linear,dtw,stat_rf,1,1,True,0.35971422297509253,0.3845890582847104,0.02487483530961787
MiddlePhalanxTW,1,0.15,80,12,0.15,linear_block,linear_block,linear,dtw,minirocket,1,1,True,0.2972874709831232,0.3632229123533471,0.06593544137022389
MiddlePhalanxTW,1,0.2,80,16,0.2,point,linear_block,linear,minirocket,stat_rf,1,1,True,0.3072295417947592,0.36529393312002006,0.05806439132526087
MiddlePhalanxTW,1,0.2,80,16,0.2,linear_block,point,linear,stat_rf,stat_rf,1,1,False,0.3838603425559947,0.3838603425559947,0.0
MiddlePhalanxTW,1,0.2,80,16,0.2,linear_block,linear_block,linear,stat_rf,stat_rf,1,1,False,0.36529393312002006,0.36529393312002006,0.0
MiddlePhalanxTW,1,0.25,80,20,0.25,point,linear_block,linear,minirocket,stat_rf,1,1,True,0.2978571428571429,0.31653721479808433,0.018680071940941456
MiddlePhalanxTW,1,0.25,80,20,0.25,linear_block,point,linear,stat_rf,dtw,1,1,True,0.39817272099880796,0.40620532446619406,0.008032603467386101
MiddlePhalanxTW,1,0.25,80,20,0.25,linear_block,linear_block,linear,stat_rf,stat_rf,1,1,False,0.31653721479808433,0.31653721479808433,0.0
MiddlePhalanxTW,1,0.3,80,24,0.3,point,linear_block,linear,dtw,stat_rf,1,1,True,0.28491592948114686,0.34350189263232744,0.05858596315118059
MiddlePhalanxTW,1,0.3,80,24,0.3,linear_block,point,linear,stat_rf,dtw,1,1,True,0.36976692389735866,0.3816023589936633,0.011835435096304636
MiddlePhalanxTW,1,0.3,80,24,0.3,linear_block,linear_block,linear,stat_rf,stat_rf,1,1,False,0.34350189263232744,0.34350189263232744,0.0
MiddlePhalanxTW,2,0.05,80,4,0.05,point,linear_block,linear,minirocket,stat_rf,1,1,True,0.37701581027667985,0.4122661396574441,0.03525032938076422
MiddlePhalanxTW,2,0.05,80,4,0.05,linear_block,point,linear,minirocket,stat_rf,1,1,True,0.3589855072463768,0.4204216073781291,0.061436100131752325
MiddlePhalanxTW,2,0.05,80,4,0.05,linear_block,linear_block,linear,minirocket,stat_rf,1,1,True,0.37701581027667985,0.4122661396574441,0.03525032938076422
MiddlePhalanxTW,2,0.1,80,8,0.1,point,linear_block,linear,minirocket,stat_rf,1,1,True,0.41708576447706885,0.4335770750988142,0.01649131062174536
MiddlePhalanxTW,2,0.1,80,8,0.1,linear_block,point,linear,dtw,stat_rf,1,1,True,0.37198433611477083,0.40905797101449276,0.03707363489972193
MiddlePhalanxTW,2,0.1,80,8,0.1,linear_block,linear_block,linear,dtw,stat_rf,1,1,True,0.39826160152247114,0.4335770750988142,0.03531547357634307
MiddlePhalanxTW,2,0.15,80,12,0.15,point,linear_block,linear,minirocket,stat_rf,1,1,True,0.393107576803229,0.42196310935441367,0.02885553255118467
MiddlePhalanxTW,2,0.15,80,12,0.15,linear_block,point,linear,dtw,stat_rf,1,1,True,0.3355969634230504,0.4119367588932807,0.07633979547023029
MiddlePhalanxTW,2,0.15,80,12,0.15,linear_block,linear_block,linear,dtw,stat_rf,1,1,True,0.3557269381182424,0.42196310935441367,0.06623617123617126
MiddlePhalanxTW,2,0.2,80,16,0.2,point,linear_block,linear,minirocket,stat_rf,1,1,True,0.3353078403078403,0.42533011272141713,0.09002227241357685
MiddlePhalanxTW,2,0.2,80,16,0.2,linear_block,point,linear,dtw,stat_rf,1,1,True,0.3360152247108769,0.4419104084321475,0.1058951837212706
MiddlePhalanxTW,2,0.2,80,16,0.2,linear_block,linear_block,linear,dtw,stat_rf,1,1,True,0.35853577179664137,0.42533011272141713,0.06679434092477576
MiddlePhalanxTW,2,0.25,80,20,0.25,point,linear_block,linear,minirocket,stat_rf,1,1,True,0.3003679653679654,0.3857005876571094,0.08533262228914401
MiddlePhalanxTW,2,0.25,80,20,0.25,linear_block,point,linear,stat_rf,stat_rf,1,1,False,0.42832674571805013,0.42832674571805013,0.0
MiddlePhalanxTW,2,0.25,80,20,0.25,linear_block,linear_block,linear,stat_rf,stat_rf,1,1,False,0.3857005876571094,0.3857005876571094,0.0
MiddlePhalanxTW,2,0.3,80,24,0.3,point,linear_block,linear,minirocket,stat_rf,1,1,True,0.29247004203525945,0.36938965221573916,0.07691961018047971
MiddlePhalanxTW,2,0.3,80,24,0.3,linear_block,point,linear,stat_rf,stat_rf,1,1,False,0.379233327059414,0.379233327059414,0.0
MiddlePhalanxTW,2,0.3,80,24,0.3,linear_block,linear_block,linear,stat_rf,stat_rf,1,1,False,0.36938965221573916,0.36938965221573916,0.0
MiddlePhalanxTW,3,0.05,80,4,0.05,point,linear_block,linear,minirocket,stat_rf,1,1,True,0.3418642951251647,0.41514492753623194,0.07328063241106725
MiddlePhalanxTW,3,0.05,80,4,0.05,linear_block,point,linear,minirocket,stat_rf,1,1,True,0.3640118577075098,0.4458472928038146,0.08183543509630475
MiddlePhalanxTW,3,0.05,80,4,0.05,linear_block,linear_block,linear,minirocket,stat_rf,1,1,True,0.3418642951251647,0.41514492753623194,0.07328063241106725
MiddlePhalanxTW,3,0.1,80,8,0.1,point,linear_block,linear,stat_rf,stat_rf,1,1,False,0.4368840579710145,0.4368840579710145,0.0
MiddlePhalanxTW,3,0.1,80,8,0.1,linear_block,point,linear,dtw,stat_rf,1,1,True,0.41057542296672733,0.4160540184453228,0.005478595478595472
MiddlePhalanxTW,3,0.1,80,8,0.1,linear_block,linear_block,linear,dtw,stat_rf,1,1,True,0.3646686324947194,0.4368840579710145,0.07221542547629506
MiddlePhalanxTW,3,0.15,80,12,0.15,point,linear_block,linear,minirocket,stat_rf,1,1,True,0.345110839241274,0.3692505803375368,0.024139741096262823
MiddlePhalanxTW,3,0.15,80,12,0.15,linear_block,point,linear,dtw,stat_rf,1,1,True,0.40414664240751197,0.4041806261371479,3.3983729635922444e-05
MiddlePhalanxTW,3,0.15,80,12,0.15,linear_block,linear_block,linear,dtw,stat_rf,1,1,True,0.36647039755735406,0.3692505803375368,0.0027801827801827717
MiddlePhalanxTW,3,0.2,80,16,0.2,point,linear_block,linear,minirocket,dtw,1,1,True,0.32047399460442944,0.3548347867913086,0.03436079218687915
MiddlePhalanxTW,3,0.2,80,16,0.2,linear_block,point,linear,stat_rf,stat_rf,1,1,False,0.4222109291674509,0.4222109291674509,0.0
MiddlePhalanxTW,3,0.2,80,16,0.2,linear_block,linear_block,linear,stat_rf,dtw,1,1,True,0.3428144802057845,0.3548347867913086,0.01202030658552411
MiddlePhalanxTW,3,0.25,80,20,0.25,point,linear_block,linear,minirocket,stat_rf,1,1,True,0.2852333897986072,0.33972645711776145,0.054493067319154265
MiddlePhalanxTW,3,0.25,80,20,0.25,linear_block,point,linear,stat_rf,dtw,1,1,True,0.3975714703975573,0.41303333542463977,0.015461865027082466
MiddlePhalanxTW,3,0.25,80,20,0.25,linear_block,linear_block,linear,stat_rf,stat_rf,1,1,False,0.33972645711776145,0.33972645711776145,0.0
MiddlePhalanxTW,3,0.3,80,24,0.3,point,linear_block,linear,minirocket,stat_rf,1,1,True,0.2596273291925466,0.374399585921325,0.11477225672877839
MiddlePhalanxTW,3,0.3,80,24,0.3,linear_block,point,linear,stat_rf,dtw,1,1,True,0.3938750862663906,0.3964820043080913,0.0026069180417006566
MiddlePhalanxTW,3,0.3,80,24,0.3,linear_block,linear_block,linear,stat_rf,stat_rf,1,1,False,0.374399585921325,0.374399585921325,0.0
MiddlePhalanxTW,4,0.05,80,4,0.05,point,linear_block,linear,dtw,stat_rf,1,1,True,0.35016876842963796,0.41175638371290546,0.061587615283267505
MiddlePhalanxTW,4,0.05,80,4,0.05,linear_block,point,linear,dtw,stat_rf,1,1,True,0.36153240479327436,0.42297101449275365,0.061438609699479285
MiddlePhalanxTW,4,0.05,80,4,0.05,linear_block,linear_block,linear,dtw,stat_rf,1,1,True,0.35016876842963796,0.41175638371290546,0.061587615283267505
MiddlePhalanxTW,4,0.1,80,8,0.1,point,linear_block,linear,stat_rf,stat_rf,1,1,False,0.4123647447560492,0.4123647447560492,0.0
MiddlePhalanxTW,4,0.1,80,8,0.1,linear_block,point,linear,dtw,stat_rf,1,1,True,0.37568333437898654,0.39751395947048124,0.021830625091494693
MiddlePhalanxTW,4,0.1,80,8,0.1,linear_block,linear_block,linear,dtw,stat_rf,1,1,True,0.340202438463308,0.4123647447560492,0.07216230629274117
MiddlePhalanxTW,4,0.15,80,12,0.15,point,linear_block,linear,minirocket,stat_rf,1,1,True,0.3509933705585879,0.40380994207081167,0.05281657151222374
MiddlePhalanxTW,4,0.15,80,12,0.15,linear_block,point,linear,stat_rf,minirocket,1,1,True,0.38920948616600787,0.4055994729907773,0.016389986824769442
MiddlePhalanxTW,4,0.15,80,12,0.15,linear_block,linear_block,linear,stat_rf,stat_rf,1,1,False,0.40380994207081167,0.40380994207081167,0.0
MiddlePhalanxTW,4,0.2,80,16,0.2,point,linear_block,linear,stat_rf,stat_rf,1,1,False,0.3753752849405023,0.3753752849405023,0.0
MiddlePhalanxTW,4,0.2,80,16,0.2,linear_block,point,linear,stat_rf,stat_rf,1,1,False,0.41233609385783293,0.41233609385783293,0.0
MiddlePhalanxTW,4,0.2,80,16,0.2,linear_block,linear_block,linear,stat_rf,stat_rf,1,1,False,0.3753752849405023,0.3753752849405023,0.0
MiddlePhalanxTW,4,0.25,80,20,0.25,point,linear_block,linear,minirocket,stat_rf,1,1,True,0.22308331764853503,0.37865340778384254,0.1555700901353075
MiddlePhalanxTW,4,0.25,80,20,0.25,linear_block,point,linear,stat_rf,minirocket,1,1,True,0.3714072401028923,0.39456521739130435,0.023157977288412068
MiddlePhalanxTW,4,0.25,80,20,0.25,linear_block,linear_block,linear,stat_rf,stat_rf,1,1,False,0.37865340778384254,0.37865340778384254,0.0
MiddlePhalanxTW,4,0.3,80,24,0.3,point,linear_block,linear,stat_rf,stat_rf,1,1,False,0.3635933872890394,0.3635933872890394,0.0
MiddlePhalanxTW,4,0.3,80,24,0.3,linear_block,point,linear,stat_rf,minirocket,1,1,True,0.3863182550139072,0.40090250329380767,0.014584248279900458
MiddlePhalanxTW,4,0.3,80,24,0.3,linear_block,linear_block,linear,stat_rf,stat_rf,1,1,False,0.3635933872890394,0.3635933872890394,0.0
MiddlePhalanxTW,5,0.05,80,4,0.05,point,linear_block,linear,minirocket,minirocket,1,1,False,0.4066600790513834,0.4066600790513834,0.0
MiddlePhalanxTW,5,0.05,80,4,0.05,linear_block,point,linear,dtw,minirocket,1,1,True,0.3820206202814898,0.4056719367588933,0.023651316477403483
MiddlePhalanxTW,5,0.05,80,4,0.05,linear_block,linear_block,linear,dtw,minirocket,1,1,True,0.3927254951167995,0.4066600790513834,0.01393458393458391
MiddlePhalanxTW,5,0.1,80,8,0.1,point,linear_block,linear,dtw,dtw,1,1,False,0.4111525189786059,0.4111525189786059,0.0
MiddlePhalanxTW,5,0.1,80,8,0.1,linear_block,point,linear,minirocket,stat_rf,1,1,True,0.39241765480895924,0.4169631093544137,0.02454545454545448
MiddlePhalanxTW,5,0.1,80,8,0.1,linear_block,linear_block,linear,minirocket,dtw,1,1,True,0.3880500658761529,0.4111525189786059,0.023102453102452958
MiddlePhalanxTW,5,0.15,80,12,0.15,point,linear_block,linear,dtw,stat_rf,1,1,True,0.3699190664408056,0.37442844595018504,0.004509379509379463
MiddlePhalanxTW,5,0.15,80,12,0.15,linear_block,point,linear,minirocket,dtw,1,1,True,0.40221343873517784,0.4190916410481628,0.01687820231298498
MiddlePhalanxTW,5,0.15,80,12,0.15,linear_block,linear_block,linear,minirocket,stat_rf,1,1,True,0.3537160424116946,0.37442844595018504,0.020712403538490465
MiddlePhalanxTW,5,0.2,80,16,0.2,point,linear_block,linear,minirocket,stat_rf,1,1,True,0.27423803249890205,0.3683916807829852,0.09415364828408312
MiddlePhalanxTW,5,0.2,80,16,0.2,linear_block,point,linear,minirocket,stat_rf,1,1,True,0.38196310935441374,0.40407930234017186,0.02211619298575812
MiddlePhalanxTW,5,0.2,80,16,0.2,linear_block,linear_block,linear,minirocket,stat_rf,1,1,True,0.27423803249890205,0.3683916807829852,0.09415364828408312
MiddlePhalanxTW,5,0.25,80,20,0.25,point,linear_block,linear,minirocket,dtw,1,1,True,0.26532247945291426,0.40013049752180185,0.1348080180688876
MiddlePhalanxTW,5,0.25,80,20,0.25,linear_block,point,linear,dtw,dtw,1,1,False,0.41963736746345437,0.41963736746345437,0.0
MiddlePhalanxTW,5,0.25,80,20,0.25,linear_block,linear_block,linear,dtw,dtw,1,1,False,0.40013049752180185,0.40013049752180185,0.0
MiddlePhalanxTW,5,0.3,80,24,0.3,point,linear_block,linear,minirocket,stat_rf,1,1,True,0.28526224982746723,0.4360158521028086,0.15075360227534135
MiddlePhalanxTW,5,0.3,80,24,0.3,linear_block,point,linear,stat_rf,minirocket,1,1,True,0.3728671811280506,0.403271535228057,0.03040435410000636
MiddlePhalanxTW,5,0.3,80,24,0.3,linear_block,linear_block,linear,stat_rf,stat_rf,1,1,False,0.4360158521028086,0.4360158521028086,0.0
MoteStrain,1,0.05,84,4,0.047619047619047616,point,linear_block,linear,dtw,minirocket,3,1,True,0.8372167661595737,0.9463726811733744,0.10915591501380062
MoteStrain,1,0.05,84,4,0.047619047619047616,linear_block,point,linear,dtw,minirocket,3,1,True,0.8445124847551191,0.9485949033955966,0.10408241864047751
MoteStrain,1,0.05,84,4,0.047619047619047616,linear_block,linear_block,linear,dtw,minirocket,3,1,True,0.8372167661595737,0.9463726811733744,0.10915591501380062
MoteStrain,1,0.1,84,8,0.09523809523809523,point,linear_block,linear,stat_rf,minirocket,3,1,True,0.863100327363759,0.9447653893061172,0.08166506194235823
MoteStrain,1,0.1,84,8,0.09523809523809523,linear_block,point,linear,dtw,minirocket,2,1,True,0.8384607484434174,0.9478541626548559,0.10939341421143844
MoteStrain,1,0.1,84,8,0.09523809523809523,linear_block,linear_block,linear,dtw,minirocket,2,1,True,0.8367276461903845,0.9447653893061172,0.10803774311573267
MoteStrain,1,0.15,84,12,0.14285714285714285,point,linear_block,linear,minirocket,minirocket,2,1,False,0.9277142306951666,0.9277142306951666,0.0
MoteStrain,1,0.15,84,12,0.14285714285714285,linear_block,point,linear,dtw,minirocket,2,1,True,0.8412979010206048,0.9503280056486296,0.10903010462802487
MoteStrain,1,0.15,84,12,0.14285714285714285,linear_block,linear_block,linear,dtw,minirocket,2,1,True,0.8188099364529173,0.9277142306951666,0.10890429424224923
MoteStrain,1,0.2,84,16,0.19047619047619047,point,linear_block,linear,stat_rf,minirocket,3,1,True,0.8292355093394954,0.9101739521150267,0.0809384427755313
MoteStrain,1,0.2,84,16,0.19047619047619047,linear_block,point,linear,minirocket,minirocket,2,1,False,0.9498247641055266,0.9498247641055266,0.0
MoteStrain,1,0.2,84,16,0.19047619047619047,linear_block,linear_block,linear,minirocket,minirocket,2,1,False,0.9101739521150267,0.9101739521150267,0.0
MoteStrain,1,0.25,84,21,0.25,point,linear_block,linear,stat_rf,minirocket,2,1,True,0.8366429167469029,0.8763091340907632,0.03966621734386022
MoteStrain,1,0.25,84,21,0.25,linear_block,point,linear,stat_rf,minirocket,2,1,True,0.8669298414532383,0.9528018486424032,0.08587200718916499
MoteStrain,1,0.25,84,21,0.25,linear_block,linear_block,linear,stat_rf,minirocket,2,1,True,0.8366429167469029,0.8763091340907632,0.03966621734386022
MoteStrain,1,0.3,84,25,0.2976190476190476,point,linear_block,linear,minirocket,minirocket,3,1,False,0.8349110982733167,0.8349110982733167,0.0
MoteStrain,1,0.3,84,25,0.2976190476190476,linear_block,point,linear,stat_rf,minirocket,2,1,True,0.8638410681044997,0.9489723345529238,0.08513126644842417
MoteStrain,1,0.3,84,25,0.2976190476190476,linear_block,linear_block,linear,stat_rf,minirocket,2,1,True,0.8195635149881251,0.8349110982733167,0.01534758328519159
MoteStrain,2,0.05,84,4,0.047619047619047616,point,linear_block,linear,minirocket,minirocket,2,1,False,0.9493074009885102,0.9493074009885102,0.0
MoteStrain,2,0.05,84,4,0.047619047619047616,linear_block,point,linear,dtw,minirocket,2,1,True,0.8389216252647795,0.950048141729251,0.11112651646447147
MoteStrain,2,0.05,84,4,0.047619047619047616,linear_block,linear_block,linear,dtw,minirocket,2,1,True,0.8389216252647795,0.9493074009885102,0.11038577572373065
MoteStrain,2,0.1,84,8,0.09523809523809523,point,linear_block,linear,dtw,minirocket,1,1,True,0.8365735926567816,0.9484408498619937,0.11186725720521218
MoteStrain,2,0.1,84,8,0.09523809523809523,linear_block,point,linear,minirocket,minirocket,2,1,False,0.950048141729251,0.950048141729251,0.0
MoteStrain,2,0.1,84,8,0.09523809523809523,linear_block,linear_block,linear,minirocket,minirocket,2,1,False,0.9484408498619937,0.9484408498619937,0.0
MoteStrain,2,0.15,84,12,0.14285714285714285,point,linear_block,linear,stat_rf,minirocket,1,1,True,0.8408087810514153,0.9411592528403621,0.10035047178894674
MoteStrain,2,0.15,84,12,0.14285714285714285,linear_block,point,linear,minirocket,minirocket,2,1,False,0.9517812439822839,0.9517812439822839,0.0
MoteStrain,2,0.15,84,12,0.14285714285714285,linear_block,linear_block,linear,minirocket,minirocket,2,1,False,0.9411592528403621,0.9411592528403621,0.0
MoteStrain,2,0.2,84,16,0.19047619047619047,point,linear_block,linear,minirocket,minirocket,1,1,False,0.9281892290904422,0.9281892290904422,0.0
MoteStrain,2,0.2,84,16,0.19047619047619047,linear_block,point,linear,dtw,minirocket,3,1,True,0.8399139867770717,0.9442339046151871,0.10431991783811534
MoteStrain,2,0.2,84,16,0.19047619047619047,linear_block,linear_block,linear,dtw,minirocket,3,1,True,0.824945118428654,0.9281892290904422,0.10324411066178818
MoteStrain,2,0.25,84,21,0.25,point,linear_block,linear,minirocket,minirocket,2,1,False,0.8982938571153476,0.8982938571153476,0.0
MoteStrain,2,0.25,84,21,0.25,linear_block,point,linear,dtw,minirocket,3,1,True,0.8506759098786828,0.9485666602477694,0.09789075036908657
MoteStrain,2,0.25,84,21,0.25,linear_block,linear_block,linear,dtw,minirocket,3,1,True,0.7988792605430387,0.8982938571153476,0.09941459657230889
MoteStrain,2,0.3,84,25,0.2976190476190476,point,linear_block,linear,dtw,minirocket,1,1,True,0.7851543744784646,0.8686501059118044,0.08349573143333977
MoteStrain,2,0.3,84,25,0.2976190476190476,linear_block,point,linear,minirocket,minirocket,2,1,False,0.9477001091212529,0.9477001091212529,0.0
MoteStrain,2,0.3,84,25,0.2976190476190476,linear_block,linear_block,linear,minirocket,minirocket,2,1,False,0.8686501059118044,0.8686501059118044,0.0
MoteStrain,3,0.05,84,4,0.047619047619047616,point,linear_block,linear,minirocket,minirocket,1,1,False,0.9205854034276911,0.9205854034276911,0.0
MoteStrain,3,0.05,84,4,0.047619047619047616,linear_block,point,linear,minirocket,minirocket,1,1,False,0.9226818152641376,0.9226818152641376,0.0
MoteStrain,3,0.05,84,4,0.047619047619047616,linear_block,linear_block,linear,minirocket,minirocket,1,1,False,0.9205854034276911,0.9205854034276911,0.0
MoteStrain,3,0.1,84,8,0.09523809523809523,point,linear_block,linear,minirocket,minirocket,1,1,False,0.9165042685666602,0.9165042685666602,0.0
MoteStrain,3,0.1,84,8,0.09523809523809523,linear_block,point,linear,minirocket,minirocket,1,1,False,0.9161268374093331,0.9161268374093331,0.0
MoteStrain,3,0.1,84,8,0.09523809523809523,linear_block,linear_block,linear,minirocket,minirocket,1,1,False,0.9165042685666602,0.9165042685666602,0.0
MoteStrain,3,0.15,84,12,0.14285714285714285,point,linear_block,linear,minirocket,minirocket,1,1,False,0.9121997560819051,0.9121997560819051,0.0
MoteStrain,3,0.15,84,12,0.14285714285714285,linear_block,point,linear,minirocket,minirocket,1,1,False,0.9197188523011747,0.9197188523011747,0.0
MoteStrain,3,0.15,84,12,0.14285714285714285,linear_block,linear_block,linear,minirocket,minirocket,1,1,False,0.9121997560819051,0.9121997560819051,0.0
MoteStrain,3,0.2,84,16,0.19047619047619047,point,linear_block,linear,dtw,minirocket,1,1,True,0.8303960459593043,0.8936812375633867,0.06328519160408241
MoteStrain,3,0.2,84,16,0.19047619047619047,linear_block,point,linear,minirocket,minirocket,1,1,False,0.9220668849091727,0.9220668849091727,0.0
MoteStrain,3,0.2,84,16,0.19047619047619047,linear_block,linear_block,linear,minirocket,minirocket,1,1,False,0.8936812375633867,0.8936812375633867,0.0
MoteStrain,3,0.25,84,21,0.25,point,linear_block,linear,minirocket,minirocket,1,1,False,0.8530521856345079,0.8530521856345079,0.0
MoteStrain,3,0.25,84,21,0.25,linear_block,point,linear,minirocket,minirocket,1,1,False,0.9148969766994031,0.9148969766994031,0.0
MoteStrain,3,0.25,84,21,0.25,linear_block,linear_block,linear,minirocket,minirocket,1,1,False,0.8530521856345079,0.8530521856345079,0.0
MoteStrain,3,0.3,84,25,0.2976190476190476,point,linear_block,linear,dtw,stat_rf,3,1,True,0.7981526413762116,0.8080621349252198,0.009909493549008275
MoteStrain,3,0.3,84,25,0.2976190476190476,linear_block,point,linear,minirocket,minirocket,1,1,False,0.9184889915912446,0.9184889915912446,0.0
MoteStrain,3,0.3,84,25,0.2976190476190476,linear_block,linear_block,linear,minirocket,stat_rf,1,1,True,0.7891944283972013,0.8080621349252198,0.018867706528018502
MoteStrain,4,0.05,84,4,0.047619047619047616,point,linear_block,linear,dtw,minirocket,1,1,True,0.8489145644778227,0.8873765967006868,0.03846203222286415
MoteStrain,4,0.05,84,4,0.047619047619047616,linear_block,point,linear,dtw,minirocket,1,1,True,0.8480480133513062,0.8799550677193658,0.03190705436805963
MoteStrain,4,0.05,84,4,0.047619047619047616,linear_block,linear_block,linear,dtw,minirocket,1,1,True,0.8489145644778227,0.8873765967006868,0.03846203222286415
MoteStrain,4,0.1,84,8,0.09523809523809523,point,linear_block,linear,dtw,minirocket,1,1,True,0.8408781051415367,0.883295461839656,0.0424173566981193
MoteStrain,4,0.1,84,8,0.09523809523809523,linear_block,point,linear,dtw,minirocket,1,1,True,0.8559586623018165,0.8834212722254317,0.027462609923615156
MoteStrain,4,0.1,84,8,0.09523809523809523,linear_block,linear_block,linear,dtw,minirocket,1,1,True,0.8408781051415367,0.883295461839656,0.0424173566981193
MoteStrain,4,0.15,84,12,0.14285714285714285,point,linear_block,linear,dtw,minirocket,1,1,True,0.8375518325951601,0.8727851595095962,0.03523332691443615
MoteStrain,4,0.15,84,12,0.14285714285714285,linear_block,point,linear,dtw,minirocket,1,1,True,0.8501585467616664,0.8825547210989152,0.03239617433724884
MoteStrain,4,0.15,84,12,0.14285714285714285,linear_block,linear_block,linear,dtw,minirocket,1,1,True,0.8375518325951601,0.8727851595095962,0.03523332691443615
MoteStrain,4,0.2,84,16,0.19047619047619047,point,linear_block,linear,dtw,minirocket,1,1,True,0.8406547275178125,0.8671108543552217,0.026456126837409277
MoteStrain,4,0.2,84,16,0.19047619047619047,linear_block,point,linear,dtw,minirocket,1,1,True,0.8557211631041788,0.8824289107131396,0.026707747608960775
MoteStrain,4,0.2,84,16,0.19047619047619047,linear_block,linear_block,linear,dtw,minirocket,1,1,True,0.8406547275178125,0.8671108543552217,0.026456126837409277
MoteStrain,4,0.25,84,21,0.25,point,linear_block,linear,dtw,minirocket,2,1,True,0.8061608575646704,0.8354823801270941,0.029321522562423707
MoteStrain,4,0.25,84,21,0.25,linear_block,point,linear,dtw,minirocket,1,1,True,0.8650016047243083,0.8813248603889852,0.01632325566467685
MoteStrain,4,0.25,84,21,0.25,linear_block,linear_block,linear,dtw,minirocket,1,1,True,0.8061608575646704,0.8354823801270941,0.029321522562423707
MoteStrain,4,0.3,84,25,0.2976190476190476,point,linear_block,linear,dtw,dtw,1,1,False,0.7930650234289749,0.7930650234289749,0.0
MoteStrain,4,0.3,84,25,0.2976190476190476,linear_block,point,linear,dtw,minirocket,1,1,True,0.8532614416843186,0.8849168752808267,0.03165543359650813
MoteStrain,4,0.3,84,25,0.2976190476190476,linear_block,linear_block,linear,dtw,dtw,1,1,False,0.7930650234289749,0.7930650234289749,0.0
MoteStrain,5,0.05,84,4,0.047619047619047616,point,linear_block,linear,dtw,minirocket,1,1,True,0.7873907182746004,0.8567956865010591,0.0694049682264587
MoteStrain,5,0.05,84,4,0.047619047619047616,linear_block,point,linear,dtw,minirocket,1,1,True,0.7883830797868927,0.8559291353745426,0.06754605558764992
MoteStrain,5,0.05,84,4,0.047619047619047616,linear_block,linear_block,linear,dtw,minirocket,1,1,True,0.7873907182746004,0.8567956865010591,0.0694049682264587
MoteStrain,5,0.1,84,8,0.09523809523809523,point,linear_block,linear,dtw,minirocket,1,1,True,0.776405417549265,0.8565581873034213,0.0801527697541563
MoteStrain,5,0.1,84,8,0.09523809523809523,linear_block,point,linear,dtw,minirocket,1,1,True,0.789137942101547,0.8449155915013801,0.055777649399833096
MoteStrain,5,0.1,84,8,0.09523809523809523,linear_block,linear_block,linear,dtw,minirocket,1,1,True,0.776405417549265,0.8565581873034213,0.0801527697541563
MoteStrain,5,0.15,84,12,0.14285714285714285,point,linear_block,linear,dtw,minirocket,1,1,True,0.7739456961294049,0.8631272867321395,0.08918159060273456
MoteStrain,5,0.15,84,12,0.14285714285714285,linear_block,point,linear,dtw,minirocket,1,1,True,0.7942255600487836,0.853455292380769,0.05922973233198536
MoteStrain,5,0.15,84,12,0.14285714285714285,linear_block,linear_block,linear,dtw,minirocket,1,1,True,0.7739456961294049,0.8631272867321395,0.08918159060273456
MoteStrain,5,0.2,84,16,0.19047619047619047,point,linear_block,linear,dtw,minirocket,1,1,True,0.7622055330894153,0.8594377046023494,0.09723217151293406
MoteStrain,5,0.2,84,16,0.19047619047619047,linear_block,point,linear,stat_rf,minirocket,1,1,True,0.8109390846652546,0.8440490403748636,0.03310995570960906
MoteStrain,5,0.2,84,16,0.19047619047619047,linear_block,linear_block,linear,stat_rf,minirocket,1,1,True,0.8041466076128121,0.8594377046023494,0.05529109698953727
MoteStrain,5,0.25,84,21,0.25,point,linear_block,linear,dtw,minirocket,1,1,True,0.7426664099107774,0.8438962706207074,0.10122986070993001
MoteStrain,5,0.25,84,21,0.25,linear_block,point,linear,minirocket,minirocket,1,1,False,0.8506181398035817,0.8506181398035817,0.0
MoteStrain,5,0.25,84,21,0.25,linear_block,linear_block,linear,minirocket,minirocket,1,1,False,0.8438962706207074,0.8438962706207074,0.0
MoteStrain,5,0.3,84,25,0.2976190476190476,point,linear_block,linear,dtw,minirocket,1,1,True,0.7310379356826497,0.8096822645869439,0.07864432890429418
MoteStrain,5,0.3,84,25,0.2976190476190476,linear_block,point,linear,minirocket,minirocket,1,1,False,0.8533436035689068,0.8533436035689068,0.0
MoteStrain,5,0.3,84,25,0.2976190476190476,linear_block,linear_block,linear,minirocket,minirocket,1,1,False,0.8096822645869439,0.8096822645869439,0.0
OliveOil,1,0.05,570,28,0.04912280701754386,point,linear_block,linear,dtw,minirocket,2,1,True,0.6305555555555555,0.8097222222222222,0.1791666666666667
OliveOil,1,0.05,570,28,0.04912280701754386,linear_block,point,linear,dtw,minirocket,1,1,True,0.7763888888888889,0.9166666666666666,0.14027777777777772
OliveOil,1,0.05,570,28,0.04912280701754386,linear_block,linear_block,linear,dtw,minirocket,1,1,True,0.6305555555555555,0.8097222222222222,0.1791666666666667
OliveOil,1,0.1,570,57,0.1,point,linear_block,linear,dtw,dtw,2,1,False,0.7277777777777779,0.7277777777777779,0.0
OliveOil,1,0.1,570,57,0.1,linear_block,point,linear,dtw,minirocket,1,1,True,0.7763888888888889,0.9166666666666666,0.14027777777777772
OliveOil,1,0.1,570,57,0.1,linear_block,linear_block,linear,dtw,dtw,1,1,False,0.7277777777777779,0.7277777777777779,0.0
OliveOil,1,0.15,570,85,0.14912280701754385,point,linear_block,linear,minirocket,dtw,2,1,True,0.5180555555555556,0.6291666666666667,0.11111111111111105
OliveOil,1,0.15,570,85,0.14912280701754385,linear_block,point,linear,dtw,minirocket,1,1,True,0.7138888888888889,0.8541666666666666,0.14027777777777772
OliveOil,1,0.15,570,85,0.14912280701754385,linear_block,linear_block,linear,dtw,dtw,1,1,False,0.6291666666666667,0.6291666666666667,0.0
OliveOil,1,0.2,570,114,0.2,point,linear_block,linear,dtw,dtw,2,1,False,0.45972222222222225,0.45972222222222225,0.0
OliveOil,1,0.2,570,114,0.2,linear_block,point,linear,dtw,minirocket,1,1,True,0.798611111111111,0.8541666666666666,0.05555555555555558
OliveOil,1,0.2,570,114,0.2,linear_block,linear_block,linear,dtw,dtw,1,1,False,0.45972222222222225,0.45972222222222225,0.0
OliveOil,1,0.25,570,142,0.24912280701754386,point,linear_block,linear,minirocket,dtw,1,1,True,0.18888888888888888,0.425,0.2361111111111111
OliveOil,1,0.25,570,142,0.24912280701754386,linear_block,point,linear,dtw,minirocket,1,1,True,0.7277777777777779,0.7916666666666666,0.06388888888888877
OliveOil,1,0.25,570,142,0.24912280701754386,linear_block,linear_block,linear,dtw,dtw,1,1,False,0.425,0.425,0.0
OliveOil,1,0.3,570,171,0.3,point,linear_block,linear,dtw,dtw,2,1,False,0.3263888888888889,0.3263888888888889,0.0
OliveOil,1,0.3,570,171,0.3,linear_block,point,linear,minirocket,minirocket,1,1,False,0.7916666666666666,0.7916666666666666,0.0
OliveOil,1,0.3,570,171,0.3,linear_block,linear_block,linear,minirocket,dtw,1,1,True,0.30694444444444446,0.3263888888888889,0.01944444444444443
OliveOil,2,0.05,570,28,0.04912280701754386,point,linear_block,linear,dtw,minirocket,2,1,True,0.6555555555555556,0.6708333333333334,0.015277777777777835
OliveOil,2,0.05,570,28,0.04912280701754386,linear_block,point,linear,dtw,minirocket,1,1,True,0.7763888888888889,0.9166666666666666,0.14027777777777772
OliveOil,2,0.05,570,28,0.04912280701754386,linear_block,linear_block,linear,dtw,minirocket,1,1,True,0.6555555555555556,0.6708333333333334,0.015277777777777835
OliveOil,2,0.1,570,57,0.1,point,linear_block,linear,dtw,dtw,2,1,False,0.5875,0.5875,0.0
OliveOil,2,0.1,570,57,0.1,linear_block,point,linear,dtw,minirocket,1,1,True,0.6986111111111111,0.9166666666666666,0.21805555555555556
OliveOil,2,0.1,570,57,0.1,linear_block,linear_block,linear,dtw,dtw,1,1,False,0.5875,0.5875,0.0
OliveOil,2,0.15,570,85,0.14912280701754385,point,linear_block,linear,minirocket,dtw,1,1,True,0.2777777777777778,0.41666666666666663,0.13888888888888884
OliveOil,2,0.15,570,85,0.14912280701754385,linear_block,point,linear,dtw,minirocket,1,1,True,0.7277777777777779,0.9166666666666666,0.18888888888888877
OliveOil,2,0.15,570,85,0.14912280701754385,linear_block,linear_block,linear,dtw,dtw,1,1,False,0.41666666666666663,0.41666666666666663,0.0
OliveOil,2,0.2,570,114,0.2,point,linear_block,linear,minirocket,dtw,1,1,True,0.24305555555555558,0.2986111111111111,0.055555555555555525
OliveOil,2,0.2,570,114,0.2,linear_block,point,linear,dtw,minirocket,2,1,True,0.6861111111111111,0.8541666666666666,0.1680555555555555
OliveOil,2,0.2,570,114,0.2,linear_block,linear_block,linear,dtw,dtw,2,1,False,0.2986111111111111,0.2986111111111111,0.0
OliveOil,2,0.25,570,142,0.24912280701754386,point,linear_block,linear,minirocket,dtw,1,1,True,0.2569444444444444,0.3263888888888889,0.06944444444444448
OliveOil,2,0.25,570,142,0.24912280701754386,linear_block,point,linear,stat_rf,minirocket,1,1,True,0.5027777777777778,0.7916666666666666,0.28888888888888886
OliveOil,2,0.25,570,142,0.24912280701754386,linear_block,linear_block,linear,stat_rf,dtw,1,1,True,0.1736111111111111,0.3263888888888889,0.1527777777777778
OliveOil,2,0.3,570,171,0.3,point,linear_block,linear,minirocket,stat_rf,2,1,True,0.20833333333333331,0.23055555555555557,0.022222222222222254
OliveOil,2,0.3,570,171,0.3,linear_block,point,linear,stat_rf,minirocket,1,1,True,0.3277777777777778,0.7916666666666666,0.46388888888888885
OliveOil,2,0.3,570,171,0.3,linear_block,linear_block,linear,stat_rf,stat_rf,1,1,False,0.23055555555555557,0.23055555555555557,0.0
OliveOil,3,0.05,570,28,0.04912280701754386,point,linear_block,linear,dtw,dtw,2,1,False,0.8666666666666666,0.8666666666666666,0.0
OliveOil,3,0.05,570,28,0.04912280701754386,linear_block,point,linear,minirocket,minirocket,1,1,False,0.9166666666666666,0.9166666666666666,0.0
OliveOil,3,0.05,570,28,0.04912280701754386,linear_block,linear_block,linear,minirocket,dtw,1,1,True,0.8388888888888889,0.8666666666666666,0.02777777777777768
OliveOil,3,0.1,570,57,0.1,point,linear_block,linear,dtw,dtw,2,1,False,0.6569444444444444,0.6569444444444444,0.0
OliveOil,3,0.1,570,57,0.1,linear_block,point,linear,dtw,minirocket,1,1,True,0.7763888888888889,0.9791666666666666,0.20277777777777772
OliveOil,3,0.1,570,57,0.1,linear_block,linear_block,linear,dtw,dtw,1,1,False,0.6569444444444444,0.6569444444444444,0.0
OliveOil,3,0.15,570,85,0.14912280701754385,point,linear_block,linear,minirocket,dtw,2,1,True,0.2847222222222222,0.5666666666666667,0.28194444444444444
OliveOil,3,0.15,570,85,0.14912280701754385,linear_block,point,linear,dtw,minirocket,1,1,True,0.7833333333333333,0.9166666666666666,0.1333333333333333
OliveOil,3,0.15,570,85,0.14912280701754385,linear_block,linear_block,linear,dtw,dtw,1,1,False,0.5666666666666667,0.5666666666666667,0.0
OliveOil,3,0.2,570,114,0.2,point,linear_block,linear,minirocket,dtw,1,1,True,0.2847222222222222,0.39166666666666666,0.10694444444444445
OliveOil,3,0.2,570,114,0.2,linear_block,point,linear,dtw,minirocket,2,1,True,0.7763888888888889,0.8541666666666666,0.07777777777777772
OliveOil,3,0.2,570,114,0.2,linear_block,linear_block,linear,dtw,dtw,2,1,False,0.39166666666666666,0.39166666666666666,0.0
OliveOil,3,0.25,570,142,0.24912280701754386,point,linear_block,linear,minirocket,stat_rf,1,1,True,0.3625,0.43472222222222223,0.07222222222222224
OliveOil,3,0.25,570,142,0.24912280701754386,linear_block,point,linear,minirocket,minirocket,2,1,False,0.9791666666666666,0.9791666666666666,0.0
OliveOil,3,0.25,570,142,0.24912280701754386,linear_block,linear_block,linear,minirocket,stat_rf,2,1,True,0.3625,0.43472222222222223,0.07222222222222224
OliveOil,3,0.3,570,171,0.3,point,linear_block,linear,minirocket,minirocket,1,1,False,0.35555555555555557,0.35555555555555557,0.0
OliveOil,3,0.3,570,171,0.3,linear_block,point,linear,minirocket,minirocket,1,1,False,0.7916666666666666,0.7916666666666666,0.0
OliveOil,3,0.3,570,171,0.3,linear_block,linear_block,linear,minirocket,minirocket,1,1,False,0.35555555555555557,0.35555555555555557,0.0
OliveOil,4,0.05,570,28,0.04912280701754386,point,linear_block,linear,stat_rf,dtw,1,1,True,0.525,0.6916666666666667,0.16666666666666663
OliveOil,4,0.05,570,28,0.04912280701754386,linear_block,point,linear,minirocket,minirocket,2,1,False,0.8541666666666666,0.8541666666666666,0.0
OliveOil,4,0.05,570,28,0.04912280701754386,linear_block,linear_block,linear,minirocket,dtw,2,1,True,0.5791666666666666,0.6916666666666667,0.11250000000000004
OliveOil,4,0.1,570,57,0.1,point,linear_block,linear,stat_rf,dtw,2,1,True,0.5736111111111111,0.6222222222222222,0.04861111111111116
OliveOil,4,0.1,570,57,0.1,linear_block,point,linear,stat_rf,minirocket,1,1,True,0.5944444444444444,0.8541666666666666,0.2597222222222222
OliveOil,4,0.1,570,57,0.1,linear_block,linear_block,linear,stat_rf,dtw,1,1,True,0.5736111111111111,0.6222222222222222,0.04861111111111116
OliveOil,4,0.15,570,85,0.14912280701754385,point,linear_block,linear,stat_rf,dtw,1,1,True,0.4069444444444444,0.41666666666666663,0.009722222222222243
OliveOil,4,0.15,570,85,0.14912280701754385,linear_block,point,linear,dtw,minirocket,2,1,True,0.7263888888888889,0.8541666666666666,0.12777777777777777
OliveOil,4,0.15,570,85,0.14912280701754385,linear_block,linear_block,linear,dtw,dtw,2,1,False,0.41666666666666663,0.41666666666666663,0.0
OliveOil,4,0.2,570,114,0.2,point,linear_block,linear,stat_rf,stat_rf,1,1,False,0.39861111111111114,0.39861111111111114,0.0
OliveOil,4,0.2,570,114,0.2,linear_block,point,linear,stat_rf,minirocket,2,1,True,0.6138888888888888,0.8541666666666666,0.2402777777777778
OliveOil,4,0.2,570,114,0.2,linear_block,linear_block,linear,stat_rf,stat_rf,2,1,False,0.39861111111111114,0.39861111111111114,0.0
OliveOil,4,0.25,570,142,0.24912280701754386,point,linear_block,linear,stat_rf,stat_rf,1,1,False,0.3833333333333333,0.3833333333333333,0.0
OliveOil,4,0.25,570,142,0.24912280701754386,linear_block,point,linear,stat_rf,minirocket,1,1,True,0.6222222222222222,0.9166666666666666,0.2944444444444444
OliveOil,4,0.25,570,142,0.24912280701754386,linear_block,linear_block,linear,stat_rf,stat_rf,1,1,False,0.3833333333333333,0.3833333333333333,0.0
OliveOil,4,0.3,570,171,0.3,point,linear_block,linear,minirocket,stat_rf,1,1,True,0.2222222222222222,0.3694444444444444,0.1472222222222222
OliveOil,4,0.3,570,171,0.3,linear_block,point,linear,stat_rf,minirocket,1,1,True,0.4055555555555556,0.8541666666666666,0.448611111111111
OliveOil,4,0.3,570,171,0.3,linear_block,linear_block,linear,stat_rf,stat_rf,1,1,False,0.3694444444444444,0.3694444444444444,0.0
OliveOil,5,0.05,570,28,0.04912280701754386,point,linear_block,linear,stat_rf,dtw,3,1,True,0.4819444444444445,0.7041666666666666,0.2222222222222221
OliveOil,5,0.05,570,28,0.04912280701754386,linear_block,point,linear,dtw,minirocket,1,1,True,0.7763888888888889,0.7916666666666666,0.015277777777777724
OliveOil,5,0.05,570,28,0.04912280701754386,linear_block,linear_block,linear,dtw,dtw,1,1,False,0.7041666666666666,0.7041666666666666,0.0
OliveOil,5,0.1,570,57,0.1,point,linear_block,linear,stat_rf,dtw,2,1,True,0.4305555555555556,0.48750000000000004,0.056944444444444464
OliveOil,5,0.1,570,57,0.1,linear_block,point,linear,dtw,minirocket,1,1,True,0.7763888888888889,0.7916666666666666,0.015277777777777724
OliveOil,5,0.1,570,57,0.1,linear_block,linear_block,linear,dtw,dtw,1,1,False,0.48750000000000004,0.48750000000000004,0.0
OliveOil,5,0.15,570,85,0.14912280701754385,point,linear_block,linear,minirocket,minirocket,1,1,False,0.43333333333333335,0.43333333333333335,0.0
OliveOil,5,0.15,570,85,0.14912280701754385,linear_block,point,linear,stat_rf,minirocket,2,1,True,0.48750000000000004,0.7916666666666666,0.3041666666666666
OliveOil,5,0.15,570,85,0.14912280701754385,linear_block,linear_block,linear,stat_rf,minirocket,2,1,True,0.41666666666666663,0.43333333333333335,0.01666666666666672
OliveOil,5,0.2,570,114,0.2,point,linear_block,linear,stat_rf,stat_rf,3,1,False,0.5069444444444444,0.5069444444444444,0.0
OliveOil,5,0.2,570,114,0.2,linear_block,point,linear,dtw,dtw,1,1,False,0.8263888888888888,0.8263888888888888,0.0
OliveOil,5,0.2,570,114,0.2,linear_block,linear_block,linear,dtw,stat_rf,1,1,True,0.3263888888888889,0.5069444444444444,0.18055555555555552
OliveOil,5,0.25,570,142,0.24912280701754386,point,linear_block,linear,minirocket,stat_rf,2,1,True,0.42638888888888893,0.5,0.07361111111111107
OliveOil,5,0.25,570,142,0.24912280701754386,linear_block,point,linear,stat_rf,minirocket,1,1,True,0.3958333333333333,0.7916666666666666,0.3958333333333333
OliveOil,5,0.25,570,142,0.24912280701754386,linear_block,linear_block,linear,stat_rf,stat_rf,1,1,False,0.5,0.5,0.0
OliveOil,5,0.3,570,171,0.3,point,linear_block,linear,minirocket,stat_rf,2,1,True,0.35,0.45833333333333326,0.10833333333333328
OliveOil,5,0.3,570,171,0.3,linear_block,point,linear,dtw,minirocket,1,1,True,0.7763888888888889,0.7916666666666666,0.015277777777777724
OliveOil,5,0.3,570,171,0.3,linear_block,linear_block,linear,dtw,stat_rf,1,1,True,0.2013888888888889,0.45833333333333326,0.25694444444444436
OSULeaf,1,0.05,427,21,0.04918032786885246,point,linear_block,linear,minirocket,minirocket,1,1,False,0.9178498886379322,0.9178498886379322,0.0
OSULeaf,1,0.05,427,21,0.04918032786885246,linear_block,point,linear,minirocket,minirocket,1,1,False,0.9214730770437293,0.9214730770437293,0.0
OSULeaf,1,0.05,427,21,0.04918032786885246,linear_block,linear_block,linear,minirocket,minirocket,1,1,False,0.9178498886379322,0.9178498886379322,0.0
OSULeaf,1,0.1,427,42,0.09836065573770492,point,linear_block,linear,minirocket,minirocket,1,1,False,0.8964558237656064,0.8964558237656064,0.0
OSULeaf,1,0.1,427,42,0.09836065573770492,linear_block,point,linear,minirocket,minirocket,1,1,False,0.9250962654495264,0.9250962654495264,0.0
OSULeaf,1,0.1,427,42,0.09836065573770492,linear_block,linear_block,linear,minirocket,minirocket,1,1,False,0.8964558237656064,0.8964558237656064,0.0
OSULeaf,1,0.15,427,64,0.14988290398126464,point,linear_block,linear,minirocket,minirocket,1,1,False,0.7621868922140661,0.7621868922140661,0.0
OSULeaf,1,0.15,427,64,0.14988290398126464,linear_block,point,linear,minirocket,minirocket,1,1,False,0.9214730770437293,0.9214730770437293,0.0
OSULeaf,1,0.15,427,64,0.14988290398126464,linear_block,linear_block,linear,minirocket,minirocket,1,1,False,0.7621868922140661,0.7621868922140661,0.0
OSULeaf,1,0.2,427,85,0.1990632318501171,point,linear_block,linear,minirocket,minirocket,1,1,False,0.6969998902064121,0.6969998902064121,0.0
OSULeaf,1,0.2,427,85,0.1990632318501171,linear_block,point,linear,minirocket,minirocket,1,1,False,0.9250962654495264,0.9250962654495264,0.0
OSULeaf,1,0.2,427,85,0.1990632318501171,linear_block,linear_block,linear,minirocket,minirocket,1,1,False,0.6969998902064121,0.6969998902064121,0.0
OSULeaf,1,0.25,427,106,0.24824355971896955,point,linear_block,linear,minirocket,minirocket,1,1,False,0.580336360499404,0.580336360499404,0.0
OSULeaf,1,0.25,427,106,0.24824355971896955,linear_block,point,linear,minirocket,minirocket,1,1,False,0.9250962654495264,0.9250962654495264,0.0
OSULeaf,1,0.25,427,106,0.24824355971896955,linear_block,linear_block,linear,minirocket,minirocket,1,1,False,0.580336360499404,0.580336360499404,0.0
OSULeaf,1,0.3,427,128,0.2997658079625293,point,linear_block,linear,minirocket,minirocket,1,1,False,0.4503756509191292,0.4503756509191292,0.0
OSULeaf,1,0.3,427,128,0.2997658079625293,linear_block,point,linear,minirocket,minirocket,1,1,False,0.9214730770437293,0.9214730770437293,0.0
OSULeaf,1,0.3,427,128,0.2997658079625293,linear_block,linear_block,linear,minirocket,minirocket,1,1,False,0.4503756509191292,0.4503756509191292,0.0
OSULeaf,2,0.05,427,21,0.04918032786885246,point,linear_block,linear,minirocket,minirocket,1,1,False,0.9270264759395195,0.9270264759395195,0.0
OSULeaf,2,0.05,427,21,0.04918032786885246,linear_block,point,linear,minirocket,minirocket,1,1,False,0.9197800991279252,0.9197800991279252,0.0
OSULeaf,2,0.05,427,21,0.04918032786885246,linear_block,linear_block,linear,minirocket,minirocket,1,1,False,0.9270264759395195,0.9270264759395195,0.0
OSULeaf,2,0.1,427,42,0.09836065573770492,point,linear_block,linear,minirocket,minirocket,1,1,False,0.9053704749356924,0.9053704749356924,0.0
OSULeaf,2,0.1,427,42,0.09836065573770492,linear_block,point,linear,minirocket,minirocket,1,1,False,0.9197800991279252,0.9197800991279252,0.0
OSULeaf,2,0.1,427,42,0.09836065573770492,linear_block,linear_block,linear,minirocket,minirocket,1,1,False,0.9053704749356924,0.9053704749356924,0.0
OSULeaf,2,0.15,427,64,0.14988290398126464,point,linear_block,linear,minirocket,minirocket,1,1,False,0.8292266610201392,0.8292266610201392,0.0
OSULeaf,2,0.15,427,64,0.14988290398126464,linear_block,point,linear,minirocket,minirocket,1,1,False,0.9197800991279252,0.9197800991279252,0.0
OSULeaf,2,0.15,427,64,0.14988290398126464,linear_block,linear_block,linear,minirocket,minirocket,1,1,False,0.8292266610201392,0.8292266610201392,0.0
OSULeaf,2,0.2,427,85,0.1990632318501171,point,linear_block,linear,minirocket,minirocket,1,1,False,0.7319407193048497,0.7319407193048497,0.0
OSULeaf,2,0.2,427,85,0.1990632318501171,linear_block,point,linear,minirocket,minirocket,1,1,False,0.9197800991279252,0.9197800991279252,0.0
OSULeaf,2,0.2,427,85,0.1990632318501171,linear_block,linear_block,linear,minirocket,minirocket,1,1,False,0.7319407193048497,0.7319407193048497,0.0
OSULeaf,2,0.25,427,106,0.24824355971896955,point,linear_block,linear,minirocket,minirocket,1,1,False,0.6902444475814041,0.6902444475814041,0.0
OSULeaf,2,0.25,427,106,0.24824355971896955,linear_block,point,linear,minirocket,minirocket,1,1,False,0.9197800991279252,0.9197800991279252,0.0
OSULeaf,2,0.25,427,106,0.24824355971896955,linear_block,linear_block,linear,minirocket,minirocket,1,1,False,0.6902444475814041,0.6902444475814041,0.0
OSULeaf,2,0.3,427,128,0.2997658079625293,point,linear_block,linear,minirocket,minirocket,1,1,False,0.6088889673128804,0.6088889673128804,0.0
OSULeaf,2,0.3,427,128,0.2997658079625293,linear_block,point,linear,minirocket,minirocket,1,1,False,0.912533722316331,0.912533722316331,0.0
OSULeaf,2,0.3,427,128,0.2997658079625293,linear_block,linear_block,linear,minirocket,minirocket,1,1,False,0.6088889673128804,0.6088889673128804,0.0
OSULeaf,3,0.05,427,21,0.04918032786885246,point,linear_block,linear,minirocket,minirocket,1,1,False,0.9087458435284522,0.9087458435284522,0.0
OSULeaf,3,0.05,427,21,0.04918032786885246,linear_block,point,linear,minirocket,minirocket,1,1,False,0.9378960411569107,0.9378960411569107,0.0
OSULeaf,3,0.05,427,21,0.04918032786885246,linear_block,linear_block,linear,minirocket,minirocket,1,1,False,0.9087458435284522,0.9087458435284522,0.0
OSULeaf,3,0.1,427,42,0.09836065573770492,point,linear_block,linear,minirocket,minirocket,1,1,False,0.8838117196812849,0.8838117196812849,0.0
OSULeaf,3,0.1,427,42,0.09836065573770492,linear_block,point,linear,minirocket,minirocket,1,1,False,0.9378960411569107,0.9378960411569107,0.0
OSULeaf,3,0.1,427,42,0.09836065573770492,linear_block,linear_block,linear,minirocket,minirocket,1,1,False,0.8838117196812849,0.8838117196812849,0.0
OSULeaf,3,0.15,427,64,0.14988290398126464,point,linear_block,linear,minirocket,minirocket,1,1,False,0.8202057453416148,0.8202057453416148,0.0
OSULeaf,3,0.15,427,64,0.14988290398126464,linear_block,point,linear,minirocket,minirocket,1,1,False,0.9270264759395195,0.9270264759395195,0.0
OSULeaf,3,0.15,427,64,0.14988290398126464,linear_block,linear_block,linear,minirocket,minirocket,1,1,False,0.8202057453416148,0.8202057453416148,0.0
OSULeaf,3,0.2,427,85,0.1990632318501171,point,linear_block,linear,minirocket,minirocket,1,1,False,0.7624686304034128,0.7624686304034128,0.0
OSULeaf,3,0.2,427,85,0.1990632318501171,linear_block,point,linear,minirocket,minirocket,1,1,False,0.930814354727398,0.930814354727398,0.0
OSULeaf,3,0.2,427,85,0.1990632318501171,linear_block,linear_block,linear,minirocket,minirocket,1,1,False,0.7624686304034128,0.7624686304034128,0.0
OSULeaf,3,0.25,427,106,0.24824355971896955,point,linear_block,linear,minirocket,minirocket,1,1,False,0.6655310872702177,0.6655310872702177,0.0
OSULeaf,3,0.25,427,106,0.24824355971896955,linear_block,point,linear,minirocket,minirocket,1,1,False,0.9380607315389923,0.9380607315389923,0.0
OSULeaf,3,0.25,427,106,0.24824355971896955,linear_block,linear_block,linear,minirocket,minirocket,1,1,False,0.6655310872702177,0.6655310872702177,0.0
OSULeaf,3,0.3,427,128,0.2997658079625293,point,linear_block,linear,minirocket,minirocket,1,1,False,0.576985303343999,0.576985303343999,0.0
OSULeaf,3,0.3,427,128,0.2997658079625293,linear_block,point,linear,minirocket,minirocket,1,1,False,0.9192703431833866,0.9192703431833866,0.0
OSULeaf,3,0.3,427,128,0.2997658079625293,linear_block,linear_block,linear,minirocket,minirocket,1,1,False,0.576985303343999,0.576985303343999,0.0
OSULeaf,4,0.05,427,21,0.04918032786885246,point,linear_block,linear,minirocket,minirocket,1,1,False,0.9165019762845851,0.9165019762845851,0.0
OSULeaf,4,0.05,427,21,0.04918032786885246,linear_block,point,linear,minirocket,minirocket,1,1,False,0.9309947299077734,0.9309947299077734,0.0
OSULeaf,4,0.05,427,21,0.04918032786885246,linear_block,linear_block,linear,minirocket,minirocket,1,1,False,0.9165019762845851,0.9165019762845851,0.0
OSULeaf,4,0.1,427,42,0.09836065573770492,point,linear_block,linear,minirocket,minirocket,1,1,False,0.8858340783612523,0.8858340783612523,0.0
OSULeaf,4,0.1,427,42,0.09836065573770492,linear_block,point,linear,minirocket,minirocket,1,1,False,0.9273715415019762,0.9273715415019762,0.0
OSULeaf,4,0.1,427,42,0.09836065573770492,linear_block,linear_block,linear,minirocket,minirocket,1,1,False,0.8858340783612523,0.8858340783612523,0.0
OSULeaf,4,0.15,427,64,0.14988290398126464,point,linear_block,linear,minirocket,minirocket,1,1,False,0.8267465022899806,0.8267465022899806,0.0
OSULeaf,4,0.15,427,64,0.14988290398126464,linear_block,point,linear,minirocket,minirocket,1,1,False,0.9309947299077734,0.9309947299077734,0.0
OSULeaf,4,0.15,427,64,0.14988290398126464,linear_block,linear_block,linear,minirocket,minirocket,1,1,False,0.8267465022899806,0.8267465022899806,0.0
OSULeaf,4,0.2,427,85,0.1990632318501171,point,linear_block,linear,minirocket,minirocket,1,1,False,0.7407945918815484,0.7407945918815484,0.0
OSULeaf,4,0.2,427,85,0.1990632318501171,linear_block,point,linear,minirocket,minirocket,1,1,False,0.9273715415019762,0.9273715415019762,0.0
OSULeaf,4,0.2,427,85,0.1990632318501171,linear_block,linear_block,linear,minirocket,minirocket,1,1,False,0.7407945918815484,0.7407945918815484,0.0
OSULeaf,4,0.25,427,106,0.24824355971896955,point,linear_block,linear,minirocket,minirocket,1,1,False,0.650885210803689,0.650885210803689,0.0
OSULeaf,4,0.25,427,106,0.24824355971896955,linear_block,point,linear,minirocket,minirocket,1,1,False,0.9273715415019762,0.9273715415019762,0.0
OSULeaf,4,0.25,427,106,0.24824355971896955,linear_block,linear_block,linear,minirocket,minirocket,1,1,False,0.650885210803689,0.650885210803689,0.0
OSULeaf,4,0.3,427,128,0.2997658079625293,point,linear_block,linear,minirocket,minirocket,1,1,False,0.5308959156785243,0.5308959156785243,0.0
OSULeaf,4,0.3,427,128,0.2997658079625293,linear_block,point,linear,minirocket,minirocket,1,1,False,0.9309947299077734,0.9309947299077734,0.0
OSULeaf,4,0.3,427,128,0.2997658079625293,linear_block,linear_block,linear,minirocket,minirocket,1,1,False,0.5308959156785243,0.5308959156785243,0.0
OSULeaf,5,0.05,427,21,0.04918032786885246,point,linear_block,linear,minirocket,minirocket,1,1,False,0.9201251646903822,0.9201251646903822,0.0
OSULeaf,5,0.05,427,21,0.04918032786885246,linear_block,point,linear,minirocket,minirocket,1,1,False,0.9201251646903822,0.9201251646903822,0.0
OSULeaf,5,0.05,427,21,0.04918032786885246,linear_block,linear_block,linear,minirocket,minirocket,1,1,False,0.9201251646903822,0.9201251646903822,0.0
OSULeaf,5,0.1,427,42,0.09836065573770492,point,linear_block,linear,minirocket,minirocket,1,1,False,0.8847496706192358,0.8847496706192358,0.0
OSULeaf,5,0.1,427,42,0.09836065573770492,linear_block,point,linear,minirocket,minirocket,1,1,False,0.9201251646903822,0.9201251646903822,0.0
OSULeaf,5,0.1,427,42,0.09836065573770492,linear_block,linear_block,linear,minirocket,minirocket,1,1,False,0.8847496706192358,0.8847496706192358,0.0
OSULeaf,5,0.15,427,64,0.14988290398126464,point,linear_block,linear,minirocket,minirocket,1,1,False,0.812220026350461,0.812220026350461,0.0
OSULeaf,5,0.15,427,64,0.14988290398126464,linear_block,point,linear,minirocket,minirocket,1,1,False,0.9201251646903822,0.9201251646903822,0.0
OSULeaf,5,0.15,427,64,0.14988290398126464,linear_block,linear_block,linear,minirocket,minirocket,1,1,False,0.812220026350461,0.812220026350461,0.0
OSULeaf,5,0.2,427,85,0.1990632318501171,point,linear_block,linear,minirocket,minirocket,1,1,False,0.7654873658949746,0.7654873658949746,0.0
OSULeaf,5,0.2,427,85,0.1990632318501171,linear_block,point,linear,minirocket,minirocket,1,1,False,0.9201251646903822,0.9201251646903822,0.0
OSULeaf,5,0.2,427,85,0.1990632318501171,linear_block,linear_block,linear,minirocket,minirocket,1,1,False,0.7654873658949746,0.7654873658949746,0.0
OSULeaf,5,0.25,427,106,0.24824355971896955,point,linear_block,linear,minirocket,minirocket,1,1,False,0.6318589622937448,0.6318589622937448,0.0
OSULeaf,5,0.25,427,106,0.24824355971896955,linear_block,point,linear,minirocket,minirocket,1,1,False,0.9201251646903822,0.9201251646903822,0.0
OSULeaf,5,0.25,427,106,0.24824355971896955,linear_block,linear_block,linear,minirocket,minirocket,1,1,False,0.6318589622937448,0.6318589622937448,0.0
OSULeaf,5,0.3,427,128,0.2997658079625293,point,linear_block,linear,minirocket,minirocket,1,1,False,0.5241142010163748,0.5241142010163748,0.0
OSULeaf,5,0.3,427,128,0.2997658079625293,linear_block,point,linear,minirocket,minirocket,1,1,False,0.9201251646903822,0.9201251646903822,0.0
OSULeaf,5,0.3,427,128,0.2997658079625293,linear_block,linear_block,linear,minirocket,minirocket,1,1,False,0.5241142010163748,0.5241142010163748,0.0
PhalangesOutlinesCorrect,1,0.05,80,4,0.05,point,linear_block,linear,minirocket,minirocket,1,1,False,0.8095709835539878,0.8095709835539878,0.0
PhalangesOutlinesCorrect,1,0.05,80,4,0.05,linear_block,point,linear,minirocket,minirocket,1,1,False,0.8092388565669522,0.8092388565669522,0.0
PhalangesOutlinesCorrect,1,0.05,80,4,0.05,linear_block,linear_block,linear,minirocket,minirocket,1,1,False,0.8095709835539878,0.8095709835539878,0.0
PhalangesOutlinesCorrect,1,0.1,80,8,0.1,point,linear_block,linear,minirocket,minirocket,1,1,False,0.7249186861514499,0.7249186861514499,0.0
PhalangesOutlinesCorrect,1,0.1,80,8,0.1,linear_block,point,linear,stat_rf,minirocket,1,1,True,0.7331588712263503,0.8050414586101058,0.07188258738375553
PhalangesOutlinesCorrect,1,0.1,80,8,0.1,linear_block,linear_block,linear,stat_rf,minirocket,1,1,True,0.7078141463191168,0.7249186861514499,0.017104539832333177
PhalangesOutlinesCorrect,1,0.15,80,12,0.15,point,linear_block,linear,minirocket,stat_rf,1,1,True,0.6299589994960832,0.6669510742590132,0.03699207476292998
PhalangesOutlinesCorrect,1,0.15,80,12,0.15,linear_block,point,linear,stat_rf,minirocket,1,1,True,0.7276902285949883,0.8209778276604517,0.09328759906546336
PhalangesOutlinesCorrect,1,0.15,80,12,0.15,linear_block,linear_block,linear,stat_rf,stat_rf,1,1,False,0.6669510742590132,0.6669510742590132,0.0
PhalangesOutlinesCorrect,1,0.2,80,16,0.2,point,linear_block,linear,minirocket,stat_rf,1,1,True,0.5929726510605158,0.6309267488203766,0.037954097759860805
PhalangesOutlinesCorrect,1,0.2,80,16,0.2,linear_block,point,linear,stat_rf,minirocket,1,1,True,0.722318933528792,0.8105215538961932,0.08820262036740123
PhalangesOutlinesCorrect,1,0.2,80,16,0.2,linear_block,linear_block,linear,stat_rf,stat_rf,1,1,False,0.6309267488203766,0.6309267488203766,0.0
PhalangesOutlinesCorrect,1,0.25,80,20,0.25,point,linear_block,linear,minirocket,stat_rf,1,1,True,0.561913051445325,0.6012242887901416,0.03931123734481656
PhalangesOutlinesCorrect,1,0.25,80,20,0.25,linear_block,point,linear,stat_rf,minirocket,1,1,True,0.6903087635713958,0.783905584314444,0.0935968207430482
PhalangesOutlinesCorrect,1,0.25,80,20,0.25,linear_block,linear_block,linear,stat_rf,stat_rf,1,1,False,0.6012242887901416,0.6012242887901416,0.0
PhalangesOutlinesCorrect,1,0.3,80,24,0.3,point,linear_block,linear,minirocket,stat_rf,1,1,True,0.5594106463878327,0.5867309542351917,0.02732030784735906
PhalangesOutlinesCorrect,1,0.3,80,24,0.3,linear_block,point,linear,stat_rf,minirocket,1,1,True,0.698715012139814,0.7874845389161207,0.08876952677630667
PhalangesOutlinesCorrect,1,0.3,80,24,0.3,linear_block,linear_block,linear,stat_rf,stat_rf,1,1,False,0.5867309542351917,0.5867309542351917,0.0
PhalangesOutlinesCorrect,2,0.05,80,4,0.05,point,linear_block,linear,minirocket,minirocket,1,1,False,0.7751786614137157,0.7751786614137157,0.0
PhalangesOutlinesCorrect,2,0.05,80,4,0.05,linear_block,point,linear,minirocket,minirocket,1,1,False,0.8027337486829447,0.8027337486829447,0.0
PhalangesOutlinesCorrect,2,0.05,80,4,0.05,linear_block,linear_block,linear,minirocket,minirocket,1,1,False,0.7751786614137157,0.7751786614137157,0.0
PhalangesOutlinesCorrect,2,0.1,80,8,0.1,point,linear_block,linear,minirocket,minirocket,1,1,False,0.7193641486096477,0.7193641486096477,0.0
PhalangesOutlinesCorrect,2,0.1,80,8,0.1,linear_block,point,linear,stat_rf,minirocket,1,1,True,0.7284060195153237,0.8022641898392047,0.07385817032388098
PhalangesOutlinesCorrect,2,0.1,80,8,0.1,linear_block,linear_block,linear,stat_rf,minirocket,1,1,True,0.7019389344450043,0.7193641486096477,0.017425214164643377
PhalangesOutlinesCorrect,2,0.15,80,12,0.15,point,linear_block,linear,minirocket,minirocket,1,1,False,0.6694019423702414,0.6694019423702414,0.0
PhalangesOutlinesCorrect,2,0.15,80,12,0.15,linear_block,point,linear,stat_rf,minirocket,1,1,True,0.7280109029272985,0.7972765587063081,0.06926565577900956
PhalangesOutlinesCorrect,2,0.15,80,12,0.15,linear_block,linear_block,linear,stat_rf,minirocket,1,1,True,0.6624215493151313,0.6694019423702414,0.006980393055110112
PhalangesOutlinesCorrect,2,0.2,80,16,0.2,point,linear_block,linear,minirocket,stat_rf,1,1,True,0.5970612487974712,0.6458037473086261,0.048742498511154864
PhalangesOutlinesCorrect,2,0.2,80,16,0.2,linear_block,point,linear,stat_rf,minirocket,1,1,True,0.7035308534518301,0.796411883274543,0.09288102982271296
PhalangesOutlinesCorrect,2,0.2,80,16,0.2,linear_block,linear_block,linear,stat_rf,stat_rf,1,1,False,0.6458037473086261,0.6458037473086261,0.0
PhalangesOutlinesCorrect,2,0.25,80,20,0.25,point,linear_block,linear,minirocket,stat_rf,1,1,True,0.5806553209033855,0.6313104127536763,0.05065509185029082
PhalangesOutlinesCorrect,2,0.25,80,20,0.25,linear_block,point,linear,stat_rf,minirocket,1,1,True,0.7032960740299602,0.7827946768060836,0.07949860277612342
PhalangesOutlinesCorrect,2,0.25,80,20,0.25,linear_block,linear_block,linear,stat_rf,stat_rf,1,1,False,0.6313104127536763,0.6313104127536763,0.0
PhalangesOutlinesCorrect,2,0.3,80,24,0.3,point,linear_block,linear,minirocket,stat_rf,1,1,True,0.5712126070823217,0.6107185395574695,0.039505932475147776
PhalangesOutlinesCorrect,2,0.3,80,24,0.3,linear_block,point,linear,stat_rf,minirocket,1,1,True,0.713133904439049,0.7954842182417885,0.0823503138027395
PhalangesOutlinesCorrect,2,0.3,80,24,0.3,linear_block,linear_block,linear,stat_rf,stat_rf,1,1,False,0.6107185395574695,0.6107185395574695,0.0
PhalangesOutlinesCorrect,3,0.05,80,4,0.05,point,linear_block,linear,minirocket,minirocket,1,1,False,0.7873012964405148,0.7873012964405148,0.0
PhalangesOutlinesCorrect,3,0.05,80,4,0.05,linear_block,point,linear,minirocket,minirocket,1,1,False,0.8038446561913051,0.8038446561913051,0.0
PhalangesOutlinesCorrect,3,0.05,80,4,0.05,linear_block,linear_block,linear,minirocket,minirocket,1,1,False,0.7873012964405148,0.7873012964405148,0.0
PhalangesOutlinesCorrect,3,0.1,80,8,0.1,point,linear_block,linear,minirocket,minirocket,1,1,False,0.6954395528883596,0.6954395528883596,0.0
PhalangesOutlinesCorrect,3,0.1,80,8,0.1,linear_block,point,linear,stat_rf,minirocket,1,1,True,0.7201601081130606,0.7928329286728664,0.07267282055980573
PhalangesOutlinesCorrect,3,0.1,80,8,0.1,linear_block,linear_block,linear,stat_rf,minirocket,1,1,True,0.6932234641990014,0.6954395528883596,0.0022160886893581866
PhalangesOutlinesCorrect,3,0.15,80,12,0.15,point,linear_block,linear,minirocket,stat_rf,1,1,True,0.6039729259242292,0.6579149296807,0.053942003756470736
PhalangesOutlinesCorrect,3,0.15,80,12,0.15,linear_block,point,linear,stat_rf,minirocket,1,1,True,0.7279364606715837,0.8007581657428191,0.07282170507123542
PhalangesOutlinesCorrect,3,0.15,80,12,0.15,linear_block,linear_block,linear,stat_rf,stat_rf,1,1,False,0.6579149296807,0.6579149296807,0.0
PhalangesOutlinesCorrect,3,0.2,80,16,0.2,point,linear_block,linear,minirocket,stat_rf,1,1,True,0.5484561821430207,0.6302109579000412,0.0817547757570205
PhalangesOutlinesCorrect,3,0.2,80,16,0.2,linear_block,point,linear,stat_rf,minirocket,1,1,True,0.7171595125750149,0.7900671125566906,0.07290759998167573
PhalangesOutlinesCorrect,3,0.2,80,16,0.2,linear_block,linear_block,linear,stat_rf,stat_rf,1,1,False,0.6302109579000412,0.6302109579000412,0.0
PhalangesOutlinesCorrect,3,0.25,80,20,0.25,point,linear_block,linear,minirocket,stat_rf,1,1,True,0.5569368729671538,0.6053472444912731,0.04841037152411931
PhalangesOutlinesCorrect,3,0.25,80,20,0.25,linear_block,point,linear,stat_rf,minirocket,1,1,True,0.7181215355719456,0.8003000595538046,0.08217852398185899
PhalangesOutlinesCorrect,3,0.25,80,20,0.25,linear_block,linear_block,linear,stat_rf,stat_rf,1,1,False,0.6053472444912731,0.6053472444912731,0.0
PhalangesOutlinesCorrect,3,0.3,80,24,0.3,point,linear_block,linear,minirocket,stat_rf,1,1,True,0.5626918319666498,0.6050380228136882,0.04234619084703839
PhalangesOutlinesCorrect,3,0.3,80,24,0.3,linear_block,point,linear,stat_rf,minirocket,1,1,True,0.7083810527280223,0.7803495350222182,0.07196848229419583
PhalangesOutlinesCorrect,3,0.3,80,24,0.3,linear_block,linear_block,linear,stat_rf,stat_rf,1,1,False,0.6050380228136882,0.6050380228136882,0.0
PhalangesOutlinesCorrect,4,0.05,80,4,0.05,point,linear_block,linear,minirocket,minirocket,1,1,False,0.8055224701085711,0.8055224701085711,0.0
PhalangesOutlinesCorrect,4,0.05,80,4,0.05,linear_block,point,linear,minirocket,minirocket,1,1,False,0.7951291859453021,0.7951291859453021,0.0
PhalangesOutlinesCorrect,4,0.05,80,4,0.05,linear_block,linear_block,linear,minirocket,minirocket,1,1,False,0.8055224701085711,0.8055224701085711,0.0
PhalangesOutlinesCorrect,4,0.1,80,8,0.1,point,linear_block,linear,minirocket,minirocket,1,1,False,0.7279192816894957,0.7279192816894957,0.0
PhalangesOutlinesCorrect,4,0.1,80,8,0.1,linear_block,point,linear,stat_rf,minirocket,1,1,True,0.7379976178478171,0.8040049933574602,0.06600737550964308
PhalangesOutlinesCorrect,4,0.1,80,8,0.1,linear_block,linear_block,linear,stat_rf,minirocket,1,1,True,0.7275413440835585,0.7279192816894957,0.0003779376059371842
PhalangesOutlinesCorrect,4,0.15,80,12,0.15,point,linear_block,linear,minirocket,stat_rf,1,1,True,0.6184548078244537,0.6764567776810664,0.058001969856612656
PhalangesOutlinesCorrect,4,0.15,80,12,0.15,linear_block,point,linear,stat_rf,minirocket,1,1,True,0.7422809107151037,0.7908573457327408,0.04857643501763709
PhalangesOutlinesCorrect,4,0.15,80,12,0.15,linear_block,linear_block,linear,stat_rf,stat_rf,1,1,False,0.6764567776810664,0.6764567776810664,0.0
PhalangesOutlinesCorrect,4,0.2,80,16,0.2,point,linear_block,linear,minirocket,stat_rf,1,1,True,0.5880480095286087,0.6574568234916853,0.06940881396307663
PhalangesOutlinesCorrect,4,0.2,80,16,0.2,linear_block,point,linear,stat_rf,minirocket,1,1,True,0.7208129094324065,0.7984733611251088,0.0776604516927023
PhalangesOutlinesCorrect,4,0.2,80,16,0.2,linear_block,linear_block,linear,stat_rf,stat_rf,1,1,False,0.6574568234916853,0.6574568234916853,0.0
PhalangesOutlinesCorrect,4,0.25,80,20,0.25,point,linear_block,linear,minirocket,stat_rf,1,1,True,0.5649136469833708,0.6370997297173484,0.07218608273397764
PhalangesOutlinesCorrect,4,0.25,80,20,0.25,linear_block,point,linear,stat_rf,minirocket,1,1,True,0.7323056484493105,0.8034724449127308,0.07116679646342039
PhalangesOutlinesCorrect,4,0.25,80,20,0.25,linear_block,linear_block,linear,stat_rf,stat_rf,1,1,False,0.6370997297173484,0.6370997297173484,0.0
PhalangesOutlinesCorrect,4,0.3,80,24,0.3,point,linear_block,linear,minirocket,stat_rf,1,1,True,0.5560779238627513,0.6212607082321682,0.06518278436941682
PhalangesOutlinesCorrect,4,0.3,80,24,0.3,linear_block,point,linear,stat_rf,minirocket,1,1,True,0.7134545787713592,0.7722639607861101,0.058809382014750944
PhalangesOutlinesCorrect,4,0.3,80,24,0.3,linear_block,linear_block,linear,stat_rf,stat_rf,1,1,False,0.6212607082321682,0.6212607082321682,0.0
PhalangesOutlinesCorrect,5,0.05,80,4,0.05,point,linear_block,linear,minirocket,minirocket,1,1,False,0.8025963168262403,0.8025963168262403,0.0
PhalangesOutlinesCorrect,5,0.05,80,4,0.05,linear_block,point,linear,minirocket,minirocket,1,1,False,0.8223120619359567,0.8223120619359567,0.0
PhalangesOutlinesCorrect,5,0.05,80,4,0.05,linear_block,linear_block,linear,minirocket,minirocket,1,1,False,0.8025963168262403,0.8025963168262403,0.0
PhalangesOutlinesCorrect,5,0.1,80,8,0.1,point,linear_block,linear,minirocket,minirocket,1,1,False,0.7083638737459343,0.7083638737459343,0.0
PhalangesOutlinesCorrect,5,0.1,80,8,0.1,linear_block,point,linear,stat_rf,minirocket,1,1,True,0.7280109029272985,0.8005233863209491,0.07251248339365057
PhalangesOutlinesCorrect,5,0.1,80,8,0.1,linear_block,linear_block,linear,stat_rf,minirocket,1,1,True,0.6898162994182051,0.7083638737459343,0.018547574327729244
PhalangesOutlinesCorrect,5,0.15,80,12,0.15,point,linear_block,linear,minirocket,stat_rf,1,1,True,0.60619474094095,0.662100874982821,0.05590613404187095
PhalangesOutlinesCorrect,5,0.15,80,12,0.15,linear_block,point,linear,stat_rf,minirocket,1,1,True,0.7264304365751981,0.8099546474872876,0.0835242109120895
PhalangesOutlinesCorrect,5,0.15,80,12,0.15,linear_block,linear_block,linear,stat_rf,stat_rf,1,1,False,0.662100874982821,0.662100874982821,0.0
PhalangesOutlinesCorrect,5,0.2,80,16,0.2,point,linear_block,linear,minirocket,stat_rf,1,1,True,0.5714302075221036,0.6296325988364103,0.05820239131430671
PhalangesOutlinesCorrect,5,0.2,80,16,0.2,linear_block,point,linear,stat_rf,minirocket,1,1,True,0.7289729259242292,0.8078301800357324,0.07885725411150313
PhalangesOutlinesCorrect,5,0.2,80,16,0.2,linear_block,linear_block,linear,stat_rf,stat_rf,1,1,False,0.6296325988364103,0.6296325988364103,0.0
PhalangesOutlinesCorrect,5,0.25,80,20,0.25,point,linear_block,linear,minirocket,stat_rf,1,1,True,0.5592216775848642,0.610311970314719,0.05109029272985477
PhalangesOutlinesCorrect,5,0.25,80,20,0.25,linear_block,point,linear,stat_rf,minirocket,1,1,True,0.7170965229740254,0.7794734069357276,0.06237688396170227
PhalangesOutlinesCorrect,5,0.25,80,20,0.25,linear_block,linear_block,linear,stat_rf,stat_rf,1,1,False,0.610311970314719,0.610311970314719,0.0
PhalangesOutlinesCorrect,5,0.3,80,24,0.3,point,linear_block,linear,minirocket,stat_rf,1,1,True,0.5481870447569747,0.607225479866233,0.059038435109258325
PhalangesOutlinesCorrect,5,0.3,80,24,0.3,linear_block,point,linear,stat_rf,minirocket,1,1,True,0.7000606990700444,0.7902618076870218,0.09020110861697739
PhalangesOutlinesCorrect,5,0.3,80,24,0.3,linear_block,linear_block,linear,stat_rf,stat_rf,1,1,False,0.607225479866233,0.607225479866233,0.0
Plane,1,0.05,144,7,0.04861111111111111,point,linear_block,linear,dtw,minirocket,2,1,True,0.9910714285714286,1.0,0.008928571428571397
Plane,1,0.05,144,7,0.04861111111111111,linear_block,point,linear,minirocket,minirocket,2,1,False,1.0,1.0,0.0
Plane,1,0.05,144,7,0.04861111111111111,linear_block,linear_block,linear,minirocket,minirocket,2,1,False,1.0,1.0,0.0
Plane,1,0.1,144,14,0.09722222222222222,point,linear_block,linear,minirocket,minirocket,2,1,False,1.0,1.0,0.0
Plane,1,0.1,144,14,0.09722222222222222,linear_block,point,linear,minirocket,minirocket,1,1,False,1.0,1.0,0.0
Plane,1,0.1,144,14,0.09722222222222222,linear_block,linear_block,linear,minirocket,minirocket,1,1,False,1.0,1.0,0.0
Plane,1,0.15,144,21,0.14583333333333334,point,linear_block,linear,minirocket,minirocket,2,1,False,0.9821428571428571,0.9821428571428571,0.0
Plane,1,0.15,144,21,0.14583333333333334,linear_block,point,linear,minirocket,minirocket,1,1,False,1.0,1.0,0.0
Plane,1,0.15,144,21,0.14583333333333334,linear_block,linear_block,linear,minirocket,minirocket,1,1,False,0.9821428571428571,0.9821428571428571,0.0
Plane,1,0.2,144,28,0.19444444444444445,point,linear_block,linear,minirocket,minirocket,2,1,False,0.9094387755102041,0.9094387755102041,0.0
Plane,1,0.2,144,28,0.19444444444444445,linear_block,point,linear,minirocket,minirocket,1,1,False,1.0,1.0,0.0
Plane,1,0.2,144,28,0.19444444444444445,linear_block,linear_block,linear,minirocket,minirocket,1,1,False,0.9094387755102041,0.9094387755102041,0.0
Plane,1,0.25,144,36,0.25,point,linear_block,linear,dtw,stat_rf,2,1,True,0.5018857543017207,0.775765306122449,0.2738795518207283
Plane,1,0.25,144,36,0.25,linear_block,point,linear,stat_rf,minirocket,1,1,True,0.8681122448979591,1.0,0.13188775510204087
Plane,1,0.25,144,36,0.25,linear_block,linear_block,linear,stat_rf,stat_rf,1,1,False,0.775765306122449,0.775765306122449,0.0
Plane,1,0.3,144,43,0.2986111111111111,point,linear_block,linear,minirocket,stat_rf,2,1,True,0.6486144457783113,0.6508503401360544,0.0022358943577430734
Plane,1,0.3,144,43,0.2986111111111111,linear_block,point,linear,stat_rf,minirocket,1,1,True,0.9189625850340136,1.0,0.08103741496598638
Plane,1,0.3,144,43,0.2986111111111111,linear_block,linear_block,linear,stat_rf,stat_rf,1,1,False,0.6508503401360544,0.6508503401360544,0.0
Plane,2,0.05,144,7,0.04861111111111111,point,linear_block,linear,minirocket,dtw|minirocket,2,2,False,1.0,1.0,0.0
Plane,2,0.05,144,7,0.04861111111111111,linear_block,point,linear,dtw,dtw|minirocket,2,2,False,1.0,1.0,0.0
Plane,2,0.05,144,7,0.04861111111111111,linear_block,linear_block,linear,dtw,dtw|minirocket,2,2,False,1.0,1.0,0.0
Plane,2,0.1,144,14,0.09722222222222222,point,linear_block,linear,minirocket,minirocket,2,1,False,1.0,1.0,0.0
Plane,2,0.1,144,14,0.09722222222222222,linear_block,point,linear,minirocket,dtw|minirocket,1,2,False,1.0,1.0,0.0
Plane,2,0.1,144,14,0.09722222222222222,linear_block,linear_block,linear,minirocket,minirocket,1,1,False,1.0,1.0,0.0
Plane,2,0.15,144,21,0.14583333333333334,point,linear_block,linear,minirocket,minirocket,2,1,False,0.9409013605442178,0.9409013605442178,0.0
Plane,2,0.15,144,21,0.14583333333333334,linear_block,point,linear,minirocket,dtw|minirocket,1,2,False,1.0,1.0,0.0
Plane,2,0.15,144,21,0.14583333333333334,linear_block,linear_block,linear,minirocket,minirocket,1,1,False,0.9409013605442178,0.9409013605442178,0.0
Plane,2,0.2,144,28,0.19444444444444445,point,linear_block,linear,dtw,minirocket,2,1,True,0.6047919167667066,0.8807272909163667,0.2759353741496601
Plane,2,0.2,144,28,0.19444444444444445,linear_block,point,linear,minirocket,dtw|minirocket,1,2,False,1.0,1.0,0.0
Plane,2,0.2,144,28,0.19444444444444445,linear_block,linear_block,linear,minirocket,minirocket,1,1,False,0.8807272909163667,0.8807272909163667,0.0
Plane,2,0.25,144,36,0.25,point,linear_block,linear,dtw,stat_rf,2,1,True,0.46934773909563826,0.7290816326530613,0.259733893557423
Plane,2,0.25,144,36,0.25,linear_block,point,linear,minirocket,dtw|minirocket,1,2,False,1.0,1.0,0.0
Plane,2,0.25,144,36,0.25,linear_block,linear_block,linear,minirocket,stat_rf,1,1,True,0.7088185274109644,0.7290816326530613,0.020263105242096846
Plane,2,0.3,144,43,0.2986111111111111,point,linear_block,linear,dtw,stat_rf,2,1,True,0.39471788715486195,0.7288265306122449,0.33410864345738295
Plane,2,0.3,144,43,0.2986111111111111,linear_block,point,linear,stat_rf,dtw|minirocket,1,2,True,0.9451530612244898,1.0,0.05484693877551017
Plane,2,0.3,144,43,0.2986111111111111,linear_block,linear_block,linear,stat_rf,stat_rf,1,1,False,0.7288265306122449,0.7288265306122449,0.0
Plane,3,0.05,144,7,0.04861111111111111,point,linear_block,linear,dtw,dtw|minirocket,2,2,False,1.0,1.0,0.0
Plane,3,0.05,144,7,0.04861111111111111,linear_block,point,linear,dtw,dtw|minirocket,2,2,False,1.0,1.0,0.0
Plane,3,0.05,144,7,0.04861111111111111,linear_block,linear_block,linear,dtw,dtw|minirocket,2,2,False,1.0,1.0,0.0
Plane,3,0.1,144,14,0.09722222222222222,point,linear_block,linear,minirocket,minirocket,2,1,False,1.0,1.0,0.0
Plane,3,0.1,144,14,0.09722222222222222,linear_block,point,linear,minirocket,dtw|minirocket,1,2,False,1.0,1.0,0.0
Plane,3,0.1,144,14,0.09722222222222222,linear_block,linear_block,linear,minirocket,minirocket,1,1,False,1.0,1.0,0.0
Plane,3,0.15,144,21,0.14583333333333334,point,linear_block,linear,minirocket,minirocket,2,1,False,0.9732142857142857,0.9732142857142857,0.0
Plane,3,0.15,144,21,0.14583333333333334,linear_block,point,linear,minirocket,dtw|minirocket,1,2,False,1.0,1.0,0.0
Plane,3,0.15,144,21,0.14583333333333334,linear_block,linear_block,linear,minirocket,minirocket,1,1,False,0.9732142857142857,0.9732142857142857,0.0
Plane,3,0.2,144,28,0.19444444444444445,point,linear_block,linear,minirocket,minirocket,2,1,False,0.9166666666666667,0.9166666666666667,0.0
Plane,3,0.2,144,28,0.19444444444444445,linear_block,point,linear,minirocket,dtw|minirocket,1,2,False,1.0,1.0,0.0
Plane,3,0.2,144,28,0.19444444444444445,linear_block,linear_block,linear,minirocket,minirocket,1,1,False,0.9166666666666667,0.9166666666666667,0.0
Plane,3,0.25,144,36,0.25,point,linear_block,linear,minirocket,minirocket,2,1,False,0.854591836734694,0.854591836734694,0.0
Plane,3,0.25,144,36,0.25,linear_block,point,linear,minirocket,dtw|minirocket,1,2,False,1.0,1.0,0.0
Plane,3,0.25,144,36,0.25,linear_block,linear_block,linear,minirocket,minirocket,1,1,False,0.854591836734694,0.854591836734694,0.0
Plane,3,0.3,144,43,0.2986111111111111,point,linear_block,linear,dtw,stat_rf,2,1,True,0.4406762705082033,0.7197278911564625,0.2790516206482592
Plane,3,0.3,144,43,0.2986111111111111,linear_block,point,linear,minirocket,dtw|minirocket,1,2,False,1.0,1.0,0.0
Plane,3,0.3,144,43,0.2986111111111111,linear_block,linear_block,linear,minirocket,stat_rf,1,1,True,0.7023809523809523,0.7197278911564625,0.01734693877551019
Plane,4,0.05,144,7,0.04861111111111111,point,linear_block,linear,dtw,minirocket,2,1,True,0.9910714285714286,1.0,0.008928571428571397
Plane,4,0.05,144,7,0.04861111111111111,linear_block,point,linear,dtw,dtw|minirocket,2,2,False,1.0,1.0,0.0
Plane,4,0.05,144,7,0.04861111111111111,linear_block,linear_block,linear,dtw,minirocket,2,1,True,0.9910714285714286,1.0,0.008928571428571397
Plane,4,0.1,144,14,0.09722222222222222,point,linear_block,linear,dtw,minirocket,2,1,True,0.8686224489795917,1.0,0.13137755102040827
Plane,4,0.1,144,14,0.09722222222222222,linear_block,point,linear,minirocket,dtw|minirocket,1,2,False,1.0,1.0,0.0
Plane,4,0.1,144,14,0.09722222222222222,linear_block,linear_block,linear,minirocket,minirocket,1,1,False,1.0,1.0,0.0
Plane,4,0.15,144,21,0.14583333333333334,point,linear_block,linear,minirocket,minirocket,2,1,False,0.9702380952380952,0.9702380952380952,0.0
Plane,4,0.15,144,21,0.14583333333333334,linear_block,point,linear,minirocket,dtw|minirocket,1,2,False,1.0,1.0,0.0
Plane,4,0.15,144,21,0.14583333333333334,linear_block,linear_block,linear,minirocket,minirocket,1,1,False,0.9702380952380952,0.9702380952380952,0.0
Plane,4,0.2,144,28,0.19444444444444445,point,linear_block,linear,dtw,minirocket,2,1,True,0.4964435774309724,0.9159163665466188,0.4194727891156464
Plane,4,0.2,144,28,0.19444444444444445,linear_block,point,linear,minirocket,dtw|minirocket,1,2,False,1.0,1.0,0.0
Plane,4,0.2,144,28,0.19444444444444445,linear_block,linear_block,linear,minirocket,minirocket,1,1,False,0.9159163665466188,0.9159163665466188,0.0
Plane,4,0.25,144,36,0.25,point,linear_block,linear,dtw,minirocket,2,1,True,0.47131852741096436,0.7745198079231692,0.30320128051220485
Plane,4,0.25,144,36,0.25,linear_block,point,linear,minirocket,dtw|minirocket,1,2,False,1.0,1.0,0.0
Plane,4,0.25,144,36,0.25,linear_block,linear_block,linear,minirocket,minirocket,1,1,False,0.7745198079231692,0.7745198079231692,0.0
Plane,4,0.3,144,43,0.2986111111111111,point,linear_block,linear,minirocket,minirocket,2,1,False,0.6445478191276511,0.6445478191276511,0.0
Plane,4,0.3,144,43,0.2986111111111111,linear_block,point,linear,minirocket,minirocket,1,1,False,1.0,1.0,0.0
Plane,4,0.3,144,43,0.2986111111111111,linear_block,linear_block,linear,minirocket,minirocket,1,1,False,0.6445478191276511,0.6445478191276511,0.0
Plane,5,0.05,144,7,0.04861111111111111,point,linear_block,linear,dtw,minirocket,2,1,True,0.9910714285714286,1.0,0.008928571428571397
Plane,5,0.05,144,7,0.04861111111111111,linear_block,point,linear,minirocket,dtw|minirocket,2,2,False,1.0,1.0,0.0
Plane,5,0.05,144,7,0.04861111111111111,linear_block,linear_block,linear,minirocket,minirocket,2,1,False,1.0,1.0,0.0
Plane,5,0.1,144,14,0.09722222222222222,point,linear_block,linear,dtw,minirocket,2,1,True,0.9366496598639457,1.0,0.06335034013605434
Plane,5,0.1,144,14,0.09722222222222222,linear_block,point,linear,minirocket,minirocket,1,1,False,1.0,1.0,0.0
Plane,5,0.1,144,14,0.09722222222222222,linear_block,linear_block,linear,minirocket,minirocket,1,1,False,1.0,1.0,0.0
Plane,5,0.15,144,21,0.14583333333333334,point,linear_block,linear,dtw,minirocket,2,1,True,0.6831632653061225,0.9732142857142857,0.2900510204081632
Plane,5,0.15,144,21,0.14583333333333334,linear_block,point,linear,minirocket,dtw|minirocket,1,2,False,1.0,1.0,0.0
Plane,5,0.15,144,21,0.14583333333333334,linear_block,linear_block,linear,minirocket,minirocket,1,1,False,0.9732142857142857,0.9732142857142857,0.0
Plane,5,0.2,144,28,0.19444444444444445,point,linear_block,linear,minirocket,minirocket,2,1,False,0.8375450180072029,0.8375450180072029,0.0
Plane,5,0.2,144,28,0.19444444444444445,linear_block,point,linear,minirocket,dtw|minirocket,1,2,False,1.0,1.0,0.0
Plane,5,0.2,144,28,0.19444444444444445,linear_block,linear_block,linear,minirocket,minirocket,1,1,False,0.8375450180072029,0.8375450180072029,0.0
Plane,5,0.25,144,36,0.25,point,linear_block,linear,minirocket,stat_rf,2,1,True,0.687249899959984,0.7499149659863945,0.06266506602641053
Plane,5,0.25,144,36,0.25,linear_block,point,linear,stat_rf,minirocket,1,1,True,0.9175170068027211,1.0,0.08248299319727892
Plane,5,0.25,144,36,0.25,linear_block,linear_block,linear,stat_rf,stat_rf,1,1,False,0.7499149659863945,0.7499149659863945,0.0
Plane,5,0.3,144,43,0.2986111111111111,point,linear_block,linear,dtw,stat_rf,2,1,True,0.3436574629851941,0.7117346938775511,0.36807723089235694
Plane,5,0.3,144,43,0.2986111111111111,linear_block,point,linear,minirocket,minirocket,1,1,False,1.0,1.0,0.0
Plane,5,0.3,144,43,0.2986111111111111,linear_block,linear_block,linear,minirocket,stat_rf,1,1,True,0.5142356942777111,0.7117346938775511,0.19749899959983996
ProximalPhalanxOutlineCorrect,1,0.05,80,4,0.05,point,linear_block,linear,minirocket,minirocket,1,1,False,0.8565381254096569,0.8565381254096569,0.0
ProximalPhalanxOutlineCorrect,1,0.05,80,4,0.05,linear_block,point,linear,minirocket,minirocket,1,1,False,0.8686912824994538,0.8686912824994538,0.0
ProximalPhalanxOutlineCorrect,1,0.05,80,4,0.05,linear_block,linear_block,linear,minirocket,minirocket,1,1,False,0.8565381254096569,0.8565381254096569,0.0
ProximalPhalanxOutlineCorrect,1,0.1,80,8,0.1,point,linear_block,linear,minirocket,minirocket,1,1,False,0.7492626174350011,0.7492626174350011,0.0
ProximalPhalanxOutlineCorrect,1,0.1,80,8,0.1,linear_block,point,linear,stat_rf,minirocket,1,1,True,0.7503004151190735,0.8699202534411186,0.11961983832204504
ProximalPhalanxOutlineCorrect,1,0.1,80,8,0.1,linear_block,linear_block,linear,stat_rf,minirocket,1,1,True,0.7432270045881582,0.7492626174350011,0.006035612846842953
ProximalPhalanxOutlineCorrect,1,0.15,80,12,0.15,point,linear_block,linear,minirocket,stat_rf,1,1,True,0.6457832641468211,0.7147148787415338,0.06893161459471275
ProximalPhalanxOutlineCorrect,1,0.15,80,12,0.15,linear_block,point,linear,stat_rf,minirocket,1,1,True,0.7461492243827834,0.8268516495521083,0.08070242516932491
ProximalPhalanxOutlineCorrect,1,0.15,80,12,0.15,linear_block,linear_block,linear,stat_rf,stat_rf,1,1,False,0.7147148787415338,0.7147148787415338,0.0
ProximalPhalanxOutlineCorrect,1,0.2,80,16,0.2,point,linear_block,linear,minirocket,stat_rf,1,1,True,0.6139392615250164,0.7418341708542713,0.12789490932925485
ProximalPhalanxOutlineCorrect,1,0.2,80,16,0.2,linear_block,point,linear,stat_rf,minirocket,1,1,True,0.7649115140922,0.8736617871968538,0.1087502731046538
ProximalPhalanxOutlineCorrect,1,0.2,80,16,0.2,linear_block,linear_block,linear,stat_rf,stat_rf,1,1,False,0.7418341708542713,0.7418341708542713,0.0
ProximalPhalanxOutlineCorrect,1,0.25,80,20,0.25,point,linear_block,linear,minirocket,stat_rf,1,1,True,0.5729189425387808,0.6957887262398952,0.12286978370111434
ProximalPhalanxOutlineCorrect,1,0.25,80,20,0.25,linear_block,point,linear,stat_rf,minirocket,1,1,True,0.7791129560847716,0.8255134367489623,0.04640048066419067
ProximalPhalanxOutlineCorrect,1,0.25,80,20,0.25,linear_block,linear_block,linear,stat_rf,stat_rf,1,1,False,0.6957887262398952,0.6957887262398952,0.0
ProximalPhalanxOutlineCorrect,1,0.3,80,24,0.3,point,linear_block,linear,minirocket,stat_rf,1,1,True,0.5569696307625082,0.6718920690408565,0.11492243827834836
ProximalPhalanxOutlineCorrect,1,0.3,80,24,0.3,linear_block,point,linear,stat_rf,minirocket,1,1,True,0.7213786322918943,0.7873607166266112,0.06598208433471697
ProximalPhalanxOutlineCorrect,1,0.3,80,24,0.3,linear_block,linear_block,linear,stat_rf,stat_rf,1,1,False,0.6718920690408565,0.6718920690408565,0.0
ProximalPhalanxOutlineCorrect,2,0.05,80,4,0.05,point,linear_block,linear,minirocket,minirocket,1,1,False,0.8314671181996942,0.8314671181996942,0.0
ProximalPhalanxOutlineCorrect,2,0.05,80,4,0.05,linear_block,point,linear,minirocket,minirocket,1,1,False,0.8432106183089361,0.8432106183089361,0.0
ProximalPhalanxOutlineCorrect,2,0.05,80,4,0.05,linear_block,linear_block,linear,minirocket,minirocket,1,1,False,0.8314671181996942,0.8314671181996942,0.0
ProximalPhalanxOutlineCorrect,2,0.1,80,8,0.1,point,linear_block,linear,minirocket,minirocket,1,1,False,0.810847716845095,0.810847716845095,0.0
ProximalPhalanxOutlineCorrect,2,0.1,80,8,0.1,linear_block,point,linear,minirocket,minirocket,1,1,False,0.8385951496613502,0.8385951496613502,0.0
ProximalPhalanxOutlineCorrect,2,0.1,80,8,0.1,linear_block,linear_block,linear,minirocket,minirocket,1,1,False,0.810847716845095,0.810847716845095,0.0
ProximalPhalanxOutlineCorrect,2,0.15,80,12,0.15,point,linear_block,linear,minirocket,minirocket,1,1,False,0.7462857767096351,0.7462857767096351,0.0
ProximalPhalanxOutlineCorrect,2,0.15,80,12,0.15,linear_block,point,linear,stat_rf,minirocket,1,1,True,0.7172820624863447,0.8390048066419051,0.12172274415556039
ProximalPhalanxOutlineCorrect,2,0.15,80,12,0.15,linear_block,linear_block,linear,stat_rf,minirocket,1,1,True,0.736508630107057,0.7462857767096351,0.009777146602578113
ProximalPhalanxOutlineCorrect,2,0.2,80,16,0.2,point,linear_block,linear,minirocket,stat_rf,1,1,True,0.6478861699803364,0.7293259777146603,0.08143980773432391
ProximalPhalanxOutlineCorrect,2,0.2,80,16,0.2,linear_block,point,linear,stat_rf,minirocket,1,1,True,0.7339960672929866,0.8460782171728207,0.11208214987983411
ProximalPhalanxOutlineCorrect,2,0.2,80,16,0.2,linear_block,linear_block,linear,stat_rf,stat_rf,1,1,False,0.7293259777146603,0.7293259777146603,0.0
ProximalPhalanxOutlineCorrect,2,0.25,80,20,0.25,point,linear_block,linear,stat_rf,stat_rf,1,1,False,0.7217882892724492,0.7217882892724492,0.0
ProximalPhalanxOutlineCorrect,2,0.25,80,20,0.25,linear_block,point,linear,stat_rf,minirocket,1,1,True,0.7435820406379725,0.8477168450950404,0.10413480445706791
ProximalPhalanxOutlineCorrect,2,0.25,80,20,0.25,linear_block,linear_block,linear,stat_rf,stat_rf,1,1,False,0.7217882892724492,0.7217882892724492,0.0
ProximalPhalanxOutlineCorrect,2,0.3,80,24,0.3,point,linear_block,linear,minirocket,stat_rf,1,1,True,0.552818440026218,0.7527037360716626,0.19988529604544458
ProximalPhalanxOutlineCorrect,2,0.3,80,24,0.3,linear_block,point,linear,stat_rf,minirocket,1,1,True,0.7435274197072318,0.8292549705046974,0.08572755079746563
ProximalPhalanxOutlineCorrect,2,0.3,80,24,0.3,linear_block,linear_block,linear,stat_rf,stat_rf,1,1,False,0.7527037360716626,0.7527037360716626,0.0
ProximalPhalanxOutlineCorrect,3,0.05,80,4,0.05,point,linear_block,linear,minirocket,minirocket,1,1,False,0.8356183089359843,0.8356183089359843,0.0
ProximalPhalanxOutlineCorrect,3,0.05,80,4,0.05,linear_block,point,linear,minirocket,minirocket,1,1,False,0.8762289709416649,0.8762289709416649,0.0
ProximalPhalanxOutlineCorrect,3,0.05,80,4,0.05,linear_block,linear_block,linear,minirocket,minirocket,1,1,False,0.8356183089359843,0.8356183089359843,0.0
ProximalPhalanxOutlineCorrect,3,0.1,80,8,0.1,point,linear_block,linear,minirocket,minirocket,1,1,False,0.7869510596460564,0.7869510596460564,0.0
ProximalPhalanxOutlineCorrect,3,0.1,80,8,0.1,linear_block,point,linear,stat_rf,minirocket,1,1,True,0.7921400480664191,0.864485470832423,0.07234542276600386
ProximalPhalanxOutlineCorrect,3,0.1,80,8,0.1,linear_block,linear_block,linear,stat_rf,minirocket,1,1,True,0.7055931833078435,0.7869510596460564,0.0813578763382129
ProximalPhalanxOutlineCorrect,3,0.15,80,12,0.15,point,linear_block,linear,minirocket,minirocket,1,1,False,0.6943958925060083,0.6943958925060083,0.0
ProximalPhalanxOutlineCorrect,3,0.15,80,12,0.15,linear_block,point,linear,stat_rf,minirocket,1,1,True,0.7850120166047629,0.849000436967446,0.06398842036268304
ProximalPhalanxOutlineCorrect,3,0.15,80,12,0.15,linear_block,linear_block,linear,stat_rf,minirocket,1,1,True,0.6800578981865851,0.6943958925060083,0.014337994319423175
ProximalPhalanxOutlineCorrect,3,0.2,80,16,0.2,point,linear_block,linear,minirocket,minirocket,1,1,False,0.6587557351977278,0.6587557351977278,0.0
ProximalPhalanxOutlineCorrect,3,0.2,80,16,0.2,linear_block,point,linear,stat_rf,minirocket,1,1,True,0.7578381035612847,0.8477168450950404,0.08987874153375575
ProximalPhalanxOutlineCorrect,3,0.2,80,16,0.2,linear_block,linear_block,linear,stat_rf,minirocket,1,1,True,0.6486235525453354,0.6587557351977278,0.010132182652392352
ProximalPhalanxOutlineCorrect,3,0.25,80,20,0.25,point,linear_block,linear,minirocket,minirocket,1,1,False,0.6369619838322045,0.6369619838322045,0.0
ProximalPhalanxOutlineCorrect,3,0.25,80,20,0.25,linear_block,point,linear,stat_rf,minirocket,1,1,True,0.7674240769062705,0.8208979681013764,0.05347389119510593
ProximalPhalanxOutlineCorrect,3,0.25,80,20,0.25,linear_block,linear_block,linear,stat_rf,minirocket,1,1,True,0.6314452698273978,0.6369619838322045,0.005516714004806689
ProximalPhalanxOutlineCorrect,3,0.3,80,24,0.3,point,linear_block,linear,minirocket,stat_rf,1,1,True,0.5750218483722963,0.628058772121477,0.053036923749180676
ProximalPhalanxOutlineCorrect,3,0.3,80,24,0.3,linear_block,point,linear,stat_rf,minirocket,1,1,True,0.7657308280533099,0.835099410093948,0.069368582040638
ProximalPhalanxOutlineCorrect,3,0.3,80,24,0.3,linear_block,linear_block,linear,stat_rf,stat_rf,1,1,False,0.628058772121477,0.628058772121477,0.0
ProximalPhalanxOutlineCorrect,4,0.05,80,4,0.05,point,linear_block,linear,minirocket,minirocket,1,1,False,0.8373115577889447,0.8373115577889447,0.0
ProximalPhalanxOutlineCorrect,4,0.05,80,4,0.05,linear_block,point,linear,minirocket,minirocket,1,1,False,0.8406980554948656,0.8406980554948656,0.0
ProximalPhalanxOutlineCorrect,4,0.05,80,4,0.05,linear_block,linear_block,linear,minirocket,minirocket,1,1,False,0.8373115577889447,0.8373115577889447,0.0
ProximalPhalanxOutlineCorrect,4,0.1,80,8,0.1,point,linear_block,linear,minirocket,minirocket,1,1,False,0.7727496176534848,0.7727496176534848,0.0
ProximalPhalanxOutlineCorrect,4,0.1,80,8,0.1,linear_block,point,linear,minirocket,minirocket,1,1,False,0.8490550578981866,0.8490550578981866,0.0
ProximalPhalanxOutlineCorrect,4,0.1,80,8,0.1,linear_block,linear_block,linear,minirocket,minirocket,1,1,False,0.7727496176534848,0.7727496176534848,0.0
ProximalPhalanxOutlineCorrect,4,0.15,80,12,0.15,point,linear_block,linear,minirocket,stat_rf,1,1,True,0.6772176097880708,0.7076414682106182,0.030423858422547467
ProximalPhalanxOutlineCorrect,4,0.15,80,12,0.15,linear_block,point,linear,stat_rf,minirocket,1,1,True,0.7545062267861045,0.8456685601922657,0.0911623334061612
ProximalPhalanxOutlineCorrect,4,0.15,80,12,0.15,linear_block,linear_block,linear,stat_rf,stat_rf,1,1,False,0.7076414682106182,0.7076414682106182,0.0
ProximalPhalanxOutlineCorrect,4,0.2,80,16,0.2,point,linear_block,linear,minirocket,stat_rf,1,1,True,0.5917904741096789,0.718046755516714,0.12625628140703515
ProximalPhalanxOutlineCorrect,4,0.2,80,16,0.2,linear_block,point,linear,stat_rf,minirocket,1,1,True,0.6975912169543369,0.8736617871968538,0.17607057024251693
ProximalPhalanxOutlineCorrect,4,0.2,80,16,0.2,linear_block,linear_block,linear,stat_rf,stat_rf,1,1,False,0.718046755516714,0.718046755516714,0.0
ProximalPhalanxOutlineCorrect,4,0.25,80,20,0.25,point,linear_block,linear,minirocket,stat_rf,1,1,True,0.580456630980992,0.7096351321826524,0.1291785012016604
ProximalPhalanxOutlineCorrect,4,0.25,80,20,0.25,linear_block,point,linear,stat_rf,minirocket,1,1,True,0.7724492025344112,0.854380598645401,0.08193139611098976
ProximalPhalanxOutlineCorrect,4,0.25,80,20,0.25,linear_block,linear_block,linear,stat_rf,stat_rf,1,1,False,0.7096351321826524,0.7096351321826524,0.0
ProximalPhalanxOutlineCorrect,4,0.3,80,24,0.3,point,linear_block,linear,minirocket,stat_rf,1,1,True,0.5477933143980773,0.7087611972908019,0.16096788289272457
ProximalPhalanxOutlineCorrect,4,0.3,80,24,0.3,linear_block,point,linear,stat_rf,minirocket,1,1,True,0.7192757264583789,0.7991042167358532,0.0798284902774743
ProximalPhalanxOutlineCorrect,4,0.3,80,24,0.3,linear_block,linear_block,linear,stat_rf,stat_rf,1,1,False,0.7087611972908019,0.7087611972908019,0.0
ProximalPhalanxOutlineCorrect,5,0.05,80,4,0.05,point,linear_block,linear,minirocket,minirocket,1,1,False,0.8406434345641249,0.8406434345641249,0.0
ProximalPhalanxOutlineCorrect,5,0.05,80,4,0.05,linear_block,point,linear,minirocket,minirocket,1,1,False,0.8707941883329692,0.8707941883329692,0.0
ProximalPhalanxOutlineCorrect,5,0.05,80,4,0.05,linear_block,linear_block,linear,minirocket,minirocket,1,1,False,0.8406434345641249,0.8406434345641249,0.0
ProximalPhalanxOutlineCorrect,5,0.1,80,8,0.1,point,linear_block,linear,minirocket,minirocket,1,1,False,0.7342418614813196,0.7342418614813196,0.0
ProximalPhalanxOutlineCorrect,5,0.1,80,8,0.1,linear_block,point,linear,minirocket,minirocket,1,1,False,0.8762289709416649,0.8762289709416649,0.0
ProximalPhalanxOutlineCorrect,5,0.1,80,8,0.1,linear_block,linear_block,linear,minirocket,minirocket,1,1,False,0.7342418614813196,0.7342418614813196,0.0
ProximalPhalanxOutlineCorrect,5,0.15,80,12,0.15,point,linear_block,linear,minirocket,stat_rf,1,1,True,0.6186093511033428,0.696362246012672,0.07775289490932924
ProximalPhalanxOutlineCorrect,5,0.15,80,12,0.15,linear_block,point,linear,minirocket,minirocket,1,1,False,0.8477714660257811,0.8477714660257811,0.0
ProximalPhalanxOutlineCorrect,5,0.15,80,12,0.15,linear_block,linear_block,linear,minirocket,stat_rf,1,1,True,0.6186093511033428,0.696362246012672,0.07775289490932924
ProximalPhalanxOutlineCorrect,5,0.2,80,16,0.2,point,linear_block,linear,minirocket,stat_rf,1,1,True,0.5595368145073192,0.6795936202752895,0.12005680576797029
ProximalPhalanxOutlineCorrect,5,0.2,80,16,0.2,linear_block,point,linear,stat_rf,minirocket,1,1,True,0.7406598208433472,0.8443849683198602,0.10372514747651296
ProximalPhalanxOutlineCorrect,5,0.2,80,16,0.2,linear_block,linear_block,linear,stat_rf,stat_rf,1,1,False,0.6795936202752895,0.6795936202752895,0.0
ProximalPhalanxOutlineCorrect,5,0.25,80,20,0.25,point,linear_block,linear,minirocket,stat_rf,1,1,True,0.5251802490714442,0.7050742844658073,0.1798940353943631
ProximalPhalanxOutlineCorrect,5,0.25,80,20,0.25,linear_block,point,linear,stat_rf,minirocket,1,1,True,0.7607057024251693,0.8192593401791566,0.05855363775398725
ProximalPhalanxOutlineCorrect,5,0.25,80,20,0.25,linear_block,linear_block,linear,stat_rf,stat_rf,1,1,False,0.7050742844658073,0.7050742844658073,0.0
ProximalPhalanxOutlineCorrect,5,0.3,80,24,0.3,point,linear_block,linear,minirocket,stat_rf,1,1,True,0.5021575267642561,0.6812322481975093,0.1790747214332532
ProximalPhalanxOutlineCorrect,5,0.3,80,24,0.3,linear_block,point,linear,stat_rf,minirocket,1,1,True,0.7799322700458816,0.8284356565435875,0.048503386497705914
ProximalPhalanxOutlineCorrect,5,0.3,80,24,0.3,linear_block,linear_block,linear,stat_rf,stat_rf,1,1,False,0.6812322481975093,0.6812322481975093,0.0
ProximalPhalanxOutlineAgeGroup,1,0.05,80,4,0.05,point,linear_block,linear,minirocket,minirocket,1,1,False,0.7832620320855616,0.7832620320855616,0.0
ProximalPhalanxOutlineAgeGroup,1,0.05,80,4,0.05,linear_block,point,linear,minirocket,minirocket,1,1,False,0.8066577540106952,0.8066577540106952,0.0
ProximalPhalanxOutlineAgeGroup,1,0.05,80,4,0.05,linear_block,linear_block,linear,minirocket,minirocket,1,1,False,0.7832620320855616,0.7832620320855616,0.0
ProximalPhalanxOutlineAgeGroup,1,0.1,80,8,0.1,point,linear_block,linear,stat_rf,stat_rf,1,1,False,0.7752317290552585,0.7752317290552585,0.0
ProximalPhalanxOutlineAgeGroup,1,0.1,80,8,0.1,linear_block,point,linear,minirocket,minirocket,1,1,False,0.775686274509804,0.775686274509804,0.0
ProximalPhalanxOutlineAgeGroup,1,0.1,80,8,0.1,linear_block,linear_block,linear,minirocket,stat_rf,1,1,True,0.764144385026738,0.7752317290552585,0.011087344028520518
ProximalPhalanxOutlineAgeGroup,1,0.15,80,12,0.15,point,linear_block,linear,stat_rf,stat_rf,2,1,False,0.7475935828877006,0.7475935828877006,0.0
ProximalPhalanxOutlineAgeGroup,1,0.15,80,12,0.15,linear_block,point,linear,stat_rf,minirocket,1,1,True,0.7168627450980393,0.79150623885918,0.07464349376114077
ProximalPhalanxOutlineAgeGroup,1,0.15,80,12,0.15,linear_block,linear_block,linear,stat_rf,stat_rf,1,1,False,0.7475935828877006,0.7475935828877006,0.0
ProximalPhalanxOutlineAgeGroup,1,0.2,80,16,0.2,point,linear_block,linear,minirocket,stat_rf,1,1,True,0.5771122994652407,0.7623262032085562,0.18521390374331548
ProximalPhalanxOutlineAgeGroup,1,0.2,80,16,0.2,linear_block,point,linear,stat_rf,minirocket,1,1,True,0.7315597147950088,0.7877183600713012,0.05615864527629244
ProximalPhalanxOutlineAgeGroup,1,0.2,80,16,0.2,linear_block,linear_block,linear,stat_rf,stat_rf,1,1,False,0.7623262032085562,0.7623262032085562,0.0
ProximalPhalanxOutlineAgeGroup,1,0.25,80,20,0.25,point,linear_block,linear,stat_rf,stat_rf,1,1,False,0.7146880570409982,0.7146880570409982,0.0
ProximalPhalanxOutlineAgeGroup,1,0.25,80,20,0.25,linear_block,point,linear,stat_rf,minirocket,1,1,True,0.7877183600713012,0.79150623885918,0.0037878787878787845
ProximalPhalanxOutlineAgeGroup,1,0.25,80,20,0.25,linear_block,linear_block,linear,stat_rf,stat_rf,1,1,False,0.7146880570409982,0.7146880570409982,0.0
ProximalPhalanxOutlineAgeGroup,1,0.3,80,24,0.3,point,linear_block,linear,minirocket,dtw,1,1,True,0.4762299465240642,0.6097504456327986,0.13352049910873437
ProximalPhalanxOutlineAgeGroup,1,0.3,80,24,0.3,linear_block,point,linear,stat_rf,minirocket,1,1,True,0.7529590017825312,0.7930837789661319,0.040124777183600746
ProximalPhalanxOutlineAgeGroup,1,0.3,80,24,0.3,linear_block,linear_block,linear,stat_rf,dtw,1,1,True,0.6085918003565062,0.6097504456327986,0.0011586452762923916
ProximalPhalanxOutlineAgeGroup,2,0.05,80,4,0.05,point,linear_block,linear,stat_rf,minirocket,1,1,True,0.7353475935828877,0.775686274509804,0.04033868092691628
ProximalPhalanxOutlineAgeGroup,2,0.05,80,4,0.05,linear_block,point,linear,stat_rf,minirocket,1,1,True,0.7478342245989306,0.7674420677361854,0.019607843137254832
ProximalPhalanxOutlineAgeGroup,2,0.05,80,4,0.05,linear_block,linear_block,linear,stat_rf,minirocket,1,1,True,0.7353475935828877,0.775686274509804,0.04033868092691628
ProximalPhalanxOutlineAgeGroup,2,0.1,80,8,0.1,point,linear_block,linear,stat_rf,stat_rf,1,1,False,0.7518360071301248,0.7518360071301248,0.0
ProximalPhalanxOutlineAgeGroup,2,0.1,80,8,0.1,linear_block,point,linear,dtw,minirocket,1,1,True,0.7021657754010695,0.7674420677361854,0.06527629233511589
ProximalPhalanxOutlineAgeGroup,2,0.1,80,8,0.1,linear_block,linear_block,linear,dtw,stat_rf,1,1,True,0.6816844919786096,0.7518360071301248,0.07015151515151519
ProximalPhalanxOutlineAgeGroup,2,0.15,80,12,0.15,point,linear_block,linear,stat_rf,dtw,1,1,True,0.7095008912655971,0.737174688057041,0.027673796791443883
ProximalPhalanxOutlineAgeGroup,2,0.15,80,12,0.15,linear_block,point,linear,stat_rf,minirocket,1,1,True,0.7360160427807486,0.7681105169340464,0.0320944741532978
ProximalPhalanxOutlineAgeGroup,2,0.15,80,12,0.15,linear_block,linear_block,linear,stat_rf,dtw,1,1,True,0.7095008912655971,0.737174688057041,0.027673796791443883
ProximalPhalanxOutlineAgeGroup,2,0.2,80,16,0.2,point,linear_block,linear,stat_rf,stat_rf,1,1,False,0.6977450980392157,0.6977450980392157,0.0
ProximalPhalanxOutlineAgeGroup,2,0.2,80,16,0.2,linear_block,point,linear,stat_rf,stat_rf,1,1,False,0.7562923351158645,0.7562923351158645,0.0
ProximalPhalanxOutlineAgeGroup,2,0.2,80,16,0.2,linear_block,linear_block,linear,stat_rf,stat_rf,1,1,False,0.6977450980392157,0.6977450980392157,0.0
ProximalPhalanxOutlineAgeGroup,2,0.25,80,20,0.25,point,linear_block,linear,stat_rf,stat_rf,1,1,False,0.6906238859180035,0.6906238859180035,0.0
ProximalPhalanxOutlineAgeGroup,2,0.25,80,20,0.25,linear_block,point,linear,stat_rf,minirocket,1,1,True,0.7721122994652406,0.7839304812834226,0.01181818181818195
ProximalPhalanxOutlineAgeGroup,2,0.25,80,20,0.25,linear_block,linear_block,linear,stat_rf,stat_rf,1,1,False,0.6906238859180035,0.6906238859180035,0.0
ProximalPhalanxOutlineAgeGroup,2,0.3,80,24,0.3,point,linear_block,linear,minirocket,stat_rf,1,1,True,0.499349376114082,0.693475935828877,0.19412655971479503
ProximalPhalanxOutlineAgeGroup,2,0.3,80,24,0.3,linear_block,point,linear,stat_rf,stat_rf,1,1,False,0.7612032085561498,0.7612032085561498,0.0
ProximalPhalanxOutlineAgeGroup,2,0.3,80,24,0.3,linear_block,linear_block,linear,stat_rf,stat_rf,1,1,False,0.693475935828877,0.693475935828877,0.0
ProximalPhalanxOutlineAgeGroup,3,0.05,80,4,0.05,point,linear_block,linear,stat_rf,minirocket,1,1,True,0.755409982174688,0.7788057040998217,0.023395721925133728
ProximalPhalanxOutlineAgeGroup,3,0.05,80,4,0.05,linear_block,point,linear,stat_rf,minirocket,1,1,True,0.755409982174688,0.775017825311943,0.019607843137254943
ProximalPhalanxOutlineAgeGroup,3,0.05,80,4,0.05,linear_block,linear_block,linear,stat_rf,minirocket,1,1,True,0.755409982174688,0.7788057040998217,0.023395721925133728
ProximalPhalanxOutlineAgeGroup,3,0.1,80,8,0.1,point,linear_block,linear,stat_rf,stat_rf,1,1,False,0.7908377896613191,0.7908377896613191,0.0
ProximalPhalanxOutlineAgeGroup,3,0.1,80,8,0.1,linear_block,point,linear,stat_rf,minirocket,1,1,True,0.7674420677361854,0.7788057040998217,0.011363636363636354
ProximalPhalanxOutlineAgeGroup,3,0.1,80,8,0.1,linear_block,linear_block,linear,stat_rf,stat_rf,1,1,False,0.7908377896613191,0.7908377896613191,0.0
ProximalPhalanxOutlineAgeGroup,3,0.15,80,12,0.15,point,linear_block,linear,stat_rf,stat_rf,1,1,False,0.7529590017825312,0.7529590017825312,0.0
ProximalPhalanxOutlineAgeGroup,3,0.15,80,12,0.15,linear_block,point,linear,stat_rf,minirocket,1,1,True,0.7865953654188949,0.7984135472370767,0.011818181818181839
ProximalPhalanxOutlineAgeGroup,3,0.15,80,12,0.15,linear_block,linear_block,linear,stat_rf,stat_rf,1,1,False,0.7529590017825312,0.7529590017825312,0.0
ProximalPhalanxOutlineAgeGroup,3,0.2,80,16,0.2,point,linear_block,linear,stat_rf,stat_rf,1,1,False,0.7602941176470589,0.7602941176470589,0.0
ProximalPhalanxOutlineAgeGroup,3,0.2,80,16,0.2,linear_block,point,linear,stat_rf,minirocket,1,1,True,0.7485026737967915,0.8104456327985741,0.061942959001782594
ProximalPhalanxOutlineAgeGroup,3,0.2,80,16,0.2,linear_block,linear_block,linear,stat_rf,stat_rf,1,1,False,0.7602941176470589,0.7602941176470589,0.0
ProximalPhalanxOutlineAgeGroup,3,0.25,80,20,0.25,point,linear_block,linear,stat_rf,stat_rf,1,1,False,0.7538413547237076,0.7538413547237076,0.0
ProximalPhalanxOutlineAgeGroup,3,0.25,80,20,0.25,linear_block,point,linear,stat_rf,minirocket,1,1,True,0.8028698752228164,0.8099910873440285,0.007121212121212084
ProximalPhalanxOutlineAgeGroup,3,0.25,80,20,0.25,linear_block,linear_block,linear,stat_rf,stat_rf,1,1,False,0.7538413547237076,0.7538413547237076,0.0
ProximalPhalanxOutlineAgeGroup,3,0.3,80,24,0.3,point,linear_block,linear,minirocket,stat_rf,1,1,True,0.5428966131907309,0.7121746880570411,0.1692780748663102
ProximalPhalanxOutlineAgeGroup,3,0.3,80,24,0.3,linear_block,point,linear,stat_rf,stat_rf,1,1,False,0.7801426024955438,0.7801426024955438,0.0
ProximalPhalanxOutlineAgeGroup,3,0.3,80,24,0.3,linear_block,linear_block,linear,stat_rf,stat_rf,1,1,False,0.7121746880570411,0.7121746880570411,0.0
ProximalPhalanxOutlineAgeGroup,4,0.05,80,4,0.05,point,linear_block,linear,stat_rf,minirocket,1,1,True,0.7473796791443851,0.7516221033868092,0.004242424242424159
ProximalPhalanxOutlineAgeGroup,4,0.05,80,4,0.05,linear_block,point,linear,minirocket,minirocket,1,1,False,0.7591978609625669,0.7591978609625669,0.0
ProximalPhalanxOutlineAgeGroup,4,0.05,80,4,0.05,linear_block,linear_block,linear,minirocket,minirocket,1,1,False,0.7516221033868092,0.7516221033868092,0.0
ProximalPhalanxOutlineAgeGroup,4,0.1,80,8,0.1,point,linear_block,linear,minirocket,stat_rf,1,1,True,0.6985918003565063,0.7404723707664885,0.041880570409982276
ProximalPhalanxOutlineAgeGroup,4,0.1,80,8,0.1,linear_block,point,linear,stat_rf,stat_rf,1,1,False,0.7908377896613191,0.7908377896613191,0.0
ProximalPhalanxOutlineAgeGroup,4,0.1,80,8,0.1,linear_block,linear_block,linear,stat_rf,stat_rf,1,1,False,0.7404723707664885,0.7404723707664885,0.0
ProximalPhalanxOutlineAgeGroup,4,0.15,80,12,0.15,point,linear_block,linear,minirocket,stat_rf,1,1,True,0.5921033868092692,0.713048128342246,0.12094474153297674
ProximalPhalanxOutlineAgeGroup,4,0.15,80,12,0.15,linear_block,point,linear,stat_rf,minirocket,1,1,True,0.755409982174688,0.7832620320855616,0.027852049910873533
ProximalPhalanxOutlineAgeGroup,4,0.15,80,12,0.15,linear_block,linear_block,linear,stat_rf,stat_rf,1,1,False,0.713048128342246,0.713048128342246,0.0
ProximalPhalanxOutlineAgeGroup,4,0.2,80,16,0.2,point,linear_block,linear,stat_rf,stat_rf,1,1,False,0.6785650623885918,0.6785650623885918,0.0
ProximalPhalanxOutlineAgeGroup,4,0.2,80,16,0.2,linear_block,point,linear,stat_rf,minirocket,1,1,True,0.7402584670231729,0.7712299465240643,0.030971479500891408
ProximalPhalanxOutlineAgeGroup,4,0.2,80,16,0.2,linear_block,linear_block,linear,stat_rf,stat_rf,1,1,False,0.6785650623885918,0.6785650623885918,0.0
ProximalPhalanxOutlineAgeGroup,4,0.25,80,20,0.25,point,linear_block,linear,minirocket,stat_rf,1,1,True,0.5049732620320856,0.6419875222816399,0.13701426024955432
ProximalPhalanxOutlineAgeGroup,4,0.25,80,20,0.25,linear_block,point,linear,stat_rf,minirocket,1,1,True,0.7284402852049912,0.7440463458110518,0.015606060606060623
ProximalPhalanxOutlineAgeGroup,4,0.25,80,20,0.25,linear_block,linear_block,linear,stat_rf,stat_rf,1,1,False,0.6419875222816399,0.6419875222816399,0.0
ProximalPhalanxOutlineAgeGroup,4,0.3,80,24,0.3,point,linear_block,linear,minirocket,stat_rf,1,1,True,0.5001247771836007,0.5980748663101604,0.09795008912655967
ProximalPhalanxOutlineAgeGroup,4,0.3,80,24,0.3,linear_block,point,linear,stat_rf,minirocket,1,1,True,0.740926916221034,0.7685650623885918,0.027638146167557776
ProximalPhalanxOutlineAgeGroup,4,0.3,80,24,0.3,linear_block,linear_block,linear,stat_rf,stat_rf,1,1,False,0.5980748663101604,0.5980748663101604,0.0
ProximalPhalanxOutlineAgeGroup,5,0.05,80,4,0.05,point,linear_block,linear,minirocket,minirocket,1,1,False,0.7832620320855616,0.7832620320855616,0.0
ProximalPhalanxOutlineAgeGroup,5,0.05,80,4,0.05,linear_block,point,linear,stat_rf,stat_rf,1,1,False,0.7870499108734403,0.7870499108734403,0.0
ProximalPhalanxOutlineAgeGroup,5,0.05,80,4,0.05,linear_block,linear_block,linear,stat_rf,minirocket,1,1,True,0.7636541889483066,0.7832620320855616,0.019607843137254943
ProximalPhalanxOutlineAgeGroup,5,0.1,80,8,0.1,point,linear_block,linear,stat_rf,minirocket,1,1,True,0.775686274509804,0.7852941176470588,0.009607843137254823
ProximalPhalanxOutlineAgeGroup,5,0.1,80,8,0.1,linear_block,point,linear,stat_rf,stat_rf,1,1,False,0.7908377896613191,0.7908377896613191,0.0
ProximalPhalanxOutlineAgeGroup,5,0.1,80,8,0.1,linear_block,linear_block,linear,stat_rf,minirocket,1,1,True,0.775686274509804,0.7852941176470588,0.009607843137254823
ProximalPhalanxOutlineAgeGroup,5,0.15,80,12,0.15,point,linear_block,linear,stat_rf,stat_rf,1,1,False,0.7941711229946523,0.7941711229946523,0.0
ProximalPhalanxOutlineAgeGroup,5,0.15,80,12,0.15,linear_block,point,linear,stat_rf,minirocket,1,1,True,0.7794741532976827,0.79150623885918,0.012032085561497374
ProximalPhalanxOutlineAgeGroup,5,0.15,80,12,0.15,linear_block,linear_block,linear,stat_rf,stat_rf,1,1,False,0.7941711229946523,0.7941711229946523,0.0
ProximalPhalanxOutlineAgeGroup,5,0.2,80,16,0.2,point,linear_block,linear,minirocket,stat_rf,1,1,True,0.617415329768271,0.77150623885918,0.15409090909090906
ProximalPhalanxOutlineAgeGroup,5,0.2,80,16,0.2,linear_block,point,linear,stat_rf,minirocket,1,1,True,0.7636541889483066,0.775686274509804,0.012032085561497374
ProximalPhalanxOutlineAgeGroup,5,0.2,80,16,0.2,linear_block,linear_block,linear,stat_rf,stat_rf,1,1,False,0.77150623885918,0.77150623885918,0.0
ProximalPhalanxOutlineAgeGroup,5,0.25,80,20,0.25,point,linear_block,linear,minirocket,stat_rf,1,1,True,0.5775311942959002,0.7570231729055258,0.17949197860962562
ProximalPhalanxOutlineAgeGroup,5,0.25,80,20,0.25,linear_block,point,linear,stat_rf,minirocket,1,1,True,0.7491711229946524,0.7567468805704101,0.00757575757575768
ProximalPhalanxOutlineAgeGroup,5,0.25,80,20,0.25,linear_block,linear_block,linear,stat_rf,stat_rf,1,1,False,0.7570231729055258,0.7570231729055258,0.0
ProximalPhalanxOutlineAgeGroup,5,0.3,80,24,0.3,point,linear_block,linear,minirocket,stat_rf,1,1,True,0.5266221033868091,0.6825935828877006,0.1559714795008914
ProximalPhalanxOutlineAgeGroup,5,0.3,80,24,0.3,linear_block,point,linear,stat_rf,stat_rf,1,1,False,0.8068716577540106,0.8068716577540106,0.0
ProximalPhalanxOutlineAgeGroup,5,0.3,80,24,0.3,linear_block,linear_block,linear,stat_rf,stat_rf,1,1,False,0.6825935828877006,0.6825935828877006,0.0
Mallat,1,0.05,1024,51,0.0498046875,point,linear_block,linear,dtw,minirocket,1,1,True,0.8731872167076147,0.9007198460755691,0.02753262936795442
Mallat,1,0.05,1024,51,0.0498046875,linear_block,point,linear,minirocket,dtw,1,1,True,0.9257908654394417,0.9305316038362735,0.004740738396831867
Mallat,1,0.05,1024,51,0.0498046875,linear_block,linear_block,linear,minirocket,minirocket,1,1,False,0.9007198460755691,0.9007198460755691,0.0
Mallat,1,0.1,1024,102,0.099609375,point,linear_block,linear,minirocket,minirocket,2,1,False,0.796751285962534,0.796751285962534,0.0
Mallat,1,0.1,1024,102,0.099609375,linear_block,point,linear,dtw,dtw,1,1,False,0.9284114604769164,0.9284114604769164,0.0
Mallat,1,0.1,1024,102,0.099609375,linear_block,linear_block,linear,dtw,minirocket,1,1,True,0.695480355683265,0.796751285962534,0.10127093027926892
Mallat,1,0.15,1024,153,0.1494140625,point,linear_block,linear,minirocket,minirocket,2,1,False,0.6641428545201724,0.6641428545201724,0.0
Mallat,1,0.15,1024,153,0.1494140625,linear_block,point,linear,minirocket,dtw,1,1,True,0.9266354985947172,0.9279791323357278,0.0013436337410106525
Mallat,1,0.15,1024,153,0.1494140625,linear_block,linear_block,linear,minirocket,minirocket,1,1,False,0.6641428545201724,0.6641428545201724,0.0
Mallat,1,0.2,1024,204,0.19921875,point,linear_block,linear,minirocket,minirocket,2,1,False,0.5488066389244168,0.5488066389244168,0.0
Mallat,1,0.2,1024,204,0.19921875,linear_block,point,linear,minirocket,dtw,1,1,True,0.9262160355074689,0.9292806977662396,0.0030646622587706673
Mallat,1,0.2,1024,204,0.19921875,linear_block,linear_block,linear,minirocket,minirocket,1,1,False,0.5488066389244168,0.5488066389244168,0.0
Mallat,1,0.25,1024,256,0.25,point,linear_block,linear,minirocket,minirocket,2,1,False,0.44019443633965927,0.44019443633965927,0.0
Mallat,1,0.25,1024,256,0.25,linear_block,point,linear,minirocket,minirocket,1,1,False,0.9262103285266899,0.9262103285266899,0.0
Mallat,1,0.25,1024,256,0.25,linear_block,linear_block,linear,minirocket,minirocket,1,1,False,0.44019443633965927,0.44019443633965927,0.0
Mallat,1,0.3,1024,307,0.2998046875,point,linear_block,linear,minirocket,minirocket,2,1,False,0.36420459679400086,0.36420459679400086,0.0
Mallat,1,0.3,1024,307,0.2998046875,linear_block,point,linear,minirocket,minirocket,1,1,False,0.9266354985947172,0.9266354985947172,0.0
Mallat,1,0.3,1024,307,0.2998046875,linear_block,linear_block,linear,minirocket,minirocket,1,1,False,0.36420459679400086,0.36420459679400086,0.0
Mallat,2,0.05,1024,51,0.0498046875,point,linear_block,linear,minirocket,minirocket,1,1,False,0.9233113530456184,0.9233113530456184,0.0
Mallat,2,0.05,1024,51,0.0498046875,linear_block,point,linear,minirocket,minirocket,1,1,False,0.9427836472133266,0.9427836472133266,0.0
Mallat,2,0.05,1024,51,0.0498046875,linear_block,linear_block,linear,minirocket,minirocket,1,1,False,0.9233113530456184,0.9233113530456184,0.0
Mallat,2,0.1,1024,102,0.099609375,point,linear_block,linear,minirocket,minirocket,1,1,False,0.7909903262434377,0.7909903262434377,0.0
Mallat,2,0.1,1024,102,0.099609375,linear_block,point,linear,minirocket,minirocket,1,1,False,0.9436282803686022,0.9436282803686022,0.0
Mallat,2,0.1,1024,102,0.099609375,linear_block,linear_block,linear,minirocket,minirocket,1,1,False,0.7909903262434377,0.7909903262434377,0.0
Mallat,2,0.15,1024,153,0.1494140625,point,linear_block,linear,minirocket,minirocket,1,1,False,0.6520924571418304,0.6520924571418304,0.0
Mallat,2,0.15,1024,153,0.1494140625,linear_block,point,linear,minirocket,minirocket,1,1,False,0.9427910030968565,0.9427910030968565,0.0
Mallat,2,0.15,1024,153,0.1494140625,linear_block,linear_block,linear,minirocket,minirocket,1,1,False,0.6520924571418304,0.6520924571418304,0.0
Mallat,2,0.2,1024,204,0.19921875,point,linear_block,linear,minirocket,minirocket,1,1,False,0.5140265825728911,0.5140265825728911,0.0
Mallat,2,0.2,1024,204,0.19921875,linear_block,point,linear,stat_rf,minirocket,1,1,True,0.7677257878731693,0.9427836472133266,0.17505785934015738
Mallat,2,0.2,1024,204,0.19921875,linear_block,linear_block,linear,stat_rf,minirocket,1,1,True,0.4263852578704477,0.5140265825728911,0.08764132470244346
Mallat,2,0.25,1024,256,0.25,point,linear_block,linear,minirocket,minirocket,1,1,False,0.453111341669754,0.453111341669754,0.0
Mallat,2,0.25,1024,256,0.25,linear_block,point,linear,stat_rf,minirocket,1,1,True,0.7566875560311115,0.9440608063201593,0.18737325028904783
Mallat,2,0.25,1024,256,0.25,linear_block,linear_block,linear,stat_rf,minirocket,1,1,True,0.3802958977391396,0.453111341669754,0.0728154439306144
Mallat,2,0.3,1024,307,0.2998046875,point,linear_block,linear,minirocket,minirocket,1,1,False,0.3891314935254643,0.3891314935254643,0.0
Mallat,2,0.3,1024,307,0.2998046875,linear_block,point,linear,stat_rf,minirocket,1,1,True,0.7566598725042459,0.9436111594262655,0.18695128692201957
Mallat,2,0.3,1024,307,0.2998046875,linear_block,linear_block,linear,stat_rf,minirocket,1,1,True,0.330300849320465,0.3891314935254643,0.05883064420499928
Mallat,3,0.05,1024,51,0.0498046875,point,linear_block,linear,minirocket,minirocket,2,1,False,0.9018321171473647,0.9018321171473647,0.0
Mallat,3,0.05,1024,51,0.0498046875,linear_block,point,linear,minirocket,dtw,1,1,True,0.9246748455590608,0.9318733469115547,0.007198501352493891
Mallat,3,0.05,1024,51,0.0498046875,linear_block,linear_block,linear,minirocket,minirocket,1,1,False,0.9018321171473647,0.9018321171473647,0.0
Mallat,3,0.1,1024,102,0.099609375,point,linear_block,linear,dtw,minirocket,2,1,True,0.71804705288253,0.7924751102877564,0.0744280574052264
Mallat,3,0.1,1024,102,0.099609375,linear_block,point,linear,minirocket,dtw,1,1,True,0.9255251856951152,0.9293367131519015,0.0038115274567862567
Mallat,3,0.1,1024,102,0.099609375,linear_block,linear_block,linear,minirocket,minirocket,1,1,False,0.7924751102877564,0.7924751102877564,0.0
Mallat,3,0.15,1024,153,0.1494140625,point,linear_block,linear,minirocket,minirocket,2,1,False,0.6636247502587258,0.6636247502587258,0.0
Mallat,3,0.15,1024,153,0.1494140625,linear_block,point,linear,minirocket,minirocket,1,1,False,0.9251130784913968,0.9251130784913968,0.0
Mallat,3,0.15,1024,153,0.1494140625,linear_block,linear_block,linear,minirocket,minirocket,1,1,False,0.6636247502587258,0.6636247502587258,0.0
Mallat,3,0.2,1024,204,0.19921875,point,linear_block,linear,minirocket,minirocket,2,1,False,0.5262859483624609,0.5262859483624609,0.0
Mallat,3,0.2,1024,204,0.19921875,linear_block,point,linear,stat_rf,dtw,1,1,True,0.767332683450218,0.9259293910105427,0.15859670756032473
Mallat,3,0.2,1024,204,0.19921875,linear_block,linear_block,linear,stat_rf,minirocket,1,1,True,0.42620339417877806,0.5262859483624609,0.10008255418368284
Mallat,3,0.25,1024,256,0.25,point,linear_block,linear,dtw,minirocket,2,1,True,0.23372547903636173,0.44397590697784745,0.2102504279414857
Mallat,3,0.25,1024,256,0.25,linear_block,point,linear,minirocket,minirocket,1,1,False,0.9242599434983171,0.9242599434983171,0.0
Mallat,3,0.25,1024,256,0.25,linear_block,linear_block,linear,minirocket,minirocket,1,1,False,0.44397590697784745,0.44397590697784745,0.0
Mallat,3,0.3,1024,307,0.2998046875,point,linear_block,linear,dtw,minirocket,2,1,True,0.19691849694071928,0.34719054342351574,0.15027204648279646
Mallat,3,0.3,1024,307,0.2998046875,linear_block,point,linear,stat_rf,minirocket,1,1,True,0.7456318860838069,0.9246908205471231,0.17905893446331622
Mallat,3,0.3,1024,307,0.2998046875,linear_block,linear_block,linear,stat_rf,minirocket,1,1,True,0.33189964945934125,0.34719054342351574,0.01529089396417449
Mallat,4,0.05,1024,51,0.0498046875,point,linear_block,linear,dtw,minirocket,2,1,True,0.866760633902827,0.9025813586753889,0.03582072477256193
Mallat,4,0.05,1024,51,0.0498046875,linear_block,point,linear,minirocket,dtw,2,1,True,0.9271095644589659,0.9304985573781023,0.003388992919136413
Mallat,4,0.05,1024,51,0.0498046875,linear_block,linear_block,linear,minirocket,minirocket,2,1,False,0.9025813586753889,0.9025813586753889,0.0
Mallat,4,0.1,1024,102,0.099609375,point,linear_block,linear,dtw,minirocket,2,1,True,0.699583066155998,0.810260821942236,0.11067775578623806
Mallat,4,0.1,1024,102,0.099609375,linear_block,point,linear,minirocket,dtw,1,1,True,0.9275420904105229,0.9313618330702844,0.0038197426597614825
Mallat,4,0.1,1024,102,0.099609375,linear_block,linear_block,linear,minirocket,minirocket,1,1,False,0.810260821942236,0.810260821942236,0.0
Mallat,4,0.15,1024,153,0.1494140625,point,linear_block,linear,minirocket,minirocket,2,1,False,0.6752781405601747,0.6752781405601747,0.0
Mallat,4,0.15,1024,153,0.1494140625,linear_block,point,linear,stat_rf,dtw,1,1,True,0.75628558995414,0.9283883768879205,0.17210278693378056
Mallat,4,0.15,1024,153,0.1494140625,linear_block,linear_block,linear,stat_rf,minirocket,1,1,True,0.5018945469550696,0.6752781405601747,0.17338359360510502
Mallat,4,0.2,1024,204,0.19921875,point,linear_block,linear,dtw,minirocket,1,1,True,0.3054676882760296,0.5548104060727577,0.24934271779672806
Mallat,4,0.2,1024,204,0.19921875,linear_block,point,linear,stat_rf,minirocket,1,1,True,0.7494264969645381,0.9313360280408455,0.18190953107630736
Mallat,4,0.2,1024,204,0.19921875,linear_block,linear_block,linear,stat_rf,minirocket,1,1,True,0.4120840272470829,0.5548104060727577,0.1427263788256748
Mallat,4,0.25,1024,256,0.25,point,linear_block,linear,minirocket,minirocket,2,1,False,0.48437520314606397,0.48437520314606397,0.0
Mallat,4,0.25,1024,256,0.25,linear_block,point,linear,stat_rf,minirocket,1,1,True,0.7426939952736245,0.9313343791380945,0.18864038386447002
Mallat,4,0.25,1024,256,0.25,linear_block,linear_block,linear,stat_rf,minirocket,1,1,True,0.36052880733664516,0.48437520314606397,0.12384639580941881
Mallat,4,0.3,1024,307,0.2998046875,point,linear_block,linear,minirocket,minirocket,2,1,False,0.40822498006881913,0.40822498006881913,0.0
Mallat,4,0.3,1024,307,0.2998046875,linear_block,point,linear,minirocket,minirocket,1,1,False,0.930926330012404,0.930926330012404,0.0
Mallat,4,0.3,1024,307,0.2998046875,linear_block,linear_block,linear,minirocket,minirocket,1,1,False,0.40822498006881913,0.40822498006881913,0.0
Mallat,5,0.05,1024,51,0.0498046875,point,linear_block,linear,stat_rf,minirocket,1,1,True,0.7698722670012424,0.9321959484996585,0.16232368149841603
Mallat,5,0.05,1024,51,0.0498046875,linear_block,point,linear,stat_rf,minirocket,2,1,True,0.7891820612056161,0.9529204009698963,0.1637383397642802
Mallat,5,0.05,1024,51,0.0498046875,linear_block,linear_block,linear,stat_rf,minirocket,2,1,True,0.7698722670012424,0.9321959484996585,0.16232368149841603
Mallat,5,0.1,1024,102,0.099609375,point,linear_block,linear,stat_rf,minirocket,3,1,True,0.6305768904480006,0.8319463830433793,0.20136949259537873
Mallat,5,0.1,1024,102,0.099609375,linear_block,point,linear,stat_rf,minirocket,1,1,True,0.7806381013252772,0.9529146939891174,0.1722765926638402
Mallat,5,0.1,1024,102,0.099609375,linear_block,linear_block,linear,stat_rf,minirocket,1,1,True,0.6305768904480006,0.8319463830433793,0.20136949259537873
Mallat,5,0.15,1024,153,0.1494140625,point,linear_block,linear,stat_rf,minirocket,1,1,True,0.5138225599939095,0.7268107020998495,0.21298814210594008
Mallat,5,0.15,1024,153,0.1494140625,linear_block,point,linear,stat_rf,minirocket,1,1,True,0.7751176266286584,0.9533398640571447,0.1782222374284863
Mallat,5,0.15,1024,153,0.1494140625,linear_block,linear_block,linear,stat_rf,minirocket,1,1,True,0.5138225599939095,0.7268107020998495,0.21298814210594008
Mallat,5,0.2,1024,204,0.19921875,point,linear_block,linear,dtw,minirocket,3,1,True,0.3299950458567117,0.5892763748445187,0.259281328987807
Mallat,5,0.2,1024,204,0.19921875,linear_block,point,linear,stat_rf,minirocket,1,1,True,0.7738247509073306,0.9533210942120569,0.1794963433047263
Mallat,5,0.2,1024,204,0.19921875,linear_block,linear_block,linear,stat_rf,minirocket,1,1,True,0.41125298345907024,0.5892763748445187,0.17802339138544843
Mallat,5,0.25,1024,256,0.25,point,linear_block,linear,stat_rf,minirocket,1,1,True,0.38228021501931203,0.5377475555156345,0.15546734049632244
Mallat,5,0.25,1024,256,0.25,linear_block,point,linear,stat_rf,minirocket,1,1,True,0.7635931635777389,0.9541600203865537,0.1905668568088148
Mallat,5,0.25,1024,256,0.25,linear_block,linear_block,linear,stat_rf,minirocket,1,1,True,0.38228021501931203,0.5377475555156345,0.15546734049632244
Mallat,5,0.3,1024,307,0.2998046875,point,linear_block,linear,minirocket,minirocket,2,1,False,0.48311635371199474,0.48311635371199474,0.0
Mallat,5,0.3,1024,307,0.2998046875,linear_block,point,linear,stat_rf,minirocket,1,1,True,0.7503761002070886,0.9537188852694529,0.20334278506236436
Mallat,5,0.3,1024,307,0.2998046875,linear_block,linear_block,linear,stat_rf,minirocket,1,1,True,0.3379388707755797,0.48311635371199474,0.14517748293641503
RefrigerationDevices,1,0.05,720,36,0.05,point,linear_block,linear,minirocket,stat_rf,1,1,True,0.456,0.49066666666666664,0.03466666666666662
RefrigerationDevices,1,0.05,720,36,0.05,linear_block,point,linear,minirocket,stat_rf,1,1,True,0.4613333333333334,0.488,0.026666666666666616
RefrigerationDevices,1,0.05,720,36,0.05,linear_block,linear_block,linear,minirocket,stat_rf,1,1,True,0.456,0.49066666666666664,0.03466666666666662
RefrigerationDevices,1,0.1,720,72,0.1,point,linear_block,linear,minirocket,stat_rf,1,1,True,0.4613333333333334,0.5013333333333333,0.039999999999999925
RefrigerationDevices,1,0.1,720,72,0.1,linear_block,point,linear,minirocket,stat_rf,1,1,True,0.4506666666666667,0.47733333333333333,0.026666666666666616
RefrigerationDevices,1,0.1,720,72,0.1,linear_block,linear_block,linear,minirocket,stat_rf,1,1,True,0.4613333333333334,0.5013333333333333,0.039999999999999925
RefrigerationDevices,1,0.15,720,108,0.15,point,linear_block,linear,minirocket,minirocket|stat_rf,1,2,False,0.49066666666666675,0.49066666666666675,0.0
RefrigerationDevices,1,0.15,720,108,0.15,linear_block,point,linear,minirocket,stat_rf,1,1,True,0.456,0.48,0.023999999999999966
RefrigerationDevices,1,0.15,720,108,0.15,linear_block,linear_block,linear,minirocket,minirocket|stat_rf,1,2,False,0.49066666666666675,0.49066666666666675,0.0
RefrigerationDevices,1,0.2,720,144,0.2,point,linear_block,linear,minirocket,stat_rf,1,1,True,0.4746666666666666,0.528,0.0533333333333334
RefrigerationDevices,1,0.2,720,144,0.2,linear_block,point,linear,minirocket,stat_rf,1,1,True,0.4613333333333334,0.48,0.01866666666666661
RefrigerationDevices,1,0.2,720,144,0.2,linear_block,linear_block,linear,minirocket,stat_rf,1,1,True,0.4746666666666666,0.528,0.0533333333333334
RefrigerationDevices,1,0.25,720,180,0.25,point,linear_block,linear,minirocket,stat_rf,1,1,True,0.4613333333333333,0.5146666666666667,0.0533333333333334
RefrigerationDevices,1,0.25,720,180,0.25,linear_block,point,linear,minirocket,minirocket,1,1,False,0.47466666666666674,0.47466666666666674,0.0
RefrigerationDevices,1,0.25,720,180,0.25,linear_block,linear_block,linear,minirocket,stat_rf,1,1,True,0.4613333333333333,0.5146666666666667,0.0533333333333334
RefrigerationDevices,1,0.3,720,216,0.3,point,linear_block,linear,minirocket,stat_rf,1,1,True,0.432,0.49333333333333335,0.06133333333333335
RefrigerationDevices,1,0.3,720,216,0.3,linear_block,point,linear,minirocket,dtw,1,1,True,0.4693333333333334,0.48533333333333334,0.01599999999999996
RefrigerationDevices,1,0.3,720,216,0.3,linear_block,linear_block,linear,minirocket,stat_rf,1,1,True,0.432,0.49333333333333335,0.06133333333333335
RefrigerationDevices,2,0.05,720,36,0.05,point,linear_block,linear,minirocket,stat_rf,1,1,True,0.5226666666666667,0.5386666666666667,0.016000000000000014
RefrigerationDevices,2,0.05,720,36,0.05,linear_block,point,linear,minirocket,stat_rf,1,1,True,0.504,0.56,0.05600000000000005
RefrigerationDevices,2,0.05,720,36,0.05,linear_block,linear_block,linear,minirocket,stat_rf,1,1,True,0.5226666666666667,0.5386666666666667,0.016000000000000014
RefrigerationDevices,2,0.1,720,72,0.1,point,linear_block,linear,minirocket,stat_rf,1,1,True,0.5226666666666667,0.5413333333333333,0.01866666666666661
RefrigerationDevices,2,0.1,720,72,0.1,linear_block,point,linear,minirocket,stat_rf,1,1,True,0.5013333333333333,0.5519999999999999,0.05066666666666664
RefrigerationDevices,2,0.1,720,72,0.1,linear_block,linear_block,linear,minirocket,stat_rf,1,1,True,0.5226666666666667,0.5413333333333333,0.01866666666666661
RefrigerationDevices,2,0.15,720,108,0.15,point,linear_block,linear,minirocket,stat_rf,1,1,True,0.528,0.5466666666666667,0.01866666666666672
RefrigerationDevices,2,0.15,720,108,0.15,linear_block,point,linear,minirocket,stat_rf,1,1,True,0.5093333333333333,0.544,0.034666666666666734
RefrigerationDevices,2,0.15,720,108,0.15,linear_block,linear_block,linear,minirocket,stat_rf,1,1,True,0.528,0.5466666666666667,0.01866666666666672
RefrigerationDevices,2,0.2,720,144,0.2,point,linear_block,linear,minirocket,stat_rf,1,1,True,0.5226666666666667,0.56,0.03733333333333333
RefrigerationDevices,2,0.2,720,144,0.2,linear_block,point,linear,minirocket,stat_rf,1,1,True,0.5040000000000001,0.536,0.03199999999999992
RefrigerationDevices,2,0.2,720,144,0.2,linear_block,linear_block,linear,minirocket,stat_rf,1,1,True,0.5226666666666667,0.56,0.03733333333333333
RefrigerationDevices,2,0.25,720,180,0.25,point,linear_block,linear,minirocket,stat_rf,1,1,True,0.52,0.5546666666666668,0.034666666666666734
RefrigerationDevices,2,0.25,720,180,0.25,linear_block,point,linear,minirocket,stat_rf,1,1,True,0.49866666666666676,0.5013333333333333,0.0026666666666665395
RefrigerationDevices,2,0.25,720,180,0.25,linear_block,linear_block,linear,minirocket,stat_rf,1,1,True,0.52,0.5546666666666668,0.034666666666666734
RefrigerationDevices,2,0.3,720,216,0.3,point,linear_block,linear,minirocket,minirocket,1,1,False,0.528,0.528,0.0
RefrigerationDevices,2,0.3,720,216,0.3,linear_block,point,linear,minirocket,minirocket|stat_rf,1,2,False,0.49866666666666676,0.49866666666666676,0.0
RefrigerationDevices,2,0.3,720,216,0.3,linear_block,linear_block,linear,minirocket,minirocket,1,1,False,0.528,0.528,0.0
RefrigerationDevices,3,0.05,720,36,0.05,point,linear_block,linear,minirocket,stat_rf,1,1,True,0.47733333333333333,0.5573333333333333,0.08000000000000002
RefrigerationDevices,3,0.05,720,36,0.05,linear_block,point,linear,minirocket,stat_rf,1,1,True,0.4693333333333334,0.5733333333333334,0.10399999999999998
RefrigerationDevices,3,0.05,720,36,0.05,linear_block,linear_block,linear,minirocket,stat_rf,1,1,True,0.47733333333333333,0.5573333333333333,0.08000000000000002
RefrigerationDevices,3,0.1,720,72,0.1,point,linear_block,linear,minirocket,stat_rf,1,1,True,0.488,0.5573333333333333,0.06933333333333336
RefrigerationDevices,3,0.1,720,72,0.1,linear_block,point,linear,minirocket,stat_rf,1,1,True,0.4773333333333334,0.5599999999999999,0.08266666666666656
RefrigerationDevices,3,0.1,720,72,0.1,linear_block,linear_block,linear,minirocket,stat_rf,1,1,True,0.488,0.5573333333333333,0.06933333333333336
RefrigerationDevices,3,0.15,720,108,0.15,point,linear_block,linear,minirocket,stat_rf,1,1,True,0.48000000000000004,0.5653333333333334,0.08533333333333332
RefrigerationDevices,3,0.15,720,108,0.15,linear_block,point,linear,minirocket,stat_rf,1,1,True,0.4693333333333334,0.576,0.10666666666666658
RefrigerationDevices,3,0.15,720,108,0.15,linear_block,linear_block,linear,minirocket,stat_rf,1,1,True,0.48000000000000004,0.5653333333333334,0.08533333333333332
RefrigerationDevices,3,0.2,720,144,0.2,point,linear_block,linear,minirocket,stat_rf,1,1,True,0.512,0.5279999999999999,0.015999999999999903
RefrigerationDevices,3,0.2,720,144,0.2,linear_block,point,linear,minirocket,stat_rf,1,1,True,0.4693333333333334,0.5466666666666666,0.07733333333333325
RefrigerationDevices,3,0.2,720,144,0.2,linear_block,linear_block,linear,minirocket,stat_rf,1,1,True,0.512,0.5279999999999999,0.015999999999999903
RefrigerationDevices,3,0.25,720,180,0.25,point,linear_block,linear,minirocket,stat_rf,1,1,True,0.48533333333333334,0.528,0.042666666666666686
RefrigerationDevices,3,0.25,720,180,0.25,linear_block,point,linear,minirocket,stat_rf,1,1,True,0.47200000000000003,0.5253333333333333,0.05333333333333329
RefrigerationDevices,3,0.25,720,180,0.25,linear_block,linear_block,linear,minirocket,stat_rf,1,1,True,0.48533333333333334,0.528,0.042666666666666686
RefrigerationDevices,3,0.3,720,216,0.3,point,linear_block,linear,minirocket,stat_rf,1,1,True,0.488,0.5413333333333333,0.053333333333333344
RefrigerationDevices,3,0.3,720,216,0.3,linear_block,point,linear,minirocket,stat_rf,1,1,True,0.46666666666666673,0.5253333333333333,0.05866666666666659
RefrigerationDevices,3,0.3,720,216,0.3,linear_block,linear_block,linear,minirocket,stat_rf,1,1,True,0.488,0.5413333333333333,0.053333333333333344
RefrigerationDevices,4,0.05,720,36,0.05,point,linear_block,linear,minirocket,stat_rf,1,1,True,0.48800000000000004,0.5226666666666667,0.03466666666666668
RefrigerationDevices,4,0.05,720,36,0.05,linear_block,point,linear,minirocket,stat_rf,1,1,True,0.47466666666666674,0.5093333333333333,0.03466666666666657
RefrigerationDevices,4,0.05,720,36,0.05,linear_block,linear_block,linear,minirocket,stat_rf,1,1,True,0.48800000000000004,0.5226666666666667,0.03466666666666668
RefrigerationDevices,4,0.1,720,72,0.1,point,linear_block,linear,minirocket,stat_rf,1,1,True,0.504,0.5093333333333333,0.005333333333333301
RefrigerationDevices,4,0.1,720,72,0.1,linear_block,point,linear,minirocket,stat_rf,1,1,True,0.4693333333333334,0.5146666666666667,0.04533333333333334
RefrigerationDevices,4,0.1,720,72,0.1,linear_block,linear_block,linear,minirocket,stat_rf,1,1,True,0.504,0.5093333333333333,0.005333333333333301
RefrigerationDevices,4,0.15,720,108,0.15,point,linear_block,linear,minirocket,stat_rf,1,1,True,0.5066666666666667,0.52,0.013333333333333308
RefrigerationDevices,4,0.15,720,108,0.15,linear_block,point,linear,minirocket,stat_rf,1,1,True,0.48266666666666674,0.512,0.029333333333333267
RefrigerationDevices,4,0.15,720,108,0.15,linear_block,linear_block,linear,minirocket,stat_rf,1,1,True,0.5066666666666667,0.52,0.013333333333333308
RefrigerationDevices,4,0.2,720,144,0.2,point,linear_block,linear,minirocket,minirocket,1,1,False,0.5173333333333333,0.5173333333333333,0.0
RefrigerationDevices,4,0.2,720,144,0.2,linear_block,point,linear,minirocket,minirocket|stat_rf,1,2,False,0.5013333333333333,0.5013333333333334,1.1102230246251565e-16
RefrigerationDevices,4,0.2,720,144,0.2,linear_block,linear_block,linear,minirocket,minirocket,1,1,False,0.5173333333333333,0.5173333333333333,0.0
RefrigerationDevices,4,0.25,720,180,0.25,point,linear_block,linear,minirocket,stat_rf,1,1,True,0.49333333333333335,0.5359999999999999,0.042666666666666575
RefrigerationDevices,4,0.25,720,180,0.25,linear_block,point,linear,minirocket,stat_rf,1,1,True,0.48533333333333334,0.49066666666666664,0.005333333333333301
RefrigerationDevices,4,0.25,720,180,0.25,linear_block,linear_block,linear,minirocket,stat_rf,1,1,True,0.49333333333333335,0.5359999999999999,0.042666666666666575
RefrigerationDevices,4,0.3,720,216,0.3,point,linear_block,linear,minirocket,stat_rf,1,1,True,0.4453333333333333,0.496,0.05066666666666669
RefrigerationDevices,4,0.3,720,216,0.3,linear_block,point,linear,minirocket,minirocket,1,1,False,0.5013333333333333,0.5013333333333333,0.0
RefrigerationDevices,4,0.3,720,216,0.3,linear_block,linear_block,linear,minirocket,stat_rf,1,1,True,0.4453333333333333,0.496,0.05066666666666669
RefrigerationDevices,5,0.05,720,36,0.05,point,linear_block,linear,minirocket,stat_rf,1,1,True,0.4693333333333334,0.5146666666666667,0.04533333333333334
RefrigerationDevices,5,0.05,720,36,0.05,linear_block,point,linear,minirocket,stat_rf,1,1,True,0.4586666666666667,0.528,0.0693333333333333
RefrigerationDevices,5,0.05,720,36,0.05,linear_block,linear_block,linear,minirocket,stat_rf,1,1,True,0.4693333333333334,0.5146666666666667,0.04533333333333334
RefrigerationDevices,5,0.1,720,72,0.1,point,linear_block,linear,minirocket,stat_rf,1,1,True,0.46666666666666673,0.49866666666666665,0.03199999999999992
RefrigerationDevices,5,0.1,720,72,0.1,linear_block,point,linear,minirocket,stat_rf,1,1,True,0.45333333333333337,0.52,0.06666666666666665
RefrigerationDevices,5,0.1,720,72,0.1,linear_block,linear_block,linear,minirocket,stat_rf,1,1,True,0.46666666666666673,0.49866666666666665,0.03199999999999992
RefrigerationDevices,5,0.15,720,108,0.15,point,linear_block,linear,minirocket,stat_rf,1,1,True,0.44,0.48266666666666674,0.04266666666666674
RefrigerationDevices,5,0.15,720,108,0.15,linear_block,point,linear,minirocket,stat_rf,1,1,True,0.456,0.5173333333333333,0.061333333333333295
RefrigerationDevices,5,0.15,720,108,0.15,linear_block,linear_block,linear,minirocket,stat_rf,1,1,True,0.44,0.48266666666666674,0.04266666666666674
RefrigerationDevices,5,0.2,720,144,0.2,point,linear_block,linear,minirocket,stat_rf,1,1,True,0.49066666666666675,0.5013333333333333,0.010666666666666547
RefrigerationDevices,5,0.2,720,144,0.2,linear_block,point,linear,minirocket,stat_rf,1,1,True,0.4346666666666667,0.512,0.07733333333333331
RefrigerationDevices,5,0.2,720,144,0.2,linear_block,linear_block,linear,minirocket,stat_rf,1,1,True,0.49066666666666675,0.5013333333333333,0.010666666666666547
RefrigerationDevices,5,0.25,720,180,0.25,point,linear_block,linear,minirocket,stat_rf,1,1,True,0.46666666666666673,0.5253333333333333,0.05866666666666659
RefrigerationDevices,5,0.25,720,180,0.25,linear_block,point,linear,minirocket,stat_rf,1,1,True,0.45333333333333337,0.48266666666666663,0.029333333333333267
RefrigerationDevices,5,0.25,720,180,0.25,linear_block,linear_block,linear,minirocket,stat_rf,1,1,True,0.46666666666666673,0.5253333333333333,0.05866666666666659
RefrigerationDevices,5,0.3,720,216,0.3,point,linear_block,linear,minirocket,stat_rf,1,1,True,0.4586666666666667,0.52,0.061333333333333295
RefrigerationDevices,5,0.3,720,216,0.3,linear_block,point,linear,minirocket,stat_rf,1,1,True,0.472,0.48533333333333334,0.013333333333333364
RefrigerationDevices,5,0.3,720,216,0.3,linear_block,linear_block,linear,minirocket,stat_rf,1,1,True,0.4586666666666667,0.52,0.061333333333333295
ScreenType,1,0.05,720,36,0.05,point,linear_block,linear,minirocket,stat_rf,1,1,True,0.4266666666666667,0.5013333333333333,0.0746666666666666
ScreenType,1,0.05,720,36,0.05,linear_block,point,linear,minirocket,stat_rf,1,1,True,0.41333333333333333,0.5066666666666667,0.09333333333333338
ScreenType,1,0.05,720,36,0.05,linear_block,linear_block,linear,minirocket,stat_rf,1,1,True,0.4266666666666667,0.5013333333333333,0.0746666666666666
ScreenType,1,0.1,720,72,0.1,point,linear_block,linear,minirocket,stat_rf,1,1,True,0.416,0.488,0.07200000000000001
ScreenType,1,0.1,720,72,0.1,linear_block,point,linear,minirocket,stat_rf,1,1,True,0.408,0.48,0.07200000000000001
ScreenType,1,0.1,720,72,0.1,linear_block,linear_block,linear,minirocket,stat_rf,1,1,True,0.416,0.488,0.07200000000000001
ScreenType,1,0.15,720,108,0.15,point,linear_block,linear,minirocket,stat_rf,1,1,True,0.4026666666666667,0.4746666666666666,0.07199999999999995
ScreenType,1,0.15,720,108,0.15,linear_block,point,linear,minirocket,stat_rf,1,1,True,0.416,0.4746666666666666,0.058666666666666645
ScreenType,1,0.15,720,108,0.15,linear_block,linear_block,linear,minirocket,stat_rf,1,1,True,0.4026666666666667,0.4746666666666666,0.07199999999999995
ScreenType,1,0.2,720,144,0.2,point,linear_block,linear,minirocket,stat_rf,1,1,True,0.38666666666666666,0.4613333333333333,0.07466666666666666
ScreenType,1,0.2,720,144,0.2,linear_block,point,linear,minirocket,stat_rf,1,1,True,0.408,0.46399999999999997,0.055999999999999994
ScreenType,1,0.2,720,144,0.2,linear_block,linear_block,linear,minirocket,stat_rf,1,1,True,0.38666666666666666,0.4613333333333333,0.07466666666666666
ScreenType,1,0.25,720,180,0.25,point,linear_block,linear,minirocket,stat_rf,2,1,True,0.3866666666666667,0.48,0.09333333333333327
ScreenType,1,0.25,720,180,0.25,linear_block,point,linear,minirocket,stat_rf,1,1,True,0.4266666666666667,0.45333333333333337,0.026666666666666672
ScreenType,1,0.25,720,180,0.25,linear_block,linear_block,linear,minirocket,stat_rf,1,1,True,0.3866666666666667,0.48,0.09333333333333327
ScreenType,1,0.3,720,216,0.3,point,linear_block,linear,minirocket,stat_rf,1,1,True,0.38400000000000006,0.4666666666666666,0.08266666666666656
ScreenType,1,0.3,720,216,0.3,linear_block,point,linear,stat_rf,stat_rf,1,1,False,0.4613333333333333,0.4613333333333333,0.0
ScreenType,1,0.3,720,216,0.3,linear_block,linear_block,linear,stat_rf,stat_rf,1,1,False,0.4666666666666666,0.4666666666666666,0.0
ScreenType,2,0.05,720,36,0.05,point,linear_block,linear,minirocket,stat_rf,1,1,True,0.472,0.5306666666666667,0.058666666666666756
ScreenType,2,0.05,720,36,0.05,linear_block,point,linear,minirocket,stat_rf,1,1,True,0.46399999999999997,0.5413333333333333,0.07733333333333337
ScreenType,2,0.05,720,36,0.05,linear_block,linear_block,linear,minirocket,stat_rf,1,1,True,0.472,0.5306666666666667,0.058666666666666756
ScreenType,2,0.1,720,72,0.1,point,linear_block,linear,minirocket,stat_rf,1,1,True,0.4506666666666667,0.5226666666666667,0.07200000000000001
ScreenType,2,0.1,720,72,0.1,linear_block,point,linear,dtw,stat_rf,1,1,True,0.4000000000000001,0.552,0.15199999999999997
ScreenType,2,0.1,720,72,0.1,linear_block,linear_block,linear,dtw,stat_rf,1,1,True,0.37333333333333335,0.5226666666666667,0.14933333333333337
ScreenType,2,0.15,720,108,0.15,point,linear_block,linear,minirocket,stat_rf,1,1,True,0.456,0.528,0.07200000000000001
ScreenType,2,0.15,720,108,0.15,linear_block,point,linear,dtw,stat_rf,1,1,True,0.3946666666666667,0.5413333333333333,0.1466666666666666
ScreenType,2,0.15,720,108,0.15,linear_block,linear_block,linear,dtw,stat_rf,1,1,True,0.3786666666666667,0.528,0.14933333333333332
ScreenType,2,0.2,720,144,0.2,point,linear_block,linear,minirocket,stat_rf,1,1,True,0.424,0.52,0.09600000000000003
ScreenType,2,0.2,720,144,0.2,linear_block,point,linear,dtw,stat_rf,1,1,True,0.408,0.5306666666666667,0.12266666666666676
ScreenType,2,0.2,720,144,0.2,linear_block,linear_block,linear,dtw,stat_rf,1,1,True,0.36533333333333334,0.52,0.15466666666666667
ScreenType,2,0.25,720,180,0.25,point,linear_block,linear,minirocket,stat_rf,1,1,True,0.4346666666666667,0.5093333333333333,0.0746666666666666
ScreenType,2,0.25,720,180,0.25,linear_block,point,linear,stat_rf,stat_rf,1,1,False,0.5333333333333333,0.5333333333333333,0.0
ScreenType,2,0.25,720,180,0.25,linear_block,linear_block,linear,stat_rf,stat_rf,1,1,False,0.5093333333333333,0.5093333333333333,0.0
ScreenType,2,0.3,720,216,0.3,point,linear_block,linear,minirocket,stat_rf,1,1,True,0.4186666666666667,0.49333333333333335,0.07466666666666666
ScreenType,2,0.3,720,216,0.3,linear_block,point,linear,stat_rf,stat_rf,1,1,False,0.48533333333333334,0.48533333333333334,0.0
ScreenType,2,0.3,720,216,0.3,linear_block,linear_block,linear,stat_rf,stat_rf,1,1,False,0.49333333333333335,0.49333333333333335,0.0
ScreenType,3,0.05,720,36,0.05,point,linear_block,linear,stat_rf,stat_rf,1,1,False,0.504,0.504,0.0
ScreenType,3,0.05,720,36,0.05,linear_block,point,linear,stat_rf,stat_rf,1,1,False,0.5173333333333333,0.5173333333333333,0.0
ScreenType,3,0.05,720,36,0.05,linear_block,linear_block,linear,stat_rf,stat_rf,1,1,False,0.504,0.504,0.0
ScreenType,3,0.1,720,72,0.1,point,linear_block,linear,stat_rf,stat_rf,1,1,False,0.512,0.512,0.0
ScreenType,3,0.1,720,72,0.1,linear_block,point,linear,stat_rf,stat_rf,1,1,False,0.49333333333333335,0.49333333333333335,0.0
ScreenType,3,0.1,720,72,0.1,linear_block,linear_block,linear,stat_rf,stat_rf,1,1,False,0.512,0.512,0.0
ScreenType,3,0.15,720,108,0.15,point,linear_block,linear,stat_rf,stat_rf,1,1,False,0.488,0.488,0.0
ScreenType,3,0.15,720,108,0.15,linear_block,point,linear,stat_rf,stat_rf,1,1,False,0.488,0.488,0.0
ScreenType,3,0.15,720,108,0.15,linear_block,linear_block,linear,stat_rf,stat_rf,1,1,False,0.488,0.488,0.0
ScreenType,3,0.2,720,144,0.2,point,linear_block,linear,stat_rf,stat_rf,1,1,False,0.48266666666666663,0.48266666666666663,0.0
ScreenType,3,0.2,720,144,0.2,linear_block,point,linear,dtw,stat_rf,1,1,True,0.3706666666666667,0.47733333333333333,0.10666666666666663
ScreenType,3,0.2,720,144,0.2,linear_block,linear_block,linear,dtw,stat_rf,1,1,True,0.3893333333333333,0.48266666666666663,0.09333333333333332
ScreenType,3,0.25,720,180,0.25,point,linear_block,linear,stat_rf,stat_rf,1,1,False,0.472,0.472,0.0
ScreenType,3,0.25,720,180,0.25,linear_block,point,linear,stat_rf,stat_rf,1,1,False,0.45599999999999996,0.45599999999999996,0.0
ScreenType,3,0.25,720,180,0.25,linear_block,linear_block,linear,stat_rf,stat_rf,1,1,False,0.472,0.472,0.0
ScreenType,3,0.3,720,216,0.3,point,linear_block,linear,stat_rf,stat_rf,1,1,False,0.44533333333333336,0.44533333333333336,0.0
ScreenType,3,0.3,720,216,0.3,linear_block,point,linear,stat_rf,stat_rf,1,1,False,0.4586666666666666,0.4586666666666666,0.0
ScreenType,3,0.3,720,216,0.3,linear_block,linear_block,linear,stat_rf,stat_rf,1,1,False,0.44533333333333336,0.44533333333333336,0.0
ScreenType,4,0.05,720,36,0.05,point,linear_block,linear,minirocket,stat_rf,1,1,True,0.47733333333333333,0.5253333333333333,0.04799999999999999
ScreenType,4,0.05,720,36,0.05,linear_block,point,linear,minirocket,stat_rf,1,1,True,0.47733333333333333,0.5253333333333333,0.04799999999999999
ScreenType,4,0.05,720,36,0.05,linear_block,linear_block,linear,minirocket,stat_rf,1,1,True,0.47733333333333333,0.5253333333333333,0.04799999999999999
ScreenType,4,0.1,720,72,0.1,point,linear_block,linear,minirocket,stat_rf,1,1,True,0.448,0.536,0.08800000000000002
ScreenType,4,0.1,720,72,0.1,linear_block,point,linear,dtw,stat_rf,1,1,True,0.408,0.5173333333333333,0.10933333333333334
ScreenType,4,0.1,720,72,0.1,linear_block,linear_block,linear,dtw,stat_rf,1,1,True,0.3893333333333333,0.536,0.14666666666666672
ScreenType,4,0.15,720,108,0.15,point,linear_block,linear,minirocket,stat_rf,1,1,True,0.41333333333333333,0.52,0.10666666666666669
ScreenType,4,0.15,720,108,0.15,linear_block,point,linear,dtw,stat_rf,1,1,True,0.424,0.5146666666666667,0.09066666666666673
ScreenType,4,0.15,720,108,0.15,linear_block,linear_block,linear,dtw,stat_rf,1,1,True,0.3866666666666667,0.52,0.1333333333333333
ScreenType,4,0.2,720,144,0.2,point,linear_block,linear,minirocket,stat_rf,1,1,True,0.45333333333333337,0.528,0.07466666666666666
ScreenType,4,0.2,720,144,0.2,linear_block,point,linear,dtw,stat_rf,1,1,True,0.3973333333333333,0.49866666666666665,0.10133333333333333
ScreenType,4,0.2,720,144,0.2,linear_block,linear_block,linear,dtw,stat_rf,1,1,True,0.36533333333333334,0.528,0.16266666666666668
ScreenType,4,0.25,720,180,0.25,point,linear_block,linear,minirocket,stat_rf,1,1,True,0.43733333333333335,0.5093333333333333,0.07199999999999995
ScreenType,4,0.25,720,180,0.25,linear_block,point,linear,dtw,stat_rf,1,1,True,0.408,0.512,0.10400000000000004
ScreenType,4,0.25,720,180,0.25,linear_block,linear_block,linear,dtw,stat_rf,1,1,True,0.36800000000000005,0.5093333333333333,0.14133333333333326
ScreenType,4,0.3,720,216,0.3,point,linear_block,linear,dtw,stat_rf,1,1,True,0.38133333333333336,0.49066666666666664,0.10933333333333328
ScreenType,4,0.3,720,216,0.3,linear_block,point,linear,dtw,stat_rf,1,1,True,0.42133333333333334,0.504,0.08266666666666667
ScreenType,4,0.3,720,216,0.3,linear_block,linear_block,linear,dtw,stat_rf,1,1,True,0.38133333333333336,0.49066666666666664,0.10933333333333328
ScreenType,5,0.05,720,36,0.05,point,linear_block,linear,dtw,stat_rf,1,1,True,0.43199999999999994,0.5226666666666667,0.09066666666666678
ScreenType,5,0.05,720,36,0.05,linear_block,point,linear,minirocket,stat_rf,1,1,True,0.47733333333333333,0.5226666666666667,0.04533333333333339
ScreenType,5,0.05,720,36,0.05,linear_block,linear_block,linear,minirocket,stat_rf,1,1,True,0.464,0.5226666666666667,0.0586666666666667
ScreenType,5,0.1,720,72,0.1,point,linear_block,linear,dtw,stat_rf,1,1,True,0.4266666666666667,0.496,0.0693333333333333
ScreenType,5,0.1,720,72,0.1,linear_block,point,linear,minirocket,stat_rf,1,1,True,0.4666666666666666,0.504,0.037333333333333385
ScreenType,5,0.1,720,72,0.1,linear_block,linear_block,linear,minirocket,stat_rf,1,1,True,0.4746666666666666,0.496,0.02133333333333337
ScreenType,5,0.15,720,108,0.15,point,linear_block,linear,dtw,stat_rf,1,1,True,0.38400000000000006,0.512,0.12799999999999995
ScreenType,5,0.15,720,108,0.15,linear_block,point,linear,minirocket,stat_rf,1,1,True,0.472,0.49866666666666665,0.026666666666666672
ScreenType,5,0.15,720,108,0.15,linear_block,linear_block,linear,minirocket,stat_rf,1,1,True,0.4586666666666666,0.512,0.0533333333333334
ScreenType,5,0.2,720,144,0.2,point,linear_block,linear,dtw,stat_rf,1,1,True,0.3626666666666667,0.504,0.1413333333333333
ScreenType,5,0.2,720,144,0.2,linear_block,point,linear,dtw,minirocket,1,1,True,0.4266666666666667,0.48266666666666663,0.05599999999999994
ScreenType,5,0.2,720,144,0.2,linear_block,linear_block,linear,dtw,stat_rf,1,1,True,0.3626666666666667,0.504,0.1413333333333333
ScreenType,5,0.25,720,180,0.25,point,linear_block,linear,dtw,stat_rf,1,1,True,0.36800000000000005,0.504,0.13599999999999995
ScreenType,5,0.25,720,180,0.25,linear_block,point,linear,dtw,stat_rf,1,1,True,0.41066666666666657,0.48266666666666663,0.07200000000000006
ScreenType,5,0.25,720,180,0.25,linear_block,linear_block,linear,dtw,stat_rf,1,1,True,0.36800000000000005,0.504,0.13599999999999995
ScreenType,5,0.3,720,216,0.3,point,linear_block,linear,minirocket,stat_rf,1,1,True,0.408,0.48,0.07200000000000001
ScreenType,5,0.3,720,216,0.3,linear_block,point,linear,dtw,stat_rf,1,1,True,0.408,0.48533333333333334,0.07733333333333337
ScreenType,5,0.3,720,216,0.3,linear_block,linear_block,linear,dtw,stat_rf,1,1,True,0.36000000000000004,0.48,0.11999999999999994
ShapeletSim,1,0.05,500,25,0.05,point,linear_block,linear,minirocket,minirocket,1,1,False,0.9055555555555556,0.9055555555555556,0.0
ShapeletSim,1,0.05,500,25,0.05,linear_block,point,linear,minirocket,minirocket,1,1,False,0.9833333333333334,0.9833333333333334,0.0
ShapeletSim,1,0.05,500,25,0.05,linear_block,linear_block,linear,minirocket,minirocket,1,1,False,0.9055555555555556,0.9055555555555556,0.0
ShapeletSim,1,0.1,500,50,0.1,point,linear_block,linear,minirocket,dtw,1,1,True,0.5833333333333334,0.65,0.06666666666666665
ShapeletSim,1,0.1,500,50,0.1,linear_block,point,linear,stat_rf,minirocket,1,1,True,0.5444444444444444,0.9,0.3555555555555556
ShapeletSim,1,0.1,500,50,0.1,linear_block,linear_block,linear,stat_rf,dtw,1,1,True,0.6166666666666667,0.65,0.033333333333333326
ShapeletSim,1,0.15,500,75,0.15,point,linear_block,linear,minirocket,dtw,1,1,True,0.5,0.6,0.09999999999999998
ShapeletSim,1,0.15,500,75,0.15,linear_block,point,linear,dtw,minirocket,3,1,True,0.5777777777777777,0.7611111111111111,0.18333333333333335
ShapeletSim,1,0.15,500,75,0.15,linear_block,linear_block,linear,dtw,dtw,3,1,False,0.6,0.6,0.0
ShapeletSim,1,0.2,500,100,0.2,point,linear_block,linear,stat_rf,stat_rf,3,1,False,0.5944444444444444,0.5944444444444444,0.0
ShapeletSim,1,0.2,500,100,0.2,linear_block,point,linear,minirocket,minirocket,1,1,False,0.6055555555555555,0.6055555555555555,0.0
ShapeletSim,1,0.2,500,100,0.2,linear_block,linear_block,linear,minirocket,stat_rf,1,1,True,0.5,0.5944444444444444,0.09444444444444444
ShapeletSim,1,0.25,500,125,0.25,point,linear_block,linear,stat_rf,dtw,3,1,True,0.5166666666666667,0.5444444444444445,0.02777777777777779
ShapeletSim,1,0.25,500,125,0.25,linear_block,point,linear,stat_rf,minirocket,2,1,True,0.5,0.5111111111111111,0.011111111111111072
ShapeletSim,1,0.25,500,125,0.25,linear_block,linear_block,linear,stat_rf,dtw,2,1,True,0.5166666666666667,0.5444444444444445,0.02777777777777779
ShapeletSim,1,0.3,500,150,0.3,point,linear_block,linear,dtw,dtw|stat_rf,3,2,False,0.5222222222222223,0.5222222222222223,0.0
ShapeletSim,1,0.3,500,150,0.3,linear_block,point,linear,minirocket,minirocket|stat_rf,2,2,False,0.5,0.5,0.0
ShapeletSim,1,0.3,500,150,0.3,linear_block,linear_block,linear,minirocket,dtw|stat_rf,2,2,True,0.5,0.5222222222222223,0.022222222222222254
ShapeletSim,2,0.05,500,25,0.05,point,linear_block,linear,minirocket,minirocket,1,1,False,0.8388888888888889,0.8388888888888889,0.0
ShapeletSim,2,0.05,500,25,0.05,linear_block,point,linear,stat_rf,minirocket,2,1,True,0.6055555555555555,0.9944444444444445,0.38888888888888895
ShapeletSim,2,0.05,500,25,0.05,linear_block,linear_block,linear,stat_rf,minirocket,2,1,True,0.6444444444444444,0.8388888888888889,0.19444444444444453
ShapeletSim,2,0.1,500,50,0.1,point,linear_block,linear,minirocket,dtw,1,1,True,0.5777777777777777,0.6277777777777778,0.050000000000000044
ShapeletSim,2,0.1,500,50,0.1,linear_block,point,linear,dtw,minirocket,3,1,True,0.5777777777777777,0.95,0.37222222222222223
ShapeletSim,2,0.1,500,50,0.1,linear_block,linear_block,linear,dtw,dtw,3,1,False,0.6277777777777778,0.6277777777777778,0.0
ShapeletSim,2,0.15,500,75,0.15,point,linear_block,linear,minirocket,dtw,2,1,True,0.5055555555555555,0.5944444444444444,0.0888888888888889
ShapeletSim,2,0.15,500,75,0.15,linear_block,point,linear,stat_rf,minirocket,2,1,True,0.5055555555555555,0.8,0.2944444444444445
ShapeletSim,2,0.15,500,75,0.15,linear_block,linear_block,linear,stat_rf,dtw,2,1,True,0.5777777777777777,0.5944444444444444,0.01666666666666672
ShapeletSim,2,0.2,500,100,0.2,point,linear_block,linear,dtw,stat_rf,1,1,True,0.5333333333333333,0.55,0.01666666666666672
ShapeletSim,2,0.2,500,100,0.2,linear_block,point,linear,dtw,minirocket,1,1,True,0.5277777777777778,0.6444444444444444,0.11666666666666659
ShapeletSim,2,0.2,500,100,0.2,linear_block,linear_block,linear,dtw,stat_rf,1,1,True,0.5333333333333333,0.55,0.01666666666666672
ShapeletSim,2,0.25,500,125,0.25,point,linear_block,linear,dtw,stat_rf,1,1,True,0.5055555555555555,0.5555555555555556,0.050000000000000044
ShapeletSim,2,0.25,500,125,0.25,linear_block,point,linear,stat_rf,dtw|minirocket,2,2,True,0.5,0.5111111111111112,0.011111111111111183
ShapeletSim,2,0.25,500,125,0.25,linear_block,linear_block,linear,stat_rf,stat_rf,2,1,False,0.5555555555555556,0.5555555555555556,0.0
ShapeletSim,2,0.3,500,150,0.3,point,linear_block,linear,stat_rf,dtw,3,1,True,0.5166666666666666,0.5277777777777778,0.011111111111111183
ShapeletSim,2,0.3,500,150,0.3,linear_block,point,linear,dtw,dtw,1,1,False,0.55,0.55,0.0
ShapeletSim,2,0.3,500,150,0.3,linear_block,linear_block,linear,dtw,dtw,1,1,False,0.5277777777777778,0.5277777777777778,0.0
ShapeletSim,3,0.05,500,25,0.05,point,linear_block,linear,dtw,minirocket,2,1,True,0.5777777777777777,0.7833333333333333,0.2055555555555556
ShapeletSim,3,0.05,500,25,0.05,linear_block,point,linear,stat_rf,minirocket,2,1,True,0.6388888888888888,0.9777777777777779,0.338888888888889
ShapeletSim,3,0.05,500,25,0.05,linear_block,linear_block,linear,stat_rf,minirocket,2,1,True,0.6722222222222223,0.7833333333333333,0.11111111111111105
ShapeletSim,3,0.1,500,50,0.1,point,linear_block,linear,minirocket,dtw,1,1,True,0.5166666666666667,0.6166666666666667,0.09999999999999998
ShapeletSim,3,0.1,500,50,0.1,linear_block,point,linear,minirocket,minirocket,2,1,False,0.8611111111111112,0.8611111111111112,0.0
ShapeletSim,3,0.1,500,50,0.1,linear_block,linear_block,linear,minirocket,dtw,2,1,True,0.5166666666666667,0.6166666666666667,0.09999999999999998
ShapeletSim,3,0.15,500,75,0.15,point,linear_block,linear,dtw,stat_rf,2,1,True,0.5555555555555556,0.6055555555555555,0.04999999999999993
ShapeletSim,3,0.15,500,75,0.15,linear_block,point,linear,stat_rf,minirocket,1,1,True,0.5,0.6944444444444444,0.19444444444444442
ShapeletSim,3,0.15,500,75,0.15,linear_block,linear_block,linear,stat_rf,stat_rf,1,1,False,0.6055555555555555,0.6055555555555555,0.0
ShapeletSim,3,0.2,500,100,0.2,point,linear_block,linear,dtw,stat_rf,3,1,True,0.5277777777777778,0.5388888888888889,0.011111111111111072
ShapeletSim,3,0.2,500,100,0.2,linear_block,point,linear,dtw,minirocket,1,1,True,0.5,0.5611111111111111,0.061111111111111116
ShapeletSim,3,0.2,500,100,0.2,linear_block,linear_block,linear,dtw,stat_rf,1,1,True,0.5277777777777778,0.5388888888888889,0.011111111111111072
ShapeletSim,3,0.25,500,125,0.25,point,linear_block,linear,dtw,stat_rf,1,1,True,0.5277777777777778,0.55,0.022222222222222254
ShapeletSim,3,0.25,500,125,0.25,linear_block,point,linear,dtw,dtw,3,1,False,0.55,0.55,0.0
ShapeletSim,3,0.25,500,125,0.25,linear_block,linear_block,linear,dtw,stat_rf,3,1,True,0.5277777777777778,0.55,0.022222222222222254
ShapeletSim,3,0.3,500,150,0.3,point,linear_block,linear,stat_rf,dtw,2,1,True,0.5055555555555555,0.5166666666666667,0.011111111111111183
ShapeletSim,3,0.3,500,150,0.3,linear_block,point,linear,minirocket,dtw,1,1,True,0.5,0.5444444444444444,0.0444444444444444
ShapeletSim,3,0.3,500,150,0.3,linear_block,linear_block,linear,minirocket,dtw,1,1,True,0.5,0.5166666666666667,0.01666666666666672
ShapeletSim,4,0.05,500,25,0.05,point,linear_block,linear,minirocket,minirocket,2,1,False,0.8111111111111111,0.8111111111111111,0.0
ShapeletSim,4,0.05,500,25,0.05,linear_block,point,linear,minirocket,minirocket,1,1,False,0.9833333333333334,0.9833333333333334,0.0
ShapeletSim,4,0.05,500,25,0.05,linear_block,linear_block,linear,minirocket,minirocket,1,1,False,0.8111111111111111,0.8111111111111111,0.0
ShapeletSim,4,0.1,500,50,0.1,point,linear_block,linear,minirocket,stat_rf,1,1,True,0.55,0.6388888888888888,0.0888888888888888
ShapeletSim,4,0.1,500,50,0.1,linear_block,point,linear,dtw,minirocket,1,1,True,0.6055555555555556,0.8944444444444444,0.28888888888888875
ShapeletSim,4,0.1,500,50,0.1,linear_block,linear_block,linear,dtw,stat_rf,1,1,True,0.538888888888889,0.6388888888888888,0.09999999999999987
ShapeletSim,4,0.15,500,75,0.15,point,linear_block,linear,dtw,stat_rf,1,1,True,0.5555555555555556,0.5777777777777777,0.022222222222222143
ShapeletSim,4,0.15,500,75,0.15,linear_block,point,linear,dtw,minirocket,2,1,True,0.5833333333333334,0.7055555555555555,0.12222222222222212
ShapeletSim,4,0.15,500,75,0.15,linear_block,linear_block,linear,dtw,stat_rf,2,1,True,0.5555555555555556,0.5777777777777777,0.022222222222222143
ShapeletSim,4,0.2,500,100,0.2,point,linear_block,linear,dtw,stat_rf,1,1,True,0.5222222222222223,0.5611111111111111,0.03888888888888886
ShapeletSim,4,0.2,500,100,0.2,linear_block,point,linear,minirocket,minirocket,2,1,False,0.5722222222222222,0.5722222222222222,0.0
ShapeletSim,4,0.2,500,100,0.2,linear_block,linear_block,linear,minirocket,stat_rf,2,1,True,0.5,0.5611111111111111,0.061111111111111116
ShapeletSim,4,0.25,500,125,0.25,point,linear_block,linear,dtw,stat_rf,1,1,True,0.5055555555555555,0.5444444444444444,0.03888888888888886
ShapeletSim,4,0.25,500,125,0.25,linear_block,point,linear,stat_rf,dtw|minirocket|stat_rf,1,3,False,0.5,0.5,0.0
ShapeletSim,4,0.25,500,125,0.25,linear_block,linear_block,linear,stat_rf,stat_rf,1,1,False,0.5444444444444444,0.5444444444444444,0.0
ShapeletSim,4,0.3,500,150,0.3,point,linear_block,linear,dtw,stat_rf,3,1,True,0.5222222222222223,0.5444444444444444,0.022222222222222143
ShapeletSim,4,0.3,500,150,0.3,linear_block,point,linear,dtw,dtw|minirocket|stat_rf,3,3,False,0.5,0.5,0.0
ShapeletSim,4,0.3,500,150,0.3,linear_block,linear_block,linear,dtw,stat_rf,3,1,True,0.5222222222222223,0.5444444444444444,0.022222222222222143
ShapeletSim,5,0.05,500,25,0.05,point,linear_block,linear,minirocket,minirocket,1,1,False,0.9,0.9,0.0
ShapeletSim,5,0.05,500,25,0.05,linear_block,point,linear,minirocket,minirocket,1,1,False,1.0,1.0,0.0
ShapeletSim,5,0.05,500,25,0.05,linear_block,linear_block,linear,minirocket,minirocket,1,1,False,0.9,0.9,0.0
ShapeletSim,5,0.1,500,50,0.1,point,linear_block,linear,minirocket,stat_rf,1,1,True,0.5611111111111111,0.6277777777777778,0.06666666666666665
ShapeletSim,5,0.1,500,50,0.1,linear_block,point,linear,stat_rf,minirocket,1,1,True,0.5222222222222223,0.9555555555555555,0.43333333333333324
ShapeletSim,5,0.1,500,50,0.1,linear_block,linear_block,linear,stat_rf,stat_rf,1,1,False,0.6277777777777778,0.6277777777777778,0.0
ShapeletSim,5,0.15,500,75,0.15,point,linear_block,linear,minirocket,stat_rf,1,1,True,0.5,0.5777777777777778,0.07777777777777783
ShapeletSim,5,0.15,500,75,0.15,linear_block,point,linear,stat_rf,minirocket,1,1,True,0.5,0.8055555555555556,0.3055555555555556
ShapeletSim,5,0.15,500,75,0.15,linear_block,linear_block,linear,stat_rf,stat_rf,1,1,False,0.5777777777777778,0.5777777777777778,0.0
ShapeletSim,5,0.2,500,100,0.2,point,linear_block,linear,minirocket,stat_rf,2,1,True,0.5,0.5666666666666667,0.06666666666666665
ShapeletSim,5,0.2,500,100,0.2,linear_block,point,linear,stat_rf,minirocket,1,1,True,0.5,0.6277777777777778,0.12777777777777777
ShapeletSim,5,0.2,500,100,0.2,linear_block,linear_block,linear,stat_rf,stat_rf,1,1,False,0.5666666666666667,0.5666666666666667,0.0
ShapeletSim,5,0.25,500,125,0.25,point,linear_block,linear,dtw,stat_rf,1,1,True,0.5055555555555555,0.5833333333333334,0.07777777777777783
ShapeletSim,5,0.25,500,125,0.25,linear_block,point,linear,dtw,dtw,2,1,False,0.55,0.55,0.0
ShapeletSim,5,0.25,500,125,0.25,linear_block,linear_block,linear,dtw,stat_rf,2,1,True,0.5055555555555555,0.5833333333333334,0.07777777777777783
ShapeletSim,5,0.3,500,150,0.3,point,linear_block,linear,minirocket,stat_rf,2,1,True,0.5,0.5277777777777778,0.02777777777777779
ShapeletSim,5,0.3,500,150,0.3,linear_block,point,linear,stat_rf,dtw,1,1,True,0.5,0.5277777777777778,0.02777777777777779
ShapeletSim,5,0.3,500,150,0.3,linear_block,linear_block,linear,stat_rf,stat_rf,1,1,False,0.5277777777777778,0.5277777777777778,0.0
ShapesAll,1,0.05,512,25,0.048828125,point,linear_block,linear,minirocket,minirocket,1,1,False,0.8983333333333333,0.8983333333333333,0.0
ShapesAll,1,0.05,512,25,0.048828125,linear_block,point,linear,minirocket,minirocket,1,1,False,0.9033333333333334,0.9033333333333334,0.0
ShapesAll,1,0.05,512,25,0.048828125,linear_block,linear_block,linear,minirocket,minirocket,1,1,False,0.8983333333333333,0.8983333333333333,0.0
ShapesAll,1,0.1,512,51,0.099609375,point,linear_block,linear,minirocket,minirocket,1,1,False,0.8833333333333334,0.8833333333333334,0.0
ShapesAll,1,0.1,512,51,0.099609375,linear_block,point,linear,minirocket,minirocket,1,1,False,0.9,0.9,0.0
ShapesAll,1,0.1,512,51,0.099609375,linear_block,linear_block,linear,minirocket,minirocket,1,1,False,0.8833333333333334,0.8833333333333334,0.0
ShapesAll,1,0.15,512,76,0.1484375,point,linear_block,linear,minirocket,minirocket,1,1,False,0.8416666666666666,0.8416666666666666,0.0
ShapesAll,1,0.15,512,76,0.1484375,linear_block,point,linear,minirocket,minirocket,1,1,False,0.8983333333333333,0.8983333333333333,0.0
ShapesAll,1,0.15,512,76,0.1484375,linear_block,linear_block,linear,minirocket,minirocket,1,1,False,0.8416666666666666,0.8416666666666666,0.0
ShapesAll,1,0.2,512,102,0.19921875,point,linear_block,linear,minirocket,minirocket,1,1,False,0.7833333333333333,0.7833333333333333,0.0
ShapesAll,1,0.2,512,102,0.19921875,linear_block,point,linear,minirocket,minirocket,1,1,False,0.8983333333333334,0.8983333333333334,0.0
ShapesAll,1,0.2,512,102,0.19921875,linear_block,linear_block,linear,minirocket,minirocket,1,1,False,0.7833333333333333,0.7833333333333333,0.0
ShapesAll,1,0.25,512,128,0.25,point,linear_block,linear,minirocket,minirocket,1,1,False,0.625,0.625,0.0
ShapesAll,1,0.25,512,128,0.25,linear_block,point,linear,minirocket,minirocket,1,1,False,0.8900000000000001,0.8900000000000001,0.0
ShapesAll,1,0.25,512,128,0.25,linear_block,linear_block,linear,minirocket,minirocket,1,1,False,0.625,0.625,0.0
ShapesAll,1,0.3,512,153,0.298828125,point,linear_block,linear,minirocket,minirocket,1,1,False,0.4166666666666667,0.4166666666666667,0.0
ShapesAll,1,0.3,512,153,0.298828125,linear_block,point,linear,minirocket,minirocket,1,1,False,0.8983333333333333,0.8983333333333333,0.0
ShapesAll,1,0.3,512,153,0.298828125,linear_block,linear_block,linear,minirocket,minirocket,1,1,False,0.4166666666666667,0.4166666666666667,0.0
ShapesAll,2,0.05,512,25,0.048828125,point,linear_block,linear,minirocket,minirocket,1,1,False,0.8966666666666667,0.8966666666666667,0.0
ShapesAll,2,0.05,512,25,0.048828125,linear_block,point,linear,minirocket,minirocket,1,1,False,0.895,0.895,0.0
ShapesAll,2,0.05,512,25,0.048828125,linear_block,linear_block,linear,minirocket,minirocket,1,1,False,0.8966666666666667,0.8966666666666667,0.0
ShapesAll,2,0.1,512,51,0.099609375,point,linear_block,linear,minirocket,minirocket,1,1,False,0.8833333333333333,0.8833333333333333,0.0
ShapesAll,2,0.1,512,51,0.099609375,linear_block,point,linear,minirocket,minirocket,1,1,False,0.8966666666666667,0.8966666666666667,0.0
ShapesAll,2,0.1,512,51,0.099609375,linear_block,linear_block,linear,minirocket,minirocket,1,1,False,0.8833333333333333,0.8833333333333333,0.0
ShapesAll,2,0.15,512,76,0.1484375,point,linear_block,linear,minirocket,minirocket,1,1,False,0.865,0.865,0.0
ShapesAll,2,0.15,512,76,0.1484375,linear_block,point,linear,minirocket,minirocket,1,1,False,0.8983333333333334,0.8983333333333334,0.0
ShapesAll,2,0.15,512,76,0.1484375,linear_block,linear_block,linear,minirocket,minirocket,1,1,False,0.865,0.865,0.0
ShapesAll,2,0.2,512,102,0.19921875,point,linear_block,linear,minirocket,minirocket,1,1,False,0.7983333333333333,0.7983333333333333,0.0
ShapesAll,2,0.2,512,102,0.19921875,linear_block,point,linear,minirocket,minirocket,1,1,False,0.895,0.895,0.0
ShapesAll,2,0.2,512,102,0.19921875,linear_block,linear_block,linear,minirocket,minirocket,1,1,False,0.7983333333333333,0.7983333333333333,0.0
ShapesAll,2,0.25,512,128,0.25,point,linear_block,linear,minirocket,minirocket,1,1,False,0.6950000000000001,0.6950000000000001,0.0
ShapesAll,2,0.25,512,128,0.25,linear_block,point,linear,minirocket,minirocket,1,1,False,0.8983333333333334,0.8983333333333334,0.0
ShapesAll,2,0.25,512,128,0.25,linear_block,linear_block,linear,minirocket,minirocket,1,1,False,0.6950000000000001,0.6950000000000001,0.0
ShapesAll,2,0.3,512,153,0.298828125,point,linear_block,linear,minirocket,minirocket,1,1,False,0.5050000000000001,0.5050000000000001,0.0
ShapesAll,2,0.3,512,153,0.298828125,linear_block,point,linear,minirocket,minirocket,1,1,False,0.8983333333333334,0.8983333333333334,0.0
ShapesAll,2,0.3,512,153,0.298828125,linear_block,linear_block,linear,minirocket,minirocket,1,1,False,0.5050000000000001,0.5050000000000001,0.0
ShapesAll,3,0.05,512,25,0.048828125,point,linear_block,linear,minirocket,minirocket,1,1,False,0.8933333333333331,0.8933333333333331,0.0
ShapesAll,3,0.05,512,25,0.048828125,linear_block,point,linear,minirocket,minirocket,1,1,False,0.9033333333333332,0.9033333333333332,0.0
ShapesAll,3,0.05,512,25,0.048828125,linear_block,linear_block,linear,minirocket,minirocket,1,1,False,0.8933333333333331,0.8933333333333331,0.0
ShapesAll,3,0.1,512,51,0.099609375,point,linear_block,linear,minirocket,minirocket,1,1,False,0.8866666666666667,0.8866666666666667,0.0
ShapesAll,3,0.1,512,51,0.099609375,linear_block,point,linear,minirocket,minirocket,1,1,False,0.8999999999999999,0.8999999999999999,0.0
ShapesAll,3,0.1,512,51,0.099609375,linear_block,linear_block,linear,minirocket,minirocket,1,1,False,0.8866666666666667,0.8866666666666667,0.0
ShapesAll,3,0.15,512,76,0.1484375,point,linear_block,linear,minirocket,minirocket,1,1,False,0.8483333333333333,0.8483333333333333,0.0
ShapesAll,3,0.15,512,76,0.1484375,linear_block,point,linear,minirocket,minirocket,1,1,False,0.9016666666666667,0.9016666666666667,0.0
ShapesAll,3,0.15,512,76,0.1484375,linear_block,linear_block,linear,minirocket,minirocket,1,1,False,0.8483333333333333,0.8483333333333333,0.0
ShapesAll,3,0.2,512,102,0.19921875,point,linear_block,linear,minirocket,minirocket,1,1,False,0.7883333333333333,0.7883333333333333,0.0
ShapesAll,3,0.2,512,102,0.19921875,linear_block,point,linear,minirocket,minirocket,1,1,False,0.8999999999999999,0.8999999999999999,0.0
ShapesAll,3,0.2,512,102,0.19921875,linear_block,linear_block,linear,minirocket,minirocket,1,1,False,0.7883333333333333,0.7883333333333333,0.0
ShapesAll,3,0.25,512,128,0.25,point,linear_block,linear,minirocket,minirocket,1,1,False,0.6849999999999999,0.6849999999999999,0.0
ShapesAll,3,0.25,512,128,0.25,linear_block,point,linear,minirocket,minirocket,1,1,False,0.8999999999999999,0.8999999999999999,0.0
ShapesAll,3,0.25,512,128,0.25,linear_block,linear_block,linear,minirocket,minirocket,1,1,False,0.6849999999999999,0.6849999999999999,0.0
ShapesAll,3,0.3,512,153,0.298828125,point,linear_block,linear,minirocket,minirocket,1,1,False,0.4616666666666667,0.4616666666666667,0.0
ShapesAll,3,0.3,512,153,0.298828125,linear_block,point,linear,minirocket,minirocket,1,1,False,0.8966666666666665,0.8966666666666665,0.0
ShapesAll,3,0.3,512,153,0.298828125,linear_block,linear_block,linear,minirocket,minirocket,1,1,False,0.4616666666666667,0.4616666666666667,0.0
ShapesAll,4,0.05,512,25,0.048828125,point,linear_block,linear,minirocket,minirocket,1,1,False,0.9083333333333333,0.9083333333333333,0.0
ShapesAll,4,0.05,512,25,0.048828125,linear_block,point,linear,minirocket,minirocket,1,1,False,0.9149999999999999,0.9149999999999999,0.0
ShapesAll,4,0.05,512,25,0.048828125,linear_block,linear_block,linear,minirocket,minirocket,1,1,False,0.9083333333333333,0.9083333333333333,0.0
ShapesAll,4,0.1,512,51,0.099609375,point,linear_block,linear,minirocket,minirocket,1,1,False,0.9049999999999999,0.9049999999999999,0.0
ShapesAll,4,0.1,512,51,0.099609375,linear_block,point,linear,minirocket,minirocket,1,1,False,0.91,0.91,0.0
ShapesAll,4,0.1,512,51,0.099609375,linear_block,linear_block,linear,minirocket,minirocket,1,1,False,0.9049999999999999,0.9049999999999999,0.0
ShapesAll,4,0.15,512,76,0.1484375,point,linear_block,linear,minirocket,minirocket,1,1,False,0.8583333333333332,0.8583333333333332,0.0
ShapesAll,4,0.15,512,76,0.1484375,linear_block,point,linear,minirocket,minirocket,1,1,False,0.9133333333333333,0.9133333333333333,0.0
ShapesAll,4,0.15,512,76,0.1484375,linear_block,linear_block,linear,minirocket,minirocket,1,1,False,0.8583333333333332,0.8583333333333332,0.0
ShapesAll,4,0.2,512,102,0.19921875,point,linear_block,linear,minirocket,minirocket,1,1,False,0.7883333333333333,0.7883333333333333,0.0
ShapesAll,4,0.2,512,102,0.19921875,linear_block,point,linear,minirocket,minirocket,1,1,False,0.9150000000000001,0.9150000000000001,0.0
ShapesAll,4,0.2,512,102,0.19921875,linear_block,linear_block,linear,minirocket,minirocket,1,1,False,0.7883333333333333,0.7883333333333333,0.0
ShapesAll,4,0.25,512,128,0.25,point,linear_block,linear,minirocket,minirocket,1,1,False,0.6600000000000001,0.6600000000000001,0.0
ShapesAll,4,0.25,512,128,0.25,linear_block,point,linear,minirocket,minirocket,1,1,False,0.9149999999999999,0.9149999999999999,0.0
ShapesAll,4,0.25,512,128,0.25,linear_block,linear_block,linear,minirocket,minirocket,1,1,False,0.6600000000000001,0.6600000000000001,0.0
ShapesAll,4,0.3,512,153,0.298828125,point,linear_block,linear,minirocket,minirocket,1,1,False,0.4666666666666667,0.4666666666666667,0.0
ShapesAll,4,0.3,512,153,0.298828125,linear_block,point,linear,minirocket,minirocket,1,1,False,0.9149999999999999,0.9149999999999999,0.0
ShapesAll,4,0.3,512,153,0.298828125,linear_block,linear_block,linear,minirocket,minirocket,1,1,False,0.4666666666666667,0.4666666666666667,0.0
ShapesAll,5,0.05,512,25,0.048828125,point,linear_block,linear,minirocket,minirocket,1,1,False,0.9083333333333333,0.9083333333333333,0.0
ShapesAll,5,0.05,512,25,0.048828125,linear_block,point,linear,minirocket,minirocket,1,1,False,0.9116666666666667,0.9116666666666667,0.0
ShapesAll,5,0.05,512,25,0.048828125,linear_block,linear_block,linear,minirocket,minirocket,1,1,False,0.9083333333333333,0.9083333333333333,0.0
ShapesAll,5,0.1,512,51,0.099609375,point,linear_block,linear,minirocket,minirocket,1,1,False,0.9016666666666666,0.9016666666666666,0.0
ShapesAll,5,0.1,512,51,0.099609375,linear_block,point,linear,minirocket,minirocket,1,1,False,0.9116666666666667,0.9116666666666667,0.0
ShapesAll,5,0.1,512,51,0.099609375,linear_block,linear_block,linear,minirocket,minirocket,1,1,False,0.9016666666666666,0.9016666666666666,0.0
ShapesAll,5,0.15,512,76,0.1484375,point,linear_block,linear,minirocket,minirocket,1,1,False,0.8749999999999999,0.8749999999999999,0.0
ShapesAll,5,0.15,512,76,0.1484375,linear_block,point,linear,minirocket,minirocket,1,1,False,0.9116666666666666,0.9116666666666666,0.0
ShapesAll,5,0.15,512,76,0.1484375,linear_block,linear_block,linear,minirocket,minirocket,1,1,False,0.8749999999999999,0.8749999999999999,0.0
ShapesAll,5,0.2,512,102,0.19921875,point,linear_block,linear,minirocket,minirocket,1,1,False,0.7999999999999999,0.7999999999999999,0.0
ShapesAll,5,0.2,512,102,0.19921875,linear_block,point,linear,minirocket,minirocket,1,1,False,0.91,0.91,0.0
ShapesAll,5,0.2,512,102,0.19921875,linear_block,linear_block,linear,minirocket,minirocket,1,1,False,0.7999999999999999,0.7999999999999999,0.0
ShapesAll,5,0.25,512,128,0.25,point,linear_block,linear,minirocket,minirocket,1,1,False,0.6833333333333333,0.6833333333333333,0.0
ShapesAll,5,0.25,512,128,0.25,linear_block,point,linear,minirocket,minirocket,1,1,False,0.91,0.91,0.0
ShapesAll,5,0.25,512,128,0.25,linear_block,linear_block,linear,minirocket,minirocket,1,1,False,0.6833333333333333,0.6833333333333333,0.0
ShapesAll,5,0.3,512,153,0.298828125,point,linear_block,linear,minirocket,minirocket,1,1,False,0.4700000000000001,0.4700000000000001,0.0
ShapesAll,5,0.3,512,153,0.298828125,linear_block,point,linear,minirocket,minirocket,1,1,False,0.91,0.91,0.0
ShapesAll,5,0.3,512,153,0.298828125,linear_block,linear_block,linear,minirocket,minirocket,1,1,False,0.4700000000000001,0.4700000000000001,0.0
SmallKitchenAppliances,1,0.05,720,36,0.05,point,linear_block,linear,minirocket,minirocket,1,1,False,0.8160000000000002,0.8160000000000002,0.0
SmallKitchenAppliances,1,0.05,720,36,0.05,linear_block,point,linear,minirocket,minirocket,1,1,False,0.8186666666666668,0.8186666666666668,0.0
SmallKitchenAppliances,1,0.05,720,36,0.05,linear_block,linear_block,linear,minirocket,minirocket,1,1,False,0.8160000000000002,0.8160000000000002,0.0
SmallKitchenAppliances,1,0.1,720,72,0.1,point,linear_block,linear,minirocket,minirocket,1,1,False,0.7920000000000001,0.7920000000000001,0.0
SmallKitchenAppliances,1,0.1,720,72,0.1,linear_block,point,linear,minirocket,minirocket,1,1,False,0.8053333333333335,0.8053333333333335,0.0
SmallKitchenAppliances,1,0.1,720,72,0.1,linear_block,linear_block,linear,minirocket,minirocket,1,1,False,0.7920000000000001,0.7920000000000001,0.0
SmallKitchenAppliances,1,0.15,720,108,0.15,point,linear_block,linear,minirocket,minirocket,1,1,False,0.7866666666666667,0.7866666666666667,0.0
SmallKitchenAppliances,1,0.15,720,108,0.15,linear_block,point,linear,minirocket,minirocket,1,1,False,0.8080000000000002,0.8080000000000002,0.0
SmallKitchenAppliances,1,0.15,720,108,0.15,linear_block,linear_block,linear,minirocket,minirocket,1,1,False,0.7866666666666667,0.7866666666666667,0.0
SmallKitchenAppliances,1,0.2,720,144,0.2,point,linear_block,linear,minirocket,minirocket,1,1,False,0.7733333333333334,0.7733333333333334,0.0
SmallKitchenAppliances,1,0.2,720,144,0.2,linear_block,point,linear,minirocket,minirocket,1,1,False,0.8186666666666668,0.8186666666666668,0.0
SmallKitchenAppliances,1,0.2,720,144,0.2,linear_block,linear_block,linear,minirocket,minirocket,1,1,False,0.7733333333333334,0.7733333333333334,0.0
SmallKitchenAppliances,1,0.25,720,180,0.25,point,linear_block,linear,minirocket,minirocket,1,1,False,0.7653333333333334,0.7653333333333334,0.0
SmallKitchenAppliances,1,0.25,720,180,0.25,linear_block,point,linear,minirocket,minirocket,1,1,False,0.8186666666666667,0.8186666666666667,0.0
SmallKitchenAppliances,1,0.25,720,180,0.25,linear_block,linear_block,linear,minirocket,minirocket,1,1,False,0.7653333333333334,0.7653333333333334,0.0
SmallKitchenAppliances,1,0.3,720,216,0.3,point,linear_block,linear,minirocket,stat_rf,1,1,True,0.7360000000000001,0.7386666666666667,0.002666666666666595
SmallKitchenAppliances,1,0.3,720,216,0.3,linear_block,point,linear,minirocket,minirocket,1,1,False,0.7893333333333334,0.7893333333333334,0.0
SmallKitchenAppliances,1,0.3,720,216,0.3,linear_block,linear_block,linear,minirocket,stat_rf,1,1,True,0.7360000000000001,0.7386666666666667,0.002666666666666595
SmallKitchenAppliances,2,0.05,720,36,0.05,point,linear_block,linear,minirocket,minirocket,1,1,False,0.8213333333333334,0.8213333333333334,0.0
SmallKitchenAppliances,2,0.05,720,36,0.05,linear_block,point,linear,minirocket,minirocket,1,1,False,0.8373333333333334,0.8373333333333334,0.0
SmallKitchenAppliances,2,0.05,720,36,0.05,linear_block,linear_block,linear,minirocket,minirocket,1,1,False,0.8213333333333334,0.8213333333333334,0.0
SmallKitchenAppliances,2,0.1,720,72,0.1,point,linear_block,linear,minirocket,minirocket,1,1,False,0.824,0.824,0.0
SmallKitchenAppliances,2,0.1,720,72,0.1,linear_block,point,linear,minirocket,minirocket,1,1,False,0.8426666666666667,0.8426666666666667,0.0
SmallKitchenAppliances,2,0.1,720,72,0.1,linear_block,linear_block,linear,minirocket,minirocket,1,1,False,0.824,0.824,0.0
SmallKitchenAppliances,2,0.15,720,108,0.15,point,linear_block,linear,minirocket,minirocket,1,1,False,0.7839999999999999,0.7839999999999999,0.0
SmallKitchenAppliances,2,0.15,720,108,0.15,linear_block,point,linear,minirocket,minirocket,1,1,False,0.8266666666666667,0.8266666666666667,0.0
SmallKitchenAppliances,2,0.15,720,108,0.15,linear_block,linear_block,linear,minirocket,minirocket,1,1,False,0.7839999999999999,0.7839999999999999,0.0
SmallKitchenAppliances,2,0.2,720,144,0.2,point,linear_block,linear,minirocket,minirocket,1,1,False,0.7999999999999999,0.7999999999999999,0.0
SmallKitchenAppliances,2,0.2,720,144,0.2,linear_block,point,linear,minirocket,minirocket,1,1,False,0.8426666666666667,0.8426666666666667,0.0
SmallKitchenAppliances,2,0.2,720,144,0.2,linear_block,linear_block,linear,minirocket,minirocket,1,1,False,0.7999999999999999,0.7999999999999999,0.0
SmallKitchenAppliances,2,0.25,720,180,0.25,point,linear_block,linear,minirocket,minirocket,1,1,False,0.7839999999999999,0.7839999999999999,0.0
SmallKitchenAppliances,2,0.25,720,180,0.25,linear_block,point,linear,minirocket,minirocket,1,1,False,0.824,0.824,0.0
SmallKitchenAppliances,2,0.25,720,180,0.25,linear_block,linear_block,linear,minirocket,minirocket,1,1,False,0.7839999999999999,0.7839999999999999,0.0
SmallKitchenAppliances,2,0.3,720,216,0.3,point,linear_block,linear,minirocket,minirocket,1,1,False,0.7706666666666666,0.7706666666666666,0.0
SmallKitchenAppliances,2,0.3,720,216,0.3,linear_block,point,linear,minirocket,minirocket,1,1,False,0.8266666666666667,0.8266666666666667,0.0
SmallKitchenAppliances,2,0.3,720,216,0.3,linear_block,linear_block,linear,minirocket,minirocket,1,1,False,0.7706666666666666,0.7706666666666666,0.0
SmallKitchenAppliances,3,0.05,720,36,0.05,point,linear_block,linear,minirocket,minirocket,1,1,False,0.7999999999999999,0.7999999999999999,0.0
SmallKitchenAppliances,3,0.05,720,36,0.05,linear_block,point,linear,minirocket,minirocket,1,1,False,0.8133333333333334,0.8133333333333334,0.0
SmallKitchenAppliances,3,0.05,720,36,0.05,linear_block,linear_block,linear,minirocket,minirocket,1,1,False,0.7999999999999999,0.7999999999999999,0.0
SmallKitchenAppliances,3,0.1,720,72,0.1,point,linear_block,linear,minirocket,minirocket,1,1,False,0.7946666666666666,0.7946666666666666,0.0
SmallKitchenAppliances,3,0.1,720,72,0.1,linear_block,point,linear,minirocket,minirocket,1,1,False,0.8053333333333333,0.8053333333333333,0.0
SmallKitchenAppliances,3,0.1,720,72,0.1,linear_block,linear_block,linear,minirocket,minirocket,1,1,False,0.7946666666666666,0.7946666666666666,0.0
SmallKitchenAppliances,3,0.15,720,108,0.15,point,linear_block,linear,minirocket,minirocket,1,1,False,0.7839999999999999,0.7839999999999999,0.0
SmallKitchenAppliances,3,0.15,720,108,0.15,linear_block,point,linear,minirocket,minirocket,1,1,False,0.8079999999999999,0.8079999999999999,0.0
SmallKitchenAppliances,3,0.15,720,108,0.15,linear_block,linear_block,linear,minirocket,minirocket,1,1,False,0.7839999999999999,0.7839999999999999,0.0
SmallKitchenAppliances,3,0.2,720,144,0.2,point,linear_block,linear,minirocket,stat_rf,1,1,True,0.7546666666666666,0.7573333333333333,0.002666666666666706
SmallKitchenAppliances,3,0.2,720,144,0.2,linear_block,point,linear,stat_rf,minirocket,1,1,True,0.7306666666666666,0.7839999999999999,0.053333333333333344
SmallKitchenAppliances,3,0.2,720,144,0.2,linear_block,linear_block,linear,stat_rf,stat_rf,1,1,False,0.7573333333333333,0.7573333333333333,0.0
SmallKitchenAppliances,3,0.25,720,180,0.25,point,linear_block,linear,minirocket,minirocket,1,1,False,0.7519999999999999,0.7519999999999999,0.0
SmallKitchenAppliances,3,0.25,720,180,0.25,linear_block,point,linear,stat_rf,minirocket,1,1,True,0.7466666666666666,0.7973333333333333,0.05066666666666675
SmallKitchenAppliances,3,0.25,720,180,0.25,linear_block,linear_block,linear,stat_rf,minirocket,1,1,True,0.7439999999999999,0.7519999999999999,0.008000000000000007
SmallKitchenAppliances,3,0.3,720,216,0.3,point,linear_block,linear,minirocket,stat_rf,1,1,True,0.7253333333333333,0.7359999999999999,0.010666666666666602
SmallKitchenAppliances,3,0.3,720,216,0.3,linear_block,point,linear,stat_rf,minirocket,1,1,True,0.7013333333333334,0.7893333333333333,0.08799999999999997
SmallKitchenAppliances,3,0.3,720,216,0.3,linear_block,linear_block,linear,stat_rf,stat_rf,1,1,False,0.7359999999999999,0.7359999999999999,0.0
SmallKitchenAppliances,4,0.05,720,36,0.05,point,linear_block,linear,minirocket,minirocket,1,1,False,0.8026666666666668,0.8026666666666668,0.0
SmallKitchenAppliances,4,0.05,720,36,0.05,linear_block,point,linear,minirocket,minirocket,1,1,False,0.8186666666666668,0.8186666666666668,0.0
SmallKitchenAppliances,4,0.05,720,36,0.05,linear_block,linear_block,linear,minirocket,minirocket,1,1,False,0.8026666666666668,0.8026666666666668,0.0
SmallKitchenAppliances,4,0.1,720,72,0.1,point,linear_block,linear,minirocket,minirocket,1,1,False,0.7920000000000001,0.7920000000000001,0.0
SmallKitchenAppliances,4,0.1,720,72,0.1,linear_block,point,linear,minirocket,minirocket,1,1,False,0.8186666666666668,0.8186666666666668,0.0
SmallKitchenAppliances,4,0.1,720,72,0.1,linear_block,linear_block,linear,minirocket,minirocket,1,1,False,0.7920000000000001,0.7920000000000001,0.0
SmallKitchenAppliances,4,0.15,720,108,0.15,point,linear_block,linear,minirocket,minirocket|stat_rf,1,2,False,0.7786666666666667,0.7786666666666667,0.0
SmallKitchenAppliances,4,0.15,720,108,0.15,linear_block,point,linear,minirocket,minirocket,1,1,False,0.8266666666666667,0.8266666666666667,0.0
SmallKitchenAppliances,4,0.15,720,108,0.15,linear_block,linear_block,linear,minirocket,minirocket|stat_rf,1,2,False,0.7786666666666667,0.7786666666666667,0.0
SmallKitchenAppliances,4,0.2,720,144,0.2,point,linear_block,linear,minirocket,minirocket,1,1,False,0.7680000000000001,0.7680000000000001,0.0
SmallKitchenAppliances,4,0.2,720,144,0.2,linear_block,point,linear,minirocket,minirocket,1,1,False,0.8106666666666668,0.8106666666666668,0.0
SmallKitchenAppliances,4,0.2,720,144,0.2,linear_block,linear_block,linear,minirocket,minirocket,1,1,False,0.7680000000000001,0.7680000000000001,0.0
SmallKitchenAppliances,4,0.25,720,180,0.25,point,linear_block,linear,minirocket,minirocket|stat_rf,1,2,False,0.7653333333333334,0.7653333333333334,0.0
SmallKitchenAppliances,4,0.25,720,180,0.25,linear_block,point,linear,minirocket,minirocket,1,1,False,0.816,0.816,0.0
SmallKitchenAppliances,4,0.25,720,180,0.25,linear_block,linear_block,linear,minirocket,minirocket|stat_rf,1,2,False,0.7653333333333334,0.7653333333333334,0.0
SmallKitchenAppliances,4,0.3,720,216,0.3,point,linear_block,linear,minirocket,stat_rf,1,1,True,0.7440000000000001,0.7546666666666667,0.010666666666666602
SmallKitchenAppliances,4,0.3,720,216,0.3,linear_block,point,linear,minirocket,minirocket,1,1,False,0.8053333333333333,0.8053333333333333,0.0
SmallKitchenAppliances,4,0.3,720,216,0.3,linear_block,linear_block,linear,minirocket,stat_rf,1,1,True,0.7440000000000001,0.7546666666666667,0.010666666666666602
SmallKitchenAppliances,5,0.05,720,36,0.05,point,linear_block,linear,minirocket,minirocket,1,1,False,0.832,0.832,0.0
SmallKitchenAppliances,5,0.05,720,36,0.05,linear_block,point,linear,minirocket,minirocket,1,1,False,0.8346666666666667,0.8346666666666667,0.0
SmallKitchenAppliances,5,0.05,720,36,0.05,linear_block,linear_block,linear,minirocket,minirocket,1,1,False,0.832,0.832,0.0
SmallKitchenAppliances,5,0.1,720,72,0.1,point,linear_block,linear,minirocket,minirocket,1,1,False,0.8293333333333335,0.8293333333333335,0.0
SmallKitchenAppliances,5,0.1,720,72,0.1,linear_block,point,linear,minirocket,minirocket,1,1,False,0.8453333333333334,0.8453333333333334,0.0
SmallKitchenAppliances,5,0.1,720,72,0.1,linear_block,linear_block,linear,minirocket,minirocket,1,1,False,0.8293333333333335,0.8293333333333335,0.0
SmallKitchenAppliances,5,0.15,720,108,0.15,point,linear_block,linear,minirocket,minirocket,1,1,False,0.8106666666666668,0.8106666666666668,0.0
SmallKitchenAppliances,5,0.15,720,108,0.15,linear_block,point,linear,minirocket,minirocket,1,1,False,0.8186666666666668,0.8186666666666668,0.0
SmallKitchenAppliances,5,0.15,720,108,0.15,linear_block,linear_block,linear,minirocket,minirocket,1,1,False,0.8106666666666668,0.8106666666666668,0.0
SmallKitchenAppliances,5,0.2,720,144,0.2,point,linear_block,linear,minirocket,minirocket,1,1,False,0.8080000000000002,0.8080000000000002,0.0
SmallKitchenAppliances,5,0.2,720,144,0.2,linear_block,point,linear,minirocket,minirocket,1,1,False,0.8293333333333334,0.8293333333333334,0.0
SmallKitchenAppliances,5,0.2,720,144,0.2,linear_block,linear_block,linear,minirocket,minirocket,1,1,False,0.8080000000000002,0.8080000000000002,0.0
SmallKitchenAppliances,5,0.25,720,180,0.25,point,linear_block,linear,minirocket,minirocket,1,1,False,0.7653333333333334,0.7653333333333334,0.0
SmallKitchenAppliances,5,0.25,720,180,0.25,linear_block,point,linear,minirocket,minirocket,1,1,False,0.8053333333333335,0.8053333333333335,0.0
SmallKitchenAppliances,5,0.25,720,180,0.25,linear_block,linear_block,linear,minirocket,minirocket,1,1,False,0.7653333333333334,0.7653333333333334,0.0
SmallKitchenAppliances,5,0.3,720,216,0.3,point,linear_block,linear,minirocket,minirocket,1,1,False,0.7626666666666667,0.7626666666666667,0.0
SmallKitchenAppliances,5,0.3,720,216,0.3,linear_block,point,linear,minirocket,minirocket,1,1,False,0.832,0.832,0.0
SmallKitchenAppliances,5,0.3,720,216,0.3,linear_block,linear_block,linear,minirocket,minirocket,1,1,False,0.7626666666666667,0.7626666666666667,0.0
SonyAIBORobotSurface1,1,0.05,70,3,0.04285714285714286,point,linear_block,linear,minirocket,minirocket,1,1,False,0.9436458968969648,0.9436458968969648,0.0
SonyAIBORobotSurface1,1,0.05,70,3,0.04285714285714286,linear_block,point,linear,minirocket,minirocket,1,1,False,0.9475388161909282,0.9475388161909282,0.0
SonyAIBORobotSurface1,1,0.05,70,3,0.04285714285714286,linear_block,linear_block,linear,minirocket,minirocket,1,1,False,0.9436458968969648,0.9436458968969648,0.0
SonyAIBORobotSurface1,1,0.1,70,7,0.1,point,linear_block,linear,minirocket,minirocket,1,1,False,0.9178870883901733,0.9178870883901733,0.0
SonyAIBORobotSurface1,1,0.1,70,7,0.1,linear_block,point,linear,minirocket,minirocket,1,1,False,0.9397529776030014,0.9397529776030014,0.0
SonyAIBORobotSurface1,1,0.1,70,7,0.1,linear_block,linear_block,linear,minirocket,minirocket,1,1,False,0.9178870883901733,0.9178870883901733,0.0
SonyAIBORobotSurface1,1,0.15,70,10,0.14285714285714285,point,linear_block,linear,minirocket,minirocket,1,1,False,0.8858171175446923,0.8858171175446923,0.0
SonyAIBORobotSurface1,1,0.15,70,10,0.14285714285714285,linear_block,point,linear,dtw,minirocket,2,1,True,0.69533527696793,0.9266334440753046,0.2312981671073746
SonyAIBORobotSurface1,1,0.15,70,10,0.14285714285714285,linear_block,linear_block,linear,dtw,minirocket,2,1,True,0.6661807580174928,0.8858171175446923,0.2196363595271995
SonyAIBORobotSurface1,1,0.2,70,14,0.2,point,linear_block,linear,minirocket,minirocket,1,1,False,0.8260673039980111,0.8260673039980111,0.0
SonyAIBORobotSurface1,1,0.2,70,14,0.2,linear_block,point,linear,stat_rf,minirocket,2,1,True,0.800788754039822,0.9164293624426515,0.11564060840282953
SonyAIBORobotSurface1,1,0.2,70,14,0.2,linear_block,linear_block,linear,stat_rf,minirocket,2,1,True,0.8143885461161209,0.8260673039980111,0.011678757881890212
SonyAIBORobotSurface1,1,0.25,70,17,0.24285714285714285,point,linear_block,linear,minirocket,stat_rf,1,1,True,0.7935340249056433,0.8168237394625624,0.023289714556919083
SonyAIBORobotSurface1,1,0.25,70,17,0.24285714285714285,linear_block,point,linear,minirocket,minirocket,1,1,False,0.910598458652564,0.910598458652564,0.0
SonyAIBORobotSurface1,1,0.25,70,17,0.24285714285714285,linear_block,linear_block,linear,minirocket,stat_rf,1,1,True,0.7935340249056433,0.8168237394625624,0.023289714556919083
SonyAIBORobotSurface1,1,0.3,70,21,0.3,point,linear_block,linear,minirocket,stat_rf,1,1,True,0.7551528917214727,0.7998112866409022,0.04465839491942947
SonyAIBORobotSurface1,1,0.3,70,21,0.3,linear_block,point,linear,minirocket,minirocket,1,1,False,0.8931057472823016,0.8931057472823016,0.0
SonyAIBORobotSurface1,1,0.3,70,21,0.3,linear_block,linear_block,linear,minirocket,stat_rf,1,1,True,0.7551528917214727,0.7998112866409022,0.04465839491942947
SonyAIBORobotSurface1,2,0.05,70,3,0.04285714285714286,point,linear_block,linear,stat_rf,stat_rf,2,1,False,0.8352939182317445,0.8352939182317445,0.0
SonyAIBORobotSurface1,2,0.05,70,3,0.04285714285714286,linear_block,point,linear,stat_rf,stat_rf,1,1,False,0.8396670960743101,0.8396670960743101,0.0
SonyAIBORobotSurface1,2,0.05,70,3,0.04285714285714286,linear_block,linear_block,linear,stat_rf,stat_rf,1,1,False,0.8352939182317445,0.8352939182317445,0.0
SonyAIBORobotSurface1,2,0.1,70,7,0.1,point,linear_block,linear,stat_rf,stat_rf,2,1,False,0.8527696793002916,0.8527696793002916,0.0
SonyAIBORobotSurface1,2,0.1,70,7,0.1,linear_block,point,linear,stat_rf,stat_rf,1,1,False,0.832858724885303,0.832858724885303,0.0
SonyAIBORobotSurface1,2,0.1,70,7,0.1,linear_block,linear_block,linear,stat_rf,stat_rf,1,1,False,0.8527696793002916,0.8527696793002916,0.0
SonyAIBORobotSurface1,2,0.15,70,10,0.14285714285714285,point,linear_block,linear,stat_rf,stat_rf,2,1,False,0.8357741767803466,0.8357741767803466,0.0
SonyAIBORobotSurface1,2,0.15,70,10,0.14285714285714285,linear_block,point,linear,stat_rf,stat_rf,1,1,False,0.8226546432526498,0.8226546432526498,0.0
SonyAIBORobotSurface1,2,0.15,70,10,0.14285714285714285,linear_block,linear_block,linear,stat_rf,stat_rf,1,1,False,0.8357741767803466,0.8357741767803466,0.0
SonyAIBORobotSurface1,2,0.2,70,14,0.2,point,linear_block,linear,stat_rf,stat_rf,2,1,False,0.8168237394625624,0.8168237394625624,0.0
SonyAIBORobotSurface1,2,0.2,70,14,0.2,linear_block,point,linear,stat_rf,stat_rf,1,1,False,0.8202364002079237,0.8202364002079237,0.0
SonyAIBORobotSurface1,2,0.2,70,14,0.2,linear_block,linear_block,linear,stat_rf,stat_rf,1,1,False,0.8168237394625624,0.8168237394625624,0.0
SonyAIBORobotSurface1,2,0.25,70,17,0.24285714285714285,point,linear_block,linear,stat_rf,stat_rf,1,1,False,0.8070999163785115,0.8070999163785115,0.0
SonyAIBORobotSurface1,2,0.25,70,17,0.24285714285714285,linear_block,point,linear,stat_rf,stat_rf,1,1,False,0.8037042059348656,0.8037042059348656,0.0
SonyAIBORobotSurface1,2,0.25,70,17,0.24285714285714285,linear_block,linear_block,linear,stat_rf,stat_rf,1,1,False,0.8070999163785115,0.8070999163785115,0.0
SonyAIBORobotSurface1,2,0.3,70,21,0.3,point,linear_block,linear,stat_rf,stat_rf,3,1,False,0.8245926277487738,0.8245926277487738,0.0
SonyAIBORobotSurface1,2,0.3,70,21,0.3,linear_block,point,linear,stat_rf,stat_rf,1,1,False,0.775527154383348,0.775527154383348,0.0
SonyAIBORobotSurface1,2,0.3,70,21,0.3,linear_block,linear_block,linear,stat_rf,stat_rf,1,1,False,0.8245926277487738,0.8245926277487738,0.0
SonyAIBORobotSurface1,3,0.05,70,3,0.04285714285714286,point,linear_block,linear,minirocket,minirocket,2,1,False,0.8250898365990915,0.8250898365990915,0.0
SonyAIBORobotSurface1,3,0.05,70,3,0.04285714285714286,linear_block,point,linear,minirocket,minirocket,2,1,False,0.8382093701267883,0.8382093701267883,0.0
SonyAIBORobotSurface1,3,0.05,70,3,0.04285714285714286,linear_block,linear_block,linear,minirocket,minirocket,2,1,False,0.8250898365990915,0.8250898365990915,0.0
SonyAIBORobotSurface1,3,0.1,70,7,0.1,point,linear_block,linear,stat_rf,minirocket,2,1,True,0.7327558930548964,0.7565767170655637,0.02382082401066732
SonyAIBORobotSurface1,3,0.1,70,7,0.1,linear_block,point,linear,stat_rf,minirocket,1,1,True,0.7419825072886297,0.809535109724953,0.06755260243632333
SonyAIBORobotSurface1,3,0.1,70,7,0.1,linear_block,linear_block,linear,stat_rf,minirocket,1,1,True,0.7327558930548964,0.7565767170655637,0.02382082401066732
SonyAIBORobotSurface1,3,0.15,70,10,0.14285714285714285,point,linear_block,linear,minirocket,stat_rf,1,1,True,0.7162406490835537,0.7371290708974619,0.020888421813908264
SonyAIBORobotSurface1,3,0.15,70,10,0.14285714285714285,linear_block,point,linear,stat_rf,minirocket,2,1,True,0.7521865889212829,0.789126946459647,0.03694035753836411
SonyAIBORobotSurface1,3,0.15,70,10,0.14285714285714285,linear_block,linear_block,linear,stat_rf,stat_rf,2,1,False,0.7371290708974619,0.7371290708974619,0.0
SonyAIBORobotSurface1,3,0.2,70,14,0.2,point,linear_block,linear,stat_rf,stat_rf,2,1,False,0.7312981671073745,0.7312981671073745,0.0
SonyAIBORobotSurface1,3,0.2,70,14,0.2,linear_block,point,linear,minirocket,minirocket,2,1,False,0.7619104120053337,0.7619104120053337,0.0
SonyAIBORobotSurface1,3,0.2,70,14,0.2,linear_block,linear_block,linear,minirocket,stat_rf,2,1,True,0.6569541437837594,0.7312981671073745,0.07434402332361512
SonyAIBORobotSurface1,3,0.25,70,17,0.24285714285714285,point,linear_block,linear,stat_rf,stat_rf,2,1,False,0.7376093294460642,0.7376093294460642,0.0
SonyAIBORobotSurface1,3,0.25,70,17,0.24285714285714285,linear_block,point,linear,stat_rf,minirocket,1,1,True,0.6982507288629738,0.7210940854747214,0.022843356611747634
SonyAIBORobotSurface1,3,0.25,70,17,0.24285714285714285,linear_block,linear_block,linear,stat_rf,stat_rf,1,1,False,0.7376093294460642,0.7376093294460642,0.0
SonyAIBORobotSurface1,3,0.3,70,21,0.3,point,linear_block,linear,dtw,stat_rf,2,1,True,0.5811523945126224,0.7376093294460642,0.15645693493344182
SonyAIBORobotSurface1,3,0.3,70,21,0.3,linear_block,point,linear,stat_rf,stat_rf,3,1,False,0.7084548104956269,0.7084548104956269,0.0
SonyAIBORobotSurface1,3,0.3,70,21,0.3,linear_block,linear_block,linear,stat_rf,stat_rf,3,1,False,0.7376093294460642,0.7376093294460642,0.0
SonyAIBORobotSurface1,4,0.05,70,3,0.04285714285714286,point,linear_block,linear,dtw,minirocket,2,1,True,0.6875663886817185,0.8012690125884241,0.1137026239067056
SonyAIBORobotSurface1,4,0.05,70,3,0.04285714285714286,linear_block,point,linear,dtw,minirocket,2,1,True,0.6992281962618935,0.8182814654100843,0.11905326914819081
SonyAIBORobotSurface1,4,0.05,70,3,0.04285714285714286,linear_block,linear_block,linear,dtw,minirocket,2,1,True,0.6875663886817185,0.8012690125884241,0.1137026239067056
SonyAIBORobotSurface1,4,0.1,70,7,0.1,point,linear_block,linear,dtw,stat_rf,2,1,True,0.6695934187628539,0.7623906705539358,0.09279725179108189
SonyAIBORobotSurface1,4,0.1,70,7,0.1,linear_block,point,linear,stat_rf,minirocket,2,1,True,0.7623906705539358,0.7896072050082492,0.02721653445431338
SonyAIBORobotSurface1,4,0.1,70,7,0.1,linear_block,linear_block,linear,stat_rf,stat_rf,2,1,False,0.7623906705539358,0.7623906705539358,0.0
SonyAIBORobotSurface1,4,0.15,70,10,0.14285714285714285,point,linear_block,linear,dtw,stat_rf,2,1,True,0.6438346102560626,0.7536443148688047,0.10980970461274209
SonyAIBORobotSurface1,4,0.15,70,10,0.14285714285714285,linear_block,point,linear,stat_rf,minirocket,1,1,True,0.7638483965014577,0.7813411078717201,0.017492711370262315
SonyAIBORobotSurface1,4,0.15,70,10,0.14285714285714285,linear_block,linear_block,linear,stat_rf,stat_rf,1,1,False,0.7536443148688047,0.7536443148688047,0.0
SonyAIBORobotSurface1,4,0.2,70,14,0.2,point,linear_block,linear,stat_rf,stat_rf,2,1,False,0.749271137026239,0.749271137026239,0.0
SonyAIBORobotSurface1,4,0.2,70,14,0.2,linear_block,point,linear,stat_rf,minirocket,1,1,True,0.7303206997084548,0.7419825072886297,0.011661807580174877
SonyAIBORobotSurface1,4,0.2,70,14,0.2,linear_block,linear_block,linear,stat_rf,stat_rf,1,1,False,0.749271137026239,0.749271137026239,0.0
SonyAIBORobotSurface1,4,0.25,70,17,0.24285714285714285,point,linear_block,linear,dtw,stat_rf,2,1,True,0.6025380251768482,0.7385867968449839,0.13604877166813567
SonyAIBORobotSurface1,4,0.25,70,17,0.24285714285714285,linear_block,point,linear,stat_rf,stat_rf,1,1,False,0.7186588921282799,0.7186588921282799,0.0
SonyAIBORobotSurface1,4,0.25,70,17,0.24285714285714285,linear_block,linear_block,linear,stat_rf,stat_rf,1,1,False,0.7385867968449839,0.7385867968449839,0.0
SonyAIBORobotSurface1,4,0.3,70,21,0.3,point,linear_block,linear,stat_rf,stat_rf,2,1,False,0.7580174927113703,0.7580174927113703,0.0
SonyAIBORobotSurface1,4,0.3,70,21,0.3,linear_block,point,linear,stat_rf,minirocket,1,1,True,0.6880466472303207,0.7021436481569372,0.014097000926616476
SonyAIBORobotSurface1,4,0.3,70,21,0.3,linear_block,linear_block,linear,stat_rf,stat_rf,1,1,False,0.7580174927113703,0.7580174927113703,0.0
SonyAIBORobotSurface1,5,0.05,70,3,0.04285714285714286,point,linear_block,linear,dtw,minirocket,2,1,True,0.7444177006350713,0.9300461048206659,0.18562840418559456
SonyAIBORobotSurface1,5,0.05,70,3,0.04285714285714286,linear_block,point,linear,dtw,minirocket,2,1,True,0.7502486044251588,0.9344192826632314,0.18417067823807254
SonyAIBORobotSurface1,5,0.05,70,3,0.04285714285714286,linear_block,linear_block,linear,dtw,minirocket,2,1,True,0.7444177006350713,0.9300461048206659,0.18562840418559456
SonyAIBORobotSurface1,5,0.1,70,7,0.1,point,linear_block,linear,stat_rf,minirocket,2,1,True,0.8479162429091238,0.8771046624629918,0.029188419553867972
SonyAIBORobotSurface1,5,0.1,70,7,0.1,linear_block,point,linear,stat_rf,minirocket,2,1,True,0.8600583090379008,0.930526363369268,0.07046805433136716
SonyAIBORobotSurface1,5,0.1,70,7,0.1,linear_block,linear_block,linear,stat_rf,minirocket,2,1,True,0.8479162429091238,0.8771046624629918,0.029188419553867972
SonyAIBORobotSurface1,5,0.15,70,10,0.14285714285714285,point,linear_block,linear,dtw,minirocket,2,1,True,0.6851820462404231,0.8600752593396163,0.17489321309919315
SonyAIBORobotSurface1,5,0.15,70,10,0.14285714285714285,linear_block,point,linear,dtw,minirocket,1,1,True,0.7254672633172871,0.925192668429498,0.19972540511221093
SonyAIBORobotSurface1,5,0.15,70,10,0.14285714285714285,linear_block,linear_block,linear,dtw,minirocket,1,1,True,0.6851820462404231,0.8600752593396163,0.17489321309919315
SonyAIBORobotSurface1,5,0.2,70,14,0.2,point,linear_block,linear,stat_rf,stat_rf,2,1,False,0.8226546432526498,0.8226546432526498,0.0
SonyAIBORobotSurface1,5,0.2,70,14,0.2,linear_block,point,linear,dtw,minirocket,1,1,True,0.7094322778945465,0.9047675548624765,0.19533527696792996
SonyAIBORobotSurface1,5,0.2,70,14,0.2,linear_block,linear_block,linear,dtw,stat_rf,1,1,True,0.649236106402694,0.8226546432526498,0.17341853684995578
SonyAIBORobotSurface1,5,0.25,70,17,0.24285714285714285,point,linear_block,linear,dtw,stat_rf,2,1,True,0.6254152823920266,0.8168237394625624,0.19140845707053578
SonyAIBORobotSurface1,5,0.25,70,17,0.24285714285714285,linear_block,point,linear,stat_rf,minirocket,2,1,True,0.8080773837774312,0.8901902953872579,0.0821129116098267
SonyAIBORobotSurface1,5,0.25,70,17,0.24285714285714285,linear_block,linear_block,linear,stat_rf,stat_rf,2,1,False,0.8168237394625624,0.8168237394625624,0.0
SonyAIBORobotSurface1,5,0.3,70,21,0.3,point,linear_block,linear,stat_rf,stat_rf,2,1,False,0.8090548511763509,0.8090548511763509,0.0
SonyAIBORobotSurface1,5,0.3,70,21,0.3,linear_block,point,linear,dtw,minirocket,2,1,True,0.6778425655976676,0.8654089542793861,0.1875663886817185
SonyAIBORobotSurface1,5,0.3,70,21,0.3,linear_block,linear_block,linear,dtw,stat_rf,2,1,True,0.6079225710217642,0.8090548511763509,0.20113228015458673
SonyAIBORobotSurface2,1,0.05,65,3,0.046153846153846156,point,linear_block,linear,stat_rf,minirocket,3,1,True,0.8902152641878669,0.9171885192433138,0.0269732550554469
SonyAIBORobotSurface2,1,0.05,65,3,0.046153846153846156,linear_block,point,linear,dtw,minirocket,3,1,True,0.7832261671792005,0.9303676265026559,0.14714145932345546
SonyAIBORobotSurface2,1,0.05,65,3,0.046153846153846156,linear_block,linear_block,linear,dtw,minirocket,3,1,True,0.7623939986953685,0.9171885192433138,0.1547945205479453
SonyAIBORobotSurface2,1,0.1,65,6,0.09230769230769231,point,linear_block,linear,stat_rf,minirocket,2,1,True,0.8672118162333426,0.8865320100642997,0.019320193830957066
SonyAIBORobotSurface2,1,0.1,65,6,0.09230769230769231,linear_block,point,linear,stat_rf,minirocket,1,1,True,0.8853019289907744,0.9339110986860497,0.04860916969527529
SonyAIBORobotSurface2,1,0.1,65,6,0.09230769230769231,linear_block,linear_block,linear,stat_rf,minirocket,1,1,True,0.8672118162333426,0.8865320100642997,0.019320193830957066
SonyAIBORobotSurface2,1,0.15,65,9,0.13846153846153847,point,linear_block,linear,minirocket,minirocket,1,1,False,0.8583310036343303,0.8583310036343303,0.0
SonyAIBORobotSurface2,1,0.15,65,9,0.13846153846153847,linear_block,point,linear,minirocket,minirocket,2,1,False,0.9309826670394185,0.9309826670394185,0.0
SonyAIBORobotSurface2,1,0.15,65,9,0.13846153846153847,linear_block,linear_block,linear,minirocket,minirocket,2,1,False,0.8583310036343303,0.8583310036343303,0.0
SonyAIBORobotSurface2,1,0.2,65,13,0.2,point,linear_block,linear,minirocket,stat_rf,1,1,True,0.8149659863945579,0.8385402106047899,0.02357422421023203
SonyAIBORobotSurface2,1,0.2,65,13,0.2,linear_block,point,linear,stat_rf,minirocket,1,1,True,0.8698560246016215,0.8998066349827603,0.029950610381138776
SonyAIBORobotSurface2,1,0.2,65,13,0.2,linear_block,linear_block,linear,stat_rf,stat_rf,1,1,False,0.8385402106047899,0.8385402106047899,0.0
SonyAIBORobotSurface2,1,0.25,65,16,0.24615384615384617,point,linear_block,linear,stat_rf,stat_rf,1,1,False,0.8228100829372845,0.8228100829372845,0.0
SonyAIBORobotSurface2,1,0.25,65,16,0.24615384615384617,linear_block,point,linear,stat_rf,minirocket,1,1,True,0.8674005218525767,0.9016494268940454,0.034248905041468714
SonyAIBORobotSurface2,1,0.25,65,16,0.24615384615384617,linear_block,linear_block,linear,stat_rf,stat_rf,1,1,False,0.8228100829372845,0.8228100829372845,0.0
SonyAIBORobotSurface2,1,0.3,65,19,0.2923076923076923,point,linear_block,linear,minirocket,stat_rf,1,1,True,0.7366438356164384,0.7940429596496132,0.05739912403317482
SonyAIBORobotSurface2,1,0.3,65,19,0.2923076923076923,linear_block,point,linear,stat_rf,minirocket,1,1,True,0.8430738048644115,0.8760949585313578,0.033021153666946246
SonyAIBORobotSurface2,1,0.3,65,19,0.2923076923076923,linear_block,linear_block,linear,stat_rf,stat_rf,1,1,False,0.7940429596496132,0.7940429596496132,0.0
SonyAIBORobotSurface2,2,0.05,65,3,0.046153846153846156,point,linear_block,linear,stat_rf,minirocket,3,1,True,0.8993803000652316,0.9198350573105954,0.02045475724536383
SonyAIBORobotSurface2,2,0.05,65,3,0.046153846153846156,linear_block,point,linear,dtw,minirocket,2,1,True,0.7838878016960209,0.9296128040257199,0.14572500232969898
SonyAIBORobotSurface2,2,0.05,65,3,0.046153846153846156,linear_block,linear_block,linear,dtw,minirocket,2,1,True,0.7828487559407324,0.9198350573105954,0.136986301369863
SonyAIBORobotSurface2,2,0.1,65,6,0.09230769230769231,point,linear_block,linear,stat_rf,stat_rf,3,1,False,0.8838878016960209,0.8838878016960209,0.0
SonyAIBORobotSurface2,2,0.1,65,6,0.09230769230769231,linear_block,point,linear,dtw,minirocket,2,1,True,0.7818563041655018,0.9309826670394185,0.14912636287391667
SonyAIBORobotSurface2,2,0.1,65,6,0.09230769230769231,linear_block,linear_block,linear,dtw,stat_rf,2,1,True,0.7762347404715311,0.8838878016960209,0.10765306122448981
SonyAIBORobotSurface2,2,0.15,65,9,0.13846153846153847,point,linear_block,linear,dtw,stat_rf,2,1,True,0.7588039325319169,0.8641901966265958,0.10538626409467888
SonyAIBORobotSurface2,2,0.15,65,9,0.13846153846153847,linear_block,point,linear,stat_rf,minirocket,2,1,True,0.8937587363712609,0.9158675799086757,0.022108843537414824
SonyAIBORobotSurface2,2,0.15,65,9,0.13846153846153847,linear_block,linear_block,linear,stat_rf,stat_rf,2,1,False,0.8641901966265958,0.8641901966265958,0.0
SonyAIBORobotSurface2,2,0.2,65,13,0.2,point,linear_block,linear,stat_rf,stat_rf,1,1,False,0.8521456527816607,0.8521456527816607,0.0
SonyAIBORobotSurface2,2,0.2,65,13,0.2,linear_block,point,linear,stat_rf,stat_rf,1,1,False,0.8894138477308732,0.8894138477308732,0.0
SonyAIBORobotSurface2,2,0.2,65,13,0.2,linear_block,linear_block,linear,stat_rf,stat_rf,1,1,False,0.8521456527816607,0.8521456527816607,0.0
SonyAIBORobotSurface2,2,0.25,65,16,0.24615384615384617,point,linear_block,linear,minirocket,stat_rf,3,1,True,0.727578976796198,0.8379274997670301,0.11034852297083209
SonyAIBORobotSurface2,2,0.25,65,16,0.24615384615384617,linear_block,point,linear,stat_rf,stat_rf,1,1,False,0.8715590345727332,0.8715590345727332,0.0
SonyAIBORobotSurface2,2,0.25,65,16,0.24615384615384617,linear_block,linear_block,linear,stat_rf,stat_rf,1,1,False,0.8379274997670301,0.8379274997670301,0.0
SonyAIBORobotSurface2,2,0.3,65,19,0.2923076923076923,point,linear_block,linear,dtw,stat_rf,2,1,True,0.757291957879042,0.8274881185350853,0.07019616065604328
SonyAIBORobotSurface2,2,0.3,65,19,0.2923076923076923,linear_block,point,linear,stat_rf,stat_rf,1,1,False,0.8388710278632001,0.8388710278632001,0.0
SonyAIBORobotSurface2,2,0.3,65,19,0.2923076923076923,linear_block,linear_block,linear,stat_rf,stat_rf,1,1,False,0.8274881185350853,0.8274881185350853,0.0
SonyAIBORobotSurface2,3,0.05,65,3,0.046153846153846156,point,linear_block,linear,minirocket,minirocket,2,1,False,0.9211583263442363,0.9211583263442363,0.0
SonyAIBORobotSurface2,3,0.05,65,3,0.046153846153846156,linear_block,point,linear,dtw,minirocket,3,1,True,0.7962631627993664,0.9381162053862641,0.14185304258689768
SonyAIBORobotSurface2,3,0.05,65,3,0.046153846153846156,linear_block,linear_block,linear,dtw,minirocket,3,1,True,0.7841231012953127,0.9211583263442363,0.13703522504892363
SonyAIBORobotSurface2,3,0.1,65,6,0.09230769230769231,point,linear_block,linear,dtw,minirocket,1,1,True,0.7679200447302208,0.8773693038859379,0.10944925915571713
SonyAIBORobotSurface2,3,0.1,65,6,0.09230769230769231,linear_block,point,linear,dtw,minirocket,1,1,True,0.7764234460907651,0.9248905041468642,0.14846705805609917
SonyAIBORobotSurface2,3,0.1,65,6,0.09230769230769231,linear_block,linear_block,linear,dtw,minirocket,1,1,True,0.7679200447302208,0.8773693038859379,0.10944925915571713
SonyAIBORobotSurface2,3,0.15,65,9,0.13846153846153847,point,linear_block,linear,stat_rf,stat_rf,3,1,False,0.859891901966266,0.859891901966266,0.0
SonyAIBORobotSurface2,3,0.15,65,9,0.13846153846153847,linear_block,point,linear,dtw,minirocket,1,1,True,0.7818563041655018,0.9120422141459323,0.13018590998043056
SonyAIBORobotSurface2,3,0.15,65,9,0.13846153846153847,linear_block,linear_block,linear,dtw,stat_rf,1,1,True,0.7586618208927407,0.859891901966266,0.10123008107352527
SonyAIBORobotSurface2,3,0.2,65,13,0.2,point,linear_block,linear,dtw,stat_rf,2,1,True,0.7416084241915943,0.829566210045662,0.08795778585406766
SonyAIBORobotSurface2,3,0.2,65,13,0.2,linear_block,point,linear,dtw,minirocket,1,1,True,0.7656066536203523,0.8919671978380393,0.12636054421768705
SonyAIBORobotSurface2,3,0.2,65,13,0.2,linear_block,linear_block,linear,dtw,stat_rf,1,1,True,0.7416084241915943,0.829566210045662,0.08795778585406766
SonyAIBORobotSurface2,3,0.25,65,16,0.24615384615384617,point,linear_block,linear,dtw,stat_rf,1,1,True,0.7282406113130183,0.8324480477122356,0.10420743639921726
SonyAIBORobotSurface2,3,0.25,65,16,0.24615384615384617,linear_block,point,linear,dtw,stat_rf,1,1,True,0.7450587084148728,0.8552138663684652,0.11015515795359243
SonyAIBORobotSurface2,3,0.25,65,16,0.24615384615384617,linear_block,linear_block,linear,dtw,stat_rf,1,1,True,0.7282406113130183,0.8324480477122356,0.10420743639921726
SonyAIBORobotSurface2,3,0.3,65,19,0.2923076923076923,point,linear_block,linear,stat_rf,stat_rf,3,1,False,0.8293775044264281,0.8293775044264281,0.0
SonyAIBORobotSurface2,3,0.3,65,19,0.2923076923076923,linear_block,point,linear,dtw,stat_rf,1,1,True,0.7237070170533967,0.8250302860870375,0.10132326903364086
SonyAIBORobotSurface2,3,0.3,65,19,0.2923076923076923,linear_block,linear_block,linear,dtw,stat_rf,1,1,True,0.7265399310409095,0.8293775044264281,0.10283757338551858
SonyAIBORobotSurface2,4,0.05,65,3,0.046153846153846156,point,linear_block,linear,minirocket,stat_rf,3,1,True,0.8893160003727518,0.8909234926847451,0.0016074923119933082
SonyAIBORobotSurface2,4,0.05,65,3,0.046153846153846156,linear_block,point,linear,dtw,stat_rf,3,1,True,0.7635751560898332,0.8894115180318702,0.12583636194203707
SonyAIBORobotSurface2,4,0.05,65,3,0.046153846153846156,linear_block,linear_block,linear,dtw,stat_rf,3,1,True,0.7401453732177803,0.8909234926847451,0.15077811946696484
SonyAIBORobotSurface2,4,0.1,65,6,0.09230769230769231,point,linear_block,linear,minirocket,minirocket,3,1,False,0.8908745690056845,0.8908745690056845,0.0
SonyAIBORobotSurface2,4,0.1,65,6,0.09230769230769231,linear_block,point,linear,dtw,stat_rf,3,1,True,0.7587573385518591,0.8921512440592676,0.13339390550740848
SonyAIBORobotSurface2,4,0.1,65,6,0.09230769230769231,linear_block,linear_block,linear,dtw,minirocket,3,1,True,0.7411844189730687,0.8908745690056845,0.14969015003261577
SonyAIBORobotSurface2,4,0.15,65,9,0.13846153846153847,point,linear_block,linear,stat_rf,minirocket,1,1,True,0.8579069984158048,0.8676334917528655,0.009726493337060771
SonyAIBORobotSurface2,4,0.15,65,9,0.13846153846153847,linear_block,point,linear,minirocket,minirocket,2,1,False,0.8861988631068867,0.8861988631068867,0.0
SonyAIBORobotSurface2,4,0.15,65,9,0.13846153846153847,linear_block,linear_block,linear,minirocket,minirocket,2,1,False,0.8676334917528655,0.8676334917528655,0.0
SonyAIBORobotSurface2,4,0.2,65,13,0.2,point,linear_block,linear,minirocket,stat_rf,2,1,True,0.8441547852017519,0.8520501351225422,0.007895349920790329
SonyAIBORobotSurface2,4,0.2,65,13,0.2,linear_block,point,linear,minirocket,minirocket,1,1,False,0.8822779796850246,0.8822779796850246,0.0
SonyAIBORobotSurface2,4,0.2,65,13,0.2,linear_block,linear_block,linear,minirocket,stat_rf,1,1,True,0.8441547852017519,0.8520501351225422,0.007895349920790329
SonyAIBORobotSurface2,4,0.25,65,16,0.24615384615384617,point,linear_block,linear,minirocket,stat_rf,2,1,True,0.8293215916503588,0.8546011555307054,0.02527956388034658
SonyAIBORobotSurface2,4,0.25,65,16,0.24615384615384617,linear_block,point,linear,stat_rf,minirocket,2,1,True,0.8633375267915385,0.8750512533780636,0.01171372658652503
SonyAIBORobotSurface2,4,0.25,65,16,0.24615384615384617,linear_block,linear_block,linear,stat_rf,stat_rf,2,1,False,0.8546011555307054,0.8546011555307054,0.0
SonyAIBORobotSurface2,4,0.3,65,19,0.2923076923076923,point,linear_block,linear,stat_rf,stat_rf,2,1,False,0.8609309477215543,0.8609309477215543,0.0
SonyAIBORobotSurface2,4,0.3,65,19,0.2923076923076923,linear_block,point,linear,stat_rf,minirocket,2,1,True,0.8420813530891809,0.8625803746155997,0.020499021526418804
SonyAIBORobotSurface2,4,0.3,65,19,0.2923076923076923,linear_block,linear_block,linear,stat_rf,stat_rf,2,1,False,0.8609309477215543,0.8609309477215543,0.0
SonyAIBORobotSurface2,5,0.05,65,3,0.046153846153846156,point,linear_block,linear,dtw,stat_rf,2,1,True,0.7666922933556984,0.9077415897865996,0.14104929643090114
SonyAIBORobotSurface2,5,0.05,65,3,0.046153846153846156,linear_block,point,linear,minirocket,stat_rf,2,1,True,0.8904971577672165,0.9151104277327369,0.02461326996552038
SonyAIBORobotSurface2,5,0.05,65,3,0.046153846153846156,linear_block,linear_block,linear,minirocket,stat_rf,2,1,True,0.8901663405088063,0.9077415897865996,0.017575249277793303
SonyAIBORobotSurface2,5,0.1,65,6,0.09230769230769231,point,linear_block,linear,minirocket,stat_rf,2,1,True,0.8785458018823968,0.8825179386823223,0.003972136799925474
SonyAIBORobotSurface2,5,0.1,65,6,0.09230769230769231,linear_block,point,linear,dtw,stat_rf,2,1,True,0.7691012021246855,0.8957902339017799,0.12668903177709445
SonyAIBORobotSurface2,5,0.1,65,6,0.09230769230769231,linear_block,linear_block,linear,dtw,stat_rf,2,1,True,0.763621750069891,0.8825179386823223,0.11889618861243134
SonyAIBORobotSurface2,5,0.15,65,9,0.13846153846153847,point,linear_block,linear,stat_rf,minirocket,3,1,True,0.8523809523809525,0.8609728823036064,0.008591929922653896
SonyAIBORobotSurface2,5,0.15,65,9,0.13846153846153847,linear_block,point,linear,dtw,stat_rf,2,1,True,0.7680155623893393,0.8930039138943249,0.12498835150498555
SonyAIBORobotSurface2,5,0.15,65,9,0.13846153846153847,linear_block,linear_block,linear,dtw,minirocket,2,1,True,0.7407114900754823,0.8609728823036064,0.12026139222812404
SonyAIBORobotSurface2,5,0.2,65,13,0.2,point,linear_block,linear,dtw,minirocket,3,1,True,0.7284293169322524,0.8440126735625757,0.11558335663032326
SonyAIBORobotSurface2,5,0.2,65,13,0.2,linear_block,point,linear,dtw,minirocket,2,1,True,0.7474676171838599,0.8836012487186655,0.13613363153480562
SonyAIBORobotSurface2,5,0.2,65,13,0.2,linear_block,linear_block,linear,dtw,minirocket,2,1,True,0.7284293169322524,0.8440126735625757,0.11558335663032326
SonyAIBORobotSurface2,5,0.25,65,16,0.24615384615384617,point,linear_block,linear,minirocket,minirocket,2,1,False,0.840800018637592,0.840800018637592,0.0
SonyAIBORobotSurface2,5,0.25,65,16,0.24615384615384617,linear_block,point,linear,minirocket,minirocket,3,1,False,0.8770827509085826,0.8770827509085826,0.0
SonyAIBORobotSurface2,5,0.25,65,16,0.24615384615384617,linear_block,linear_block,linear,minirocket,minirocket,3,1,False,0.840800018637592,0.840800018637592,0.0
SonyAIBORobotSurface2,5,0.3,65,19,0.2923076923076923,point,linear_block,linear,minirocket,stat_rf,1,1,True,0.8245480383934396,0.8311247786785947,0.006576740285155092
SonyAIBORobotSurface2,5,0.3,65,19,0.2923076923076923,linear_block,point,linear,minirocket,minirocket,2,1,False,0.8678245270711025,0.8678245270711025,0.0
SonyAIBORobotSurface2,5,0.3,65,19,0.2923076923076923,linear_block,linear_block,linear,minirocket,stat_rf,2,1,True,0.8245480383934396,0.8311247786785947,0.006576740285155092
Strawberry,1,0.05,235,11,0.04680851063829787,point,linear_block,linear,minirocket,minirocket,1,1,False,0.9533040488922842,0.9533040488922842,0.0
Strawberry,1,0.05,235,11,0.04680851063829787,linear_block,point,linear,minirocket,minirocket,1,1,False,0.9836070791953144,0.9836070791953144,0.0
Strawberry,1,0.05,235,11,0.04680851063829787,linear_block,linear_block,linear,minirocket,minirocket,1,1,False,0.9533040488922842,0.9533040488922842,0.0
Strawberry,1,0.1,235,23,0.09787234042553192,point,linear_block,linear,minirocket,dtw,1,1,True,0.8358798064680417,0.8877005347593583,0.051820728291316565
Strawberry,1,0.1,235,23,0.09787234042553192,linear_block,point,linear,dtw,minirocket,1,1,True,0.9478609625668449,0.9857079195314489,0.03784695696460394
Strawberry,1,0.1,235,23,0.09787234042553192,linear_block,linear_block,linear,dtw,dtw,1,1,False,0.8877005347593583,0.8877005347593583,0.0
Strawberry,1,0.15,235,35,0.14893617021276595,point,linear_block,linear,minirocket,dtw,1,1,True,0.8068500127323657,0.8388719124013242,0.03202189966895852
Strawberry,1,0.15,235,35,0.14893617021276595,linear_block,point,linear,dtw,minirocket,1,1,True,0.9478609625668449,0.9840208810797046,0.03615991851285971
Strawberry,1,0.15,235,35,0.14893617021276595,linear_block,linear_block,linear,dtw,dtw,1,1,False,0.8388719124013242,0.8388719124013242,0.0
Strawberry,1,0.2,235,47,0.2,point,linear_block,linear,minirocket,dtw,1,1,True,0.7424879042526101,0.8102559205500381,0.06776801629742801
Strawberry,1,0.2,235,47,0.2,linear_block,point,linear,dtw,minirocket,1,1,True,0.9520626432391138,0.9781321619556913,0.026069518716577478
Strawberry,1,0.2,235,47,0.2,linear_block,linear_block,linear,dtw,dtw,1,1,False,0.8102559205500381,0.8102559205500381,0.0
Strawberry,1,0.25,235,58,0.24680851063829787,point,linear_block,linear,minirocket,dtw,1,1,True,0.7046409472880061,0.7938311688311688,0.0891902215431627
Strawberry,1,0.25,235,58,0.24680851063829787,linear_block,point,linear,dtw,minirocket,1,1,True,0.9516488413547237,0.9823338426279603,0.03068500127323659
Strawberry,1,0.25,235,58,0.24680851063829787,linear_block,linear_block,linear,dtw,dtw,1,1,False,0.7938311688311688,0.7938311688311688,0.0
Strawberry,1,0.3,235,70,0.2978723404255319,point,linear_block,linear,dtw,dtw,1,1,False,0.7530239368474663,0.7530239368474663,0.0
Strawberry,1,0.3,235,70,0.2978723404255319,linear_block,point,linear,dtw,minirocket,1,1,True,0.9377705627705628,0.9764451235039471,0.03867456073338427
Strawberry,1,0.3,235,70,0.2978723404255319,linear_block,linear_block,linear,dtw,dtw,1,1,False,0.7530239368474663,0.7530239368474663,0.0
Strawberry,2,0.05,235,11,0.04680851063829787,point,linear_block,linear,minirocket,minirocket,1,1,False,0.9612936083524319,0.9612936083524319,0.0
Strawberry,2,0.05,235,11,0.04680851063829787,linear_block,point,linear,minirocket,minirocket,1,1,False,0.9857079195314489,0.9857079195314489,0.0
Strawberry,2,0.05,235,11,0.04680851063829787,linear_block,linear_block,linear,minirocket,minirocket,1,1,False,0.9612936083524319,0.9612936083524319,0.0
Strawberry,2,0.1,235,23,0.09787234042553192,point,linear_block,linear,minirocket,dtw,1,1,True,0.8590208810797046,0.8662464985994398,0.007225617519735161
Strawberry,2,0.1,235,23,0.09787234042553192,linear_block,point,linear,dtw,minirocket,1,1,True,0.9226190476190477,0.9798192004074358,0.05720015278838808
Strawberry,2,0.1,235,23,0.09787234042553192,linear_block,linear_block,linear,dtw,dtw,1,1,False,0.8662464985994398,0.8662464985994398,0.0
Strawberry,2,0.15,235,35,0.14893617021276595,point,linear_block,linear,minirocket,dtw,1,1,True,0.7542335115864527,0.8258530685001273,0.07161955691367461
Strawberry,2,0.15,235,35,0.14893617021276595,linear_block,point,linear,dtw,minirocket,1,1,True,0.9184173669467787,0.9802330022918258,0.06181563534504708
Strawberry,2,0.15,235,35,0.14893617021276595,linear_block,linear_block,linear,dtw,dtw,1,1,False,0.8258530685001273,0.8258530685001273,0.0
Strawberry,2,0.2,235,47,0.2,point,linear_block,linear,minirocket,dtw,1,1,True,0.6667303284950344,0.7778838808250572,0.11115355233002278
Strawberry,2,0.2,235,47,0.2,linear_block,point,linear,dtw,minirocket,1,1,True,0.9247198879551821,0.9819200407435702,0.05720015278838808
Strawberry,2,0.2,235,47,0.2,linear_block,linear_block,linear,dtw,dtw,1,1,False,0.7778838808250572,0.7778838808250572,0.0
Strawberry,2,0.25,235,58,0.24680851063829787,point,linear_block,linear,minirocket,dtw,1,1,True,0.5775082760376877,0.737458619811561,0.1599503437738733
Strawberry,2,0.25,235,58,0.24680851063829787,linear_block,point,linear,dtw,minirocket,1,1,True,0.9167303284950343,0.9722434428316782,0.055513114336643854
Strawberry,2,0.25,235,58,0.24680851063829787,linear_block,linear_block,linear,dtw,dtw,1,1,False,0.737458619811561,0.737458619811561,0.0
Strawberry,2,0.3,235,70,0.2978723404255319,point,linear_block,linear,minirocket,dtw,1,1,True,0.6099439775910364,0.69369111280876,0.08374713521772359
Strawberry,2,0.3,235,70,0.2978723404255319,linear_block,point,linear,dtw,minirocket,1,1,True,0.9285077667430608,0.9722434428316782,0.04373567608861739
Strawberry,2,0.3,235,70,0.2978723404255319,linear_block,linear_block,linear,dtw,dtw,1,1,False,0.69369111280876,0.69369111280876,0.0
Strawberry,3,0.05,235,11,0.04680851063829787,point,linear_block,linear,minirocket,minirocket,1,1,False,0.9549910873440286,0.9549910873440286,0.0
Strawberry,3,0.05,235,11,0.04680851063829787,linear_block,point,linear,minirocket,minirocket,1,1,False,0.9743442831678126,0.9743442831678126,0.0
Strawberry,3,0.05,235,11,0.04680851063829787,linear_block,linear_block,linear,minirocket,minirocket,1,1,False,0.9549910873440286,0.9549910873440286,0.0
Strawberry,3,0.1,235,23,0.09787234042553192,point,linear_block,linear,minirocket,dtw,1,1,True,0.8304048892284186,0.8658008658008658,0.035395976572447196
Strawberry,3,0.1,235,23,0.09787234042553192,linear_block,point,linear,dtw,minirocket,1,1,True,0.9209320091673032,0.9663547237076648,0.04542271454036162
Strawberry,3,0.1,235,23,0.09787234042553192,linear_block,linear_block,linear,dtw,dtw,1,1,False,0.8658008658008658,0.8658008658008658,0.0
Strawberry,3,0.15,235,35,0.14893617021276595,point,linear_block,linear,minirocket,dtw,1,1,True,0.7584670231729056,0.8287496816908582,0.07028265851795257
Strawberry,3,0.15,235,35,0.14893617021276595,linear_block,point,linear,dtw,minirocket,1,1,True,0.9205182072829132,0.9646676852559206,0.04414947797300739
Strawberry,3,0.15,235,35,0.14893617021276595,linear_block,linear_block,linear,dtw,dtw,1,1,False,0.8287496816908582,0.8287496816908582,0.0
Strawberry,3,0.2,235,47,0.2,point,linear_block,linear,minirocket,dtw,1,1,True,0.6995798319327731,0.7891838553603259,0.0896040234275528
Strawberry,3,0.2,235,47,0.2,linear_block,point,linear,dtw,minirocket,1,1,True,0.9285077667430608,0.9705564043799337,0.04204863763687294
Strawberry,3,0.2,235,47,0.2,linear_block,linear_block,linear,dtw,dtw,1,1,False,0.7891838553603259,0.7891838553603259,0.0
Strawberry,3,0.25,235,58,0.24680851063829787,point,linear_block,linear,minirocket,dtw,1,1,True,0.6844283167812579,0.7694168576521518,0.08498854087089391
Strawberry,3,0.25,235,58,0.24680851063829787,linear_block,point,linear,dtw,minirocket,1,1,True,0.9251336898395721,0.9688693659281895,0.04373567608861739
Strawberry,3,0.25,235,58,0.24680851063829787,linear_block,linear_block,linear,dtw,dtw,1,1,False,0.7694168576521518,0.7694168576521518,0.0
Strawberry,3,0.3,235,70,0.2978723404255319,point,linear_block,linear,dtw,dtw,1,1,False,0.7121848739495799,0.7121848739495799,0.0
Strawberry,3,0.3,235,70,0.2978723404255319,linear_block,point,linear,dtw,minirocket,1,1,True,0.9205182072829132,0.9688693659281895,0.04835115864527628
Strawberry,3,0.3,235,70,0.2978723404255319,linear_block,linear_block,linear,dtw,dtw,1,1,False,0.7121848739495799,0.7121848739495799,0.0
Strawberry,4,0.05,235,11,0.04680851063829787,point,linear_block,linear,minirocket,minirocket,1,1,False,0.957091927680163,0.957091927680163,0.0
Strawberry,4,0.05,235,11,0.04680851063829787,linear_block,point,linear,minirocket,minirocket,1,1,False,0.9756175197351669,0.9756175197351669,0.0
Strawberry,4,0.05,235,11,0.04680851063829787,linear_block,linear_block,linear,minirocket,minirocket,1,1,False,0.957091927680163,0.957091927680163,0.0
Strawberry,4,0.1,235,23,0.09787234042553192,point,linear_block,linear,minirocket,dtw,1,1,True,0.7992742551566081,0.8561242678889738,0.05685001273236567
Strawberry,4,0.1,235,23,0.09787234042553192,linear_block,point,linear,dtw,minirocket,1,1,True,0.9306086070791952,0.9840208810797046,0.05341227400050941
Strawberry,4,0.1,235,23,0.09787234042553192,linear_block,linear_block,linear,dtw,dtw,1,1,False,0.8561242678889738,0.8561242678889738,0.0
Strawberry,4,0.15,235,35,0.14893617021276595,point,linear_block,linear,minirocket,dtw,1,1,True,0.7298510313216195,0.8144576012223071,0.0846065699006876
Strawberry,4,0.15,235,35,0.14893617021276595,linear_block,point,linear,dtw,minirocket,1,1,True,0.9268207282913166,0.9760313216195569,0.04921059332824029
Strawberry,4,0.15,235,35,0.14893617021276595,linear_block,linear_block,linear,dtw,dtw,1,1,False,0.8144576012223071,0.8144576012223071,0.0
Strawberry,4,0.2,235,47,0.2,point,linear_block,linear,minirocket,dtw,1,1,True,0.6844283167812579,0.7909027247262541,0.10647440794499619
Strawberry,4,0.2,235,47,0.2,linear_block,point,linear,dtw,minirocket,1,1,True,0.9264069264069263,0.9743442831678126,0.047937356760886285
Strawberry,4,0.2,235,47,0.2,linear_block,linear_block,linear,dtw,dtw,1,1,False,0.7909027247262541,0.7909027247262541,0.0
Strawberry,4,0.25,235,58,0.24680851063829787,point,linear_block,linear,minirocket,dtw,1,1,True,0.6142093200916731,0.7786796536796536,0.16447033358798058
Strawberry,4,0.25,235,58,0.24680851063829787,linear_block,point,linear,dtw,minirocket,1,1,True,0.9301948051948052,0.9739304812834224,0.04373567608861717
Strawberry,4,0.25,235,58,0.24680851063829787,linear_block,linear_block,linear,dtw,dtw,1,1,False,0.7786796536796536,0.7786796536796536,0.0
Strawberry,4,0.3,235,70,0.2978723404255319,point,linear_block,linear,minirocket,dtw,1,1,True,0.5594919786096256,0.713044308632544,0.15355233002291835
Strawberry,4,0.3,235,70,0.2978723404255319,linear_block,point,linear,dtw,minirocket,1,1,True,0.928921568627451,0.9743442831678126,0.04542271454036162
Strawberry,4,0.3,235,70,0.2978723404255319,linear_block,linear_block,linear,dtw,dtw,1,1,False,0.713044308632544,0.713044308632544,0.0
Strawberry,5,0.05,235,11,0.04680851063829787,point,linear_block,linear,minirocket,minirocket,1,1,False,0.9650814871403106,0.9650814871403106,0.0
Strawberry,5,0.05,235,11,0.04680851063829787,linear_block,point,linear,minirocket,minirocket,1,1,False,0.9798192004074358,0.9798192004074358,0.0
Strawberry,5,0.05,235,11,0.04680851063829787,linear_block,linear_block,linear,minirocket,minirocket,1,1,False,0.9650814871403106,0.9650814871403106,0.0
Strawberry,5,0.1,235,23,0.09787234042553192,point,linear_block,linear,minirocket,dtw,1,1,True,0.8316781257957728,0.9011650114591291,0.06948688566335626
Strawberry,5,0.1,235,23,0.09787234042553192,linear_block,point,linear,dtw,minirocket,1,1,True,0.9364973262032086,0.9781321619556913,0.041634835752482724
Strawberry,5,0.1,235,23,0.09787234042553192,linear_block,linear_block,linear,dtw,dtw,1,1,False,0.9011650114591291,0.9011650114591291,0.0
Strawberry,5,0.15,235,35,0.14893617021276595,point,linear_block,linear,minirocket,dtw,1,1,True,0.7711038961038961,0.8519225872167049,0.08081869111280882
Strawberry,5,0.15,235,35,0.14893617021276595,linear_block,point,linear,dtw,minirocket,1,1,True,0.938598166539343,0.9781321619556913,0.03953399541634828
Strawberry,5,0.15,235,35,0.14893617021276595,linear_block,linear_block,linear,dtw,dtw,1,1,False,0.8519225872167049,0.8519225872167049,0.0
Strawberry,5,0.2,235,47,0.2,point,linear_block,linear,minirocket,dtw,1,1,True,0.7441749427043545,0.7888018843901197,0.0446269416857652
Strawberry,5,0.2,235,47,0.2,linear_block,point,linear,dtw,minirocket,1,1,True,0.9390119684237331,0.9760313216195569,0.03701935319582372
Strawberry,5,0.2,235,47,0.2,linear_block,linear_block,linear,dtw,dtw,1,1,False,0.7888018843901197,0.7888018843901197,0.0
Strawberry,5,0.25,235,58,0.24680851063829787,point,linear_block,linear,minirocket,dtw,1,1,True,0.6886299974535268,0.7867010440539852,0.0980710466004584
Strawberry,5,0.25,235,58,0.24680851063829787,linear_block,point,linear,dtw,minirocket,1,1,True,0.9360835243188185,0.9684555640437993,0.03237203972498082
Strawberry,5,0.25,235,58,0.24680851063829787,linear_block,linear_block,linear,dtw,dtw,1,1,False,0.7867010440539852,0.7867010440539852,0.0
Strawberry,5,0.3,235,70,0.2978723404255319,point,linear_block,linear,dtw,dtw,1,1,False,0.7631461675579323,0.7631461675579323,0.0
Strawberry,5,0.3,235,70,0.2978723404255319,linear_block,point,linear,dtw,minirocket,1,1,True,0.943659281894576,0.9726572447160682,0.02899796282149214
Strawberry,5,0.3,235,70,0.2978723404255319,linear_block,linear_block,linear,dtw,dtw,1,1,False,0.7631461675579323,0.7631461675579323,0.0
SwedishLeaf,1,0.05,128,6,0.046875,point,linear_block,linear,minirocket,minirocket,1,1,False,0.9587306934452435,0.9587306934452435,0.0
SwedishLeaf,1,0.05,128,6,0.046875,linear_block,point,linear,minirocket,minirocket,1,1,False,0.9616292441698813,0.9616292441698813,0.0
SwedishLeaf,1,0.05,128,6,0.046875,linear_block,linear_block,linear,minirocket,minirocket,1,1,False,0.9587306934452435,0.9587306934452435,0.0
SwedishLeaf,1,0.1,128,12,0.09375,point,linear_block,linear,minirocket,minirocket,1,1,False,0.9366934668117436,0.9366934668117436,0.0
SwedishLeaf,1,0.1,128,12,0.09375,linear_block,point,linear,minirocket,minirocket,1,1,False,0.9572814180829248,0.9572814180829248,0.0
SwedishLeaf,1,0.1,128,12,0.09375,linear_block,linear_block,linear,minirocket,minirocket,1,1,False,0.9366934668117436,0.9366934668117436,0.0
SwedishLeaf,1,0.15,128,19,0.1484375,point,linear_block,linear,minirocket,minirocket,1,1,False,0.8562733613605822,0.8562733613605822,0.0
SwedishLeaf,1,0.15,128,19,0.1484375,linear_block,point,linear,minirocket,minirocket,1,1,False,0.9480336610090807,0.9480336610090807,0.0
SwedishLeaf,1,0.15,128,19,0.1484375,linear_block,linear_block,linear,minirocket,minirocket,1,1,False,0.8562733613605822,0.8562733613605822,0.0
SwedishLeaf,1,0.2,128,25,0.1953125,point,linear_block,linear,minirocket,minirocket,1,1,False,0.785029225557176,0.785029225557176,0.0
SwedishLeaf,1,0.2,128,25,0.1953125,linear_block,point,linear,minirocket,minirocket,1,1,False,0.9523021220166721,0.9523021220166721,0.0
SwedishLeaf,1,0.2,128,25,0.1953125,linear_block,linear_block,linear,minirocket,minirocket,1,1,False,0.785029225557176,0.785029225557176,0.0
SwedishLeaf,1,0.25,128,32,0.25,point,linear_block,linear,minirocket,minirocket,1,1,False,0.6389968866320128,0.6389968866320128,0.0
SwedishLeaf,1,0.25,128,32,0.25,linear_block,point,linear,minirocket,minirocket,1,1,False,0.9478256357699996,0.9478256357699996,0.0
SwedishLeaf,1,0.25,128,32,0.25,linear_block,linear_block,linear,minirocket,minirocket,1,1,False,0.6389968866320128,0.6389968866320128,0.0
SwedishLeaf,1,0.3,128,38,0.296875,point,linear_block,linear,minirocket,minirocket,1,1,False,0.5138302504861246,0.5138302504861246,0.0
SwedishLeaf,1,0.3,128,38,0.296875,linear_block,point,linear,minirocket,minirocket,1,1,False,0.9390013234363704,0.9390013234363704,0.0
SwedishLeaf,1,0.3,128,38,0.296875,linear_block,linear_block,linear,minirocket,minirocket,1,1,False,0.5138302504861246,0.5138302504861246,0.0
SwedishLeaf,2,0.05,128,6,0.046875,point,linear_block,linear,minirocket,minirocket,1,1,False,0.9527246367929598,0.9527246367929598,0.0
SwedishLeaf,2,0.05,128,6,0.046875,linear_block,point,linear,minirocket,minirocket,1,1,False,0.955625323637746,0.955625323637746,0.0
SwedishLeaf,2,0.05,128,6,0.046875,linear_block,linear_block,linear,minirocket,minirocket,1,1,False,0.9527246367929598,0.9527246367929598,0.0
SwedishLeaf,2,0.1,128,12,0.09375,point,linear_block,linear,minirocket,minirocket,1,1,False,0.9389185636390606,0.9389185636390606,0.0
SwedishLeaf,2,0.1,128,12,0.09375,linear_block,point,linear,minirocket,minirocket,1,1,False,0.9540058159312819,0.9540058159312819,0.0
SwedishLeaf,2,0.1,128,12,0.09375,linear_block,linear_block,linear,minirocket,minirocket,1,1,False,0.9389185636390606,0.9389185636390606,0.0
SwedishLeaf,2,0.15,128,19,0.1484375,point,linear_block,linear,minirocket,minirocket,1,1,False,0.8910124467207857,0.8910124467207857,0.0
SwedishLeaf,2,0.15,128,19,0.1484375,linear_block,point,linear,minirocket,minirocket,1,1,False,0.9464340915893712,0.9464340915893712,0.0
SwedishLeaf,2,0.15,128,19,0.1484375,linear_block,linear_block,linear,minirocket,minirocket,1,1,False,0.8910124467207857,0.8910124467207857,0.0
SwedishLeaf,2,0.2,128,25,0.1953125,point,linear_block,linear,minirocket,minirocket,1,1,False,0.8273837784647882,0.8273837784647882,0.0
SwedishLeaf,2,0.2,128,25,0.1953125,linear_block,point,linear,minirocket,minirocket,1,1,False,0.9464927527349888,0.9464927527349888,0.0
SwedishLeaf,2,0.2,128,25,0.1953125,linear_block,linear_block,linear,minirocket,minirocket,1,1,False,0.8273837784647882,0.8273837784647882,0.0
SwedishLeaf,2,0.25,128,32,0.25,point,linear_block,linear,minirocket,minirocket,1,1,False,0.6801427586593437,0.6801427586593437,0.0
SwedishLeaf,2,0.25,128,32,0.25,linear_block,point,linear,minirocket,minirocket,1,1,False,0.9448260860683221,0.9448260860683221,0.0
SwedishLeaf,2,0.25,128,32,0.25,linear_block,linear_block,linear,minirocket,minirocket,1,1,False,0.6801427586593437,0.6801427586593437,0.0
SwedishLeaf,2,0.3,128,38,0.296875,point,linear_block,linear,minirocket,minirocket,1,1,False,0.5186593554381317,0.5186593554381317,0.0
SwedishLeaf,2,0.3,128,38,0.296875,linear_block,point,linear,minirocket,minirocket,1,1,False,0.9434804946916749,0.9434804946916749,0.0
SwedishLeaf,2,0.3,128,38,0.296875,linear_block,linear_block,linear,minirocket,minirocket,1,1,False,0.5186593554381317,0.5186593554381317,0.0
SwedishLeaf,3,0.05,128,6,0.046875,point,linear_block,linear,minirocket,minirocket,1,1,False,0.9562829349475311,0.9562829349475311,0.0
SwedishLeaf,3,0.05,128,6,0.046875,linear_block,point,linear,minirocket,minirocket,1,1,False,0.9563151410666939,0.9563151410666939,0.0
SwedishLeaf,3,0.05,128,6,0.046875,linear_block,linear_block,linear,minirocket,minirocket,1,1,False,0.9562829349475311,0.9562829349475311,0.0
SwedishLeaf,3,0.1,128,12,0.09375,point,linear_block,linear,minirocket,minirocket,1,1,False,0.9331725796943188,0.9331725796943188,0.0
SwedishLeaf,3,0.1,128,12,0.09375,linear_block,point,linear,minirocket,minirocket,1,1,False,0.9577644164290127,0.9577644164290127,0.0
SwedishLeaf,3,0.1,128,12,0.09375,linear_block,linear_block,linear,minirocket,minirocket,1,1,False,0.9331725796943188,0.9331725796943188,0.0
SwedishLeaf,3,0.15,128,19,0.1484375,point,linear_block,linear,minirocket,minirocket,1,1,False,0.8683816509533439,0.8683816509533439,0.0
SwedishLeaf,3,0.15,128,19,0.1484375,linear_block,point,linear,minirocket,minirocket,1,1,False,0.954865865704375,0.954865865704375,0.0
SwedishLeaf,3,0.15,128,19,0.1484375,linear_block,linear_block,linear,minirocket,minirocket,1,1,False,0.8683816509533439,0.8683816509533439,0.0
SwedishLeaf,3,0.2,128,25,0.1953125,point,linear_block,linear,minirocket,minirocket,1,1,False,0.7919894303685766,0.7919894303685766,0.0
SwedishLeaf,3,0.2,128,25,0.1953125,linear_block,point,linear,minirocket,minirocket,1,1,False,0.954865865704375,0.954865865704375,0.0
SwedishLeaf,3,0.2,128,25,0.1953125,linear_block,linear_block,linear,minirocket,minirocket,1,1,False,0.7919894303685766,0.7919894303685766,0.0
SwedishLeaf,3,0.25,128,32,0.25,point,linear_block,linear,minirocket,minirocket,1,1,False,0.6621794316528028,0.6621794316528028,0.0
SwedishLeaf,3,0.25,128,32,0.25,linear_block,point,linear,minirocket,minirocket,1,1,False,0.948881442949766,0.948881442949766,0.0
SwedishLeaf,3,0.25,128,32,0.25,linear_block,linear_block,linear,minirocket,minirocket,1,1,False,0.6621794316528028,0.6621794316528028,0.0
SwedishLeaf,3,0.3,128,38,0.296875,point,linear_block,linear,minirocket,minirocket,1,1,False,0.5186898581453887,0.5186898581453887,0.0
SwedishLeaf,3,0.3,128,38,0.296875,linear_block,point,linear,minirocket,minirocket,1,1,False,0.9489401040953837,0.9489401040953837,0.0
SwedishLeaf,3,0.3,128,38,0.296875,linear_block,linear_block,linear,minirocket,minirocket,1,1,False,0.5186898581453887,0.5186898581453887,0.0
SwedishLeaf,4,0.05,128,6,0.046875,point,linear_block,linear,minirocket,minirocket,1,1,False,0.9538049229353578,0.9538049229353578,0.0
SwedishLeaf,4,0.05,128,6,0.046875,linear_block,point,linear,minirocket,minirocket,1,1,False,0.9526031088764009,0.9526031088764009,0.0
SwedishLeaf,4,0.05,128,6,0.046875,linear_block,linear_block,linear,minirocket,minirocket,1,1,False,0.9538049229353578,0.9538049229353578,0.0
SwedishLeaf,4,0.1,128,12,0.09375,point,linear_block,linear,minirocket,minirocket,1,1,False,0.9313895386876754,0.9313895386876754,0.0
SwedishLeaf,4,0.1,128,12,0.09375,linear_block,point,linear,minirocket,minirocket,1,1,False,0.9496251930723981,0.9496251930723981,0.0
SwedishLeaf,4,0.1,128,12,0.09375,linear_block,linear_block,linear,minirocket,minirocket,1,1,False,0.9313895386876754,0.9313895386876754,0.0
SwedishLeaf,4,0.15,128,19,0.1484375,point,linear_block,linear,minirocket,minirocket,1,1,False,0.8755662584485103,0.8755662584485103,0.0
SwedishLeaf,4,0.15,128,19,0.1484375,linear_block,point,linear,minirocket,minirocket,1,1,False,0.9538349929343718,0.9538349929343718,0.0
SwedishLeaf,4,0.15,128,19,0.1484375,linear_block,linear_block,linear,minirocket,minirocket,1,1,False,0.8755662584485103,0.8755662584485103,0.0
SwedishLeaf,4,0.2,128,25,0.1953125,point,linear_block,linear,minirocket,minirocket,1,1,False,0.8029917319549935,0.8029917319549935,0.0
SwedishLeaf,4,0.2,128,25,0.1953125,linear_block,point,linear,minirocket,minirocket,1,1,False,0.9528205001807487,0.9528205001807487,0.0
SwedishLeaf,4,0.2,128,25,0.1953125,linear_block,linear_block,linear,minirocket,minirocket,1,1,False,0.8029917319549935,0.8029917319549935,0.0
SwedishLeaf,4,0.25,128,32,0.25,point,linear_block,linear,minirocket,minirocket,1,1,False,0.6875401323432248,0.6875401323432248,0.0
SwedishLeaf,4,0.25,128,32,0.25,linear_block,point,linear,minirocket,minirocket,1,1,False,0.9468947385717572,0.9468947385717572,0.0
SwedishLeaf,4,0.25,128,32,0.25,linear_block,linear_block,linear,minirocket,minirocket,1,1,False,0.6875401323432248,0.6875401323432248,0.0
SwedishLeaf,4,0.3,128,38,0.296875,point,linear_block,linear,minirocket,minirocket,1,1,False,0.5828874514998474,0.5828874514998474,0.0
SwedishLeaf,4,0.3,128,38,0.296875,linear_block,point,linear,minirocket,minirocket,1,1,False,0.9420212626113248,0.9420212626113248,0.0
SwedishLeaf,4,0.3,128,38,0.296875,linear_block,linear_block,linear,minirocket,minirocket,1,1,False,0.5828874514998474,0.5828874514998474,0.0
SwedishLeaf,5,0.05,128,6,0.046875,point,linear_block,linear,minirocket,minirocket,1,1,False,0.9600760420015079,0.9600760420015079,0.0
SwedishLeaf,5,0.05,128,6,0.046875,linear_block,point,linear,minirocket,minirocket,1,1,False,0.9628858615815138,0.9628858615815138,0.0
SwedishLeaf,5,0.05,128,6,0.046875,linear_block,linear_block,linear,minirocket,minirocket,1,1,False,0.9600760420015079,0.9600760420015079,0.0
SwedishLeaf,5,0.1,128,12,0.09375,point,linear_block,linear,minirocket,minirocket,1,1,False,0.9457061848055638,0.9457061848055638,0.0
SwedishLeaf,5,0.1,128,12,0.09375,linear_block,point,linear,minirocket,minirocket,1,1,False,0.9628064965021487,0.9628064965021487,0.0
SwedishLeaf,5,0.1,128,12,0.09375,linear_block,linear_block,linear,minirocket,minirocket,1,1,False,0.9457061848055638,0.9457061848055638,0.0
SwedishLeaf,5,0.15,128,19,0.1484375,point,linear_block,linear,minirocket,minirocket,1,1,False,0.8837885429943049,0.8837885429943049,0.0
SwedishLeaf,5,0.15,128,19,0.1484375,linear_block,point,linear,minirocket,minirocket,1,1,False,0.9644731631688154,0.9644731631688154,0.0
SwedishLeaf,5,0.15,128,19,0.1484375,linear_block,linear_block,linear,minirocket,minirocket,1,1,False,0.8837885429943049,0.8837885429943049,0.0
SwedishLeaf,5,0.2,128,25,0.1953125,point,linear_block,linear,minirocket,minirocket,1,1,False,0.8106299375937278,0.8106299375937278,0.0
SwedishLeaf,5,0.2,128,25,0.1953125,linear_block,point,linear,minirocket,minirocket,1,1,False,0.9520959900773567,0.9520959900773567,0.0
SwedishLeaf,5,0.2,128,25,0.1953125,linear_block,linear_block,linear,minirocket,minirocket,1,1,False,0.8106299375937278,0.8106299375937278,0.0
SwedishLeaf,5,0.25,128,32,0.25,point,linear_block,linear,minirocket,minirocket,1,1,False,0.6792474114166992,0.6792474114166992,0.0
SwedishLeaf,5,0.25,128,32,0.25,linear_block,point,linear,minirocket,minirocket,1,1,False,0.9584430453685112,0.9584430453685112,0.0
SwedishLeaf,5,0.25,128,32,0.25,linear_block,linear_block,linear,minirocket,minirocket,1,1,False,0.6792474114166992,0.6792474114166992,0.0
SwedishLeaf,5,0.3,128,38,0.296875,point,linear_block,linear,minirocket,minirocket,1,1,False,0.5677476829366613,0.5677476829366613,0.0
SwedishLeaf,5,0.3,128,38,0.296875,linear_block,point,linear,minirocket,minirocket,1,1,False,0.9554615295298525,0.9554615295298525,0.0
SwedishLeaf,5,0.3,128,38,0.296875,linear_block,linear_block,linear,minirocket,minirocket,1,1,False,0.5677476829366613,0.5677476829366613,0.0
Symbols,1,0.05,398,19,0.04773869346733668,point,linear_block,linear,dtw,minirocket,2,1,True,0.937366516841564,0.9822029871772112,0.044836470335647194
Symbols,1,0.05,398,19,0.04773869346733668,linear_block,point,linear,dtw,minirocket,2,1,True,0.9384280879668293,0.9822878140697598,0.04385972610293054
Symbols,1,0.05,398,19,0.04773869346733668,linear_block,linear_block,linear,dtw,minirocket,2,1,True,0.937366516841564,0.9822029871772112,0.044836470335647194
Symbols,1,0.1,398,39,0.09798994974874371,point,linear_block,linear,dtw,minirocket,2,1,True,0.9247077819138708,0.9760122143465305,0.0513044324326597
Symbols,1,0.1,398,39,0.09798994974874371,linear_block,point,linear,minirocket,minirocket,2,1,False,0.9812395960404096,0.9812395960404096,0.0
Symbols,1,0.1,398,39,0.09798994974874371,linear_block,linear_block,linear,minirocket,minirocket,2,1,False,0.9760122143465305,0.9760122143465305,0.0
Symbols,1,0.15,398,59,0.14824120603015076,point,linear_block,linear,minirocket,minirocket,2,1,False,0.9610332664774669,0.9610332664774669,0.0
Symbols,1,0.15,398,59,0.14824120603015076,linear_block,point,linear,minirocket,minirocket,2,1,False,0.9812395960404096,0.9812395960404096,0.0
Symbols,1,0.15,398,59,0.14824120603015076,linear_block,linear_block,linear,minirocket,minirocket,2,1,False,0.9610332664774669,0.9610332664774669,0.0
Symbols,1,0.2,398,79,0.1984924623115578,point,linear_block,linear,minirocket,minirocket,2,1,False,0.9292747287178046,0.9292747287178046,0.0
Symbols,1,0.2,398,79,0.1984924623115578,linear_block,point,linear,minirocket,minirocket,1,1,False,0.9822029871772112,0.9822029871772112,0.0
Symbols,1,0.2,398,79,0.1984924623115578,linear_block,linear_block,linear,minirocket,minirocket,1,1,False,0.9292747287178046,0.9292747287178046,0.0
Symbols,1,0.25,398,99,0.24874371859296482,point,linear_block,linear,minirocket,minirocket,2,1,False,0.8881536818457701,0.8881536818457701,0.0
Symbols,1,0.25,398,99,0.24874371859296482,linear_block,point,linear,minirocket,minirocket,1,1,False,0.9801913780110595,0.9801913780110595,0.0
Symbols,1,0.25,398,99,0.24874371859296482,linear_block,linear_block,linear,minirocket,minirocket,1,1,False,0.8881536818457701,0.8881536818457701,0.0
Symbols,1,0.3,398,119,0.2989949748743719,point,linear_block,linear,dtw,minirocket,2,1,True,0.7211200300936115,0.8483286025169813,0.1272085724233698
Symbols,1,0.3,398,119,0.2989949748743719,linear_block,point,linear,minirocket,minirocket,1,1,False,0.9790583330891609,0.9790583330891609,0.0
Symbols,1,0.3,398,119,0.2989949748743719,linear_block,linear_block,linear,minirocket,minirocket,1,1,False,0.8483286025169813,0.8483286025169813,0.0
Symbols,2,0.05,398,19,0.04773869346733668,point,linear_block,linear,dtw,minirocket,2,1,True,0.9406497655627799,0.974224737420005,0.03357497185722513
Symbols,2,0.05,398,19,0.04773869346733668,linear_block,point,linear,minirocket,minirocket,2,1,False,0.9753981969866055,0.9753981969866055,0.0
Symbols,2,0.05,398,19,0.04773869346733668,linear_block,linear_block,linear,minirocket,minirocket,2,1,False,0.974224737420005,0.974224737420005,0.0
Symbols,2,0.1,398,39,0.09798994974874371,point,linear_block,linear,minirocket,minirocket,2,1,False,0.9701304006480246,0.9701304006480246,0.0
Symbols,2,0.1,398,39,0.09798994974874371,linear_block,point,linear,dtw,minirocket,2,1,True,0.9427729078133108,0.9753981969866055,0.03262528917329466
Symbols,2,0.1,398,39,0.09798994974874371,linear_block,linear_block,linear,dtw,minirocket,2,1,True,0.9267775117807405,0.9701304006480246,0.043352888867284056
Symbols,2,0.15,398,59,0.14824120603015076,point,linear_block,linear,minirocket,minirocket,2,1,False,0.9563700353073202,0.9563700353073202,0.0
Symbols,2,0.15,398,59,0.14824120603015076,linear_block,point,linear,minirocket,minirocket,1,1,False,0.9763345265746205,0.9763345265746205,0.0
Symbols,2,0.15,398,59,0.14824120603015076,linear_block,linear_block,linear,minirocket,minirocket,1,1,False,0.9563700353073202,0.9563700353073202,0.0
Symbols,2,0.2,398,79,0.1984924623115578,point,linear_block,linear,minirocket,minirocket,2,1,False,0.9302999534588436,0.9302999534588436,0.0
Symbols,2,0.2,398,79,0.1984924623115578,linear_block,point,linear,minirocket,minirocket,2,1,False,0.9732750547360748,0.9732750547360748,0.0
Symbols,2,0.2,398,79,0.1984924623115578,linear_block,linear_block,linear,minirocket,minirocket,2,1,False,0.9302999534588436,0.9302999534588436,0.0
Symbols,2,0.25,398,99,0.24874371859296482,point,linear_block,linear,dtw,minirocket,2,1,True,0.693836767426479,0.8772491915970231,0.18341242417054404
Symbols,2,0.25,398,99,0.24874371859296482,linear_block,point,linear,minirocket,minirocket,1,1,False,0.9742113843240898,0.9742113843240898,0.0
Symbols,2,0.25,398,99,0.24874371859296482,linear_block,linear_block,linear,minirocket,minirocket,1,1,False,0.8772491915970231,0.8772491915970231,0.0
Symbols,2,0.3,398,119,0.2989949748743719,point,linear_block,linear,minirocket,minirocket,2,1,False,0.8283952425528395,0.8283952425528395,0.0
Symbols,2,0.3,398,119,0.2989949748743719,linear_block,point,linear,minirocket,minirocket,1,1,False,0.9743366258613402,0.9743366258613402,0.0
Symbols,2,0.3,398,119,0.2989949748743719,linear_block,linear_block,linear,minirocket,minirocket,1,1,False,0.8283952425528395,0.8283952425528395,0.0
Symbols,3,0.05,398,19,0.04773869346733668,point,linear_block,linear,stat_rf,minirocket,3,1,True,0.8862507139323462,0.9748748015520081,0.0886240876196619
Symbols,3,0.05,398,19,0.04773869346733668,linear_block,point,linear,dtw,minirocket,3,1,True,0.9501053703447487,0.9768273913026247,0.026722020957876014
Symbols,3,0.05,398,19,0.04773869346733668,linear_block,linear_block,linear,dtw,minirocket,3,1,True,0.9501053703447487,0.9748748015520081,0.024769431207259385
Symbols,3,0.1,398,39,0.09798994974874371,point,linear_block,linear,dtw,minirocket,3,1,True,0.9281426230072118,0.9724825714561435,0.04433994844893163
Symbols,3,0.1,398,39,0.09798994974874371,linear_block,point,linear,dtw,minirocket,2,1,True,0.9501053703447487,0.9768273913026247,0.026722020957876014
Symbols,3,0.1,398,39,0.09798994974874371,linear_block,linear_block,linear,dtw,minirocket,2,1,True,0.9281426230072118,0.9724825714561435,0.04433994844893163
Symbols,3,0.15,398,59,0.14824120603015076,point,linear_block,linear,dtw,minirocket,3,1,True,0.8800686073212415,0.9681243985137465,0.08805579119250506
Symbols,3,0.15,398,59,0.14824120603015076,linear_block,point,linear,stat_rf,minirocket,2,1,True,0.8956787138076674,0.975811131140023,0.08013241733235565
Symbols,3,0.15,398,59,0.14824120603015076,linear_block,linear_block,linear,stat_rf,minirocket,2,1,True,0.8284429905707361,0.9681243985137465,0.13968140794301043
Symbols,3,0.2,398,79,0.1984924623115578,point,linear_block,linear,dtw,minirocket,3,1,True,0.7976012747701896,0.951165966701331,0.15356469193114142
Symbols,3,0.2,398,79,0.1984924623115578,linear_block,point,linear,stat_rf,minirocket,2,1,True,0.8963658143929546,0.974762913110673,0.07839709871771838
Symbols,3,0.2,398,79,0.1984924623115578,linear_block,linear_block,linear,stat_rf,minirocket,2,1,True,0.7713136182947434,0.951165966701331,0.1798523484065876
Symbols,3,0.25,398,99,0.24874371859296482,point,linear_block,linear,minirocket,minirocket,3,1,False,0.9110788099940482,0.9110788099940482,0.0
Symbols,3,0.25,398,99,0.24874371859296482,linear_block,point,linear,minirocket,minirocket,1,1,False,0.975811131140023,0.975811131140023,0.0
Symbols,3,0.25,398,99,0.24874371859296482,linear_block,linear_block,linear,minirocket,minirocket,1,1,False,0.9110788099940482,0.9110788099940482,0.0
Symbols,3,0.3,398,119,0.2989949748743719,point,linear_block,linear,dtw,minirocket,3,1,True,0.7315627151020818,0.8663030666952816,0.13474035159319975
Symbols,3,0.3,398,119,0.2989949748743719,linear_block,point,linear,minirocket,minirocket,1,1,False,0.974762913110673,0.974762913110673,0.0
Symbols,3,0.3,398,119,0.2989949748743719,linear_block,linear_block,linear,minirocket,minirocket,1,1,False,0.8663030666952816,0.8663030666952816,0.0
Symbols,4,0.05,398,19,0.04773869346733668,point,linear_block,linear,minirocket,minirocket,1,1,False,0.9786680926119061,0.9786680926119061,0.0
Symbols,4,0.05,398,19,0.04773869346733668,linear_block,point,linear,minirocket,minirocket,1,1,False,0.9787933341491567,0.9787933341491567,0.0
Symbols,4,0.05,398,19,0.04773869346733668,linear_block,linear_block,linear,minirocket,minirocket,1,1,False,0.9786680926119061,0.9786680926119061,0.0
Symbols,4,0.1,398,39,0.09798994974874371,point,linear_block,linear,minirocket,minirocket,1,1,False,0.9743366258613402,0.9743366258613402,0.0
Symbols,4,0.1,398,39,0.09798994974874371,linear_block,point,linear,minirocket,minirocket,1,1,False,0.9787933341491567,0.9787933341491567,0.0
Symbols,4,0.1,398,39,0.09798994974874371,linear_block,linear_block,linear,minirocket,minirocket,1,1,False,0.9743366258613402,0.9743366258613402,0.0
Symbols,4,0.15,398,59,0.14824120603015076,point,linear_block,linear,minirocket,minirocket,1,1,False,0.9647240096762776,0.9647240096762776,0.0
Symbols,4,0.15,398,59,0.14824120603015076,linear_block,point,linear,stat_rf,minirocket,2,1,True,0.8040313454874498,0.9787933341491567,0.1747619886617069
Symbols,4,0.15,398,59,0.14824120603015076,linear_block,linear_block,linear,stat_rf,minirocket,2,1,True,0.7558514851993756,0.9647240096762776,0.20887252447690197
Symbols,4,0.2,398,79,0.1984924623115578,point,linear_block,linear,minirocket,minirocket,1,1,False,0.9464217537982523,0.9464217537982523,0.0
Symbols,4,0.2,398,79,0.1984924623115578,linear_block,point,linear,minirocket,minirocket,2,1,False,0.9777451161198066,0.9777451161198066,0.0
Symbols,4,0.2,398,79,0.1984924623115578,linear_block,linear_block,linear,minirocket,minirocket,2,1,False,0.9464217537982523,0.9464217537982523,0.0
Symbols,4,0.25,398,99,0.24874371859296482,point,linear_block,linear,minirocket,minirocket,1,1,False,0.9113368702826433,0.9113368702826433,0.0
Symbols,4,0.25,398,99,0.24874371859296482,linear_block,point,linear,stat_rf,minirocket,2,1,True,0.8057072893295961,0.9787933341491567,0.17308604481956058
Symbols,4,0.25,398,99,0.24874371859296482,linear_block,linear_block,linear,stat_rf,minirocket,2,1,True,0.722766424761364,0.9113368702826433,0.18857044552127933
Symbols,4,0.3,398,119,0.2989949748743719,point,linear_block,linear,minirocket,minirocket,1,1,False,0.8714612283162729,0.8714612283162729,0.0
Symbols,4,0.3,398,119,0.2989949748743719,linear_block,point,linear,minirocket,minirocket,2,1,False,0.9787933341491567,0.9787933341491567,0.0
Symbols,4,0.3,398,119,0.2989949748743719,linear_block,linear_block,linear,minirocket,minirocket,2,1,False,0.8714612283162729,0.8714612283162729,0.0
Symbols,5,0.05,398,19,0.04773869346733668,point,linear_block,linear,stat_rf,minirocket,3,1,True,0.8675256975372951,0.9798144906297201,0.11228879309242501
Symbols,5,0.05,398,19,0.04773869346733668,linear_block,point,linear,stat_rf,minirocket,3,1,True,0.8626473342633366,0.9798144906297201,0.11716715636638353
Symbols,5,0.05,398,19,0.04773869346733668,linear_block,linear_block,linear,stat_rf,minirocket,3,1,True,0.8675256975372951,0.9798144906297201,0.11228879309242501
Symbols,5,0.1,398,39,0.09798994974874371,point,linear_block,linear,dtw,minirocket,3,1,True,0.9288021186858515,0.9785695572664865,0.04976743858063504
Symbols,5,0.1,398,39,0.09798994974874371,linear_block,point,linear,dtw,minirocket,3,1,True,0.9458457327477717,0.9807778817665218,0.03493214901875008
Symbols,5,0.1,398,39,0.09798994974874371,linear_block,linear_block,linear,dtw,minirocket,3,1,True,0.9288021186858515,0.9785695572664865,0.04976743858063504
Symbols,5,0.15,398,59,0.14824120603015076,point,linear_block,linear,minirocket,minirocket,3,1,False,0.9720164129199697,0.9720164129199697,0.0
Symbols,5,0.15,398,59,0.14824120603015076,linear_block,point,linear,minirocket,minirocket,1,1,False,0.9798144906297201,0.9798144906297201,0.0
Symbols,5,0.15,398,59,0.14824120603015076,linear_block,linear_block,linear,minirocket,minirocket,1,1,False,0.9720164129199697,0.9720164129199697,0.0
Symbols,5,0.2,398,79,0.1984924623115578,point,linear_block,linear,minirocket,minirocket,3,1,False,0.9510838221988109,0.9510838221988109,0.0
Symbols,5,0.2,398,79,0.1984924623115578,linear_block,point,linear,minirocket,minirocket,1,1,False,0.9798144906297201,0.9798144906297201,0.0
Symbols,5,0.2,398,79,0.1984924623115578,linear_block,linear_block,linear,minirocket,minirocket,1,1,False,0.9510838221988109,0.9510838221988109,0.0
Symbols,5,0.25,398,99,0.24874371859296482,point,linear_block,linear,stat_rf,minirocket,3,1,True,0.7559160951769077,0.9191905907104075,0.16327449553349982
Symbols,5,0.25,398,99,0.24874371859296482,linear_block,point,linear,dtw,minirocket,2,1,True,0.9479688749983026,0.9798144906297201,0.03184561563141752
Symbols,5,0.25,398,99,0.24874371859296482,linear_block,linear_block,linear,dtw,minirocket,2,1,True,0.7389482140153708,0.9191905907104075,0.18024237669503673
Symbols,5,0.3,398,119,0.2989949748743719,point,linear_block,linear,dtw,minirocket,2,1,True,0.7211707807320981,0.8659397204107625,0.14476893967866444
Symbols,5,0.3,398,119,0.2989949748743719,linear_block,point,linear,minirocket,minirocket,2,1,False,0.9788781610417052,0.9788781610417052,0.0
Symbols,5,0.3,398,119,0.2989949748743719,linear_block,linear_block,linear,minirocket,minirocket,2,1,False,0.8659397204107625,0.8659397204107625,0.0
SyntheticControl,1,0.05,60,3,0.05,point,linear_block,linear,dtw,minirocket,1,1,True,0.9666666666666667,0.9833333333333333,0.016666666666666607
SyntheticControl,1,0.05,60,3,0.05,linear_block,point,linear,minirocket,minirocket,1,1,False,0.9866666666666667,0.9866666666666667,0.0
SyntheticControl,1,0.05,60,3,0.05,linear_block,linear_block,linear,minirocket,minirocket,1,1,False,0.9833333333333333,0.9833333333333333,0.0
SyntheticControl,1,0.1,60,6,0.1,point,linear_block,linear,minirocket,minirocket,1,1,False,0.9733333333333333,0.9733333333333333,0.0
SyntheticControl,1,0.1,60,6,0.1,linear_block,point,linear,dtw,minirocket,1,1,True,0.94,0.9833333333333333,0.043333333333333335
SyntheticControl,1,0.1,60,6,0.1,linear_block,linear_block,linear,dtw,minirocket,1,1,True,0.9633333333333333,0.9733333333333333,0.010000000000000009
SyntheticControl,1,0.15,60,9,0.15,point,linear_block,linear,minirocket,minirocket,1,1,False,0.9666666666666668,0.9666666666666668,0.0
SyntheticControl,1,0.15,60,9,0.15,linear_block,point,linear,stat_rf,minirocket,1,1,True,0.94,0.9933333333333333,0.053333333333333344
SyntheticControl,1,0.15,60,9,0.15,linear_block,linear_block,linear,stat_rf,minirocket,1,1,True,0.9500000000000001,0.9666666666666668,0.01666666666666672
SyntheticControl,1,0.2,60,12,0.2,point,linear_block,linear,minirocket,stat_rf,1,1,True,0.92,0.9333333333333332,0.013333333333333197
SyntheticControl,1,0.2,60,12,0.2,linear_block,point,linear,stat_rf,minirocket,1,1,True,0.9133333333333332,0.9766666666666666,0.06333333333333335
SyntheticControl,1,0.2,60,12,0.2,linear_block,linear_block,linear,stat_rf,stat_rf,1,1,False,0.9333333333333332,0.9333333333333332,0.0
SyntheticControl,1,0.25,60,15,0.25,point,linear_block,linear,minirocket,stat_rf,1,1,True,0.8633333333333333,0.9266666666666664,0.06333333333333313
SyntheticControl,1,0.25,60,15,0.25,linear_block,point,linear,stat_rf,minirocket,1,1,True,0.9166666666666666,0.9633333333333334,0.046666666666666745
SyntheticControl,1,0.25,60,15,0.25,linear_block,linear_block,linear,stat_rf,stat_rf,1,1,False,0.9266666666666664,0.9266666666666664,0.0
SyntheticControl,1,0.3,60,18,0.3,point,linear_block,linear,minirocket,stat_rf,1,1,True,0.7966666666666667,0.9266666666666667,0.13
SyntheticControl,1,0.3,60,18,0.3,linear_block,point,linear,stat_rf,minirocket,1,1,True,0.8933333333333334,0.9633333333333334,0.06999999999999995
SyntheticControl,1,0.3,60,18,0.3,linear_block,linear_block,linear,stat_rf,stat_rf,1,1,False,0.9266666666666667,0.9266666666666667,0.0
SyntheticControl,2,0.05,60,3,0.05,point,linear_block,linear,dtw,minirocket,1,1,True,0.9699999999999999,0.9799999999999999,0.010000000000000009
SyntheticControl,2,0.05,60,3,0.05,linear_block,point,linear,minirocket,minirocket,1,1,False,0.9899999999999999,0.9899999999999999,0.0
SyntheticControl,2,0.05,60,3,0.05,linear_block,linear_block,linear,minirocket,minirocket,1,1,False,0.9799999999999999,0.9799999999999999,0.0
SyntheticControl,2,0.1,60,6,0.1,point,linear_block,linear,dtw,minirocket,1,1,True,0.9633333333333334,0.98,0.016666666666666607
SyntheticControl,2,0.1,60,6,0.1,linear_block,point,linear,stat_rf,minirocket,1,1,True,0.9633333333333333,0.9933333333333335,0.03000000000000025
SyntheticControl,2,0.1,60,6,0.1,linear_block,linear_block,linear,stat_rf,minirocket,1,1,True,0.9433333333333334,0.98,0.036666666666666625
SyntheticControl,2,0.15,60,9,0.15,point,linear_block,linear,dtw,minirocket,1,1,True,0.9499999999999998,0.9666666666666668,0.01666666666666694
SyntheticControl,2,0.15,60,9,0.15,linear_block,point,linear,dtw,minirocket,1,1,True,0.9400000000000001,0.9833333333333334,0.043333333333333335
SyntheticControl,2,0.15,60,9,0.15,linear_block,linear_block,linear,dtw,minirocket,1,1,True,0.9499999999999998,0.9666666666666668,0.01666666666666694
SyntheticControl,2,0.2,60,12,0.2,point,linear_block,linear,stat_rf,minirocket|stat_rf,2,2,False,0.9366666666666665,0.9366666666666666,1.1102230246251565e-16
SyntheticControl,2,0.2,60,12,0.2,linear_block,point,linear,stat_rf,minirocket,1,1,True,0.93,0.9766666666666666,0.04666666666666652
SyntheticControl,2,0.2,60,12,0.2,linear_block,linear_block,linear,stat_rf,minirocket|stat_rf,1,2,False,0.9366666666666665,0.9366666666666666,1.1102230246251565e-16
SyntheticControl,2,0.25,60,15,0.25,point,linear_block,linear,minirocket,stat_rf,1,1,True,0.8999999999999999,0.9133333333333332,0.013333333333333308
SyntheticControl,2,0.25,60,15,0.25,linear_block,point,linear,stat_rf,minirocket,1,1,True,0.9,0.9566666666666667,0.05666666666666664
SyntheticControl,2,0.25,60,15,0.25,linear_block,linear_block,linear,stat_rf,stat_rf,1,1,False,0.9133333333333332,0.9133333333333332,0.0
SyntheticControl,2,0.3,60,18,0.3,point,linear_block,linear,minirocket,stat_rf,1,1,True,0.8166666666666668,0.9066666666666666,0.08999999999999986
SyntheticControl,2,0.3,60,18,0.3,linear_block,point,linear,stat_rf,minirocket,1,1,True,0.8933333333333332,0.9533333333333333,0.06000000000000005
SyntheticControl,2,0.3,60,18,0.3,linear_block,linear_block,linear,stat_rf,stat_rf,1,1,False,0.9066666666666666,0.9066666666666666,0.0
SyntheticControl,3,0.05,60,3,0.05,point,linear_block,linear,minirocket,minirocket,1,1,False,0.9866666666666667,0.9866666666666667,0.0
SyntheticControl,3,0.05,60,3,0.05,linear_block,point,linear,minirocket,minirocket,1,1,False,0.9899999999999999,0.9899999999999999,0.0
SyntheticControl,3,0.05,60,3,0.05,linear_block,linear_block,linear,minirocket,minirocket,1,1,False,0.9866666666666667,0.9866666666666667,0.0
SyntheticControl,3,0.1,60,6,0.1,point,linear_block,linear,minirocket,minirocket,1,1,False,0.9866666666666667,0.9866666666666667,0.0
SyntheticControl,3,0.1,60,6,0.1,linear_block,point,linear,minirocket,minirocket,1,1,False,0.9766666666666666,0.9766666666666666,0.0
SyntheticControl,3,0.1,60,6,0.1,linear_block,linear_block,linear,minirocket,minirocket,1,1,False,0.9866666666666667,0.9866666666666667,0.0
SyntheticControl,3,0.15,60,9,0.15,point,linear_block,linear,minirocket,minirocket,1,1,False,0.9666666666666668,0.9666666666666668,0.0
SyntheticControl,3,0.15,60,9,0.15,linear_block,point,linear,minirocket,minirocket,1,1,False,0.9866666666666667,0.9866666666666667,0.0
SyntheticControl,3,0.15,60,9,0.15,linear_block,linear_block,linear,minirocket,minirocket,1,1,False,0.9666666666666668,0.9666666666666668,0.0
SyntheticControl,3,0.2,60,12,0.2,point,linear_block,linear,minirocket,minirocket,1,1,False,0.9333333333333335,0.9333333333333335,0.0
SyntheticControl,3,0.2,60,12,0.2,linear_block,point,linear,dtw,minirocket,1,1,True,0.9233333333333335,0.9933333333333333,0.06999999999999984
SyntheticControl,3,0.2,60,12,0.2,linear_block,linear_block,linear,dtw,minirocket,1,1,True,0.9133333333333332,0.9333333333333335,0.02000000000000024
SyntheticControl,3,0.25,60,15,0.25,point,linear_block,linear,minirocket,stat_rf,1,1,True,0.89,0.9066666666666666,0.016666666666666607
SyntheticControl,3,0.25,60,15,0.25,linear_block,point,linear,stat_rf,minirocket,1,1,True,0.8966666666666666,0.9866666666666667,0.09000000000000008
SyntheticControl,3,0.25,60,15,0.25,linear_block,linear_block,linear,stat_rf,stat_rf,1,1,False,0.9066666666666666,0.9066666666666666,0.0
SyntheticControl,3,0.3,60,18,0.3,point,linear_block,linear,minirocket,stat_rf,1,1,True,0.8433333333333333,0.89,0.046666666666666745
SyntheticControl,3,0.3,60,18,0.3,linear_block,point,linear,stat_rf,minirocket,1,1,True,0.8566666666666668,0.9733333333333333,0.11666666666666647
SyntheticControl,3,0.3,60,18,0.3,linear_block,linear_block,linear,stat_rf,stat_rf,1,1,False,0.89,0.89,0.0
SyntheticControl,4,0.05,60,3,0.05,point,linear_block,linear,dtw,minirocket,1,1,True,0.9733333333333333,0.9833333333333333,0.010000000000000009
SyntheticControl,4,0.05,60,3,0.05,linear_block,point,linear,stat_rf,minirocket,1,1,True,0.9533333333333331,0.9866666666666667,0.03333333333333355
SyntheticControl,4,0.05,60,3,0.05,linear_block,linear_block,linear,stat_rf,minirocket,1,1,True,0.96,0.9833333333333333,0.023333333333333317
SyntheticControl,4,0.1,60,6,0.1,point,linear_block,linear,dtw,minirocket,1,1,True,0.9566666666666667,0.9700000000000001,0.01333333333333342
SyntheticControl,4,0.1,60,6,0.1,linear_block,point,linear,stat_rf,minirocket,1,1,True,0.9533333333333331,0.9866666666666667,0.03333333333333355
SyntheticControl,4,0.1,60,6,0.1,linear_block,linear_block,linear,stat_rf,minirocket,1,1,True,0.9466666666666667,0.9700000000000001,0.023333333333333428
SyntheticControl,4,0.15,60,9,0.15,point,linear_block,linear,minirocket,minirocket,1,1,False,0.9499999999999998,0.9499999999999998,0.0
SyntheticControl,4,0.15,60,9,0.15,linear_block,point,linear,minirocket,minirocket,1,1,False,0.9733333333333333,0.9733333333333333,0.0
SyntheticControl,4,0.15,60,9,0.15,linear_block,linear_block,linear,minirocket,minirocket,1,1,False,0.9499999999999998,0.9499999999999998,0.0
SyntheticControl,4,0.2,60,12,0.2,point,linear_block,linear,minirocket,stat_rf,1,1,True,0.8999999999999999,0.9133333333333334,0.01333333333333353
SyntheticControl,4,0.2,60,12,0.2,linear_block,point,linear,stat_rf,minirocket,1,1,True,0.9433333333333334,0.9766666666666667,0.033333333333333326
SyntheticControl,4,0.2,60,12,0.2,linear_block,linear_block,linear,stat_rf,stat_rf,1,1,False,0.9133333333333334,0.9133333333333334,0.0
SyntheticControl,4,0.25,60,15,0.25,point,linear_block,linear,minirocket,stat_rf,1,1,True,0.86,0.9066666666666666,0.046666666666666634
SyntheticControl,4,0.25,60,15,0.25,linear_block,point,linear,stat_rf,minirocket,1,1,True,0.8966666666666665,0.9833333333333333,0.08666666666666678
SyntheticControl,4,0.25,60,15,0.25,linear_block,linear_block,linear,stat_rf,stat_rf,1,1,False,0.9066666666666666,0.9066666666666666,0.0
SyntheticControl,4,0.3,60,18,0.3,point,linear_block,linear,stat_rf,stat_rf,1,1,False,0.9166666666666665,0.9166666666666665,0.0
SyntheticControl,4,0.3,60,18,0.3,linear_block,point,linear,stat_rf,minirocket,1,1,True,0.8866666666666667,0.9733333333333333,0.08666666666666656
SyntheticControl,4,0.3,60,18,0.3,linear_block,linear_block,linear,stat_rf,stat_rf,1,1,False,0.9166666666666665,0.9166666666666665,0.0
SyntheticControl,5,0.05,60,3,0.05,point,linear_block,linear,dtw,minirocket,2,1,True,0.9666666666666668,0.9933333333333335,0.026666666666666727
SyntheticControl,5,0.05,60,3,0.05,linear_block,point,linear,dtw,minirocket,3,1,True,0.9666666666666668,0.9866666666666667,0.019999999999999907
SyntheticControl,5,0.05,60,3,0.05,linear_block,linear_block,linear,dtw,minirocket,3,1,True,0.9666666666666668,0.9933333333333335,0.026666666666666727
SyntheticControl,5,0.1,60,6,0.1,point,linear_block,linear,stat_rf,minirocket,3,1,True,0.9433333333333334,0.9700000000000001,0.026666666666666727
SyntheticControl,5,0.1,60,6,0.1,linear_block,point,linear,stat_rf,minirocket,2,1,True,0.9533333333333333,0.9799999999999999,0.026666666666666616
SyntheticControl,5,0.1,60,6,0.1,linear_block,linear_block,linear,stat_rf,minirocket,2,1,True,0.9433333333333334,0.9700000000000001,0.026666666666666727
SyntheticControl,5,0.15,60,9,0.15,point,linear_block,linear,dtw,dtw,1,1,False,0.9433333333333332,0.9433333333333332,0.0
SyntheticControl,5,0.15,60,9,0.15,linear_block,point,linear,dtw,minirocket,1,1,True,0.9366666666666666,0.9733333333333333,0.036666666666666625
SyntheticControl,5,0.15,60,9,0.15,linear_block,linear_block,linear,dtw,dtw,1,1,False,0.9433333333333332,0.9433333333333332,0.0
SyntheticControl,5,0.2,60,12,0.2,point,linear_block,linear,minirocket,dtw,1,1,True,0.9133333333333332,0.9199999999999999,0.00666666666666671
SyntheticControl,5,0.2,60,12,0.2,linear_block,point,linear,stat_rf,minirocket,1,1,True,0.8833333333333333,0.9666666666666665,0.08333333333333315
SyntheticControl,5,0.2,60,12,0.2,linear_block,linear_block,linear,stat_rf,dtw,1,1,True,0.8866666666666667,0.9199999999999999,0.033333333333333215
SyntheticControl,5,0.25,60,15,0.25,point,linear_block,linear,minirocket,dtw,1,1,True,0.8799999999999999,0.9,0.02000000000000013
SyntheticControl,5,0.25,60,15,0.25,linear_block,point,linear,stat_rf,minirocket,1,1,True,0.9033333333333333,0.9699999999999999,0.06666666666666654
SyntheticControl,5,0.25,60,15,0.25,linear_block,linear_block,linear,stat_rf,dtw,1,1,True,0.89,0.9,0.010000000000000009
SyntheticControl,5,0.3,60,18,0.3,point,linear_block,linear,minirocket,stat_rf,1,1,True,0.8266666666666667,0.85,0.023333333333333317
SyntheticControl,5,0.3,60,18,0.3,linear_block,point,linear,stat_rf,minirocket,1,1,True,0.8500000000000001,0.9633333333333333,0.11333333333333317
SyntheticControl,5,0.3,60,18,0.3,linear_block,linear_block,linear,stat_rf,stat_rf,1,1,False,0.85,0.85,0.0
ToeSegmentation1,1,0.05,277,13,0.04693140794223827,point,linear_block,linear,minirocket,minirocket,1,1,False,0.9481481481481482,0.9481481481481482,0.0
ToeSegmentation1,1,0.05,277,13,0.04693140794223827,linear_block,point,linear,minirocket,minirocket,1,1,False,0.9388888888888889,0.9388888888888889,0.0
ToeSegmentation1,1,0.05,277,13,0.04693140794223827,linear_block,linear_block,linear,minirocket,minirocket,1,1,False,0.9481481481481482,0.9481481481481482,0.0
ToeSegmentation1,1,0.1,277,27,0.09747292418772563,point,linear_block,linear,minirocket,minirocket,1,1,False,0.9273148148148148,0.9273148148148148,0.0
ToeSegmentation1,1,0.1,277,27,0.09747292418772563,linear_block,point,linear,minirocket,minirocket,1,1,False,0.9388888888888889,0.9388888888888889,0.0
ToeSegmentation1,1,0.1,277,27,0.09747292418772563,linear_block,linear_block,linear,minirocket,minirocket,1,1,False,0.9273148148148148,0.9273148148148148,0.0
ToeSegmentation1,1,0.15,277,41,0.148014440433213,point,linear_block,linear,minirocket,minirocket,1,1,False,0.8976851851851853,0.8976851851851853,0.0
ToeSegmentation1,1,0.15,277,41,0.148014440433213,linear_block,point,linear,minirocket,minirocket,1,1,False,0.9472222222222222,0.9472222222222222,0.0
ToeSegmentation1,1,0.15,277,41,0.148014440433213,linear_block,linear_block,linear,minirocket,minirocket,1,1,False,0.8976851851851853,0.8976851851851853,0.0
ToeSegmentation1,1,0.2,277,55,0.19855595667870035,point,linear_block,linear,minirocket,minirocket,1,1,False,0.9152777777777777,0.9152777777777777,0.0
ToeSegmentation1,1,0.2,277,55,0.19855595667870035,linear_block,point,linear,minirocket,minirocket,1,1,False,0.9388888888888889,0.9388888888888889,0.0
ToeSegmentation1,1,0.2,277,55,0.19855595667870035,linear_block,linear_block,linear,minirocket,minirocket,1,1,False,0.9152777777777777,0.9152777777777777,0.0
ToeSegmentation1,1,0.25,277,69,0.2490974729241877,point,linear_block,linear,minirocket,minirocket,1,1,False,0.9314814814814815,0.9314814814814815,0.0
ToeSegmentation1,1,0.25,277,69,0.2490974729241877,linear_block,point,linear,minirocket,minirocket,1,1,False,0.938425925925926,0.938425925925926,0.0
ToeSegmentation1,1,0.25,277,69,0.2490974729241877,linear_block,linear_block,linear,minirocket,minirocket,1,1,False,0.9314814814814815,0.9314814814814815,0.0
ToeSegmentation1,1,0.3,277,83,0.2996389891696751,point,linear_block,linear,minirocket,minirocket,1,1,False,0.8893518518518518,0.8893518518518518,0.0
ToeSegmentation1,1,0.3,277,83,0.2996389891696751,linear_block,point,linear,minirocket,minirocket,1,1,False,0.9518518518518518,0.9518518518518518,0.0
ToeSegmentation1,1,0.3,277,83,0.2996389891696751,linear_block,linear_block,linear,minirocket,minirocket,1,1,False,0.8893518518518518,0.8893518518518518,0.0
ToeSegmentation1,2,0.05,277,13,0.04693140794223827,point,linear_block,linear,minirocket,minirocket,1,1,False,0.9481481481481482,0.9481481481481482,0.0
ToeSegmentation1,2,0.05,277,13,0.04693140794223827,linear_block,point,linear,stat_rf,minirocket,2,1,True,0.7541666666666667,0.9476851851851852,0.19351851851851853
ToeSegmentation1,2,0.05,277,13,0.04693140794223827,linear_block,linear_block,linear,stat_rf,minirocket,2,1,True,0.7587962962962963,0.9481481481481482,0.18935185185185188
ToeSegmentation1,2,0.1,277,27,0.09747292418772563,point,linear_block,linear,minirocket,minirocket,1,1,False,0.9314814814814815,0.9314814814814815,0.0
ToeSegmentation1,2,0.1,277,27,0.09747292418772563,linear_block,point,linear,stat_rf,minirocket,1,1,True,0.7625,0.9476851851851852,0.18518518518518523
ToeSegmentation1,2,0.1,277,27,0.09747292418772563,linear_block,linear_block,linear,stat_rf,minirocket,1,1,True,0.7601851851851852,0.9314814814814815,0.17129629629629628
ToeSegmentation1,2,0.15,277,41,0.148014440433213,point,linear_block,linear,minirocket,minirocket,1,1,False,0.9023148148148148,0.9023148148148148,0.0
ToeSegmentation1,2,0.15,277,41,0.148014440433213,linear_block,point,linear,minirocket,minirocket,1,1,False,0.9476851851851852,0.9476851851851852,0.0
ToeSegmentation1,2,0.15,277,41,0.148014440433213,linear_block,linear_block,linear,minirocket,minirocket,1,1,False,0.9023148148148148,0.9023148148148148,0.0
ToeSegmentation1,2,0.2,277,55,0.19855595667870035,point,linear_block,linear,stat_rf,minirocket,2,1,True,0.6856481481481481,0.8856481481481482,0.20000000000000007
ToeSegmentation1,2,0.2,277,55,0.19855595667870035,linear_block,point,linear,minirocket,minirocket,2,1,False,0.9476851851851852,0.9476851851851852,0.0
ToeSegmentation1,2,0.2,277,55,0.19855595667870035,linear_block,linear_block,linear,minirocket,minirocket,2,1,False,0.8856481481481482,0.8856481481481482,0.0
ToeSegmentation1,2,0.25,277,69,0.2490974729241877,point,linear_block,linear,stat_rf,minirocket,2,1,True,0.6518518518518519,0.8699074074074074,0.21805555555555545
ToeSegmentation1,2,0.25,277,69,0.2490974729241877,linear_block,point,linear,minirocket,minirocket,1,1,False,0.9518518518518518,0.9518518518518518,0.0
ToeSegmentation1,2,0.25,277,69,0.2490974729241877,linear_block,linear_block,linear,minirocket,minirocket,1,1,False,0.8699074074074074,0.8699074074074074,0.0
ToeSegmentation1,2,0.3,277,83,0.2996389891696751,point,linear_block,linear,minirocket,minirocket,1,1,False,0.8490740740740741,0.8490740740740741,0.0
ToeSegmentation1,2,0.3,277,83,0.2996389891696751,linear_block,point,linear,minirocket,minirocket,1,1,False,0.938425925925926,0.938425925925926,0.0
ToeSegmentation1,2,0.3,277,83,0.2996389891696751,linear_block,linear_block,linear,minirocket,minirocket,1,1,False,0.8490740740740741,0.8490740740740741,0.0
ToeSegmentation1,3,0.05,277,13,0.04693140794223827,point,linear_block,linear,minirocket,minirocket,1,1,False,0.9453703703703704,0.9453703703703704,0.0
ToeSegmentation1,3,0.05,277,13,0.04693140794223827,linear_block,point,linear,minirocket,minirocket,1,1,False,0.9444444444444444,0.9444444444444444,0.0
ToeSegmentation1,3,0.05,277,13,0.04693140794223827,linear_block,linear_block,linear,minirocket,minirocket,1,1,False,0.9453703703703704,0.9453703703703704,0.0
ToeSegmentation1,3,0.1,277,27,0.09747292418772563,point,linear_block,linear,minirocket,minirocket,1,1,False,0.899537037037037,0.899537037037037,0.0
ToeSegmentation1,3,0.1,277,27,0.09747292418772563,linear_block,point,linear,minirocket,minirocket,1,1,False,0.9444444444444444,0.9444444444444444,0.0
ToeSegmentation1,3,0.1,277,27,0.09747292418772563,linear_block,linear_block,linear,minirocket,minirocket,1,1,False,0.899537037037037,0.899537037037037,0.0
ToeSegmentation1,3,0.15,277,41,0.148014440433213,point,linear_block,linear,minirocket,minirocket,1,1,False,0.8574074074074074,0.8574074074074074,0.0
ToeSegmentation1,3,0.15,277,41,0.148014440433213,linear_block,point,linear,minirocket,minirocket,1,1,False,0.9444444444444444,0.9444444444444444,0.0
ToeSegmentation1,3,0.15,277,41,0.148014440433213,linear_block,linear_block,linear,minirocket,minirocket,1,1,False,0.8574074074074074,0.8574074074074074,0.0
ToeSegmentation1,3,0.2,277,55,0.19855595667870035,point,linear_block,linear,minirocket,minirocket,1,1,False,0.836111111111111,0.836111111111111,0.0
ToeSegmentation1,3,0.2,277,55,0.19855595667870035,linear_block,point,linear,dtw,minirocket,1,1,True,0.7310185185185185,0.9444444444444444,0.2134259259259259
ToeSegmentation1,3,0.2,277,55,0.19855595667870035,linear_block,linear_block,linear,dtw,minirocket,1,1,True,0.6615740740740741,0.836111111111111,0.17453703703703694
ToeSegmentation1,3,0.25,277,69,0.2490974729241877,point,linear_block,linear,minirocket,minirocket,1,1,False,0.8537037037037036,0.8537037037037036,0.0
ToeSegmentation1,3,0.25,277,69,0.2490974729241877,linear_block,point,linear,dtw,minirocket,1,1,True,0.7041666666666666,0.9444444444444444,0.2402777777777778
ToeSegmentation1,3,0.25,277,69,0.2490974729241877,linear_block,linear_block,linear,dtw,minirocket,1,1,True,0.624074074074074,0.8537037037037036,0.22962962962962963
ToeSegmentation1,3,0.3,277,83,0.2996389891696751,point,linear_block,linear,minirocket,minirocket,1,1,False,0.8662037037037037,0.8662037037037037,0.0
ToeSegmentation1,3,0.3,277,83,0.2996389891696751,linear_block,point,linear,dtw,minirocket,1,1,True,0.7134259259259259,0.9490740740740741,0.23564814814814816
ToeSegmentation1,3,0.3,277,83,0.2996389891696751,linear_block,linear_block,linear,dtw,minirocket,1,1,True,0.575,0.8662037037037037,0.29120370370370374
ToeSegmentation1,4,0.05,277,13,0.04693140794223827,point,linear_block,linear,minirocket,minirocket,1,1,False,0.9481481481481482,0.9481481481481482,0.0
ToeSegmentation1,4,0.05,277,13,0.04693140794223827,linear_block,point,linear,minirocket,minirocket,1,1,False,0.9523148148148148,0.9523148148148148,0.0
ToeSegmentation1,4,0.05,277,13,0.04693140794223827,linear_block,linear_block,linear,minirocket,minirocket,1,1,False,0.9481481481481482,0.9481481481481482,0.0
ToeSegmentation1,4,0.1,277,27,0.09747292418772563,point,linear_block,linear,minirocket,minirocket,1,1,False,0.8944444444444444,0.8944444444444444,0.0
ToeSegmentation1,4,0.1,277,27,0.09747292418772563,linear_block,point,linear,minirocket,minirocket,1,1,False,0.9523148148148148,0.9523148148148148,0.0
ToeSegmentation1,4,0.1,277,27,0.09747292418772563,linear_block,linear_block,linear,minirocket,minirocket,1,1,False,0.8944444444444444,0.8944444444444444,0.0
ToeSegmentation1,4,0.15,277,41,0.148014440433213,point,linear_block,linear,minirocket,minirocket,1,1,False,0.8314814814814815,0.8314814814814815,0.0
ToeSegmentation1,4,0.15,277,41,0.148014440433213,linear_block,point,linear,minirocket,minirocket,1,1,False,0.9523148148148148,0.9523148148148148,0.0
ToeSegmentation1,4,0.15,277,41,0.148014440433213,linear_block,linear_block,linear,minirocket,minirocket,1,1,False,0.8314814814814815,0.8314814814814815,0.0
ToeSegmentation1,4,0.2,277,55,0.19855595667870035,point,linear_block,linear,minirocket,minirocket,1,1,False,0.7972222222222223,0.7972222222222223,0.0
ToeSegmentation1,4,0.2,277,55,0.19855595667870035,linear_block,point,linear,minirocket,minirocket,1,1,False,0.9569444444444444,0.9569444444444444,0.0
ToeSegmentation1,4,0.2,277,55,0.19855595667870035,linear_block,linear_block,linear,minirocket,minirocket,1,1,False,0.7972222222222223,0.7972222222222223,0.0
ToeSegmentation1,4,0.25,277,69,0.2490974729241877,point,linear_block,linear,minirocket,minirocket,1,1,False,0.8064814814814815,0.8064814814814815,0.0
ToeSegmentation1,4,0.25,277,69,0.2490974729241877,linear_block,point,linear,minirocket,minirocket,1,1,False,0.961111111111111,0.961111111111111,0.0
ToeSegmentation1,4,0.25,277,69,0.2490974729241877,linear_block,linear_block,linear,minirocket,minirocket,1,1,False,0.8064814814814815,0.8064814814814815,0.0
ToeSegmentation1,4,0.3,277,83,0.2996389891696751,point,linear_block,linear,minirocket,minirocket,1,1,False,0.8194444444444444,0.8194444444444444,0.0
ToeSegmentation1,4,0.3,277,83,0.2996389891696751,linear_block,point,linear,minirocket,minirocket,1,1,False,0.9435185185185185,0.9435185185185185,0.0
ToeSegmentation1,4,0.3,277,83,0.2996389891696751,linear_block,linear_block,linear,minirocket,minirocket,1,1,False,0.8194444444444444,0.8194444444444444,0.0
ToeSegmentation1,5,0.05,277,13,0.04693140794223827,point,linear_block,linear,stat_rf,minirocket,2,1,True,0.7925925925925926,0.9481481481481482,0.15555555555555556
ToeSegmentation1,5,0.05,277,13,0.04693140794223827,linear_block,point,linear,minirocket,minirocket,1,1,False,0.961111111111111,0.961111111111111,0.0
ToeSegmentation1,5,0.05,277,13,0.04693140794223827,linear_block,linear_block,linear,minirocket,minirocket,1,1,False,0.9481481481481482,0.9481481481481482,0.0
ToeSegmentation1,5,0.1,277,27,0.09747292418772563,point,linear_block,linear,minirocket,minirocket,2,1,False,0.9064814814814814,0.9064814814814814,0.0
ToeSegmentation1,5,0.1,277,27,0.09747292418772563,linear_block,point,linear,minirocket,minirocket,1,1,False,0.961111111111111,0.961111111111111,0.0
ToeSegmentation1,5,0.1,277,27,0.09747292418772563,linear_block,linear_block,linear,minirocket,minirocket,1,1,False,0.9064814814814814,0.9064814814814814,0.0
ToeSegmentation1,5,0.15,277,41,0.148014440433213,point,linear_block,linear,minirocket,minirocket,2,1,False,0.8773148148148148,0.8773148148148148,0.0
ToeSegmentation1,5,0.15,277,41,0.148014440433213,linear_block,point,linear,minirocket,minirocket,1,1,False,0.9564814814814815,0.9564814814814815,0.0
ToeSegmentation1,5,0.15,277,41,0.148014440433213,linear_block,linear_block,linear,minirocket,minirocket,1,1,False,0.8773148148148148,0.8773148148148148,0.0
ToeSegmentation1,5,0.2,277,55,0.19855595667870035,point,linear_block,linear,minirocket,minirocket,2,1,False,0.860648148148148,0.860648148148148,0.0
ToeSegmentation1,5,0.2,277,55,0.19855595667870035,linear_block,point,linear,minirocket,minirocket,1,1,False,0.9564814814814815,0.9564814814814815,0.0
ToeSegmentation1,5,0.2,277,55,0.19855595667870035,linear_block,linear_block,linear,minirocket,minirocket,1,1,False,0.860648148148148,0.860648148148148,0.0
ToeSegmentation1,5,0.25,277,69,0.2490974729241877,point,linear_block,linear,minirocket,minirocket,2,1,False,0.861574074074074,0.861574074074074,0.0
ToeSegmentation1,5,0.25,277,69,0.2490974729241877,linear_block,point,linear,minirocket,minirocket,1,1,False,0.9564814814814815,0.9564814814814815,0.0
ToeSegmentation1,5,0.25,277,69,0.2490974729241877,linear_block,linear_block,linear,minirocket,minirocket,1,1,False,0.861574074074074,0.861574074074074,0.0
ToeSegmentation1,5,0.3,277,83,0.2996389891696751,point,linear_block,linear,stat_rf,minirocket,2,1,True,0.6643518518518519,0.8828703703703704,0.21851851851851856
ToeSegmentation1,5,0.3,277,83,0.2996389891696751,linear_block,point,linear,minirocket,minirocket,1,1,False,0.9518518518518518,0.9518518518518518,0.0
ToeSegmentation1,5,0.3,277,83,0.2996389891696751,linear_block,linear_block,linear,minirocket,minirocket,1,1,False,0.8828703703703704,0.8828703703703704,0.0
ToeSegmentation2,1,0.05,343,17,0.04956268221574344,point,linear_block,linear,minirocket,minirocket,1,1,False,0.9225628930817611,0.9225628930817611,0.0
ToeSegmentation2,1,0.05,343,17,0.04956268221574344,linear_block,point,linear,minirocket,minirocket,1,1,False,0.9367138364779874,0.9367138364779874,0.0
ToeSegmentation2,1,0.05,343,17,0.04956268221574344,linear_block,linear_block,linear,minirocket,minirocket,1,1,False,0.9225628930817611,0.9225628930817611,0.0
ToeSegmentation2,1,0.1,343,34,0.09912536443148688,point,linear_block,linear,minirocket,minirocket,1,1,False,0.9084119496855346,0.9084119496855346,0.0
ToeSegmentation2,1,0.1,343,34,0.09912536443148688,linear_block,point,linear,minirocket,minirocket,1,1,False,0.9367138364779874,0.9367138364779874,0.0
ToeSegmentation2,1,0.1,343,34,0.09912536443148688,linear_block,linear_block,linear,minirocket,minirocket,1,1,False,0.9084119496855346,0.9084119496855346,0.0
ToeSegmentation2,1,0.15,343,51,0.14868804664723032,point,linear_block,linear,minirocket,minirocket,1,1,False,0.8895440251572327,0.8895440251572327,0.0
ToeSegmentation2,1,0.15,343,51,0.14868804664723032,linear_block,point,linear,minirocket,minirocket,1,1,False,0.9367138364779874,0.9367138364779874,0.0
ToeSegmentation2,1,0.15,343,51,0.14868804664723032,linear_block,linear_block,linear,minirocket,minirocket,1,1,False,0.8895440251572327,0.8895440251572327,0.0
ToeSegmentation2,1,0.2,343,68,0.19825072886297376,point,linear_block,linear,minirocket,minirocket,1,1,False,0.8187893081761006,0.8187893081761006,0.0
ToeSegmentation2,1,0.2,343,68,0.19825072886297376,linear_block,point,linear,minirocket,minirocket,1,1,False,0.9461477987421384,0.9461477987421384,0.0
ToeSegmentation2,1,0.2,343,68,0.19825072886297376,linear_block,linear_block,linear,minirocket,minirocket,1,1,False,0.8187893081761006,0.8187893081761006,0.0
ToeSegmentation2,1,0.25,343,85,0.2478134110787172,point,linear_block,linear,minirocket,minirocket,1,1,False,0.7480345911949686,0.7480345911949686,0.0
ToeSegmentation2,1,0.25,343,85,0.2478134110787172,linear_block,point,linear,dtw,minirocket,1,1,True,0.804245283018868,0.941430817610063,0.13718553459119498
ToeSegmentation2,1,0.25,343,85,0.2478134110787172,linear_block,linear_block,linear,dtw,minirocket,1,1,True,0.6580188679245282,0.7480345911949686,0.09001572327044038
ToeSegmentation2,1,0.3,343,102,0.29737609329446063,point,linear_block,linear,minirocket,minirocket,1,1,False,0.7008647798742138,0.7008647798742138,0.0
ToeSegmentation2,1,0.3,343,102,0.29737609329446063,linear_block,point,linear,minirocket,minirocket,1,1,False,0.9367138364779874,0.9367138364779874,0.0
ToeSegmentation2,1,0.3,343,102,0.29737609329446063,linear_block,linear_block,linear,minirocket,minirocket,1,1,False,0.7008647798742138,0.7008647798742138,0.0
ToeSegmentation2,2,0.05,343,17,0.04956268221574344,point,linear_block,linear,minirocket,minirocket,1,1,False,0.9225628930817611,0.9225628930817611,0.0
ToeSegmentation2,2,0.05,343,17,0.04956268221574344,linear_block,point,linear,minirocket,minirocket,1,1,False,0.9225628930817611,0.9225628930817611,0.0
ToeSegmentation2,2,0.05,343,17,0.04956268221574344,linear_block,linear_block,linear,minirocket,minirocket,1,1,False,0.9225628930817611,0.9225628930817611,0.0
ToeSegmentation2,2,0.1,343,34,0.09912536443148688,point,linear_block,linear,minirocket,minirocket,1,1,False,0.9103773584905661,0.9103773584905661,0.0
ToeSegmentation2,2,0.1,343,34,0.09912536443148688,linear_block,point,linear,minirocket,minirocket,1,1,False,0.9225628930817611,0.9225628930817611,0.0
ToeSegmentation2,2,0.1,343,34,0.09912536443148688,linear_block,linear_block,linear,minirocket,minirocket,1,1,False,0.9103773584905661,0.9103773584905661,0.0
ToeSegmentation2,2,0.15,343,51,0.14868804664723032,point,linear_block,linear,minirocket,minirocket,1,1,False,0.8726415094339622,0.8726415094339622,0.0
ToeSegmentation2,2,0.15,343,51,0.14868804664723032,linear_block,point,linear,minirocket,minirocket,1,1,False,0.9225628930817611,0.9225628930817611,0.0
ToeSegmentation2,2,0.15,343,51,0.14868804664723032,linear_block,linear_block,linear,minirocket,minirocket,1,1,False,0.8726415094339622,0.8726415094339622,0.0
ToeSegmentation2,2,0.2,343,68,0.19825072886297376,point,linear_block,linear,minirocket,minirocket,1,1,False,0.8301886792452831,0.8301886792452831,0.0
ToeSegmentation2,2,0.2,343,68,0.19825072886297376,linear_block,point,linear,minirocket,minirocket,1,1,False,0.9178459119496856,0.9178459119496856,0.0
ToeSegmentation2,2,0.2,343,68,0.19825072886297376,linear_block,linear_block,linear,minirocket,minirocket,1,1,False,0.8301886792452831,0.8301886792452831,0.0
ToeSegmentation2,2,0.25,343,85,0.2478134110787172,point,linear_block,linear,minirocket,minirocket,1,1,False,0.7264150943396226,0.7264150943396226,0.0
ToeSegmentation2,2,0.25,343,85,0.2478134110787172,linear_block,point,linear,minirocket,minirocket,1,1,False,0.9225628930817611,0.9225628930817611,0.0
ToeSegmentation2,2,0.25,343,85,0.2478134110787172,linear_block,linear_block,linear,minirocket,minirocket,1,1,False,0.7264150943396226,0.7264150943396226,0.0
ToeSegmentation2,2,0.3,343,102,0.29737609329446063,point,linear_block,linear,minirocket,stat_rf,1,1,True,0.6442610062893082,0.6721698113207547,0.02790880503144655
ToeSegmentation2,2,0.3,343,102,0.29737609329446063,linear_block,point,linear,minirocket,minirocket,1,1,False,0.9225628930817611,0.9225628930817611,0.0
ToeSegmentation2,2,0.3,343,102,0.29737609329446063,linear_block,linear_block,linear,minirocket,stat_rf,1,1,True,0.6442610062893082,0.6721698113207547,0.02790880503144655
ToeSegmentation2,3,0.05,343,17,0.04956268221574344,point,linear_block,linear,minirocket,minirocket,1,1,False,0.8970125786163522,0.8970125786163522,0.0
ToeSegmentation2,3,0.05,343,17,0.04956268221574344,linear_block,point,linear,minirocket,minirocket,1,1,False,0.9111635220125787,0.9111635220125787,0.0
ToeSegmentation2,3,0.05,343,17,0.04956268221574344,linear_block,linear_block,linear,minirocket,minirocket,1,1,False,0.8970125786163522,0.8970125786163522,0.0
ToeSegmentation2,3,0.1,343,34,0.09912536443148688,point,linear_block,linear,minirocket,minirocket,1,1,False,0.8592767295597484,0.8592767295597484,0.0
ToeSegmentation2,3,0.1,343,34,0.09912536443148688,linear_block,point,linear,minirocket,minirocket,1,1,False,0.9111635220125787,0.9111635220125787,0.0
ToeSegmentation2,3,0.1,343,34,0.09912536443148688,linear_block,linear_block,linear,minirocket,minirocket,1,1,False,0.8592767295597484,0.8592767295597484,0.0
ToeSegmentation2,3,0.15,343,51,0.14868804664723032,point,linear_block,linear,minirocket,minirocket,1,1,False,0.8073899371069182,0.8073899371069182,0.0
ToeSegmentation2,3,0.15,343,51,0.14868804664723032,linear_block,point,linear,minirocket,minirocket,1,1,False,0.9111635220125787,0.9111635220125787,0.0
ToeSegmentation2,3,0.15,343,51,0.14868804664723032,linear_block,linear_block,linear,minirocket,minirocket,1,1,False,0.8073899371069182,0.8073899371069182,0.0
ToeSegmentation2,3,0.2,343,68,0.19825072886297376,point,linear_block,linear,minirocket,minirocket,1,1,False,0.7319182389937107,0.7319182389937107,0.0
ToeSegmentation2,3,0.2,343,68,0.19825072886297376,linear_block,point,linear,dtw,minirocket,1,1,True,0.7995283018867925,0.9111635220125787,0.1116352201257862
ToeSegmentation2,3,0.2,343,68,0.19825072886297376,linear_block,linear_block,linear,dtw,minirocket,1,1,True,0.6352201257861635,0.7319182389937107,0.09669811320754718
ToeSegmentation2,3,0.25,343,85,0.2478134110787172,point,linear_block,linear,minirocket,minirocket,1,1,False,0.75,0.75,0.0
ToeSegmentation2,3,0.25,343,85,0.2478134110787172,linear_block,point,linear,dtw,minirocket,1,1,True,0.7739779874213837,0.9111635220125787,0.13718553459119498
ToeSegmentation2,3,0.25,343,85,0.2478134110787172,linear_block,linear_block,linear,dtw,minirocket,1,1,True,0.627751572327044,0.75,0.12224842767295596
ToeSegmentation2,3,0.3,343,102,0.29737609329446063,point,linear_block,linear,minirocket,stat_rf,1,1,True,0.6933962264150944,0.707940251572327,0.014544025157232632
ToeSegmentation2,3,0.3,343,102,0.29737609329446063,linear_block,point,linear,dtw,minirocket,1,1,True,0.7948113207547169,0.9111635220125787,0.11635220125786172
ToeSegmentation2,3,0.3,343,102,0.29737609329446063,linear_block,linear_block,linear,dtw,stat_rf,1,1,True,0.6430817610062893,0.707940251572327,0.06485849056603765
ToeSegmentation2,4,0.05,343,17,0.04956268221574344,point,linear_block,linear,stat_rf,minirocket,1,1,True,0.6937893081761006,0.9339622641509434,0.24017295597484278
ToeSegmentation2,4,0.05,343,17,0.04956268221574344,linear_block,point,linear,stat_rf,minirocket,1,1,True,0.6937893081761006,0.9528301886792453,0.25904088050314467
ToeSegmentation2,4,0.05,343,17,0.04956268221574344,linear_block,linear_block,linear,stat_rf,minirocket,1,1,True,0.6937893081761006,0.9339622641509434,0.24017295597484278
ToeSegmentation2,4,0.1,343,34,0.09912536443148688,point,linear_block,linear,stat_rf,minirocket,1,1,True,0.6776729559748427,0.9150943396226415,0.23742138364779886
ToeSegmentation2,4,0.1,343,34,0.09912536443148688,linear_block,point,linear,stat_rf,minirocket,1,1,True,0.6890723270440251,0.9481132075471699,0.2590408805031448
ToeSegmentation2,4,0.1,343,34,0.09912536443148688,linear_block,linear_block,linear,stat_rf,minirocket,1,1,True,0.6776729559748427,0.9150943396226415,0.23742138364779886
ToeSegmentation2,4,0.15,343,51,0.14868804664723032,point,linear_block,linear,stat_rf,minirocket,1,1,True,0.6749213836477987,0.8820754716981132,0.20715408805031443
ToeSegmentation2,4,0.15,343,51,0.14868804664723032,linear_block,point,linear,stat_rf,minirocket,2,1,True,0.6729559748427673,0.9481132075471699,0.2751572327044026
ToeSegmentation2,4,0.15,343,51,0.14868804664723032,linear_block,linear_block,linear,stat_rf,minirocket,2,1,True,0.6749213836477987,0.8820754716981132,0.20715408805031443
ToeSegmentation2,4,0.2,343,68,0.19825072886297376,point,linear_block,linear,stat_rf,minirocket,1,1,True,0.6257861635220126,0.7971698113207547,0.17138364779874216
ToeSegmentation2,4,0.2,343,68,0.19825072886297376,linear_block,point,linear,stat_rf,minirocket,1,1,True,0.6843553459119497,0.9481132075471699,0.2637578616352202
ToeSegmentation2,4,0.2,343,68,0.19825072886297376,linear_block,linear_block,linear,stat_rf,minirocket,1,1,True,0.6257861635220126,0.7971698113207547,0.17138364779874216
ToeSegmentation2,4,0.25,343,85,0.2478134110787172,point,linear_block,linear,stat_rf,minirocket,1,1,True,0.6202830188679245,0.7075471698113207,0.08726415094339623
ToeSegmentation2,4,0.25,343,85,0.2478134110787172,linear_block,point,linear,dtw,minirocket,1,1,True,0.7928459119496856,0.9481132075471699,0.1552672955974843
ToeSegmentation2,4,0.25,343,85,0.2478134110787172,linear_block,linear_block,linear,dtw,minirocket,1,1,True,0.6910377358490566,0.7075471698113207,0.01650943396226412
ToeSegmentation2,4,0.3,343,102,0.29737609329446063,point,linear_block,linear,stat_rf,stat_rf,1,1,False,0.6344339622641509,0.6344339622641509,0.0
ToeSegmentation2,4,0.3,343,102,0.29737609329446063,linear_block,point,linear,stat_rf,minirocket,1,1,True,0.6588050314465408,0.9481132075471699,0.2893081761006291
ToeSegmentation2,4,0.3,343,102,0.29737609329446063,linear_block,linear_block,linear,stat_rf,stat_rf,1,1,False,0.6344339622641509,0.6344339622641509,0.0
ToeSegmentation2,5,0.05,343,17,0.04956268221574344,point,linear_block,linear,minirocket,minirocket,2,1,False,0.8970125786163522,0.8970125786163522,0.0
ToeSegmentation2,5,0.05,343,17,0.04956268221574344,linear_block,point,linear,minirocket,minirocket,2,1,False,0.9064465408805031,0.9064465408805031,0.0
ToeSegmentation2,5,0.05,343,17,0.04956268221574344,linear_block,linear_block,linear,minirocket,minirocket,2,1,False,0.8970125786163522,0.8970125786163522,0.0
ToeSegmentation2,5,0.1,343,34,0.09912536443148688,point,linear_block,linear,minirocket,minirocket,2,1,False,0.8706761006289309,0.8706761006289309,0.0
ToeSegmentation2,5,0.1,343,34,0.09912536443148688,linear_block,point,linear,minirocket,minirocket,1,1,False,0.9064465408805031,0.9064465408805031,0.0
ToeSegmentation2,5,0.1,343,34,0.09912536443148688,linear_block,linear_block,linear,minirocket,minirocket,1,1,False,0.8706761006289309,0.8706761006289309,0.0
ToeSegmentation2,5,0.15,343,51,0.14868804664723032,point,linear_block,linear,dtw,minirocket,2,1,True,0.7429245283018868,0.8282232704402516,0.08529874213836475
ToeSegmentation2,5,0.15,343,51,0.14868804664723032,linear_block,point,linear,dtw,minirocket,1,1,True,0.8250786163522013,0.9272798742138365,0.10220125786163525
ToeSegmentation2,5,0.15,343,51,0.14868804664723032,linear_block,linear_block,linear,dtw,minirocket,1,1,True,0.7429245283018868,0.8282232704402516,0.08529874213836475
ToeSegmentation2,5,0.2,343,68,0.19825072886297376,point,linear_block,linear,minirocket,minirocket,2,1,False,0.7716194968553459,0.7716194968553459,0.0
ToeSegmentation2,5,0.2,343,68,0.19825072886297376,linear_block,point,linear,dtw,minirocket,1,1,True,0.8250786163522013,0.9064465408805031,0.08136792452830188
ToeSegmentation2,5,0.2,343,68,0.19825072886297376,linear_block,linear_block,linear,dtw,minirocket,1,1,True,0.7421383647798743,0.7716194968553459,0.02948113207547165
ToeSegmentation2,5,0.25,343,85,0.2478134110787172,point,linear_block,linear,dtw,dtw,2,1,False,0.7279874213836478,0.7279874213836478,0.0
ToeSegmentation2,5,0.25,343,85,0.2478134110787172,linear_block,point,linear,minirocket,minirocket,1,1,False,0.9064465408805031,0.9064465408805031,0.0
ToeSegmentation2,5,0.25,343,85,0.2478134110787172,linear_block,linear_block,linear,minirocket,dtw,1,1,True,0.7244496855345912,0.7279874213836478,0.003537735849056589
ToeSegmentation2,5,0.3,343,102,0.29737609329446063,point,linear_block,linear,dtw,minirocket,2,1,True,0.6761006289308176,0.691430817610063,0.015330188679245405
ToeSegmentation2,5,0.3,343,102,0.29737609329446063,linear_block,point,linear,stat_rf,minirocket,1,1,True,0.6466194968553459,0.9225628930817611,0.27594339622641517
ToeSegmentation2,5,0.3,343,102,0.29737609329446063,linear_block,linear_block,linear,stat_rf,minirocket,1,1,True,0.5691823899371069,0.691430817610063,0.12224842767295607
Trace,1,0.05,275,13,0.04727272727272727,point,linear_block,linear,dtw,minirocket,3,1,True,0.9627976190476191,0.9895833333333334,0.0267857142857143
Trace,1,0.05,275,13,0.04727272727272727,linear_block,point,linear,stat_rf,dtw|minirocket|stat_rf,3,3,False,1.0,1.0,0.0
Trace,1,0.05,275,13,0.04727272727272727,linear_block,linear_block,linear,stat_rf,minirocket,3,1,True,0.9627976190476191,0.9895833333333334,0.0267857142857143
Trace,1,0.1,275,27,0.09818181818181818,point,linear_block,linear,dtw,minirocket,3,1,True,0.9345238095238095,0.9613095238095237,0.02678571428571419
Trace,1,0.1,275,27,0.09818181818181818,linear_block,point,linear,stat_rf,dtw|minirocket|stat_rf,3,3,False,1.0,1.0,0.0
Trace,1,0.1,275,27,0.09818181818181818,linear_block,linear_block,linear,stat_rf,minirocket,3,1,True,0.925595238095238,0.9613095238095237,0.0357142857142857
Trace,1,0.15,275,41,0.14909090909090908,point,linear_block,linear,minirocket,minirocket,3,1,False,0.9241071428571428,0.9241071428571428,0.0
Trace,1,0.15,275,41,0.14909090909090908,linear_block,point,linear,minirocket,dtw|minirocket|stat_rf,3,3,False,1.0,1.0,0.0
Trace,1,0.15,275,41,0.14909090909090908,linear_block,linear_block,linear,minirocket,minirocket,3,1,False,0.9241071428571428,0.9241071428571428,0.0
Trace,1,0.2,275,55,0.2,point,linear_block,linear,minirocket,dtw|minirocket,3,2,False,0.8764880952380952,0.8764880952380952,0.0
Trace,1,0.2,275,55,0.2,linear_block,point,linear,dtw,dtw|minirocket|stat_rf,3,3,False,1.0,1.0,0.0
Trace,1,0.2,275,55,0.2,linear_block,linear_block,linear,dtw,dtw|minirocket,3,2,False,0.8764880952380952,0.8764880952380952,0.0
Trace,1,0.25,275,68,0.24727272727272728,point,linear_block,linear,minirocket,minirocket,2,1,False,0.8586309523809523,0.8586309523809523,0.0
Trace,1,0.25,275,68,0.24727272727272728,linear_block,point,linear,minirocket,dtw|minirocket|stat_rf,2,3,False,1.0,1.0,0.0
Trace,1,0.25,275,68,0.24727272727272728,linear_block,linear_block,linear,minirocket,minirocket,2,1,False,0.8586309523809523,0.8586309523809523,0.0
Trace,1,0.3,275,82,0.29818181818181816,point,linear_block,linear,stat_rf,dtw,3,1,True,0.8110119047619048,0.8199404761904763,0.008928571428571508
Trace,1,0.3,275,82,0.29818181818181816,linear_block,point,linear,stat_rf,dtw|minirocket|stat_rf,3,3,False,1.0,1.0,0.0
Trace,1,0.3,275,82,0.29818181818181816,linear_block,linear_block,linear,stat_rf,dtw,3,1,True,0.8110119047619048,0.8199404761904763,0.008928571428571508
Trace,2,0.05,275,13,0.04727272727272727,point,linear_block,linear,dtw,minirocket|stat_rf,3,2,True,0.9910714285714286,1.0,0.008928571428571397
Trace,2,0.05,275,13,0.04727272727272727,linear_block,point,linear,minirocket,dtw|minirocket|stat_rf,3,3,False,1.0,1.0,0.0
Trace,2,0.05,275,13,0.04727272727272727,linear_block,linear_block,linear,minirocket,minirocket|stat_rf,3,2,False,1.0,1.0,0.0
Trace,2,0.1,275,27,0.09818181818181818,point,linear_block,linear,dtw,minirocket,3,1,True,0.9613095238095237,0.9702380952380952,0.008928571428571508
Trace,2,0.1,275,27,0.09818181818181818,linear_block,point,linear,stat_rf,dtw|minirocket|stat_rf,2,3,False,1.0,1.0,0.0
Trace,2,0.1,275,27,0.09818181818181818,linear_block,linear_block,linear,stat_rf,minirocket,2,1,True,0.9613095238095237,0.9702380952380952,0.008928571428571508
Trace,2,0.15,275,41,0.14909090909090908,point,linear_block,linear,minirocket,stat_rf,3,1,True,0.9300595238095237,0.9315476190476191,0.0014880952380953438
Trace,2,0.15,275,41,0.14909090909090908,linear_block,point,linear,minirocket,dtw|minirocket|stat_rf,2,3,False,1.0,1.0,0.0
Trace,2,0.15,275,41,0.14909090909090908,linear_block,linear_block,linear,minirocket,stat_rf,2,1,True,0.9300595238095237,0.9315476190476191,0.0014880952380953438
Trace,2,0.2,275,55,0.2,point,linear_block,linear,stat_rf,dtw,3,1,True,0.8854166666666666,0.9122023809523809,0.0267857142857143
Trace,2,0.2,275,55,0.2,linear_block,point,linear,dtw,dtw|minirocket,3,2,False,1.0,1.0,0.0
Trace,2,0.2,275,55,0.2,linear_block,linear_block,linear,dtw,dtw,3,1,False,0.9122023809523809,0.9122023809523809,0.0
Trace,2,0.25,275,68,0.24727272727272728,point,linear_block,linear,dtw,minirocket,3,1,True,0.8541666666666666,0.8720238095238095,0.017857142857142905
Trace,2,0.25,275,68,0.24727272727272728,linear_block,point,linear,stat_rf,dtw|minirocket|stat_rf,3,3,False,1.0,1.0,0.0
Trace,2,0.25,275,68,0.24727272727272728,linear_block,linear_block,linear,stat_rf,minirocket,3,1,True,0.8452380952380952,0.8720238095238095,0.0267857142857143
Trace,2,0.3,275,82,0.29818181818181816,point,linear_block,linear,minirocket,minirocket,3,1,False,0.8363095238095237,0.8363095238095237,0.0
Trace,2,0.3,275,82,0.29818181818181816,linear_block,point,linear,stat_rf,dtw|minirocket|stat_rf,1,3,False,1.0,1.0,0.0
Trace,2,0.3,275,82,0.29818181818181816,linear_block,linear_block,linear,stat_rf,minirocket,1,1,True,0.8184523809523809,0.8363095238095237,0.017857142857142794
Trace,3,0.05,275,13,0.04727272727272727,point,linear_block,linear,dtw,minirocket,3,1,True,0.9598214285714286,0.96875,0.008928571428571397
Trace,3,0.05,275,13,0.04727272727272727,linear_block,point,linear,minirocket,dtw|minirocket|stat_rf,3,3,False,1.0,1.0,0.0
Trace,3,0.05,275,13,0.04727272727272727,linear_block,linear_block,linear,minirocket,minirocket,3,1,False,0.96875,0.96875,0.0
Trace,3,0.1,275,27,0.09818181818181818,point,linear_block,linear,stat_rf,dtw|minirocket,3,2,True,0.9211309523809523,0.9300595238095237,0.008928571428571397
Trace,3,0.1,275,27,0.09818181818181818,linear_block,point,linear,dtw,dtw|minirocket|stat_rf,2,3,False,1.0,1.0,0.0
Trace,3,0.1,275,27,0.09818181818181818,linear_block,linear_block,linear,dtw,dtw|minirocket,2,2,False,0.9300595238095237,0.9300595238095237,0.0
Trace,3,0.15,275,41,0.14909090909090908,point,linear_block,linear,dtw,stat_rf,3,1,True,0.9122023809523809,0.9211309523809523,0.008928571428571397
Trace,3,0.15,275,41,0.14909090909090908,linear_block,point,linear,minirocket,dtw|minirocket|stat_rf,2,3,False,1.0,1.0,0.0
Trace,3,0.15,275,41,0.14909090909090908,linear_block,linear_block,linear,minirocket,stat_rf,2,1,True,0.9107142857142857,0.9211309523809523,0.01041666666666663
Trace,3,0.2,275,55,0.2,point,linear_block,linear,dtw,dtw,3,1,False,0.8824404761904763,0.8824404761904763,0.0
Trace,3,0.2,275,55,0.2,linear_block,point,linear,dtw,dtw|minirocket|stat_rf,3,3,False,1.0,1.0,0.0
Trace,3,0.2,275,55,0.2,linear_block,linear_block,linear,dtw,dtw,3,1,False,0.8824404761904763,0.8824404761904763,0.0
Trace,3,0.25,275,68,0.24727272727272728,point,linear_block,linear,stat_rf,dtw,3,1,True,0.8083435960591133,0.8366174055829229,0.028273809523809534
Trace,3,0.25,275,68,0.24727272727272728,linear_block,point,linear,minirocket,dtw|minirocket|stat_rf,3,3,False,1.0,1.0,0.0
Trace,3,0.25,275,68,0.24727272727272728,linear_block,linear_block,linear,minirocket,dtw,3,1,True,0.8247126436781609,0.8366174055829229,0.011904761904761973
Trace,3,0.3,275,82,0.29818181818181816,point,linear_block,linear,dtw,dtw|stat_rf,3,2,False,0.78751026272578,0.78751026272578,0.0
Trace,3,0.3,275,82,0.29818181818181816,linear_block,point,linear,dtw,dtw|minirocket|stat_rf,2,3,False,1.0,1.0,0.0
Trace,3,0.3,275,82,0.29818181818181816,linear_block,linear_block,linear,dtw,dtw|stat_rf,2,2,False,0.78751026272578,0.78751026272578,0.0
Trace,4,0.05,275,13,0.04727272727272727,point,linear_block,linear,minirocket,minirocket,3,1,False,1.0,1.0,0.0
Trace,4,0.05,275,13,0.04727272727272727,linear_block,point,linear,dtw,dtw|minirocket|stat_rf,3,3,False,1.0,1.0,0.0
Trace,4,0.05,275,13,0.04727272727272727,linear_block,linear_block,linear,dtw,minirocket,3,1,True,0.9910714285714286,1.0,0.008928571428571397
Trace,4,0.1,275,27,0.09818181818181818,point,linear_block,linear,dtw,dtw|minirocket,3,2,False,0.9821428571428572,0.9821428571428572,0.0
Trace,4,0.1,275,27,0.09818181818181818,linear_block,point,linear,dtw,dtw|minirocket|stat_rf,3,3,False,1.0,1.0,0.0
Trace,4,0.1,275,27,0.09818181818181818,linear_block,linear_block,linear,dtw,dtw|minirocket,3,2,False,0.9821428571428572,0.9821428571428572,0.0
Trace,4,0.15,275,41,0.14909090909090908,point,linear_block,linear,minirocket,dtw,3,1,True,0.9523809523809523,0.9538690476190477,0.0014880952380953438
Trace,4,0.15,275,41,0.14909090909090908,linear_block,point,linear,dtw,dtw|minirocket|stat_rf,3,3,False,1.0,1.0,0.0
Trace,4,0.15,275,41,0.14909090909090908,linear_block,linear_block,linear,dtw,dtw,3,1,False,0.9538690476190477,0.9538690476190477,0.0
Trace,4,0.2,275,55,0.2,point,linear_block,linear,stat_rf,dtw,3,1,True,0.8705357142857143,0.8988095238095237,0.028273809523809423
Trace,4,0.2,275,55,0.2,linear_block,point,linear,dtw,dtw|minirocket|stat_rf,3,3,False,1.0,1.0,0.0
Trace,4,0.2,275,55,0.2,linear_block,linear_block,linear,dtw,dtw,3,1,False,0.8988095238095237,0.8988095238095237,0.0
Trace,4,0.25,275,68,0.24727272727272728,point,linear_block,linear,minirocket,dtw,3,1,True,0.8482142857142857,0.8497023809523809,0.0014880952380952328
Trace,4,0.25,275,68,0.24727272727272728,linear_block,point,linear,stat_rf,dtw|minirocket|stat_rf,3,3,False,1.0,1.0,0.0
Trace,4,0.25,275,68,0.24727272727272728,linear_block,linear_block,linear,stat_rf,dtw,3,1,True,0.8229166666666666,0.8497023809523809,0.0267857142857143
Trace,4,0.3,275,82,0.29818181818181816,point,linear_block,linear,stat_rf,minirocket,3,1,True,0.7946428571428571,0.8023912151067324,0.007748357963875296
Trace,4,0.3,275,82,0.29818181818181816,linear_block,point,linear,dtw,dtw|minirocket,3,2,False,1.0,1.0,0.0
Trace,4,0.3,275,82,0.29818181818181816,linear_block,linear_block,linear,dtw,minirocket,3,1,True,0.7946428571428571,0.8023912151067324,0.007748357963875296
Trace,5,0.05,275,13,0.04727272727272727,point,linear_block,linear,dtw,minirocket,3,1,True,0.9717261904761905,0.9895833333333334,0.017857142857142905
Trace,5,0.05,275,13,0.04727272727272727,linear_block,point,linear,dtw,dtw|minirocket|stat_rf,3,3,False,1.0,1.0,0.0
Trace,5,0.05,275,13,0.04727272727272727,linear_block,linear_block,linear,dtw,minirocket,3,1,True,0.9717261904761905,0.9895833333333334,0.017857142857142905
Trace,5,0.1,275,27,0.09818181818181818,point,linear_block,linear,minirocket,dtw|minirocket|stat_rf,3,3,False,0.9434523809523809,0.9434523809523809,0.0
Trace,5,0.1,275,27,0.09818181818181818,linear_block,point,linear,stat_rf,dtw|minirocket|stat_rf,3,3,False,1.0,1.0,0.0
Trace,5,0.1,275,27,0.09818181818181818,linear_block,linear_block,linear,stat_rf,dtw|minirocket|stat_rf,3,3,False,0.9434523809523809,0.9434523809523809,0.0
Trace,5,0.15,275,41,0.14909090909090908,point,linear_block,linear,stat_rf,dtw,3,1,True,0.9345238095238095,0.9434523809523809,0.008928571428571397
Trace,5,0.15,275,41,0.14909090909090908,linear_block,point,linear,dtw,dtw|minirocket|stat_rf,2,3,False,1.0,1.0,0.0
Trace,5,0.15,275,41,0.14909090909090908,linear_block,linear_block,linear,dtw,dtw,2,1,False,0.9434523809523809,0.9434523809523809,0.0
Trace,5,0.2,275,55,0.2,point,linear_block,linear,stat_rf,dtw|minirocket,3,2,True,0.8764880952380952,0.8854166666666666,0.008928571428571397
Trace,5,0.2,275,55,0.2,linear_block,point,linear,dtw,dtw|minirocket|stat_rf,3,3,False,1.0,1.0,0.0
Trace,5,0.2,275,55,0.2,linear_block,linear_block,linear,dtw,dtw|minirocket,3,2,False,0.8854166666666666,0.8854166666666666,0.0
Trace,5,0.25,275,68,0.24727272727272728,point,linear_block,linear,stat_rf,dtw|stat_rf,3,2,False,0.8571428571428572,0.8571428571428572,0.0
Trace,5,0.25,275,68,0.24727272727272728,linear_block,point,linear,minirocket,dtw|minirocket|stat_rf,1,3,False,1.0,1.0,0.0
Trace,5,0.25,275,68,0.24727272727272728,linear_block,linear_block,linear,minirocket,dtw|stat_rf,1,2,True,0.8482142857142857,0.8571428571428572,0.008928571428571508
Trace,5,0.3,275,82,0.29818181818181816,point,linear_block,linear,stat_rf,dtw|minirocket|stat_rf,3,3,False,0.8095238095238095,0.8095238095238095,0.0
Trace,5,0.3,275,82,0.29818181818181816,linear_block,point,linear,dtw,dtw|minirocket|stat_rf,1,3,False,0.9895833333333334,0.9895833333333334,0.0
Trace,5,0.3,275,82,0.29818181818181816,linear_block,linear_block,linear,dtw,dtw|minirocket|stat_rf,1,3,False,0.8095238095238095,0.8095238095238095,0.0
TwoLeadECG,1,0.05,82,4,0.04878048780487805,point,linear_block,linear,minirocket,minirocket,2,1,False,0.993859649122807,0.993859649122807,0.0
TwoLeadECG,1,0.05,82,4,0.04878048780487805,linear_block,point,linear,minirocket,minirocket,1,1,False,0.993859649122807,0.993859649122807,0.0
TwoLeadECG,1,0.05,82,4,0.04878048780487805,linear_block,linear_block,linear,minirocket,minirocket,1,1,False,0.993859649122807,0.993859649122807,0.0
TwoLeadECG,1,0.1,82,8,0.0975609756097561,point,linear_block,linear,minirocket,minirocket,2,1,False,0.9613634261400426,0.9613634261400426,0.0
TwoLeadECG,1,0.1,82,8,0.0975609756097561,linear_block,point,linear,minirocket,minirocket,1,1,False,0.993859649122807,0.993859649122807,0.0
TwoLeadECG,1,0.1,82,8,0.0975609756097561,linear_block,linear_block,linear,minirocket,minirocket,1,1,False,0.9613634261400426,0.9613634261400426,0.0
TwoLeadECG,1,0.15,82,12,0.14634146341463414,point,linear_block,linear,minirocket,minirocket,2,1,False,0.8911047390004008,0.8911047390004008,0.0
TwoLeadECG,1,0.15,82,12,0.14634146341463414,linear_block,point,linear,minirocket,minirocket,1,1,False,0.993858107483119,0.993858107483119,0.0
TwoLeadECG,1,0.15,82,12,0.14634146341463414,linear_block,linear_block,linear,minirocket,minirocket,1,1,False,0.8911047390004008,0.8911047390004008,0.0
TwoLeadECG,1,0.2,82,16,0.1951219512195122,point,linear_block,linear,stat_rf,minirocket,2,1,True,0.6945873030555298,0.7857074584528104,0.09112015539728058
TwoLeadECG,1,0.2,82,16,0.1951219512195122,linear_block,point,linear,minirocket,minirocket,1,1,False,0.9894690592914623,0.9894690592914623,0.0
TwoLeadECG,1,0.2,82,16,0.1951219512195122,linear_block,linear_block,linear,minirocket,minirocket,1,1,False,0.7857074584528104,0.7857074584528104,0.0
TwoLeadECG,1,0.25,82,20,0.24390243902439024,point,linear_block,linear,stat_rf,dtw,2,1,True,0.6884099528258255,0.7385101594055438,0.050100206579718254
TwoLeadECG,1,0.25,82,20,0.24390243902439024,linear_block,point,linear,stat_rf,minirocket,3,1,True,0.7104476921653871,0.9885949495883822,0.2781472574229952
TwoLeadECG,1,0.25,82,20,0.24390243902439024,linear_block,linear_block,linear,stat_rf,dtw,3,1,True,0.6884099528258255,0.7385101594055438,0.050100206579718254
TwoLeadECG,1,0.3,82,24,0.2926829268292683,point,linear_block,linear,minirocket,dtw,2,1,True,0.6162180495174667,0.679702771868159,0.06348472235069225
TwoLeadECG,1,0.3,82,24,0.2926829268292683,linear_block,point,linear,stat_rf,minirocket,1,1,True,0.7148367403570437,0.9877100484074861,0.2728733080504424
TwoLeadECG,1,0.3,82,24,0.2926829268292683,linear_block,linear_block,linear,stat_rf,dtw,1,1,True,0.6479742854500046,0.679702771868159,0.0317284864181544
TwoLeadECG,2,0.05,82,4,0.04878048780487805,point,linear_block,linear,minirocket,minirocket,2,1,False,0.9947337588258872,0.9947337588258872,0.0
TwoLeadECG,2,0.05,82,4,0.04878048780487805,linear_block,point,linear,stat_rf,minirocket,2,1,True,0.7332824592236302,0.9973668794129436,0.26408442018931333
TwoLeadECG,2,0.05,82,4,0.04878048780487805,linear_block,linear_block,linear,stat_rf,minirocket,2,1,True,0.7271328585083094,0.9947337588258872,0.2676009003175778
TwoLeadECG,2,0.1,82,8,0.0975609756097561,point,linear_block,linear,stat_rf,minirocket,2,1,True,0.7236302531372367,0.9806894212684611,0.2570591681312244
TwoLeadECG,2,0.1,82,8,0.0975609756097561,linear_block,point,linear,stat_rf,minirocket,2,1,True,0.7324037246014861,0.9947322171861992,0.26232849258471314
TwoLeadECG,2,0.1,82,8,0.0975609756097561,linear_block,linear_block,linear,stat_rf,minirocket,2,1,True,0.7236302531372367,0.9806894212684611,0.2570591681312244
TwoLeadECG,2,0.15,82,12,0.14634146341463414,point,linear_block,linear,minirocket,minirocket,1,1,False,0.9113156353097154,0.9113156353097154,0.0
TwoLeadECG,2,0.15,82,12,0.14634146341463414,linear_block,point,linear,stat_rf,minirocket,2,1,True,0.7236302531372367,0.9956094101686555,0.27197915703141873
TwoLeadECG,2,0.15,82,12,0.14634146341463414,linear_block,linear_block,linear,stat_rf,minirocket,2,1,True,0.7174868189806678,0.9113156353097154,0.19382881632904758
TwoLeadECG,2,0.2,82,16,0.1951219512195122,point,linear_block,linear,stat_rf,minirocket,2,1,True,0.7218619924151327,0.8050257453827891,0.08316375296765643
TwoLeadECG,2,0.2,82,16,0.1951219512195122,linear_block,point,linear,stat_rf,minirocket,2,1,True,0.7201261061264761,0.9964881447907995,0.2763620386643234
TwoLeadECG,2,0.2,82,16,0.1951219512195122,linear_block,linear_block,linear,stat_rf,minirocket,2,1,True,0.7218619924151327,0.8050257453827891,0.08316375296765643
TwoLeadECG,2,0.25,82,20,0.24390243902439024,point,linear_block,linear,minirocket,dtw,1,1,True,0.6882357475410847,0.7174621527456603,0.029226405204575534
TwoLeadECG,2,0.25,82,20,0.24390243902439024,linear_block,point,linear,stat_rf,minirocket,1,1,True,0.726269540283045,0.9938519409243671,0.2675824006413221
TwoLeadECG,2,0.25,82,20,0.24390243902439024,linear_block,linear_block,linear,stat_rf,dtw,1,1,True,0.7077899053433232,0.7174621527456603,0.009672247402337075
TwoLeadECG,2,0.3,82,24,0.2926829268292683,point,linear_block,linear,minirocket,stat_rf,1,1,True,0.6074384114944655,0.6796811889125274,0.07224277741806184
TwoLeadECG,2,0.3,82,24,0.2926829268292683,linear_block,point,linear,stat_rf,minirocket,1,1,True,0.7236348780563007,0.9947322171861992,0.27109733912989853
TwoLeadECG,2,0.3,82,24,0.2926829268292683,linear_block,linear_block,linear,stat_rf,stat_rf,1,1,False,0.6796811889125274,0.6796811889125274,0.0
TwoLeadECG,3,0.05,82,4,0.04878048780487805,point,linear_block,linear,minirocket,minirocket,1,1,False,0.9973668794129436,0.9973668794129436,0.0
TwoLeadECG,3,0.05,82,4,0.04878048780487805,linear_block,point,linear,minirocket,minirocket,1,1,False,0.9982456140350877,0.9982456140350877,0.0
TwoLeadECG,3,0.05,82,4,0.04878048780487805,linear_block,linear_block,linear,minirocket,minirocket,1,1,False,0.9973668794129436,0.9973668794129436,0.0
TwoLeadECG,3,0.1,82,8,0.0975609756097561,point,linear_block,linear,minirocket,minirocket,1,1,False,0.986834397064718,0.986834397064718,0.0
TwoLeadECG,3,0.1,82,8,0.0975609756097561,linear_block,point,linear,minirocket,minirocket,1,1,False,0.9982456140350877,0.9982456140350877,0.0
TwoLeadECG,3,0.1,82,8,0.0975609756097561,linear_block,linear_block,linear,minirocket,minirocket,1,1,False,0.986834397064718,0.986834397064718,0.0
TwoLeadECG,3,0.15,82,12,0.14634146341463414,point,linear_block,linear,minirocket,minirocket,1,1,False,0.938550242037431,0.938550242037431,0.0
TwoLeadECG,3,0.15,82,12,0.14634146341463414,linear_block,point,linear,minirocket,minirocket,1,1,False,0.9973668794129436,0.9973668794129436,0.0
TwoLeadECG,3,0.15,82,12,0.14634146341463414,linear_block,linear_block,linear,minirocket,minirocket,1,1,False,0.938550242037431,0.938550242037431,0.0
TwoLeadECG,3,0.2,82,16,0.1951219512195122,point,linear_block,linear,minirocket,minirocket,1,1,False,0.8173434464896865,0.8173434464896865,0.0
TwoLeadECG,3,0.2,82,16,0.1951219512195122,linear_block,point,linear,minirocket,minirocket,1,1,False,0.9973684210526316,0.9973684210526316,0.0
TwoLeadECG,3,0.2,82,16,0.1951219512195122,linear_block,linear_block,linear,minirocket,minirocket,1,1,False,0.8173434464896865,0.8173434464896865,0.0
TwoLeadECG,3,0.25,82,20,0.24390243902439024,point,linear_block,linear,minirocket,minirocket,1,1,False,0.7356827922178029,0.7356827922178029,0.0
TwoLeadECG,3,0.25,82,20,0.24390243902439024,linear_block,point,linear,minirocket,minirocket,2,1,False,0.9964896864304875,0.9964896864304875,0.0
TwoLeadECG,3,0.25,82,20,0.24390243902439024,linear_block,linear_block,linear,minirocket,minirocket,2,1,False,0.7356827922178029,0.7356827922178029,0.0
TwoLeadECG,3,0.3,82,24,0.2926829268292683,point,linear_block,linear,minirocket,minirocket,1,1,False,0.6874140535873956,0.6874140535873956,0.0
TwoLeadECG,3,0.3,82,24,0.2926829268292683,linear_block,point,linear,dtw,minirocket,1,1,True,0.8034825640551291,0.9956094101686555,0.19212684611352637
TwoLeadECG,3,0.3,82,24,0.2926829268292683,linear_block,linear_block,linear,dtw,minirocket,1,1,True,0.6771220670304936,0.6874140535873956,0.010291986556902
TwoLeadECG,4,0.05,82,4,0.04878048780487805,point,linear_block,linear,minirocket,minirocket,1,1,False,0.9982456140350877,0.9982456140350877,0.0
TwoLeadECG,4,0.05,82,4,0.04878048780487805,linear_block,point,linear,minirocket,minirocket,1,1,False,0.9982456140350877,0.9982456140350877,0.0
TwoLeadECG,4,0.05,82,4,0.04878048780487805,linear_block,linear_block,linear,minirocket,minirocket,1,1,False,0.9982456140350877,0.9982456140350877,0.0
TwoLeadECG,4,0.1,82,8,0.0975609756097561,point,linear_block,linear,minirocket,minirocket,1,1,False,0.9903493355532944,0.9903493355532944,0.0
TwoLeadECG,4,0.1,82,8,0.0975609756097561,linear_block,point,linear,dtw,minirocket,2,1,True,0.8490996824222243,0.9982456140350877,0.14914593161286338
TwoLeadECG,4,0.1,82,8,0.0975609756097561,linear_block,linear_block,linear,dtw,minirocket,2,1,True,0.8289134523479171,0.9903493355532944,0.16143588320537727
TwoLeadECG,4,0.15,82,12,0.14634146341463414,point,linear_block,linear,minirocket,minirocket,1,1,False,0.951712761693337,0.951712761693337,0.0
TwoLeadECG,4,0.15,82,12,0.14634146341463414,linear_block,point,linear,dtw,minirocket,1,1,True,0.8333102087380138,0.9973684210526316,0.1640582123146178
TwoLeadECG,4,0.15,82,12,0.14634146341463414,linear_block,linear_block,linear,dtw,minirocket,1,1,True,0.7999630006474887,0.951712761693337,0.15174976104584825
TwoLeadECG,4,0.2,82,16,0.1951219512195122,point,linear_block,linear,minirocket,minirocket,1,1,False,0.8463293559029383,0.8463293559029383,0.0
TwoLeadECG,4,0.2,82,16,0.1951219512195122,linear_block,point,linear,dtw,minirocket,1,1,True,0.8227777263897882,0.9973668794129436,0.17458915302315536
TwoLeadECG,4,0.2,82,16,0.1951219512195122,linear_block,linear_block,linear,dtw,minirocket,1,1,True,0.7745274874356365,0.8463293559029383,0.07180186846730185
TwoLeadECG,4,0.25,82,20,0.24390243902439024,point,linear_block,linear,minirocket,minirocket,1,1,False,0.7585191009157339,0.7585191009157339,0.0
TwoLeadECG,4,0.25,82,20,0.24390243902439024,linear_block,point,linear,dtw,minirocket,1,1,True,0.8131316868621465,0.9947353004655752,0.1816036136034287
TwoLeadECG,4,0.25,82,20,0.24390243902439024,linear_block,linear_block,linear,dtw,minirocket,1,1,True,0.7429331236703358,0.7585191009157339,0.01558597724539812
TwoLeadECG,4,0.3,82,24,0.2926829268292683,point,linear_block,linear,minirocket,minirocket,1,1,False,0.6927018777171399,0.6927018777171399,0.0
TwoLeadECG,4,0.3,82,24,0.2926829268292683,linear_block,point,linear,dtw,minirocket,1,1,True,0.8131332285018346,0.9973684210526316,0.184235192550797
TwoLeadECG,4,0.3,82,24,0.2926829268292683,linear_block,linear_block,linear,dtw,minirocket,1,1,True,0.685015262232911,0.6927018777171399,0.007686615484228887
TwoLeadECG,5,0.05,82,4,0.04878048780487805,point,linear_block,linear,minirocket,minirocket,1,1,False,0.9973668794129436,0.9973668794129436,0.0
TwoLeadECG,5,0.05,82,4,0.04878048780487805,linear_block,point,linear,minirocket,minirocket,1,1,False,0.9982456140350877,0.9982456140350877,0.0
TwoLeadECG,5,0.05,82,4,0.04878048780487805,linear_block,linear_block,linear,minirocket,minirocket,1,1,False,0.9973668794129436,0.9973668794129436,0.0
TwoLeadECG,5,0.1,82,8,0.0975609756097561,point,linear_block,linear,minirocket,minirocket,1,1,False,0.9824407239539974,0.9824407239539974,0.0
TwoLeadECG,5,0.1,82,8,0.0975609756097561,linear_block,point,linear,minirocket,minirocket,1,1,False,0.9982456140350877,0.9982456140350877,0.0
TwoLeadECG,5,0.1,82,8,0.0975609756097561,linear_block,linear_block,linear,minirocket,minirocket,1,1,False,0.9824407239539974,0.9824407239539974,0.0
TwoLeadECG,5,0.15,82,12,0.14634146341463414,point,linear_block,linear,minirocket,minirocket,1,1,False,0.9473252551413684,0.9473252551413684,0.0
TwoLeadECG,5,0.15,82,12,0.14634146341463414,linear_block,point,linear,minirocket,minirocket,1,1,False,0.9973684210526316,0.9973684210526316,0.0
TwoLeadECG,5,0.15,82,12,0.14634146341463414,linear_block,linear_block,linear,minirocket,minirocket,1,1,False,0.9473252551413684,0.9473252551413684,0.0
TwoLeadECG,5,0.2,82,16,0.1951219512195122,point,linear_block,linear,minirocket,minirocket,1,1,False,0.8392948540067215,0.8392948540067215,0.0
TwoLeadECG,5,0.2,82,16,0.1951219512195122,linear_block,point,linear,minirocket,minirocket,1,1,False,0.9982456140350877,0.9982456140350877,0.0
TwoLeadECG,5,0.2,82,16,0.1951219512195122,linear_block,linear_block,linear,minirocket,minirocket,1,1,False,0.8392948540067215,0.8392948540067215,0.0
TwoLeadECG,5,0.25,82,20,0.24390243902439024,point,linear_block,linear,minirocket,minirocket,1,1,False,0.742697252798076,0.742697252798076,0.0
TwoLeadECG,5,0.25,82,20,0.24390243902439024,linear_block,point,linear,minirocket,minirocket,1,1,False,0.9956124934480313,0.9956124934480313,0.0
TwoLeadECG,5,0.25,82,20,0.24390243902439024,linear_block,linear_block,linear,minirocket,minirocket,1,1,False,0.742697252798076,0.742697252798076,0.0
TwoLeadECG,5,0.3,82,24,0.2926829268292683,point,linear_block,linear,minirocket,dtw,1,1,True,0.6769046958344895,0.6876406746215274,0.010735978787037914
TwoLeadECG,5,0.3,82,24,0.2926829268292683,linear_block,point,linear,minirocket,minirocket,1,1,False,0.9956124934480313,0.9956124934480313,0.0
TwoLeadECG,5,0.3,82,24,0.2926829268292683,linear_block,linear_block,linear,minirocket,dtw,1,1,True,0.6769046958344895,0.6876406746215274,0.010735978787037914
Wine,1,0.05,234,11,0.04700854700854701,point,linear_block,linear,dtw,stat_rf,2,1,True,0.5,0.6666666666666666,0.16666666666666663
Wine,1,0.05,234,11,0.04700854700854701,linear_block,point,linear,dtw,minirocket,1,1,True,0.5555555555555556,0.8888888888888888,0.33333333333333326
Wine,1,0.05,234,11,0.04700854700854701,linear_block,linear_block,linear,dtw,stat_rf,1,1,True,0.5,0.6666666666666666,0.16666666666666663
Wine,1,0.1,234,23,0.09829059829059829,point,linear_block,linear,minirocket,minirocket,2,1,False,0.6481481481481481,0.6481481481481481,0.0
Wine,1,0.1,234,23,0.09829059829059829,linear_block,point,linear,dtw,minirocket,1,1,True,0.5555555555555556,0.8148148148148148,0.2592592592592592
Wine,1,0.1,234,23,0.09829059829059829,linear_block,linear_block,linear,dtw,minirocket,1,1,True,0.6111111111111112,0.6481481481481481,0.03703703703703698
Wine,1,0.15,234,35,0.14957264957264957,point,linear_block,linear,dtw,dtw|minirocket,2,2,False,0.5555555555555556,0.5555555555555556,0.0
Wine,1,0.15,234,35,0.14957264957264957,linear_block,point,linear,minirocket,minirocket,1,1,False,0.8333333333333333,0.8333333333333333,0.0
Wine,1,0.15,234,35,0.14957264957264957,linear_block,linear_block,linear,minirocket,dtw|minirocket,1,2,False,0.5555555555555556,0.5555555555555556,0.0
Wine,1,0.2,234,46,0.19658119658119658,point,linear_block,linear,minirocket,minirocket,1,1,False,0.6296296296296295,0.6296296296296295,0.0
Wine,1,0.2,234,46,0.19658119658119658,linear_block,point,linear,minirocket,minirocket,1,1,False,0.7407407407407407,0.7407407407407407,0.0
Wine,1,0.2,234,46,0.19658119658119658,linear_block,linear_block,linear,minirocket,minirocket,1,1,False,0.6296296296296295,0.6296296296296295,0.0
Wine,1,0.25,234,58,0.24786324786324787,point,linear_block,linear,minirocket,minirocket,1,1,False,0.537037037037037,0.537037037037037,0.0
Wine,1,0.25,234,58,0.24786324786324787,linear_block,point,linear,minirocket,minirocket,1,1,False,0.6481481481481481,0.6481481481481481,0.0
Wine,1,0.25,234,58,0.24786324786324787,linear_block,linear_block,linear,minirocket,minirocket,1,1,False,0.537037037037037,0.537037037037037,0.0
Wine,1,0.3,234,70,0.29914529914529914,point,linear_block,linear,minirocket,minirocket,1,1,False,0.5740740740740741,0.5740740740740741,0.0
Wine,1,0.3,234,70,0.29914529914529914,linear_block,point,linear,dtw,minirocket,1,1,True,0.5555555555555556,0.7037037037037037,0.14814814814814814
Wine,1,0.3,234,70,0.29914529914529914,linear_block,linear_block,linear,dtw,minirocket,1,1,True,0.4074074074074074,0.5740740740740741,0.16666666666666669
Wine,2,0.05,234,11,0.04700854700854701,point,linear_block,linear,dtw,minirocket|stat_rf,1,2,True,0.5925925925925926,0.6666666666666667,0.07407407407407418
Wine,2,0.05,234,11,0.04700854700854701,linear_block,point,linear,dtw,minirocket,1,1,True,0.5740740740740741,0.8518518518518519,0.2777777777777778
Wine,2,0.05,234,11,0.04700854700854701,linear_block,linear_block,linear,dtw,minirocket|stat_rf,1,2,True,0.5925925925925926,0.6666666666666667,0.07407407407407418
Wine,2,0.1,234,23,0.09829059829059829,point,linear_block,linear,dtw,stat_rf,1,1,True,0.5740740740740741,0.6296296296296295,0.05555555555555547
Wine,2,0.1,234,23,0.09829059829059829,linear_block,point,linear,dtw,minirocket,1,1,True,0.5,0.7592592592592593,0.2592592592592593
Wine,2,0.1,234,23,0.09829059829059829,linear_block,linear_block,linear,dtw,stat_rf,1,1,True,0.5740740740740741,0.6296296296296295,0.05555555555555547
Wine,2,0.15,234,35,0.14957264957264957,point,linear_block,linear,dtw,stat_rf,1,1,True,0.5,0.5740740740740741,0.07407407407407407
Wine,2,0.15,234,35,0.14957264957264957,linear_block,point,linear,dtw,minirocket,1,1,True,0.537037037037037,0.8148148148148149,0.2777777777777779
Wine,2,0.15,234,35,0.14957264957264957,linear_block,linear_block,linear,dtw,stat_rf,1,1,True,0.5,0.5740740740740741,0.07407407407407407
Wine,2,0.2,234,46,0.19658119658119658,point,linear_block,linear,dtw,dtw,1,1,False,0.6296296296296295,0.6296296296296295,0.0
Wine,2,0.2,234,46,0.19658119658119658,linear_block,point,linear,dtw,minirocket,1,1,True,0.48148148148148145,0.7592592592592593,0.27777777777777785
Wine,2,0.2,234,46,0.19658119658119658,linear_block,linear_block,linear,dtw,dtw,1,1,False,0.6296296296296295,0.6296296296296295,0.0
Wine,2,0.25,234,58,0.24786324786324787,point,linear_block,linear,dtw,dtw,1,1,False,0.6296296296296295,0.6296296296296295,0.0
Wine,2,0.25,234,58,0.24786324786324787,linear_block,point,linear,stat_rf,minirocket,1,1,True,0.6111111111111112,0.7037037037037037,0.09259259259259256
Wine,2,0.25,234,58,0.24786324786324787,linear_block,linear_block,linear,stat_rf,dtw,1,1,True,0.5740740740740741,0.6296296296296295,0.05555555555555547
Wine,2,0.3,234,70,0.29914529914529914,point,linear_block,linear,dtw,stat_rf,1,1,True,0.6111111111111112,0.6296296296296297,0.01851851851851849
Wine,2,0.3,234,70,0.29914529914529914,linear_block,point,linear,minirocket,minirocket,1,1,False,0.7592592592592593,0.7592592592592593,0.0
Wine,2,0.3,234,70,0.29914529914529914,linear_block,linear_block,linear,minirocket,stat_rf,1,1,True,0.537037037037037,0.6296296296296297,0.09259259259259267
Wine,3,0.05,234,11,0.04700854700854701,point,linear_block,linear,dtw,minirocket,2,1,True,0.6481481481481481,0.7222222222222222,0.07407407407407407
Wine,3,0.05,234,11,0.04700854700854701,linear_block,point,linear,dtw,minirocket,1,1,True,0.5925925925925926,0.8518518518518519,0.2592592592592593
Wine,3,0.05,234,11,0.04700854700854701,linear_block,linear_block,linear,dtw,minirocket,1,1,True,0.6481481481481481,0.7222222222222222,0.07407407407407407
Wine,3,0.1,234,23,0.09829059829059829,point,linear_block,linear,minirocket,dtw,2,1,True,0.5185185185185185,0.5925925925925926,0.07407407407407407
Wine,3,0.1,234,23,0.09829059829059829,linear_block,point,linear,dtw,minirocket,1,1,True,0.5740740740740741,0.8148148148148148,0.2407407407407407
Wine,3,0.1,234,23,0.09829059829059829,linear_block,linear_block,linear,dtw,dtw,1,1,False,0.5925925925925926,0.5925925925925926,0.0
Wine,3,0.15,234,35,0.14957264957264957,point,linear_block,linear,dtw,minirocket,1,1,True,0.5185185185185185,0.5555555555555556,0.03703703703703709
Wine,3,0.15,234,35,0.14957264957264957,linear_block,point,linear,stat_rf,minirocket,1,1,True,0.5925925925925926,0.7777777777777777,0.18518518518518512
Wine,3,0.15,234,35,0.14957264957264957,linear_block,linear_block,linear,stat_rf,minirocket,1,1,True,0.4074074074074074,0.5555555555555556,0.1481481481481482
Wine,3,0.2,234,46,0.19658119658119658,point,linear_block,linear,minirocket,minirocket,1,1,False,0.537037037037037,0.537037037037037,0.0
Wine,3,0.2,234,46,0.19658119658119658,linear_block,point,linear,minirocket,minirocket,1,1,False,0.7592592592592593,0.7592592592592593,0.0
Wine,3,0.2,234,46,0.19658119658119658,linear_block,linear_block,linear,minirocket,minirocket,1,1,False,0.537037037037037,0.537037037037037,0.0
Wine,3,0.25,234,58,0.24786324786324787,point,linear_block,linear,dtw,minirocket,1,1,True,0.42592592592592593,0.5925925925925926,0.16666666666666663
Wine,3,0.25,234,58,0.24786324786324787,linear_block,point,linear,stat_rf,minirocket,1,1,True,0.6111111111111112,0.8518518518518519,0.2407407407407407
Wine,3,0.25,234,58,0.24786324786324787,linear_block,linear_block,linear,stat_rf,minirocket,1,1,True,0.3333333333333333,0.5925925925925926,0.25925925925925924
Wine,3,0.3,234,70,0.29914529914529914,point,linear_block,linear,minirocket,dtw,1,1,True,0.4814814814814815,0.537037037037037,0.05555555555555547
Wine,3,0.3,234,70,0.29914529914529914,linear_block,point,linear,minirocket,minirocket,1,1,False,0.7777777777777777,0.7777777777777777,0.0
Wine,3,0.3,234,70,0.29914529914529914,linear_block,linear_block,linear,minirocket,dtw,1,1,True,0.4814814814814815,0.537037037037037,0.05555555555555547
Wine,4,0.05,234,11,0.04700854700854701,point,linear_block,linear,dtw,minirocket,2,1,True,0.5740740740740741,0.7222222222222222,0.14814814814814814
Wine,4,0.05,234,11,0.04700854700854701,linear_block,point,linear,minirocket,minirocket,2,1,False,0.8518518518518519,0.8518518518518519,0.0
Wine,4,0.05,234,11,0.04700854700854701,linear_block,linear_block,linear,minirocket,minirocket,2,1,False,0.7222222222222222,0.7222222222222222,0.0
Wine,4,0.1,234,23,0.09829059829059829,point,linear_block,linear,minirocket,minirocket|stat_rf,1,2,False,0.6481481481481481,0.6481481481481481,0.0
Wine,4,0.1,234,23,0.09829059829059829,linear_block,point,linear,dtw,minirocket,1,1,True,0.537037037037037,0.8518518518518519,0.3148148148148149
Wine,4,0.1,234,23,0.09829059829059829,linear_block,linear_block,linear,dtw,minirocket|stat_rf,1,2,True,0.5740740740740741,0.6481481481481481,0.07407407407407407
Wine,4,0.15,234,35,0.14957264957264957,point,linear_block,linear,dtw,stat_rf,1,1,True,0.5740740740740741,0.6481481481481481,0.07407407407407407
Wine,4,0.15,234,35,0.14957264957264957,linear_block,point,linear,stat_rf,minirocket,1,1,True,0.6666666666666666,0.8148148148148148,0.14814814814814814
Wine,4,0.15,234,35,0.14957264957264957,linear_block,linear_block,linear,stat_rf,stat_rf,1,1,False,0.6481481481481481,0.6481481481481481,0.0
Wine,4,0.2,234,46,0.19658119658119658,point,linear_block,linear,minirocket,minirocket,1,1,False,0.6851851851851851,0.6851851851851851,0.0
Wine,4,0.2,234,46,0.19658119658119658,linear_block,point,linear,minirocket,minirocket,1,1,False,0.7222222222222222,0.7222222222222222,0.0
Wine,4,0.2,234,46,0.19658119658119658,linear_block,linear_block,linear,minirocket,minirocket,1,1,False,0.6851851851851851,0.6851851851851851,0.0
Wine,4,0.25,234,58,0.24786324786324787,point,linear_block,linear,minirocket,stat_rf,1,1,True,0.6296296296296295,0.6851851851851851,0.05555555555555558
Wine,4,0.25,234,58,0.24786324786324787,linear_block,point,linear,dtw,minirocket,1,1,True,0.5185185185185185,0.7037037037037037,0.18518518518518523
Wine,4,0.25,234,58,0.24786324786324787,linear_block,linear_block,linear,dtw,stat_rf,1,1,True,0.5925925925925926,0.6851851851851851,0.09259259259259256
Wine,4,0.3,234,70,0.29914529914529914,point,linear_block,linear,dtw,stat_rf,1,1,True,0.5185185185185185,0.6481481481481481,0.12962962962962965
Wine,4,0.3,234,70,0.29914529914529914,linear_block,point,linear,stat_rf,minirocket,1,1,True,0.5740740740740741,0.7777777777777777,0.2037037037037036
Wine,4,0.3,234,70,0.29914529914529914,linear_block,linear_block,linear,stat_rf,stat_rf,1,1,False,0.6481481481481481,0.6481481481481481,0.0
Wine,5,0.05,234,11,0.04700854700854701,point,linear_block,linear,minirocket,minirocket,1,1,False,0.6296296296296297,0.6296296296296297,0.0
Wine,5,0.05,234,11,0.04700854700854701,linear_block,point,linear,dtw,minirocket,1,1,True,0.5740740740740741,0.8333333333333333,0.2592592592592592
Wine,5,0.05,234,11,0.04700854700854701,linear_block,linear_block,linear,dtw,minirocket,1,1,True,0.5555555555555556,0.6296296296296297,0.07407407407407407
Wine,5,0.1,234,23,0.09829059829059829,point,linear_block,linear,minirocket,stat_rf,1,1,True,0.4814814814814815,0.6296296296296295,0.14814814814814803
Wine,5,0.1,234,23,0.09829059829059829,linear_block,point,linear,dtw,minirocket,1,1,True,0.5555555555555556,0.7962962962962963,0.2407407407407407
Wine,5,0.1,234,23,0.09829059829059829,linear_block,linear_block,linear,dtw,stat_rf,1,1,True,0.5,0.6296296296296295,0.12962962962962954
Wine,5,0.15,234,35,0.14957264957264957,point,linear_block,linear,dtw,stat_rf,1,1,True,0.5740740740740741,0.6296296296296297,0.05555555555555558
Wine,5,0.15,234,35,0.14957264957264957,linear_block,point,linear,dtw,minirocket,1,1,True,0.537037037037037,0.7962962962962963,0.2592592592592593
Wine,5,0.15,234,35,0.14957264957264957,linear_block,linear_block,linear,dtw,stat_rf,1,1,True,0.5740740740740741,0.6296296296296297,0.05555555555555558
Wine,5,0.2,234,46,0.19658119658119658,point,linear_block,linear,minirocket,stat_rf,1,1,True,0.4814814814814815,0.5740740740740741,0.09259259259259256
Wine,5,0.2,234,46,0.19658119658119658,linear_block,point,linear,dtw,minirocket,1,1,True,0.5740740740740741,0.7592592592592593,0.18518518518518523
Wine,5,0.2,234,46,0.19658119658119658,linear_block,linear_block,linear,dtw,stat_rf,1,1,True,0.5185185185185185,0.5740740740740741,0.05555555555555558
Wine,5,0.25,234,58,0.24786324786324787,point,linear_block,linear,minirocket,dtw,1,1,True,0.46296296296296297,0.5555555555555556,0.09259259259259262
Wine,5,0.25,234,58,0.24786324786324787,linear_block,point,linear,dtw,minirocket,1,1,True,0.5,0.8148148148148148,0.31481481481481477
Wine,5,0.25,234,58,0.24786324786324787,linear_block,linear_block,linear,dtw,dtw,1,1,False,0.5555555555555556,0.5555555555555556,0.0
Wine,5,0.3,234,70,0.29914529914529914,point,linear_block,linear,minirocket,minirocket,1,1,False,0.537037037037037,0.537037037037037,0.0
Wine,5,0.3,234,70,0.29914529914529914,linear_block,point,linear,dtw,minirocket,1,1,True,0.6851851851851851,0.7962962962962963,0.11111111111111116
Wine,5,0.3,234,70,0.29914529914529914,linear_block,linear_block,linear,dtw,minirocket,1,1,True,0.5185185185185185,0.537037037037037,0.01851851851851849
WordSynonyms,1,0.05,270,13,0.04814814814814815,point,linear_block,linear,minirocket,minirocket,1,1,False,0.581462187972757,0.581462187972757,0.0
WordSynonyms,1,0.05,270,13,0.04814814814814815,linear_block,point,linear,dtw,minirocket,1,1,True,0.4805253452969104,0.5961137031242721,0.11558835782736177
WordSynonyms,1,0.05,270,13,0.04814814814814815,linear_block,linear_block,linear,dtw,minirocket,1,1,True,0.457147278918844,0.581462187972757,0.12431490905391296
WordSynonyms,1,0.1,270,27,0.1,point,linear_block,linear,minirocket,minirocket,1,1,False,0.5543147054835963,0.5543147054835963,0.0
WordSynonyms,1,0.1,270,27,0.1,linear_block,point,linear,dtw,minirocket,1,1,True,0.4847617984988808,0.5991906262011952,0.11442882770231444
WordSynonyms,1,0.1,270,27,0.1,linear_block,linear_block,linear,dtw,minirocket,1,1,True,0.4086251276421289,0.5543147054835963,0.1456895778414674
WordSynonyms,1,0.15,270,40,0.14814814814814814,point,linear_block,linear,minirocket,minirocket,1,1,False,0.48909311071951195,0.48909311071951195,0.0
WordSynonyms,1,0.15,270,40,0.14814814814814814,linear_block,point,linear,dtw,minirocket,1,1,True,0.4805253452969104,0.5923334833440523,0.11180813804714196
WordSynonyms,1,0.15,270,40,0.14814814814814814,linear_block,linear_block,linear,dtw,minirocket,1,1,True,0.3367259406637276,0.48909311071951195,0.15236717005578437
WordSynonyms,1,0.2,270,54,0.2,point,linear_block,linear,dtw,minirocket,1,1,True,0.2889004838500408,0.43406398914952876,0.14516350529948796
WordSynonyms,1,0.2,270,54,0.2,linear_block,point,linear,minirocket,minirocket,1,1,False,0.5978113158563676,0.5978113158563676,0.0
WordSynonyms,1,0.2,270,54,0.2,linear_block,linear_block,linear,minirocket,minirocket,1,1,False,0.43406398914952876,0.43406398914952876,0.0
WordSynonyms,1,0.25,270,67,0.24814814814814815,point,linear_block,linear,dtw,minirocket,1,1,True,0.24173799121178216,0.3729933097755239,0.13125531856374176
WordSynonyms,1,0.25,270,67,0.24814814814814815,linear_block,point,linear,minirocket,minirocket,1,1,False,0.5961137031242721,0.5961137031242721,0.0
WordSynonyms,1,0.25,270,67,0.24814814814814815,linear_block,linear_block,linear,minirocket,minirocket,1,1,False,0.3729933097755239,0.3729933097755239,0.0
WordSynonyms,1,0.3,270,81,0.3,point,linear_block,linear,minirocket,minirocket,1,1,False,0.2990686375383984,0.2990686375383984,0.0
WordSynonyms,1,0.3,270,81,0.3,linear_block,point,linear,minirocket,minirocket,1,1,False,0.5961137031242721,0.5961137031242721,0.0
WordSynonyms,1,0.3,270,81,0.3,linear_block,linear_block,linear,minirocket,minirocket,1,1,False,0.2990686375383984,0.2990686375383984,0.0
WordSynonyms,2,0.05,270,13,0.04814814814814815,point,linear_block,linear,minirocket,minirocket,1,1,False,0.5808500019132026,0.5808500019132026,0.0
WordSynonyms,2,0.05,270,13,0.04814814814814815,linear_block,point,linear,minirocket,minirocket,1,1,False,0.5806107215856869,0.5806107215856869,0.0
WordSynonyms,2,0.05,270,13,0.04814814814814815,linear_block,linear_block,linear,minirocket,minirocket,1,1,False,0.5808500019132026,0.5808500019132026,0.0
WordSynonyms,2,0.1,270,27,0.1,point,linear_block,linear,minirocket,minirocket,1,1,False,0.5518789270110931,0.5518789270110931,0.0
WordSynonyms,2,0.1,270,27,0.1,linear_block,point,linear,minirocket,minirocket,1,1,False,0.5806107215856869,0.5806107215856869,0.0
WordSynonyms,2,0.1,270,27,0.1,linear_block,linear_block,linear,minirocket,minirocket,1,1,False,0.5518789270110931,0.5518789270110931,0.0
WordSynonyms,2,0.15,270,40,0.14814814814814814,point,linear_block,linear,minirocket,minirocket,1,1,False,0.49001369232051417,0.49001369232051417,0.0
WordSynonyms,2,0.15,270,40,0.14814814814814814,linear_block,point,linear,minirocket,minirocket,1,1,False,0.5824289034038688,0.5824289034038688,0.0
WordSynonyms,2,0.15,270,40,0.14814814814814814,linear_block,linear_block,linear,minirocket,minirocket,1,1,False,0.49001369232051417,0.49001369232051417,0.0
WordSynonyms,2,0.2,270,54,0.2,point,linear_block,linear,minirocket,minirocket,1,1,False,0.4114303504610166,0.4114303504610166,0.0
WordSynonyms,2,0.2,270,54,0.2,linear_block,point,linear,minirocket,minirocket,1,1,False,0.5815337985087639,0.5815337985087639,0.0
WordSynonyms,2,0.2,270,54,0.2,linear_block,linear_block,linear,minirocket,minirocket,1,1,False,0.4114303504610166,0.4114303504610166,0.0
WordSynonyms,2,0.25,270,67,0.24814814814814815,point,linear_block,linear,minirocket,minirocket,1,1,False,0.385032232239369,0.385032232239369,0.0
WordSynonyms,2,0.25,270,67,0.24814814814814815,linear_block,point,linear,minirocket,minirocket,1,1,False,0.5846107215856869,0.5846107215856869,0.0
WordSynonyms,2,0.25,270,67,0.24814814814814815,linear_block,linear_block,linear,minirocket,minirocket,1,1,False,0.385032232239369,0.385032232239369,0.0
WordSynonyms,2,0.3,270,81,0.3,point,linear_block,linear,minirocket,minirocket,1,1,False,0.3232377345232848,0.3232377345232848,0.0
WordSynonyms,2,0.3,270,81,0.3,linear_block,point,linear,minirocket,minirocket,1,1,False,0.5821431891181544,0.5821431891181544,0.0
WordSynonyms,2,0.3,270,81,0.3,linear_block,linear_block,linear,minirocket,minirocket,1,1,False,0.3232377345232848,0.3232377345232848,0.0
WordSynonyms,3,0.05,270,13,0.04814814814814815,point,linear_block,linear,minirocket,minirocket,1,1,False,0.5647011816931748,0.5647011816931748,0.0
WordSynonyms,3,0.05,270,13,0.04814814814814815,linear_block,point,linear,minirocket,minirocket,1,1,False,0.5710151814189394,0.5710151814189394,0.0
WordSynonyms,3,0.05,270,13,0.04814814814814815,linear_block,linear_block,linear,minirocket,minirocket,1,1,False,0.5647011816931748,0.5647011816931748,0.0
WordSynonyms,3,0.1,270,27,0.1,point,linear_block,linear,minirocket,minirocket,1,1,False,0.5240621839579351,0.5240621839579351,0.0
WordSynonyms,3,0.1,270,27,0.1,linear_block,point,linear,minirocket,minirocket,1,1,False,0.5705151814189393,0.5705151814189393,0.0
WordSynonyms,3,0.1,270,27,0.1,linear_block,linear_block,linear,minirocket,minirocket,1,1,False,0.5240621839579351,0.5240621839579351,0.0
WordSynonyms,3,0.15,270,40,0.14814814814814814,point,linear_block,linear,minirocket,minirocket,1,1,False,0.440843686431121,0.440843686431121,0.0
WordSynonyms,3,0.15,270,40,0.14814814814814814,linear_block,point,linear,minirocket,minirocket,1,1,False,0.5702879086916666,0.5702879086916666,0.0
WordSynonyms,3,0.15,270,40,0.14814814814814814,linear_block,linear_block,linear,minirocket,minirocket,1,1,False,0.440843686431121,0.440843686431121,0.0
WordSynonyms,3,0.2,270,54,0.2,point,linear_block,linear,minirocket,minirocket,1,1,False,0.3998702632906753,0.3998702632906753,0.0
WordSynonyms,3,0.2,270,54,0.2,linear_block,point,linear,minirocket,minirocket,1,1,False,0.5697879086916666,0.5697879086916666,0.0
WordSynonyms,3,0.2,270,54,0.2,linear_block,linear_block,linear,minirocket,minirocket,1,1,False,0.3998702632906753,0.3998702632906753,0.0
WordSynonyms,3,0.25,270,67,0.24814814814814815,point,linear_block,linear,minirocket,minirocket,1,1,False,0.3413188869449945,0.3413188869449945,0.0
WordSynonyms,3,0.25,270,67,0.24814814814814815,linear_block,point,linear,minirocket,minirocket,1,1,False,0.570556107925383,0.570556107925383,0.0
WordSynonyms,3,0.25,270,67,0.24814814814814815,linear_block,linear_block,linear,minirocket,minirocket,1,1,False,0.3413188869449945,0.3413188869449945,0.0
WordSynonyms,3,0.3,270,81,0.3,point,linear_block,linear,minirocket,minirocket,1,1,False,0.27778490292846547,0.27778490292846547,0.0
WordSynonyms,3,0.3,270,81,0.3,linear_block,point,linear,minirocket,minirocket,1,1,False,0.5674938138975718,0.5674938138975718,0.0
WordSynonyms,3,0.3,270,81,0.3,linear_block,linear_block,linear,minirocket,minirocket,1,1,False,0.27778490292846547,0.27778490292846547,0.0
WordSynonyms,4,0.05,270,13,0.04814814814814815,point,linear_block,linear,minirocket,minirocket,1,1,False,0.5287838921869562,0.5287838921869562,0.0
WordSynonyms,4,0.05,270,13,0.04814814814814815,linear_block,point,linear,minirocket,minirocket,1,1,False,0.5641064739739342,0.5641064739739342,0.0
WordSynonyms,4,0.05,270,13,0.04814814814814815,linear_block,linear_block,linear,minirocket,minirocket,1,1,False,0.5287838921869562,0.5287838921869562,0.0
WordSynonyms,4,0.1,270,27,0.1,point,linear_block,linear,minirocket,minirocket,1,1,False,0.5015907475055815,0.5015907475055815,0.0
WordSynonyms,4,0.1,270,27,0.1,linear_block,point,linear,minirocket,minirocket,1,1,False,0.5668921882596485,0.5668921882596485,0.0
WordSynonyms,4,0.1,270,27,0.1,linear_block,linear_block,linear,minirocket,minirocket,1,1,False,0.5015907475055815,0.5015907475055815,0.0
WordSynonyms,4,0.15,270,40,0.14814814814814814,point,linear_block,linear,minirocket,minirocket,1,1,False,0.48955767127668487,0.48955767127668487,0.0
WordSynonyms,4,0.15,270,40,0.14814814814814814,linear_block,point,linear,minirocket,minirocket,1,1,False,0.557915997783458,0.557915997783458,0.0
WordSynonyms,4,0.15,270,40,0.14814814814814814,linear_block,linear_block,linear,minirocket,minirocket,1,1,False,0.48955767127668487,0.48955767127668487,0.0
WordSynonyms,4,0.2,270,54,0.2,point,linear_block,linear,minirocket,minirocket,1,1,False,0.431197111128199,0.431197111128199,0.0
WordSynonyms,4,0.2,270,54,0.2,linear_block,point,linear,minirocket,minirocket,1,1,False,0.5603921882596485,0.5603921882596485,0.0
WordSynonyms,4,0.2,270,54,0.2,linear_block,linear_block,linear,minirocket,minirocket,1,1,False,0.431197111128199,0.431197111128199,0.0
WordSynonyms,4,0.25,270,67,0.24814814814814815,point,linear_block,linear,minirocket,minirocket,1,1,False,0.3755982078073996,0.3755982078073996,0.0
WordSynonyms,4,0.25,270,67,0.24814814814814815,linear_block,point,linear,minirocket,minirocket,1,1,False,0.5604239342913946,0.5604239342913946,0.0
WordSynonyms,4,0.25,270,67,0.24814814814814815,linear_block,linear_block,linear,minirocket,minirocket,1,1,False,0.3755982078073996,0.3755982078073996,0.0
WordSynonyms,4,0.3,270,81,0.3,point,linear_block,linear,minirocket,minirocket,1,1,False,0.29687201384134765,0.29687201384134765,0.0
WordSynonyms,4,0.3,270,81,0.3,linear_block,point,linear,minirocket,minirocket,1,1,False,0.5563585748142703,0.5563585748142703,0.0
WordSynonyms,4,0.3,270,81,0.3,linear_block,linear_block,linear,minirocket,minirocket,1,1,False,0.29687201384134765,0.29687201384134765,0.0
WordSynonyms,5,0.05,270,13,0.04814814814814815,point,linear_block,linear,minirocket,minirocket,1,1,False,0.5384709611646197,0.5384709611646197,0.0
WordSynonyms,5,0.05,270,13,0.04814814814814815,linear_block,point,linear,minirocket,minirocket,1,1,False,0.5505586308049211,0.5505586308049211,0.0
WordSynonyms,5,0.05,270,13,0.04814814814814815,linear_block,linear_block,linear,minirocket,minirocket,1,1,False,0.5384709611646197,0.5384709611646197,0.0
WordSynonyms,5,0.1,270,27,0.1,point,linear_block,linear,minirocket,minirocket,1,1,False,0.5064128296409709,0.5064128296409709,0.0
WordSynonyms,5,0.1,270,27,0.1,linear_block,point,linear,minirocket,minirocket,1,1,False,0.5505586308049211,0.5505586308049211,0.0
WordSynonyms,5,0.1,270,27,0.1,linear_block,linear_block,linear,minirocket,minirocket,1,1,False,0.5064128296409709,0.5064128296409709,0.0
WordSynonyms,5,0.15,270,40,0.14814814814814814,point,linear_block,linear,minirocket,minirocket,1,1,False,0.4542135891136372,0.4542135891136372,0.0
WordSynonyms,5,0.15,270,40,0.14814814814814814,linear_block,point,linear,minirocket,minirocket,1,1,False,0.5487404489867391,0.5487404489867391,0.0
WordSynonyms,5,0.15,270,40,0.14814814814814814,linear_block,linear_block,linear,minirocket,minirocket,1,1,False,0.4542135891136372,0.4542135891136372,0.0
WordSynonyms,5,0.2,270,54,0.2,point,linear_block,linear,minirocket,minirocket,1,1,False,0.3777007823795483,0.3777007823795483,0.0
WordSynonyms,5,0.2,270,54,0.2,linear_block,point,linear,minirocket,minirocket,1,1,False,0.5538919641382543,0.5538919641382543,0.0
WordSynonyms,5,0.2,270,54,0.2,linear_block,linear_block,linear,minirocket,minirocket,1,1,False,0.3777007823795483,0.3777007823795483,0.0
WordSynonyms,5,0.25,270,67,0.24814814814814815,point,linear_block,linear,minirocket,minirocket,1,1,False,0.3468429364989897,0.3468429364989897,0.0
WordSynonyms,5,0.25,270,67,0.24814814814814815,linear_block,point,linear,minirocket,minirocket,1,1,False,0.5494677217140119,0.5494677217140119,0.0
WordSynonyms,5,0.25,270,67,0.24814814814814815,linear_block,linear_block,linear,minirocket,minirocket,1,1,False,0.3468429364989897,0.3468429364989897,0.0
WordSynonyms,5,0.3,270,81,0.3,point,linear_block,linear,minirocket,minirocket,1,1,False,0.2950705272569263,0.2950705272569263,0.0
WordSynonyms,5,0.3,270,81,0.3,linear_block,point,linear,minirocket,minirocket,1,1,False,0.5476495398958301,0.5476495398958301,0.0
WordSynonyms,5,0.3,270,81,0.3,linear_block,linear_block,linear,minirocket,minirocket,1,1,False,0.2950705272569263,0.2950705272569263,0.0
Worms,1,0.05,900,45,0.05,point,linear_block,linear,minirocket,minirocket,1,1,False,0.598927738927739,0.598927738927739,0.0
Worms,1,0.05,900,45,0.05,linear_block,point,linear,minirocket,minirocket,1,1,False,0.6496969696969697,0.6496969696969697,0.0
Worms,1,0.05,900,45,0.05,linear_block,linear_block,linear,minirocket,minirocket,1,1,False,0.598927738927739,0.598927738927739,0.0
Worms,1,0.1,900,90,0.1,point,linear_block,linear,minirocket,minirocket,1,1,False,0.5928671328671328,0.5928671328671328,0.0
Worms,1,0.1,900,90,0.1,linear_block,point,linear,minirocket,minirocket,1,1,False,0.6557575757575758,0.6557575757575758,0.0
Worms,1,0.1,900,90,0.1,linear_block,linear_block,linear,minirocket,minirocket,1,1,False,0.5928671328671328,0.5928671328671328,0.0
Worms,1,0.15,900,135,0.15,point,linear_block,linear,minirocket,minirocket,1,1,False,0.5882517482517483,0.5882517482517483,0.0
Worms,1,0.15,900,135,0.15,linear_block,point,linear,minirocket,minirocket,1,1,False,0.6357575757575757,0.6357575757575757,0.0
Worms,1,0.15,900,135,0.15,linear_block,linear_block,linear,minirocket,minirocket,1,1,False,0.5882517482517483,0.5882517482517483,0.0
Worms,1,0.2,900,180,0.2,point,linear_block,linear,minirocket,minirocket,1,1,False,0.5915151515151515,0.5915151515151515,0.0
Worms,1,0.2,900,180,0.2,linear_block,point,linear,minirocket,minirocket,1,1,False,0.6357575757575757,0.6357575757575757,0.0
Worms,1,0.2,900,180,0.2,linear_block,linear_block,linear,minirocket,minirocket,1,1,False,0.5915151515151515,0.5915151515151515,0.0
Worms,1,0.25,900,225,0.25,point,linear_block,linear,minirocket,minirocket,1,1,False,0.5292191142191143,0.5292191142191143,0.0
Worms,1,0.25,900,225,0.25,linear_block,point,linear,minirocket,minirocket,1,1,False,0.6203729603729604,0.6203729603729604,0.0
Worms,1,0.25,900,225,0.25,linear_block,linear_block,linear,minirocket,minirocket,1,1,False,0.5292191142191143,0.5292191142191143,0.0
Worms,1,0.3,900,270,0.3,point,linear_block,linear,minirocket,minirocket,1,1,False,0.485955710955711,0.485955710955711,0.0
Worms,1,0.3,900,270,0.3,linear_block,point,linear,minirocket,minirocket,1,1,False,0.6557575757575758,0.6557575757575758,0.0
Worms,1,0.3,900,270,0.3,linear_block,linear_block,linear,minirocket,minirocket,1,1,False,0.485955710955711,0.485955710955711,0.0
Worms,2,0.05,900,45,0.05,point,linear_block,linear,minirocket,minirocket,1,1,False,0.6836480186480187,0.6836480186480187,0.0
Worms,2,0.05,900,45,0.05,linear_block,point,linear,minirocket,minirocket,1,1,False,0.6975874125874125,0.6975874125874125,0.0
Worms,2,0.05,900,45,0.05,linear_block,linear_block,linear,minirocket,minirocket,1,1,False,0.6836480186480187,0.6836480186480187,0.0
Worms,2,0.1,900,90,0.1,point,linear_block,linear,minirocket,minirocket,1,1,False,0.6915268065268065,0.6915268065268065,0.0
Worms,2,0.1,900,90,0.1,linear_block,point,linear,minirocket,minirocket,1,1,False,0.712972027972028,0.712972027972028,0.0
Worms,2,0.1,900,90,0.1,linear_block,linear_block,linear,minirocket,minirocket,1,1,False,0.6915268065268065,0.6915268065268065,0.0
Worms,2,0.15,900,135,0.15,point,linear_block,linear,minirocket,minirocket,1,1,False,0.6654662004662004,0.6654662004662004,0.0
Worms,2,0.15,900,135,0.15,linear_block,point,linear,minirocket,minirocket,1,1,False,0.6975874125874125,0.6975874125874125,0.0
Worms,2,0.15,900,135,0.15,linear_block,linear_block,linear,minirocket,minirocket,1,1,False,0.6654662004662004,0.6654662004662004,0.0
Worms,2,0.2,900,180,0.2,point,linear_block,linear,minirocket,minirocket,1,1,False,0.7083566433566434,0.7083566433566434,0.0
Worms,2,0.2,900,180,0.2,linear_block,point,linear,minirocket,minirocket,1,1,False,0.6975874125874125,0.6975874125874125,0.0
Worms,2,0.2,900,180,0.2,linear_block,linear_block,linear,minirocket,minirocket,1,1,False,0.7083566433566434,0.7083566433566434,0.0
Worms,2,0.25,900,225,0.25,point,linear_block,linear,minirocket,minirocket,1,1,False,0.6669114219114218,0.6669114219114218,0.0
Worms,2,0.25,900,225,0.25,linear_block,point,linear,minirocket,minirocket,1,1,False,0.6975874125874125,0.6975874125874125,0.0
Worms,2,0.25,900,225,0.25,linear_block,linear_block,linear,minirocket,minirocket,1,1,False,0.6669114219114218,0.6669114219114218,0.0
Worms,2,0.3,900,270,0.3,point,linear_block,linear,minirocket,minirocket,1,1,False,0.5396853146853147,0.5396853146853147,0.0
Worms,2,0.3,900,270,0.3,linear_block,point,linear,minirocket,minirocket,1,1,False,0.6975874125874125,0.6975874125874125,0.0
Worms,2,0.3,900,270,0.3,linear_block,linear_block,linear,minirocket,minirocket,1,1,False,0.5396853146853147,0.5396853146853147,0.0
Worms,3,0.05,900,45,0.05,point,linear_block,linear,minirocket,minirocket,1,1,False,0.6522027972027973,0.6522027972027973,0.0
Worms,3,0.05,900,45,0.05,linear_block,point,linear,minirocket,minirocket,1,1,False,0.6415268065268066,0.6415268065268066,0.0
Worms,3,0.05,900,45,0.05,linear_block,linear_block,linear,minirocket,minirocket,1,1,False,0.6522027972027973,0.6522027972027973,0.0
Worms,3,0.1,900,90,0.1,point,linear_block,linear,minirocket,minirocket,1,1,False,0.6368181818181818,0.6368181818181818,0.0
Worms,3,0.1,900,90,0.1,linear_block,point,linear,minirocket,minirocket,1,1,False,0.6475874125874126,0.6475874125874126,0.0
Worms,3,0.1,900,90,0.1,linear_block,linear_block,linear,minirocket,minirocket,1,1,False,0.6368181818181818,0.6368181818181818,0.0
Worms,3,0.15,900,135,0.15,point,linear_block,linear,minirocket,minirocket,1,1,False,0.5764335664335665,0.5764335664335665,0.0
Worms,3,0.15,900,135,0.15,linear_block,point,linear,minirocket,minirocket,1,1,False,0.6536480186480187,0.6536480186480187,0.0
Worms,3,0.15,900,135,0.15,linear_block,linear_block,linear,minirocket,minirocket,1,1,False,0.5764335664335665,0.5764335664335665,0.0
Worms,3,0.2,900,180,0.2,point,linear_block,linear,minirocket,minirocket,1,1,False,0.5268181818181817,0.5268181818181817,0.0
Worms,3,0.2,900,180,0.2,linear_block,point,linear,minirocket,minirocket,1,1,False,0.6322027972027973,0.6322027972027973,0.0
Worms,3,0.2,900,180,0.2,linear_block,linear_block,linear,minirocket,minirocket,1,1,False,0.5268181818181817,0.5268181818181817,0.0
Worms,3,0.25,900,225,0.25,point,linear_block,linear,minirocket,minirocket,1,1,False,0.524020979020979,0.524020979020979,0.0
Worms,3,0.25,900,225,0.25,linear_block,point,linear,minirocket,minirocket,1,1,False,0.6536480186480187,0.6536480186480187,0.0
Worms,3,0.25,900,225,0.25,linear_block,linear_block,linear,minirocket,minirocket,1,1,False,0.524020979020979,0.524020979020979,0.0
Worms,3,0.3,900,270,0.3,point,linear_block,linear,minirocket,minirocket,1,1,False,0.5161421911421911,0.5161421911421911,0.0
Worms,3,0.3,900,270,0.3,linear_block,point,linear,minirocket,minirocket,1,1,False,0.6322027972027973,0.6322027972027973,0.0
Worms,3,0.3,900,270,0.3,linear_block,linear_block,linear,minirocket,minirocket,1,1,False,0.5161421911421911,0.5161421911421911,0.0
Worms,4,0.05,900,45,0.05,point,linear_block,linear,minirocket,minirocket,1,1,False,0.684020979020979,0.684020979020979,0.0
Worms,4,0.05,900,45,0.05,linear_block,point,linear,minirocket,minirocket,1,1,False,0.6718997668997668,0.6718997668997668,0.0
Worms,4,0.05,900,45,0.05,linear_block,linear_block,linear,minirocket,minirocket,1,1,False,0.684020979020979,0.684020979020979,0.0
Worms,4,0.1,900,90,0.1,point,linear_block,linear,minirocket,minirocket,1,1,False,0.5964219114219114,0.5964219114219114,0.0
Worms,4,0.1,900,90,0.1,linear_block,point,linear,minirocket,minirocket,1,1,False,0.6779603729603729,0.6779603729603729,0.0
Worms,4,0.1,900,90,0.1,linear_block,linear_block,linear,minirocket,minirocket,1,1,False,0.5964219114219114,0.5964219114219114,0.0
Worms,4,0.15,900,135,0.15,point,linear_block,linear,minirocket,minirocket,1,1,False,0.6346969696969698,0.6346969696969698,0.0
Worms,4,0.15,900,135,0.15,linear_block,point,linear,minirocket,minirocket,1,1,False,0.6718997668997668,0.6718997668997668,0.0
Worms,4,0.15,900,135,0.15,linear_block,linear_block,linear,minirocket,minirocket,1,1,False,0.6346969696969698,0.6346969696969698,0.0
Worms,4,0.2,900,180,0.2,point,linear_block,linear,minirocket,minirocket,1,1,False,0.5527738927738928,0.5527738927738928,0.0
Worms,4,0.2,900,180,0.2,linear_block,point,linear,minirocket,minirocket,1,1,False,0.684020979020979,0.684020979020979,0.0
Worms,4,0.2,900,180,0.2,linear_block,linear_block,linear,minirocket,minirocket,1,1,False,0.5527738927738928,0.5527738927738928,0.0
Worms,4,0.25,900,225,0.25,point,linear_block,linear,minirocket,minirocket,1,1,False,0.45738927738927737,0.45738927738927737,0.0
Worms,4,0.25,900,225,0.25,linear_block,point,linear,minirocket,minirocket,1,1,False,0.6718997668997668,0.6718997668997668,0.0
Worms,4,0.25,900,225,0.25,linear_block,linear_block,linear,minirocket,minirocket,1,1,False,0.45738927738927737,0.45738927738927737,0.0
Worms,4,0.3,900,270,0.3,point,linear_block,linear,minirocket,dtw,1,1,True,0.4245104895104895,0.44178321678321675,0.017272727272727273
Worms,4,0.3,900,270,0.3,linear_block,point,linear,minirocket,minirocket,1,1,False,0.6900815850815851,0.6900815850815851,0.0
Worms,4,0.3,900,270,0.3,linear_block,linear_block,linear,minirocket,dtw,1,1,True,0.4245104895104895,0.44178321678321675,0.017272727272727273
Worms,5,0.05,900,45,0.05,point,linear_block,linear,minirocket,minirocket,1,1,False,0.7115268065268066,0.7115268065268066,0.0
Worms,5,0.05,900,45,0.05,linear_block,point,linear,minirocket,minirocket,1,1,False,0.7115268065268066,0.7115268065268066,0.0
Worms,5,0.05,900,45,0.05,linear_block,linear_block,linear,minirocket,minirocket,1,1,False,0.7115268065268066,0.7115268065268066,0.0
Worms,5,0.1,900,90,0.1,point,linear_block,linear,minirocket,minirocket,1,1,False,0.7115268065268066,0.7115268065268066,0.0
Worms,5,0.1,900,90,0.1,linear_block,point,linear,minirocket,minirocket,1,1,False,0.7115268065268066,0.7115268065268066,0.0
Worms,5,0.1,900,90,0.1,linear_block,linear_block,linear,minirocket,minirocket,1,1,False,0.7115268065268066,0.7115268065268066,0.0
Worms,5,0.15,900,135,0.15,point,linear_block,linear,minirocket,minirocket,1,1,False,0.6404662004662004,0.6404662004662004,0.0
Worms,5,0.15,900,135,0.15,linear_block,point,linear,minirocket,minirocket,1,1,False,0.7115268065268066,0.7115268065268066,0.0
Worms,5,0.15,900,135,0.15,linear_block,linear_block,linear,minirocket,minirocket,1,1,False,0.6404662004662004,0.6404662004662004,0.0
Worms,5,0.2,900,180,0.2,point,linear_block,linear,minirocket,minirocket,1,1,False,0.558927738927739,0.558927738927739,0.0
Worms,5,0.2,900,180,0.2,linear_block,point,linear,minirocket,minirocket,1,1,False,0.7115268065268066,0.7115268065268066,0.0
Worms,5,0.2,900,180,0.2,linear_block,linear_block,linear,minirocket,minirocket,1,1,False,0.558927738927739,0.558927738927739,0.0
Worms,5,0.25,900,225,0.25,point,linear_block,linear,minirocket,minirocket,1,1,False,0.5342191142191142,0.5342191142191142,0.0
Worms,5,0.25,900,225,0.25,linear_block,point,linear,minirocket,minirocket,1,1,False,0.6961421911421912,0.6961421911421912,0.0
Worms,5,0.25,900,225,0.25,linear_block,linear_block,linear,minirocket,minirocket,1,1,False,0.5342191142191142,0.5342191142191142,0.0
Worms,5,0.3,900,270,0.3,point,linear_block,linear,minirocket,minirocket,1,1,False,0.4928671328671329,0.4928671328671329,0.0
Worms,5,0.3,900,270,0.3,linear_block,point,linear,dtw,minirocket,1,1,True,0.4767016317016317,0.6961421911421912,0.2194405594405595
Worms,5,0.3,900,270,0.3,linear_block,linear_block,linear,dtw,minirocket,1,1,True,0.3388927738927739,0.4928671328671329,0.15397435897435902
WormsTwoClass,1,0.05,900,45,0.05,point,linear_block,linear,minirocket,minirocket,1,1,False,0.75,0.75,0.0
WormsTwoClass,1,0.05,900,45,0.05,linear_block,point,linear,minirocket,minirocket,1,1,False,0.7386363636363636,0.7386363636363636,0.0
WormsTwoClass,1,0.05,900,45,0.05,linear_block,linear_block,linear,minirocket,minirocket,1,1,False,0.75,0.75,0.0
WormsTwoClass,1,0.1,900,90,0.1,point,linear_block,linear,minirocket,minirocket,1,1,False,0.7121212121212122,0.7121212121212122,0.0
WormsTwoClass,1,0.1,900,90,0.1,linear_block,point,linear,minirocket,minirocket,1,1,False,0.7386363636363636,0.7386363636363636,0.0
WormsTwoClass,1,0.1,900,90,0.1,linear_block,linear_block,linear,minirocket,minirocket,1,1,False,0.7121212121212122,0.7121212121212122,0.0
WormsTwoClass,1,0.15,900,135,0.15,point,linear_block,linear,minirocket,minirocket,1,1,False,0.7272727272727273,0.7272727272727273,0.0
WormsTwoClass,1,0.15,900,135,0.15,linear_block,point,linear,minirocket,minirocket,1,1,False,0.7386363636363636,0.7386363636363636,0.0
WormsTwoClass,1,0.15,900,135,0.15,linear_block,linear_block,linear,minirocket,minirocket,1,1,False,0.7272727272727273,0.7272727272727273,0.0
WormsTwoClass,1,0.2,900,180,0.2,point,linear_block,linear,minirocket,minirocket,1,1,False,0.7045454545454546,0.7045454545454546,0.0
WormsTwoClass,1,0.2,900,180,0.2,linear_block,point,linear,minirocket,minirocket,1,1,False,0.7386363636363636,0.7386363636363636,0.0
WormsTwoClass,1,0.2,900,180,0.2,linear_block,linear_block,linear,minirocket,minirocket,1,1,False,0.7045454545454546,0.7045454545454546,0.0
WormsTwoClass,1,0.25,900,225,0.25,point,linear_block,linear,minirocket,minirocket,1,1,False,0.7159090909090909,0.7159090909090909,0.0
WormsTwoClass,1,0.25,900,225,0.25,linear_block,point,linear,minirocket,minirocket,1,1,False,0.7386363636363636,0.7386363636363636,0.0
WormsTwoClass,1,0.25,900,225,0.25,linear_block,linear_block,linear,minirocket,minirocket,1,1,False,0.7159090909090909,0.7159090909090909,0.0
WormsTwoClass,1,0.3,900,270,0.3,point,linear_block,linear,minirocket,stat_rf,1,1,True,0.6022727272727273,0.6287878787878788,0.02651515151515149
WormsTwoClass,1,0.3,900,270,0.3,linear_block,point,linear,minirocket,minirocket,1,1,False,0.7272727272727273,0.7272727272727273,0.0
WormsTwoClass,1,0.3,900,270,0.3,linear_block,linear_block,linear,minirocket,stat_rf,1,1,True,0.6022727272727273,0.6287878787878788,0.02651515151515149
WormsTwoClass,2,0.05,900,45,0.05,point,linear_block,linear,minirocket,minirocket,1,1,False,0.7916666666666666,0.7916666666666666,0.0
WormsTwoClass,2,0.05,900,45,0.05,linear_block,point,linear,minirocket,minirocket,1,1,False,0.7878787878787878,0.7878787878787878,0.0
WormsTwoClass,2,0.05,900,45,0.05,linear_block,linear_block,linear,minirocket,minirocket,1,1,False,0.7916666666666666,0.7916666666666666,0.0
WormsTwoClass,2,0.1,900,90,0.1,point,linear_block,linear,minirocket,minirocket,1,1,False,0.7878787878787878,0.7878787878787878,0.0
WormsTwoClass,2,0.1,900,90,0.1,linear_block,point,linear,minirocket,minirocket,1,1,False,0.7878787878787878,0.7878787878787878,0.0
WormsTwoClass,2,0.1,900,90,0.1,linear_block,linear_block,linear,minirocket,minirocket,1,1,False,0.7878787878787878,0.7878787878787878,0.0
WormsTwoClass,2,0.15,900,135,0.15,point,linear_block,linear,minirocket,minirocket,1,1,False,0.7916666666666666,0.7916666666666666,0.0
WormsTwoClass,2,0.15,900,135,0.15,linear_block,point,linear,minirocket,minirocket,1,1,False,0.7878787878787878,0.7878787878787878,0.0
WormsTwoClass,2,0.15,900,135,0.15,linear_block,linear_block,linear,minirocket,minirocket,1,1,False,0.7916666666666666,0.7916666666666666,0.0
WormsTwoClass,2,0.2,900,180,0.2,point,linear_block,linear,minirocket,minirocket,1,1,False,0.7840909090909092,0.7840909090909092,0.0
WormsTwoClass,2,0.2,900,180,0.2,linear_block,point,linear,minirocket,minirocket,1,1,False,0.7878787878787878,0.7878787878787878,0.0
WormsTwoClass,2,0.2,900,180,0.2,linear_block,linear_block,linear,minirocket,minirocket,1,1,False,0.7840909090909092,0.7840909090909092,0.0
WormsTwoClass,2,0.25,900,225,0.25,point,linear_block,linear,minirocket,minirocket,1,1,False,0.7196969696969697,0.7196969696969697,0.0
WormsTwoClass,2,0.25,900,225,0.25,linear_block,point,linear,minirocket,minirocket,1,1,False,0.7765151515151515,0.7765151515151515,0.0
WormsTwoClass,2,0.25,900,225,0.25,linear_block,linear_block,linear,minirocket,minirocket,1,1,False,0.7196969696969697,0.7196969696969697,0.0
WormsTwoClass,2,0.3,900,270,0.3,point,linear_block,linear,minirocket,minirocket,1,1,False,0.6553030303030303,0.6553030303030303,0.0
WormsTwoClass,2,0.3,900,270,0.3,linear_block,point,linear,minirocket,minirocket,1,1,False,0.7803030303030303,0.7803030303030303,0.0
WormsTwoClass,2,0.3,900,270,0.3,linear_block,linear_block,linear,minirocket,minirocket,1,1,False,0.6553030303030303,0.6553030303030303,0.0
WormsTwoClass,3,0.05,900,45,0.05,point,linear_block,linear,dtw,minirocket,1,1,True,0.571969696969697,0.7803030303030303,0.20833333333333326
WormsTwoClass,3,0.05,900,45,0.05,linear_block,point,linear,minirocket,minirocket,1,1,False,0.803030303030303,0.803030303030303,0.0
WormsTwoClass,3,0.05,900,45,0.05,linear_block,linear_block,linear,minirocket,minirocket,1,1,False,0.7803030303030303,0.7803030303030303,0.0
WormsTwoClass,3,0.1,900,90,0.1,point,linear_block,linear,dtw,minirocket,1,1,True,0.5340909090909091,0.7651515151515151,0.23106060606060608
WormsTwoClass,3,0.1,900,90,0.1,linear_block,point,linear,minirocket,minirocket,1,1,False,0.803030303030303,0.803030303030303,0.0
WormsTwoClass,3,0.1,900,90,0.1,linear_block,linear_block,linear,minirocket,minirocket,1,1,False,0.7651515151515151,0.7651515151515151,0.0
WormsTwoClass,3,0.15,900,135,0.15,point,linear_block,linear,dtw,minirocket,1,1,True,0.48863636363636365,0.7613636363636364,0.2727272727272727
WormsTwoClass,3,0.15,900,135,0.15,linear_block,point,linear,minirocket,minirocket,1,1,False,0.803030303030303,0.803030303030303,0.0
WormsTwoClass,3,0.15,900,135,0.15,linear_block,linear_block,linear,minirocket,minirocket,1,1,False,0.7613636363636364,0.7613636363636364,0.0
WormsTwoClass,3,0.2,900,180,0.2,point,linear_block,linear,dtw,minirocket,1,1,True,0.4962121212121212,0.731060606060606,0.23484848484848475
WormsTwoClass,3,0.2,900,180,0.2,linear_block,point,linear,minirocket,minirocket,1,1,False,0.803030303030303,0.803030303030303,0.0
WormsTwoClass,3,0.2,900,180,0.2,linear_block,linear_block,linear,minirocket,minirocket,1,1,False,0.731060606060606,0.731060606060606,0.0
WormsTwoClass,3,0.25,900,225,0.25,point,linear_block,linear,dtw,minirocket,1,1,True,0.5151515151515151,0.6931818181818181,0.17803030303030298
WormsTwoClass,3,0.25,900,225,0.25,linear_block,point,linear,minirocket,minirocket,1,1,False,0.803030303030303,0.803030303030303,0.0
WormsTwoClass,3,0.25,900,225,0.25,linear_block,linear_block,linear,minirocket,minirocket,1,1,False,0.6931818181818181,0.6931818181818181,0.0
WormsTwoClass,3,0.3,900,270,0.3,point,linear_block,linear,dtw,minirocket,1,1,True,0.4507575757575758,0.6666666666666667,0.21590909090909094
WormsTwoClass,3,0.3,900,270,0.3,linear_block,point,linear,minirocket,minirocket,1,1,False,0.803030303030303,0.803030303030303,0.0
WormsTwoClass,3,0.3,900,270,0.3,linear_block,linear_block,linear,minirocket,minirocket,1,1,False,0.6666666666666667,0.6666666666666667,0.0
WormsTwoClass,4,0.05,900,45,0.05,point,linear_block,linear,minirocket,minirocket,1,1,False,0.7537878787878788,0.7537878787878788,0.0
WormsTwoClass,4,0.05,900,45,0.05,linear_block,point,linear,minirocket,minirocket,1,1,False,0.7613636363636364,0.7613636363636364,0.0
WormsTwoClass,4,0.05,900,45,0.05,linear_block,linear_block,linear,minirocket,minirocket,1,1,False,0.7537878787878788,0.7537878787878788,0.0
WormsTwoClass,4,0.1,900,90,0.1,point,linear_block,linear,minirocket,minirocket,1,1,False,0.7424242424242424,0.7424242424242424,0.0
WormsTwoClass,4,0.1,900,90,0.1,linear_block,point,linear,minirocket,minirocket,1,1,False,0.7462121212121212,0.7462121212121212,0.0
WormsTwoClass,4,0.1,900,90,0.1,linear_block,linear_block,linear,minirocket,minirocket,1,1,False,0.7424242424242424,0.7424242424242424,0.0
WormsTwoClass,4,0.15,900,135,0.15,point,linear_block,linear,minirocket,minirocket,1,1,False,0.6931818181818181,0.6931818181818181,0.0
WormsTwoClass,4,0.15,900,135,0.15,linear_block,point,linear,minirocket,minirocket,1,1,False,0.75,0.75,0.0
WormsTwoClass,4,0.15,900,135,0.15,linear_block,linear_block,linear,minirocket,minirocket,1,1,False,0.6931818181818181,0.6931818181818181,0.0
WormsTwoClass,4,0.2,900,180,0.2,point,linear_block,linear,minirocket,minirocket,1,1,False,0.7462121212121212,0.7462121212121212,0.0
WormsTwoClass,4,0.2,900,180,0.2,linear_block,point,linear,minirocket,minirocket,1,1,False,0.7537878787878788,0.7537878787878788,0.0
WormsTwoClass,4,0.2,900,180,0.2,linear_block,linear_block,linear,minirocket,minirocket,1,1,False,0.7462121212121212,0.7462121212121212,0.0
WormsTwoClass,4,0.25,900,225,0.25,point,linear_block,linear,minirocket,minirocket,1,1,False,0.6704545454545454,0.6704545454545454,0.0
WormsTwoClass,4,0.25,900,225,0.25,linear_block,point,linear,minirocket,minirocket,1,1,False,0.7689393939393939,0.7689393939393939,0.0
WormsTwoClass,4,0.25,900,225,0.25,linear_block,linear_block,linear,minirocket,minirocket,1,1,False,0.6704545454545454,0.6704545454545454,0.0
WormsTwoClass,4,0.3,900,270,0.3,point,linear_block,linear,minirocket,minirocket,1,1,False,0.6515151515151515,0.6515151515151515,0.0
WormsTwoClass,4,0.3,900,270,0.3,linear_block,point,linear,minirocket,minirocket,1,1,False,0.7689393939393939,0.7689393939393939,0.0
WormsTwoClass,4,0.3,900,270,0.3,linear_block,linear_block,linear,minirocket,minirocket,1,1,False,0.6515151515151515,0.6515151515151515,0.0
WormsTwoClass,5,0.05,900,45,0.05,point,linear_block,linear,minirocket,minirocket,1,1,False,0.8068181818181819,0.8068181818181819,0.0
WormsTwoClass,5,0.05,900,45,0.05,linear_block,point,linear,dtw,minirocket,1,1,True,0.6022727272727273,0.7992424242424243,0.19696969696969702
WormsTwoClass,5,0.05,900,45,0.05,linear_block,linear_block,linear,dtw,minirocket,1,1,True,0.5568181818181819,0.8068181818181819,0.25
WormsTwoClass,5,0.1,900,90,0.1,point,linear_block,linear,minirocket,minirocket,1,1,False,0.7803030303030303,0.7803030303030303,0.0
WormsTwoClass,5,0.1,900,90,0.1,linear_block,point,linear,minirocket,minirocket,1,1,False,0.8295454545454546,0.8295454545454546,0.0
WormsTwoClass,5,0.1,900,90,0.1,linear_block,linear_block,linear,minirocket,minirocket,1,1,False,0.7803030303030303,0.7803030303030303,0.0
WormsTwoClass,5,0.15,900,135,0.15,point,linear_block,linear,minirocket,minirocket,1,1,False,0.7575757575757576,0.7575757575757576,0.0
WormsTwoClass,5,0.15,900,135,0.15,linear_block,point,linear,minirocket,minirocket,1,1,False,0.8181818181818182,0.8181818181818182,0.0
WormsTwoClass,5,0.15,900,135,0.15,linear_block,linear_block,linear,minirocket,minirocket,1,1,False,0.7575757575757576,0.7575757575757576,0.0
WormsTwoClass,5,0.2,900,180,0.2,point,linear_block,linear,minirocket,minirocket,1,1,False,0.7045454545454546,0.7045454545454546,0.0
WormsTwoClass,5,0.2,900,180,0.2,linear_block,point,linear,minirocket,minirocket,1,1,False,0.8181818181818182,0.8181818181818182,0.0
WormsTwoClass,5,0.2,900,180,0.2,linear_block,linear_block,linear,minirocket,minirocket,1,1,False,0.7045454545454546,0.7045454545454546,0.0
WormsTwoClass,5,0.25,900,225,0.25,point,linear_block,linear,minirocket,minirocket,1,1,False,0.7462121212121212,0.7462121212121212,0.0
WormsTwoClass,5,0.25,900,225,0.25,linear_block,point,linear,minirocket,minirocket,1,1,False,0.8181818181818182,0.8181818181818182,0.0
WormsTwoClass,5,0.25,900,225,0.25,linear_block,linear_block,linear,minirocket,minirocket,1,1,False,0.7462121212121212,0.7462121212121212,0.0
WormsTwoClass,5,0.3,900,270,0.3,point,linear_block,linear,minirocket,minirocket,1,1,False,0.6666666666666666,0.6666666666666666,0.0
WormsTwoClass,5,0.3,900,270,0.3,linear_block,point,linear,minirocket,minirocket,1,1,False,0.8295454545454546,0.8295454545454546,0.0
WormsTwoClass,5,0.3,900,270,0.3,linear_block,linear_block,linear,minirocket,minirocket,1,1,False,0.6666666666666666,0.6666666666666666,0.0
